Concentration_liquide_chimique_kg,Temperature_C,Temps_reaction_min,Heating_rate_C_min,Taille_particules_mm,Solid_Yield_pct,Liquid_Yield_pct,Gas_Yield_pct,HBr_pct,Br2_pct,HCl_pct,Cl2_pct,HF_pct,Toxicity_Index_pct,Propylene_ppb,1_3_Butadiene_ppb,Chloromethane_ppb,Bromomethane_ppb,Chloroethane_ppb,n_Hexane_ppb,Vinyl_chloride_ppb,HF_gas_ppm,HCl_gas_ppm,F2_upper_bound_ppm,HBr_upper_bound_ppm,Cout_liquide_USD,Valuable_Yield_pct,VOC_Total_ppm,Halogenated_VOC_Total_ppm,Hydrocarbon_VOC_Total_ppm,Inorganic_Halogen_Upper_Total_ppm
32.57,437.95,14.5,29.55,2.21,24.44,54.65,20.91,1.7,0.08,0.2,0.08,0.02,2.09,796972.912,196363.411,134279.191,8263.5,1406.057,890.0,390.0,14.566597,1.780362,0.497505,0.116603,651.4,75.56,1138.565071,144.33874799999998,994.226323,16.961067
64.67,506.22,22.32,17.89,4.48,24.06,56.83,19.11,2.42,0.21,0.38,0.09,0.04,3.13,1053359.041,260877.834,153776.365,11054.263,1597.436,890.0,390.0,18.34417,2.242065,0.654284,0.153348,1293.4,75.94,1481.944939,166.818064,1315.126875,21.393867
36.6,393.61,26.51,18.96,2.44,25.41,56.26,18.33,1.2,0.08,0.1,0.03,0.02,1.44,630455.247,154462.584,121616.167,6450.954,1281.76,890.0,390.0,12.113138,1.480495,0.395681,0.092738,732.0,74.59,915.546712,129.738881,785.807831,14.082052
52.92,440.88,22.52,11.31,3.86,30.83,51.76,17.4,1.23,0.09,0.17,0.06,0.02,1.57,807976.447,199132.23,135115.968,8383.273,1414.271,890.0,390.0,14.728722,1.800177,0.504234,0.11818,1058.4,69.16,1153.302189,145.30351199999998,1007.998677,17.151313
66.11,575.57,28.12,9.33,1.42,24.98,60.33,14.7,4.84,0.28,0.53,0.17,0.05,5.87,1313801.081,326412.844,173581.974,13889.175,1791.843,890.0,390.0,22.181503,2.711072,0.813543,0.190674,1322.2,75.03,1830.756917,189.652992,1641.103925,25.896792
52.29,460.24,18.06,11.16,1.57,27.9,53.33,18.77,1.87,0.12,0.19,0.06,0.02,2.26,880682.401,217427.224,140644.974,9174.678,1468.542,890.0,390.0,15.799966,1.931107,0.548693,0.1286,1045.8,72.1,1250.677819,151.678194,1098.999625,18.408366
59.07,478.76,29.43,22.9,2.89,23.14,57.32,19.53,2.13,0.12,0.25,0.07,0.03,2.6,950233.757,234928.426,145934.086,9931.744,1520.459,890.0,390.0,16.82473,2.056356,0.591223,0.138568,1181.4,76.85,1343.828472,157.77628900000002,1186.052183,19.610877
45.78,408.78,19.45,18.89,0.87,26.38,55.12,18.51,1.21,0.13,0.19,0.03,0.01,1.56,687425.769,168798.072,125948.555,7071.079,1324.286,890.0,390.0,12.952537,1.583088,0.430518,0.100903,915.6,73.63,991.847761,134.73391999999998,857.113841,15.067046
30.39,388.71,12.97,22.04,3.65,30.74,53.68,15.58,1.46,0.1,0.12,0.01,0.01,1.7,612053.43,149832.136,120216.78,6250.651,1268.024,890.0,390.0,11.842007,1.447357,0.384428,0.0901,607.8,69.26,890.901021,128.125455,762.7755660000001,13.763892
30.82,363.89,22.2,22.5,2.89,31.48,53.75,14.77,0.88,0.01,0.08,0.0,0.01,0.99,518842.594,126377.501,113128.457,5236.051,1198.447,890.0,390.0,10.468646,1.279502,0.32743,0.076742,616.4,68.52,766.06305,119.952955,646.110095,12.15232
46.33,509.06,26.07,18.39,2.17,26.43,56.55,17.02,2.31,0.19,0.27,0.08,0.03,2.88,1064024.584,263561.603,154587.438,11170.358,1605.398,890.0,390.0,18.501316,2.261272,0.660806,0.154876,926.6,73.57,1496.229381,167.75319399999998,1328.476187,21.578270000000003
43.79,441.62,18.75,20.5,2.08,24.65,54.86,20.49,1.45,0.14,0.25,0.04,0.02,1.89,810755.497,199831.522,135327.304,8413.523,1416.345,890.0,390.0,14.769668,1.805182,0.505933,0.118578,875.8,75.35,1157.024191,145.547172,1011.477019,17.199360999999996
27.25,384.71,16.68,21.91,2.75,36.0,48.26,15.74,0.71,0.06,0.09,0.02,0.01,0.89,597031.539,146052.179,119074.423,6087.137,1256.811,890.0,390.0,11.620676,1.420305,0.375242,0.087947,545.0,64.0,870.7820889999999,126.808371,743.973718,13.504169999999998
58.78,537.09,27.78,9.69,2.86,25.57,55.59,18.83,3.36,0.27,0.52,0.16,0.04,4.35,1169290.487,290049.655,162592.503,12316.177,1683.973,890.0,390.0,20.052295,2.450836,0.725175,0.169963,1175.6,74.42,1637.212795,176.982653,1460.230142,23.398269
16.19,382.85,11.65,24.6,2.41,31.03,52.57,16.41,0.87,0.04,0.07,0.02,0.01,1.01,590046.359,144294.499,118543.228,6011.104,1251.597,890.0,390.0,11.517757,1.407726,0.370971,0.086946,323.8,68.98,861.426787,126.195929,735.230858,13.3834
63.56,465.25,16.75,23.5,2.45,23.2,54.09,22.71,2.09,0.13,0.19,0.06,0.02,2.49,899497.32,222161.62,142075.776,9379.478,1482.586,890.0,390.0,16.077183,1.964989,0.560198,0.131297,1271.2,76.80000000000001,1275.8767799999998,153.32784000000004,1122.54894,18.733667
44.92,477.64,25.08,10.92,3.66,24.74,55.8,19.46,2.19,0.13,0.24,0.04,0.03,2.63,946027.628,233870.038,145614.226,9885.961,1517.319,890.0,390.0,16.762757,2.048782,0.588651,0.137965,898.4000000000001,75.25999999999999,1338.1951719999995,157.40750599999998,1180.787666,19.538155
56.79,526.66,18.05,4.43,2.79,27.15,57.7,15.15,3.48,0.27,0.37,0.09,0.03,4.25,1130120.905,280193.416,159613.808,11889.816,1654.735,890.0,390.0,19.475174,2.380299,0.701223,0.164349,1135.8,72.85000000000001,1584.75268,173.54835899999998,1411.204321,22.721045
52.14,439.65,25.26,23.91,1.67,22.23,56.73,21.04,1.07,0.12,0.2,0.04,0.02,1.45,803357.215,197969.893,134764.693,8332.993,1410.823,890.0,390.0,14.660663,1.791859,0.501409,0.117518,1042.8,77.77,1147.1156170000002,144.898509,1002.217108,17.071448999999998
61.45,485.08,27.2,16.34,1.43,28.57,53.03,18.39,1.84,0.21,0.35,0.06,0.03,2.49,973968.346,240900.759,147739.009,10190.095,1538.175,890.0,390.0,17.174434,2.099098,0.605737,0.14197,1229.0,71.42,1375.6163840000002,159.85727899999998,1215.759105,20.021239000000005
62.28,488.87,29.33,19.81,1.73,23.15,57.12,19.73,2.67,0.19,0.32,0.08,0.03,3.29,988201.588,244482.269,148821.392,10345.024,1548.8,890.0,390.0,17.384145,2.124729,0.614441,0.14401,1245.6,76.85,1394.679073,161.10521599999998,1233.573857,20.267325
65.3,529.17,21.38,14.57,1.4,29.7,52.19,18.11,3.04,0.3,0.51,0.12,0.04,4.01,1139547.142,282565.339,160330.636,11992.421,1661.771,890.0,390.0,19.614059,2.397274,0.706987,0.1657,1306.0,70.3,1597.377309,174.374828,1423.002481,22.884020000000003
75.03,534.91,35.31,11.34,1.82,24.96,53.74,21.3,3.46,0.26,0.46,0.08,0.04,4.3,1161103.556,287989.578,161969.918,12227.063,1677.862,890.0,390.0,19.93167,2.436093,0.720169,0.16879,1500.6,75.04,1626.2479770000002,176.26484299999998,1449.983134,23.256722
71.92,569.36,33.62,7.76,2.37,29.63,54.85,15.52,4.34,0.28,0.57,0.15,0.03,5.38,1290479.595,320544.461,171808.466,13635.321,1774.435,890.0,390.0,21.837886,2.669075,0.799282,0.187332,1438.4,70.37,1799.522278,187.608222,1611.9140559999998,25.493575000000003
52.84,465.59,22.57,11.19,3.57,31.09,51.06,17.85,1.79,0.17,0.27,0.04,0.02,2.29,900774.18,222482.917,142172.876,9393.377,1483.539,890.0,390.0,16.095997,1.967289,0.560979,0.13148,1056.8000000000002,68.91,1277.5868890000002,153.43979199999998,1124.147097,18.755745
46.12,412.56,23.33,15.89,1.93,21.59,57.53,20.88,1.38,0.09,0.14,0.05,0.02,1.69,701621.457,172370.132,127028.082,7225.599,1334.882,890.0,390.0,13.161696,1.608652,0.439198,0.102937,922.4,78.41,1010.860152,135.978563,874.8815890000001,15.312483
67.74,542.09,34.55,11.08,1.51,27.73,52.82,19.45,3.74,0.28,0.43,0.1,0.04,4.59,1188067.851,294774.601,164020.449,12520.569,1697.99,890.0,390.0,20.32896,2.48465,0.736658,0.172654,1354.8,72.27,1662.36146,178.62900799999997,1483.732452,23.722922
20.29,399.34,14.91,29.64,3.05,32.9,50.12,16.97,0.81,0.08,0.12,0.0,0.01,1.03,651974.106,159877.373,123252.593,6685.187,1297.823,890.0,390.0,12.430195,1.519246,0.408839,0.095822,405.8,67.09,944.367082,131.625603,812.741479,14.454102
56.56,398.62,22.8,9.47,2.8,42.76,45.29,11.95,1.01,0.1,0.13,0.06,0.01,1.31,649270.166,159196.981,123046.969,6655.755,1295.804,890.0,390.0,12.390356,1.514377,0.407186,0.095434,1131.2,57.24,940.745675,131.38852799999998,809.3571469999999,14.407353
73.57,532.3,25.87,6.42,2.04,28.03,51.09,20.88,4.05,0.19,0.41,0.14,0.06,4.84,1151301.772,285523.156,161224.531,12120.37,1670.546,890.0,390.0,19.787251,2.418442,0.714175,0.167385,1471.4,71.97,1613.1203750000002,175.40544699999998,1437.714928,23.087253
22.53,417.3,14.07,15.09,3.5,30.75,53.23,16.02,1.06,0.07,0.09,0.0,0.01,1.22,719422.398,176849.382,128381.775,7419.362,1348.17,890.0,390.0,13.423973,1.640708,0.450084,0.105488,450.6,69.25,1034.701087,137.539307,897.16178,15.620253
64.66,463.48,28.53,14.35,1.77,32.09,51.86,16.05,2.35,0.19,0.3,0.09,0.04,2.96,892850.133,220488.989,141570.283,9307.123,1477.625,890.0,390.0,15.979244,1.953019,0.556134,0.130344,1293.1999999999998,67.91,1266.974153,152.74503099999998,1114.229122,18.618741
48.48,443.5,25.05,9.2,2.48,27.37,57.28,15.35,1.91,0.12,0.26,0.04,0.02,2.35,817815.786,201608.102,135864.211,8490.374,1421.615,890.0,390.0,14.873694,1.817896,0.510251,0.11959,969.6,72.63,1166.480088,146.1662,1020.313888,17.321431
48.74,437.41,21.45,5.54,2.98,30.16,53.41,16.43,1.65,0.1,0.16,0.0,0.01,1.92,794944.956,195853.117,134124.973,8241.425,1404.543,890.0,390.0,14.536717,1.77671,0.496265,0.116312,974.8,69.84,1135.849014,144.16094099999998,991.688073,16.926004000000002
15.93,401.21,8.0,22.76,2.91,27.01,53.75,19.24,1.0,0.06,0.15,0.01,0.01,1.23,658996.84,161644.503,123786.645,6761.63,1303.065,890.0,390.0,12.533668,1.531893,0.413134,0.096828,318.6,72.99,953.772683,132.24134,821.531343,14.575523
71.63,466.27,23.85,14.15,2.08,32.75,47.94,19.31,2.3,0.2,0.21,0.09,0.03,2.84,903327.902,223125.51,142367.077,9421.174,1485.446,890.0,390.0,16.133623,1.971887,0.562541,0.131846,1432.6,67.25,1281.007109,153.66369699999998,1127.343412,18.799897
48.87,482.46,17.44,26.03,2.34,22.12,57.21,20.68,2.46,0.15,0.24,0.06,0.02,2.93,964129.007,238424.887,146990.766,10082.994,1530.831,890.0,390.0,17.029462,2.081379,0.59972,0.140559,977.4,77.89,1362.438485,158.994591,1203.4438939999998,19.85112
22.34,401.9,14.87,26.07,2.93,27.3,51.23,21.47,1.3,0.07,0.12,0.02,0.01,1.51,661588.116,162296.546,123983.701,6789.836,1304.999,890.0,390.0,12.571847,1.53656,0.414718,0.0972,446.8,72.69999999999999,957.243198,132.468536,824.774662,14.620325
44.57,473.3,19.94,10.72,4.45,25.33,55.45,19.22,2.29,0.12,0.28,0.06,0.02,2.76,929728.876,229768.785,144374.769,9708.549,1505.153,890.0,390.0,16.522613,2.019431,0.578685,0.135629,891.4,74.67,1316.366132,155.97847099999998,1160.387661,19.256358
52.29,463.2,21.26,8.55,2.69,25.11,58.18,16.71,1.87,0.12,0.24,0.06,0.02,2.31,891798.6,220224.392,141490.318,9295.677,1476.84,890.0,390.0,15.963751,1.951125,0.555491,0.130193,1045.8,74.89,1265.565827,152.65283499999998,1112.912992,18.60056
53.28,556.16,19.41,12.72,2.67,21.21,57.48,21.31,3.29,0.22,0.43,0.1,0.03,4.07,1240907.354,308070.601,168038.688,13095.727,1737.432,890.0,390.0,21.107493,2.579804,0.768969,0.180227,1065.6,78.78999999999999,1733.1298020000002,183.261847,1549.8679550000002,24.636493
47.7,511.95,18.36,17.59,1.25,18.45,60.84,20.71,2.63,0.14,0.28,0.06,0.03,3.14,1074877.9,266292.623,155412.791,11288.496,1613.499,890.0,390.0,18.661228,2.280817,0.667443,0.156432,954.0,81.55000000000001,1510.765309,168.704786,1342.060523,21.76592
57.72,572.25,30.12,6.28,2.62,25.5,55.95,18.55,4.11,0.25,0.57,0.14,0.04,5.11,1301332.911,323275.48,172633.818,13753.459,1782.536,890.0,390.0,21.997798,2.68862,0.805919,0.188887,1154.4,74.5,1814.058204,188.559813,1625.498391,25.681224
65.84,483.47,22.93,12.55,2.1,31.34,51.97,16.68,2.99,0.18,0.46,0.08,0.03,3.74,967922.034,239379.326,147279.211,10124.281,1533.662,890.0,390.0,17.085348,2.088209,0.60204,0.141103,1316.8000000000002,68.65,1367.518514,159.327154,1208.1913599999998,19.9167
52.48,466.69,21.78,11.55,2.41,23.32,56.57,20.11,2.2,0.12,0.25,0.04,0.03,2.65,904905.2,223522.405,142487.024,9438.343,1486.623,890.0,390.0,16.156863,1.974728,0.563505,0.132072,1049.6,76.68,1283.119595,153.80199,1129.317605,18.827168
52.16,478.68,24.76,14.51,2.76,27.25,51.69,21.06,2.88,0.17,0.31,0.08,0.03,3.46,949933.319,234852.827,145911.239,9928.474,1520.234,890.0,390.0,16.820304,2.055815,0.59104,0.138525,1043.1999999999998,72.75,1343.4260929999998,157.749947,1185.676146,19.605684
25.47,393.46,15.8,32.85,2.58,22.92,57.58,19.49,1.21,0.04,0.13,0.01,0.01,1.39,629891.926,154320.836,121573.329,6444.823,1281.34,890.0,390.0,12.104838,1.479481,0.395336,0.092657,509.4,77.07,914.792254,129.689492,785.102762,14.072312000000002
28.12,350.0,19.6,18.49,4.48,27.49,53.7,18.81,0.45,0.04,0.13,0.0,0.0,0.62,466679.077,113251.599,109161.623,4668.251,1159.51,890.0,390.0,9.700073,1.185565,0.295533,0.069266,562.4,72.51,696.20006,115.379384,580.8206759999999,11.250437000000002
68.27,491.87,29.56,11.93,0.5,20.01,60.81,19.18,3.11,0.18,0.33,0.09,0.04,3.75,999468.006,247317.237,149678.16,10467.659,1557.209,890.0,390.0,17.550144,2.145018,0.62133,0.145624,1365.4,79.99000000000001,1409.768271,162.09302800000003,1247.675243,20.462116
55.46,464.8,25.64,15.61,2.69,23.67,57.06,19.27,2.26,0.13,0.22,0.07,0.03,2.71,897807.357,221736.375,141947.261,9361.083,1481.325,890.0,390.0,16.052284,1.961946,0.559165,0.131054,1109.2,76.33,1273.6134009999998,153.17966900000002,1120.4337319999995,18.704449
59.42,474.91,27.72,14.87,2.05,25.1,54.81,20.09,2.83,0.18,0.31,0.08,0.03,3.42,935775.187,231290.217,144834.567,9774.363,1509.666,890.0,390.0,16.611699,2.030319,0.582382,0.136496,1188.4,74.9,1324.464,156.508596,1167.955404,19.360896
17.43,359.66,16.31,22.61,3.41,38.7,45.61,15.69,0.62,0.06,0.08,0.01,0.0,0.77,502956.944,122380.196,111920.414,5063.135,1186.589,890.0,390.0,10.234588,1.250895,0.317716,0.074465,348.6,61.3,744.787278,118.560138,626.22714,11.877664
48.33,448.54,21.69,4.61,2.99,25.58,56.03,18.39,1.68,0.1,0.16,0.04,0.03,2.02,836743.369,206370.849,137303.581,8696.401,1435.744,890.0,390.0,15.152572,1.851981,0.521825,0.122303,966.6,74.42,1191.8299439999998,147.82572600000003,1044.0042179999998,17.648680999999996
71.75,517.95,29.5,6.03,1.77,24.97,55.29,19.74,3.26,0.22,0.37,0.12,0.04,4.0,1097410.737,271962.559,157126.326,11533.766,1630.319,890.0,390.0,18.993225,2.321394,0.681221,0.159661,1435.0,75.03,1540.943707,170.680411,1370.263296,22.155501
34.88,405.46,18.99,27.76,0.69,25.88,55.73,18.39,1.09,0.1,0.13,0.03,0.01,1.37,674957.6,165660.708,125000.399,6935.363,1314.979,890.0,390.0,12.768832,1.560635,0.422894,0.099116,697.6,74.12,975.149049,133.64074100000002,841.5083079999999,14.851477
23.79,406.88,8.0,21.31,3.83,23.84,53.54,22.62,1.17,0.06,0.17,0.03,0.01,1.43,680290.371,167002.593,125405.936,6993.41,1318.959,890.0,390.0,12.847405,1.570239,0.426155,0.09988,475.8,76.16,982.291269,134.108305,848.1829640000001,14.943679
53.22,494.25,21.62,18.15,3.33,24.14,52.81,23.05,1.96,0.18,0.2,0.07,0.02,2.44,1008406.031,249566.311,150357.862,10564.95,1563.881,890.0,390.0,17.681836,2.161113,0.626795,0.146905,1064.4,75.86,1421.7390349999998,162.876693,1258.862342,20.616649
77.26,516.77,27.96,11.76,3.23,26.01,50.24,23.75,3.07,0.24,0.43,0.15,0.03,3.92,1092979.279,270847.471,156789.331,11485.53,1627.011,890.0,390.0,18.927932,2.313414,0.678511,0.159026,1545.2,73.99000000000001,1535.008622,170.291872,1364.71675,22.078883
47.3,471.98,18.77,9.71,3.17,26.94,54.23,18.84,2.0,0.17,0.23,0.04,0.02,2.45,924771.652,228521.399,143997.791,9654.589,1501.452,890.0,390.0,16.449574,2.010504,0.575653,0.134919,946.0,73.07,1309.7268829999998,155.543832,1154.183051,19.17065
59.1,495.96,23.73,11.73,2.47,25.47,56.0,18.53,3.26,0.19,0.47,0.08,0.03,4.02,1014827.89,251182.243,150846.22,10634.852,1568.675,890.0,390.0,17.776455,2.172678,0.630722,0.147826,1182.0,74.53,1430.33988,163.439747,1266.900133,20.727681
25.95,366.97,9.06,20.6,1.69,33.91,51.83,14.26,0.38,0.05,0.13,0.02,0.01,0.58,530409.451,129288.068,114008.071,5361.956,1207.081,890.0,390.0,10.639071,1.300331,0.334503,0.078399,519.0,66.09,781.554627,120.967108,660.5875189999999,12.352303999999998
45.97,451.46,15.36,28.63,0.5,23.48,56.71,19.82,2.01,0.15,0.18,0.05,0.02,2.41,847709.349,209130.217,138137.501,8815.766,1443.929,890.0,390.0,15.314143,1.871729,0.52853,0.123874,919.4,76.53,1206.5167620000002,148.787196,1057.7295660000002,17.838276
24.01,375.14,16.44,17.9,4.87,33.89,52.73,13.38,0.92,0.05,0.07,0.0,0.0,1.04,561091.664,137008.631,116341.335,5695.932,1229.984,890.0,390.0,11.09114,1.355584,0.353265,0.082797,480.2000000000001,66.11,822.6475459999999,123.657251,698.990295,12.882786
61.36,553.62,24.36,12.29,1.8,19.42,59.99,20.59,4.3,0.32,0.47,0.11,0.03,5.24,1231368.453,305670.328,167313.292,12991.896,1730.311,890.0,390.0,20.966947,2.562627,0.763136,0.17886,1227.2,80.58,1720.3542799999998,182.425499,1537.928781,24.47157
47.98,515.61,22.71,19.92,2.18,18.21,64.33,17.46,2.52,0.18,0.34,0.11,0.02,3.17,1088622.931,269751.284,156458.047,11438.111,1623.759,890.0,390.0,18.863746,2.305569,0.675848,0.158402,959.6,81.78999999999999,1529.1741320000003,169.90991699999998,1359.264215,22.003564999999995
39.57,513.82,21.01,24.79,1.7,19.12,61.0,19.88,2.24,0.22,0.37,0.09,0.02,2.95,1081900.634,268059.753,155946.842,11364.939,1618.741,890.0,390.0,18.7647,2.293463,0.671737,0.157438,791.4,80.88,1520.170909,169.32052200000004,1350.8503870000002,21.887338
45.06,437.39,14.09,22.47,1.77,26.32,54.21,19.47,1.8,0.09,0.17,0.03,0.02,2.11,794869.847,195834.217,134119.261,8240.608,1404.487,890.0,390.0,14.53561,1.776575,0.496219,0.116301,901.2,73.68,1135.74842,144.154356,991.594064,16.924705
57.06,543.61,26.35,16.61,2.17,22.21,58.43,19.36,3.86,0.23,0.52,0.09,0.03,4.73,1193776.17,296210.985,164454.544,12582.704,1702.251,890.0,390.0,20.413066,2.49493,0.740148,0.173472,1141.2,77.78999999999999,1670.0066539999996,179.12949899999998,1490.877155,23.821616
48.41,523.31,23.15,13.33,2.38,31.58,50.26,18.17,2.6,0.17,0.33,0.1,0.02,3.23,1117540.071,277027.702,158657.084,11752.874,1645.344,890.0,390.0,19.289809,2.357643,0.69353,0.162546,968.2,68.43,1567.9030750000002,172.44530200000003,1395.457773,22.503528
48.86,426.48,22.61,6.72,2.06,33.34,50.62,16.05,1.87,0.15,0.16,0.05,0.03,2.26,753897.638,185524.384,131003.483,7794.625,1373.904,890.0,390.0,13.931929,1.702792,0.471165,0.110429,977.2,66.67,1080.874034,140.562012,940.312022,16.216315
25.14,369.86,19.04,24.41,3.93,29.77,49.38,20.85,0.58,0.08,0.06,0.0,0.02,0.73,541262.767,132019.087,114833.424,5480.094,1215.182,890.0,390.0,10.798983,1.319876,0.34114,0.079955,502.8,70.23,796.0905540000001,121.9187,674.171854,12.539954
26.2,351.47,8.0,21.38,4.04,32.43,52.65,14.92,0.24,0.07,0.06,0.01,0.0,0.38,472199.622,114640.733,109581.439,4728.342,1163.63,890.0,390.0,9.781412,1.195506,0.298908,0.070057,524.0,67.57,703.593766,115.863411,587.730355,11.345883
52.35,497.29,28.92,15.56,2.79,19.36,60.19,20.45,2.45,0.14,0.32,0.09,0.02,3.02,1019822.669,252439.079,151226.053,10689.22,1572.403,890.0,390.0,17.850048,2.181673,0.633777,0.148541,1047.0,80.64,1437.0294239999998,163.877676,1273.151748,20.814039
53.24,426.69,24.42,23.71,0.5,20.71,58.58,20.72,1.41,0.09,0.2,0.04,0.02,1.76,754686.288,185722.831,131063.457,7803.21,1374.492,890.0,390.0,13.943549,1.704212,0.471647,0.110542,1064.8,79.3,1081.930278,140.631159,941.299119,16.22995
35.6,401.08,13.97,25.48,1.12,28.11,51.87,20.02,1.44,0.11,0.09,0.05,0.01,1.7,658508.629,161521.654,123749.518,6756.316,1302.701,890.0,390.0,12.526474,1.531014,0.412835,0.096758,712.0,71.89,953.118818,132.198535,820.9202829999999,14.567081
55.66,438.74,24.16,19.61,0.95,27.61,55.79,16.6,2.36,0.14,0.25,0.05,0.02,2.82,799939.735,197109.953,134504.807,8295.794,1408.272,890.0,390.0,14.61031,1.785705,0.499319,0.117028,1113.1999999999998,72.39,1142.538561,144.598873,997.939688,17.012362
42.42,445.08,19.51,19.74,1.76,34.57,48.33,17.1,1.67,0.12,0.21,0.05,0.02,2.06,823749.433,203101.185,136315.442,8554.962,1426.044,890.0,390.0,14.96112,1.828582,0.513879,0.12044,848.4000000000001,65.43,1174.4270660000002,146.686448,1027.740618,17.424020999999996
65.47,534.81,24.53,15.95,1.37,20.02,62.17,17.81,3.77,0.26,0.3,0.12,0.05,4.5,1160728.009,287895.079,161941.359,12222.975,1677.582,890.0,390.0,19.926137,2.435417,0.719939,0.168736,1309.4,79.98,1625.745004,176.23191599999998,1449.513088,23.250229
66.51,478.92,19.09,13.12,1.8,26.83,57.4,15.77,2.16,0.19,0.41,0.09,0.03,2.88,950834.633,235079.625,145979.78,9938.285,1520.907,890.0,390.0,16.833584,2.057438,0.591591,0.138654,1330.2,73.17,1344.6332299999997,157.82897200000002,1186.804258,19.621267
47.76,412.07,17.84,17.23,2.34,24.89,52.83,22.28,1.26,0.11,0.18,0.03,0.01,1.59,699781.275,171907.087,126888.143,7205.568,1333.508,890.0,390.0,13.134582,1.605338,0.438073,0.102673,955.2,75.11,1008.395581,135.81721900000002,872.578362,15.280665999999998
50.23,527.94,18.22,15.99,3.46,27.68,54.15,18.17,3.17,0.2,0.36,0.06,0.03,3.83,1134927.911,281403.002,159979.362,11942.141,1658.323,890.0,390.0,19.546,2.388955,0.704163,0.165038,1004.6,72.32,1591.1907390000003,173.969826,1417.220913,22.804156
22.33,405.99,17.66,14.01,4.63,33.18,49.39,17.43,1.23,0.09,0.12,0.02,0.02,1.49,676948.0,166161.552,125151.761,6957.028,1316.465,890.0,390.0,12.798159,1.56422,0.424111,0.099401,446.6,66.82,977.814806,133.81525399999998,843.999552,14.885891
56.5,526.46,19.31,19.29,1.79,22.3,55.47,22.23,3.54,0.21,0.43,0.12,0.03,4.34,1129369.811,280004.418,159556.69,11881.641,1654.175,890.0,390.0,19.464107,2.378946,0.700764,0.164242,1130.0,77.7,1583.7467350000002,173.482506,1410.264229,22.708059
16.6,405.7,14.68,29.87,4.2,27.47,54.01,18.51,1.17,0.06,0.11,0.02,0.02,1.37,675858.913,165887.505,125068.94,6945.173,1315.652,890.0,390.0,12.782112,1.562259,0.423445,0.099245,332.0,72.52,976.356183,133.71976500000002,842.6364179999999,14.867060999999998
44.76,466.5,20.08,22.51,1.06,27.82,54.59,17.6,2.36,0.13,0.27,0.05,0.02,2.83,904191.661,223342.857,142432.762,9430.576,1486.09,890.0,390.0,16.14635,1.973443,0.563069,0.131969,895.1999999999999,72.19,1282.1639459999997,153.73942799999998,1128.424518,18.814831
51.51,510.06,24.09,19.02,2.24,19.54,60.38,20.08,2.41,0.18,0.34,0.09,0.03,3.06,1067780.057,264506.593,154873.027,11211.236,1608.201,890.0,390.0,18.556648,2.268035,0.663102,0.155415,1030.2,80.46000000000001,1501.2591139999995,168.08246400000002,1333.17665,21.6432
52.81,415.73,24.53,17.84,2.33,31.68,52.68,15.64,1.58,0.11,0.12,0.04,0.01,1.85,713526.305,175365.748,127933.4,7355.183,1343.768,890.0,390.0,13.337101,1.63009,0.446478,0.104643,1056.2,68.32,1026.8044040000002,137.022351,889.782053,15.518312
26.34,350.0,18.8,25.76,3.68,28.25,51.87,19.88,0.75,0.05,0.1,0.01,0.01,0.92,466679.077,113251.599,109161.623,4668.251,1159.51,890.0,390.0,9.700073,1.185565,0.295533,0.069266,526.8,71.75,696.20006,115.379384,580.8206759999999,11.250437000000002
62.46,500.99,17.54,18.35,1.93,21.62,55.18,23.2,3.34,0.17,0.38,0.12,0.04,4.05,1033717.918,255935.539,152282.733,10840.47,1582.775,890.0,390.0,18.05478,2.206695,0.642273,0.150533,1249.2,78.38,1455.6394349999998,165.095978,1290.543457,21.054281
51.36,507.73,27.23,7.85,0.95,28.79,55.09,16.12,2.83,0.16,0.36,0.05,0.02,3.4,1059029.805,262304.768,154207.604,11115.989,1601.669,890.0,390.0,18.427723,2.252277,0.657752,0.154161,1027.2,71.21000000000001,1489.539835,167.315262,1322.224573,21.491913
28.09,397.38,11.49,28.14,3.07,32.2,51.07,16.73,0.89,0.06,0.15,0.0,0.02,1.11,644613.379,158025.194,122692.838,6605.066,1292.328,890.0,390.0,12.321743,1.505991,0.404338,0.094767,561.8,67.8,934.508805,130.980232,803.5285729999999,14.326838999999998
39.68,467.84,15.13,12.8,2.18,23.67,60.01,16.32,2.0,0.11,0.19,0.06,0.02,2.38,909223.994,224609.143,142815.452,9485.353,1489.847,890.0,390.0,16.220496,1.982505,0.566146,0.132691,793.6,76.33,1288.903789,154.180652,1134.723137,18.901838
19.92,407.32,20.58,18.49,1.76,21.47,59.53,19.0,1.28,0.05,0.15,0.02,0.01,1.51,681942.779,167418.388,125531.595,7011.396,1320.193,890.0,390.0,12.871751,1.573214,0.427165,0.100117,398.4,78.53,984.504351,134.253184,850.251167,14.972247
22.26,411.01,16.97,20.24,3.9,20.22,58.79,20.99,1.69,0.08,0.13,0.04,0.02,1.96,695800.474,170905.399,126585.419,7162.237,1330.537,890.0,390.0,13.07593,1.59817,0.435639,0.102103,445.2000000000001,79.78,1003.064066,135.468193,867.595873,15.211842
48.88,458.04,20.45,16.49,3.24,27.64,56.65,15.71,1.46,0.13,0.21,0.06,0.03,1.88,872420.36,215348.247,140016.678,9084.745,1462.375,890.0,390.0,15.678234,1.916229,0.543641,0.127416,977.6,72.36,1239.6124050000003,150.953798,1088.658607,18.26552
60.09,495.89,23.41,9.91,2.54,28.37,53.76,17.87,2.24,0.18,0.23,0.07,0.03,2.75,1014565.007,251116.094,150826.228,10631.99,1568.479,890.0,390.0,17.772582,2.172204,0.630562,0.147788,1201.8000000000002,71.63,1429.987798,163.416697,1266.571101,20.723136
53.52,487.61,30.03,6.96,2.58,25.19,55.25,19.57,2.77,0.18,0.4,0.13,0.02,3.51,983469.692,243291.582,148461.55,10293.517,1545.267,890.0,390.0,17.314426,2.116208,0.611547,0.143331,1070.4,74.82,1388.341608,160.69033399999998,1227.651274,20.185512000000003
22.55,360.96,16.0,23.39,3.97,30.81,53.61,15.59,0.55,0.09,0.06,0.01,0.0,0.71,507839.059,123608.682,112291.68,5116.277,1190.233,890.0,390.0,10.306521,1.259686,0.320702,0.075165,451.0,69.2,751.3259310000001,118.98819,632.337741,11.962074
49.88,461.15,23.85,11.09,2.51,24.34,59.7,15.96,1.75,0.12,0.28,0.09,0.02,2.25,884099.881,218287.164,140904.86,9211.877,1471.093,890.0,390.0,15.850319,1.937261,0.550783,0.12909,997.6,75.66,1255.254875,151.97782999999998,1103.2770449999998,18.467453000000003
24.54,472.69,22.27,17.78,3.5,27.51,52.58,19.91,2.63,0.14,0.35,0.07,0.03,3.22,927438.037,229192.341,144200.559,9683.613,1503.443,890.0,390.0,16.48886,2.015305,0.577284,0.135301,490.8,72.49,1313.2979929999997,155.77761500000005,1157.520378,19.21675
47.63,422.33,17.27,14.89,3.08,29.8,50.17,20.03,1.52,0.11,0.15,0.04,0.01,1.84,738312.426,181602.678,129818.288,7624.98,1362.27,890.0,390.0,13.702298,1.674726,0.461635,0.108196,952.6,70.2,1060.000642,139.195538,920.805104,15.946855
71.45,562.95,34.74,7.63,2.21,29.51,52.56,17.92,3.92,0.28,0.5,0.12,0.03,4.85,1266407.014,314487.079,169977.839,13373.291,1756.466,890.0,390.0,21.483203,2.625725,0.784562,0.183882,1429.0,70.48,1767.2816889999997,185.497596,1581.784093,25.077372
52.65,433.5,20.47,25.7,2.23,24.09,57.28,18.63,1.0,0.1,0.13,0.03,0.02,1.27,780261.057,192158.209,133008.32,8081.591,1393.583,890.0,390.0,14.320365,1.750267,0.487286,0.114208,1053.0,75.91,1116.18276,142.87349400000002,973.309266,16.672126000000002
61.97,498.96,31.65,13.16,3.07,29.77,52.73,17.5,3.02,0.2,0.37,0.09,0.03,3.71,1026094.308,254017.211,151702.987,10757.487,1577.085,890.0,390.0,17.942454,2.192967,0.637612,0.14944,1239.4,70.22999999999999,1445.4290779999997,164.42755899999997,1281.001519,20.922473
16.03,400.83,12.67,25.94,3.21,26.32,54.85,18.84,0.98,0.05,0.13,0.0,0.0,1.16,657569.76,161285.407,123678.121,6746.096,1302.0,890.0,390.0,12.512641,1.529323,0.412261,0.096624,320.6,73.69,951.861384,132.116217,819.745167,14.550849
64.17,466.67,16.87,15.73,2.9,25.14,58.24,16.62,2.18,0.14,0.29,0.09,0.03,2.73,904830.091,223503.505,142481.313,9437.525,1486.567,890.0,390.0,16.155756,1.974593,0.563459,0.132061,1283.4,74.86,1283.019001,153.795405,1129.2235959999998,18.825869
68.35,585.36,31.51,10.32,2.13,15.54,60.75,23.71,4.36,0.28,0.61,0.16,0.03,5.44,1350567.16,335664.29,176377.892,14289.374,1819.287,890.0,390.0,22.723212,2.777281,0.836025,0.195943,1367.0,84.46000000000001,1879.998003,192.876553,1687.12145,26.532461
35.67,419.06,15.93,17.95,0.5,25.49,52.39,22.12,1.9,0.12,0.17,0.05,0.02,2.26,726032.03,178512.563,128884.412,7491.308,1353.103,890.0,390.0,13.521359,1.652611,0.454125,0.106436,713.4000000000001,74.51,1043.553416,138.118823,905.434593,15.734531
62.03,470.38,24.37,10.05,2.14,27.3,53.05,19.65,2.13,0.13,0.3,0.05,0.02,2.63,918762.895,227009.416,143540.848,9589.184,1496.967,890.0,390.0,16.361041,1.999683,0.571979,0.134058,1240.6,72.69999999999999,1301.6793099999998,155.016999,1146.662311,19.066761
75.79,512.41,24.29,20.4,1.11,26.62,52.78,20.6,3.71,0.26,0.29,0.07,0.03,4.35,1076605.418,266727.318,155544.162,11307.3,1614.789,890.0,390.0,18.686681,2.283928,0.668499,0.156679,1515.8000000000002,73.38,1513.078987,168.856251,1344.222736,21.795787
57.19,509.34,18.53,8.19,1.97,24.96,55.69,19.35,2.37,0.15,0.28,0.09,0.02,2.91,1065076.116,263826.2,154667.403,11181.804,1606.183,890.0,390.0,18.516809,2.263165,0.661449,0.155027,1143.8,75.03999999999999,1497.6377059999998,167.84538999999998,1329.7923159999998,21.59645
58.72,559.19,31.53,18.1,3.21,24.8,54.87,20.33,4.22,0.24,0.51,0.14,0.04,5.15,1252286.436,310933.919,168904.024,13219.588,1745.926,890.0,390.0,21.275151,2.600296,0.775927,0.181858,1174.4,75.19999999999999,1748.3698929999998,184.259538,1564.110355,24.833232
67.28,541.47,25.73,8.03,2.77,24.31,58.04,17.65,3.89,0.2,0.41,0.13,0.04,4.67,1185739.458,294188.708,163843.383,12495.224,1696.252,890.0,390.0,20.294653,2.480457,0.735234,0.17232,1345.6,75.69,1659.2430250000002,178.424859,1480.8181660000002,23.682664
44.8,489.81,25.7,12.01,1.54,28.26,53.99,17.75,2.39,0.16,0.27,0.07,0.02,2.92,991731.732,245370.559,149089.846,10383.45,1551.435,890.0,390.0,17.436158,2.131086,0.616599,0.144515,896.0,71.74000000000001,1399.407022,161.414731,1237.992291,20.328358
47.82,448.09,30.22,17.61,2.0,30.95,49.09,19.96,1.9,0.18,0.2,0.04,0.02,2.33,835053.406,205945.603,137175.066,8678.006,1434.482,890.0,390.0,15.127672,1.848938,0.520791,0.12206,956.4,69.05000000000001,1189.566563,147.677554,1041.889009,17.619461
39.93,415.11,19.73,26.39,1.36,28.15,50.75,21.11,1.51,0.11,0.18,0.07,0.02,1.88,711197.912,174779.855,127756.335,7329.839,1342.03,890.0,390.0,13.302794,1.625897,0.445054,0.10431,798.6,71.86,1023.685971,136.818204,886.867767,15.478055
39.76,366.45,24.2,24.34,0.5,32.79,49.82,17.39,0.62,0.07,0.06,0.02,0.01,0.77,528456.605,128796.674,113859.565,5340.699,1205.623,890.0,390.0,10.610298,1.296815,0.333309,0.078119,795.1999999999999,67.21000000000001,778.9391660000001,120.795887,658.143279,12.318541
71.35,527.95,28.06,16.38,0.5,20.86,57.99,21.15,3.85,0.23,0.42,0.13,0.04,4.67,1134965.465,281412.452,159982.218,11942.549,1658.351,890.0,390.0,19.546553,2.389023,0.704186,0.165044,1427.0,79.14,1591.2410350000005,173.973118,1417.267917,22.804806
38.3,350.0,11.53,21.88,2.24,32.39,48.82,18.79,0.93,0.02,0.09,0.0,0.01,1.04,466679.077,113251.599,109161.623,4668.251,1159.51,890.0,390.0,9.700073,1.185565,0.295533,0.069266,766.0,67.61,696.20006,115.379384,580.8206759999999,11.250437000000002
61.87,477.68,28.67,17.93,1.69,30.39,55.48,14.13,2.39,0.18,0.43,0.13,0.03,3.15,946177.847,233907.838,145625.65,9887.596,1517.431,890.0,390.0,16.764971,2.049052,0.588743,0.137987,1237.4,69.61,1338.396362,157.42067699999998,1180.975685,19.540753
73.33,559.1,22.07,17.81,3.79,26.37,54.32,19.31,4.22,0.3,0.45,0.14,0.04,5.14,1251948.444,310848.87,168878.321,13215.909,1745.673,890.0,390.0,21.270171,2.599687,0.77572,0.181809,1466.6,73.63,1747.9172169999997,184.229903,1563.6873139999998,24.827387
62.33,551.15,25.9,11.23,1.55,22.85,54.41,22.74,3.32,0.18,0.38,0.1,0.03,4.02,1222092.435,303336.205,166607.887,12890.927,1723.387,890.0,390.0,20.830275,2.545922,0.757463,0.17753,1246.6,77.14999999999999,1707.9308410000003,181.612201,1526.3186400000002,24.311190000000003
23.14,365.05,18.34,5.99,4.19,32.66,51.16,16.17,1.0,0.07,0.09,0.02,0.01,1.19,523198.943,127473.689,113459.74,5283.469,1201.699,890.0,390.0,10.532832,1.287347,0.330094,0.077366,462.8,67.33,771.89754,120.334908,651.562632,12.227639000000002
31.8,363.36,13.43,25.44,1.53,29.56,55.75,14.69,1.01,0.03,0.1,0.01,0.0,1.15,516852.194,125876.657,112977.094,5214.385,1196.961,890.0,390.0,10.439319,1.275917,0.326213,0.076456,636.0,70.44,763.3972910000001,119.77844,643.6188510000001,12.117905
42.2,468.02,23.41,21.62,2.22,27.51,53.73,18.76,2.13,0.12,0.26,0.08,0.02,2.61,909899.979,224779.241,142866.858,9492.711,1490.351,890.0,390.0,16.230455,1.983722,0.56656,0.132787,844.0,72.49,1289.8091399999998,154.23992,1135.56922,18.913524
29.18,452.32,13.73,19.65,2.79,22.85,54.56,22.59,1.33,0.09,0.18,0.04,0.02,1.66,850939.056,209942.908,138383.108,8850.921,1446.34,890.0,390.0,15.36173,1.877545,0.530505,0.124337,583.6,77.15,1210.842333,149.070369,1061.771964,17.894117
34.28,375.23,20.39,18.9,2.45,33.33,52.21,14.46,1.14,0.05,0.13,0.02,0.02,1.34,561429.656,137093.68,116367.038,5699.611,1230.236,890.0,390.0,11.09612,1.356193,0.353472,0.082845,685.6,66.67,823.1002209999999,123.686885,699.4133359999998,12.88863
39.59,420.61,19.49,14.98,3.41,31.4,52.15,16.45,1.73,0.07,0.16,0.02,0.01,1.99,731853.013,179977.296,129327.075,7554.669,1357.448,890.0,390.0,13.607125,1.663093,0.457685,0.10727,791.8000000000001,68.6,1051.349501,138.62919200000002,912.720309,15.835173
17.04,361.96,12.97,31.45,0.97,25.21,54.79,20.0,0.69,0.06,0.06,0.0,0.01,0.82,511594.532,124553.672,112577.27,5157.155,1193.037,890.0,390.0,10.361853,1.266449,0.322998,0.075703,340.79999999999995,74.78999999999999,756.355666,119.317462,637.0382040000001,12.027003
30.14,350.37,18.71,23.41,4.37,29.16,51.64,19.21,0.16,0.04,0.0,0.0,0.0,0.21,468068.602,113601.245,109267.291,4683.375,1160.547,890.0,390.0,9.720546,1.188067,0.296382,0.069465,602.8,70.85,698.0610600000001,115.501213,582.5598470000001,11.27446
47.94,465.24,29.53,18.28,0.95,31.21,49.9,18.88,2.01,0.15,0.3,0.07,0.03,2.56,899459.765,222152.171,142072.92,9379.069,1482.558,890.0,390.0,16.07663,1.964922,0.560175,0.131291,958.8,68.78,1275.8264829999998,153.324547,1122.501936,18.733018000000005
54.47,430.93,30.32,21.22,2.01,36.54,48.71,14.74,1.47,0.12,0.11,0.02,0.02,1.74,770609.492,189729.586,132274.355,7976.534,1386.378,890.0,390.0,14.17816,1.732886,0.481384,0.112824,1089.4,63.45,1103.256345,142.02726700000002,961.229078,16.505254
61.49,476.08,21.36,15.57,1.44,29.32,52.42,18.26,2.17,0.14,0.12,0.06,0.02,2.51,940169.09,232395.855,145168.707,9822.19,1512.946,890.0,390.0,16.676438,2.038231,0.585069,0.137126,1229.8,70.68,1330.348788,156.893843,1173.454945,19.436864
28.28,350.0,8.69,12.06,2.26,29.66,52.51,17.84,1.01,0.03,0.06,0.0,0.0,1.11,466679.077,113251.599,109161.623,4668.251,1159.51,890.0,390.0,9.700073,1.185565,0.295533,0.069266,565.6,70.35,696.20006,115.379384,580.8206759999999,11.250437000000002
47.94,517.39,27.34,13.35,3.26,27.03,55.4,17.57,2.5,0.17,0.39,0.08,0.02,3.17,1095307.672,271433.365,156966.396,11510.874,1628.749,890.0,390.0,18.962238,2.317607,0.679935,0.15936,958.8,72.97,1538.127056,170.49601900000002,1367.631037,22.11914
20.93,383.72,16.75,24.45,2.45,26.67,55.74,17.59,1.33,0.04,0.04,0.02,0.0,1.43,593313.62,145116.64,118791.69,6046.668,1254.036,890.0,390.0,11.565896,1.41361,0.372969,0.087415,418.6,73.33,865.8026539999998,126.482394,739.32026,13.43989
23.84,390.81,14.26,22.21,3.7,27.8,54.54,17.65,0.66,0.06,0.12,0.02,0.02,0.87,619939.923,151816.614,120816.517,6336.495,1273.911,890.0,390.0,11.958206,1.461559,0.389251,0.091231,476.8,72.19,901.46346,128.816923,772.646537,13.900247
50.69,483.53,18.24,15.88,2.52,22.91,57.64,19.45,2.25,0.12,0.24,0.07,0.01,2.69,968147.363,239436.026,147296.346,10126.734,1533.83,890.0,390.0,17.088668,2.088615,0.602177,0.141135,1013.8,77.09,1367.820299,159.34690999999998,1208.473389,19.920595
37.93,394.9,17.39,16.28,5.09,29.09,52.48,18.43,0.67,0.06,0.11,0.01,0.01,0.87,635299.807,155681.62,121984.577,6503.688,1285.376,890.0,390.0,12.184517,1.489219,0.398643,0.093432,758.6,70.91,922.035068,130.163641,791.871427,14.165811
28.21,416.99,11.08,24.7,3.19,32.08,51.32,16.6,0.91,0.09,0.11,0.03,0.01,1.14,718258.201,176556.435,128293.242,7406.69,1347.301,890.0,390.0,13.40682,1.638612,0.449372,0.105322,564.2,67.92,1033.1418689999998,137.43723300000002,895.7046359999999,15.600126
36.74,366.93,23.9,8.79,2.23,34.19,51.79,14.02,1.44,0.04,0.16,0.0,0.02,1.66,530259.232,129250.269,113996.648,5360.321,1206.969,890.0,390.0,10.636858,1.300061,0.334411,0.078378,734.8000000000001,65.81,781.353439,120.953938,660.399501,12.349708
63.8,516.97,28.08,17.04,1.77,19.73,59.26,21.01,2.67,0.23,0.41,0.12,0.03,3.45,1093730.374,271036.469,156846.448,11493.705,1627.571,890.0,390.0,18.938998,2.314766,0.678971,0.159134,1276.0,80.27,1536.0145670000002,170.357724,1365.6568430000002,22.091869000000003
22.27,436.68,13.35,31.3,3.14,19.35,58.41,22.25,1.17,0.09,0.19,0.03,0.02,1.5,792203.461,195163.275,133916.493,8211.584,1402.497,890.0,390.0,14.496324,1.771773,0.494589,0.115919,445.4,80.66,1132.17731,143.920574,988.256736,16.878605000000004
64.88,551.27,29.93,7.59,3.25,19.23,60.15,20.63,3.61,0.3,0.45,0.14,0.04,4.55,1222543.091,303449.603,166642.157,12895.832,1723.724,890.0,390.0,20.836915,2.546734,0.757739,0.177595,1297.6,80.78,1708.534407,181.651713,1526.882694,24.318983000000003
46.89,427.39,18.56,12.04,1.63,27.74,52.85,19.41,1.18,0.08,0.21,0.02,0.02,1.51,757315.119,186384.324,131263.37,7831.824,1376.455,890.0,390.0,13.982282,1.708946,0.473255,0.110919,937.8,72.26,1085.4510920000002,140.86164899999997,944.589443,16.275401999999996
62.55,492.5,26.35,13.46,2.13,25.25,56.87,17.88,2.75,0.16,0.25,0.1,0.02,3.28,1001833.954,247912.58,149858.081,10493.413,1558.975,890.0,390.0,17.585004,2.149278,0.622777,0.145963,1251.0,74.75,1412.937003,162.30046900000002,1250.636534,20.503022
43.05,437.65,18.62,20.15,1.07,27.88,54.01,18.11,1.4,0.13,0.25,0.03,0.02,1.83,795846.27,196079.915,134193.515,8251.236,1405.216,890.0,390.0,14.549997,1.778333,0.496816,0.116441,861.0,72.12,1137.0561520000003,144.239967,992.816185,16.941587
28.17,411.51,18.14,28.36,3.08,26.61,54.92,18.47,0.88,0.08,0.09,0.02,0.01,1.08,697678.21,171377.893,126728.213,7182.677,1331.939,890.0,390.0,13.103596,1.601551,0.436787,0.102372,563.4000000000001,73.39,1005.578932,135.63282900000002,869.946103,15.244306000000002
36.0,395.38,20.9,24.78,2.49,25.19,51.14,23.67,0.84,0.09,0.16,0.02,0.02,1.12,637102.434,156135.215,122121.66,6523.309,1286.722,890.0,390.0,12.211077,1.492465,0.399745,0.09369,720.0,74.81,924.44934,130.321691,794.127649,14.196977
56.13,407.82,24.26,12.23,2.76,26.27,52.59,21.14,1.22,0.06,0.16,0.05,0.02,1.51,683820.515,167890.883,125674.389,7031.836,1321.595,890.0,390.0,12.899418,1.576596,0.428313,0.100386,1122.6,73.73,987.019218,134.41782,852.601398,15.004713
30.89,360.56,17.36,12.23,2.52,30.23,55.99,13.79,0.56,0.04,0.1,0.0,0.01,0.71,506336.87,123230.686,112177.445,5099.926,1189.112,890.0,390.0,10.284387,1.256981,0.319783,0.074949,617.8,69.78,749.3140389999999,118.856483,630.457556,11.9361
55.04,474.57,17.82,12.49,2.16,26.09,56.37,17.55,3.5,0.18,0.23,0.07,0.03,4.01,934498.326,230968.921,144737.467,9760.464,1508.713,890.0,390.0,16.592886,2.028019,0.581601,0.136313,1100.8,73.92,1322.7538909999998,156.396644,1166.357247,19.338819
34.1,350.0,13.96,26.34,2.8,29.18,51.58,19.24,0.66,0.04,0.1,0.0,0.01,0.82,466679.077,113251.599,109161.623,4668.251,1159.51,890.0,390.0,9.700073,1.185565,0.295533,0.069266,682.0,70.82,696.20006,115.379384,580.8206759999999,11.250437000000002
43.46,495.68,25.15,21.46,3.77,29.78,50.56,19.66,1.96,0.14,0.29,0.06,0.02,2.47,1013776.357,250917.646,150766.255,10623.406,1567.89,890.0,390.0,17.760962,2.170784,0.630079,0.147675,869.2,70.22,1428.9315539999998,163.347551,1265.584003,20.7095
53.71,457.24,20.36,8.46,2.89,30.53,54.11,15.36,1.85,0.13,0.24,0.06,0.03,2.32,869415.982,214592.256,139788.207,9052.043,1460.132,890.0,390.0,15.633967,1.910818,0.541804,0.126985,1074.2,69.47,1235.58862,150.690382,1084.898238,18.213574
32.02,448.08,18.35,16.2,3.05,26.14,56.23,17.63,1.59,0.14,0.28,0.05,0.03,2.1,835015.851,205936.153,137172.21,8677.597,1434.454,890.0,390.0,15.127118,1.84887,0.520768,0.122055,640.4000000000001,73.86,1189.516265,147.674261,1041.842004,17.618811
50.61,484.37,19.54,14.1,2.13,21.03,57.29,21.68,2.44,0.17,0.22,0.04,0.03,2.89,971301.96,240229.817,147536.241,10161.072,1536.185,890.0,390.0,17.135148,2.094296,0.604106,0.141587,1012.2,78.97,1372.045275,159.623498,1212.421777,19.975137000000004
26.99,350.0,12.87,24.41,3.17,20.55,59.74,19.7,0.41,0.03,0.01,0.0,0.0,0.44,466679.077,113251.599,109161.623,4668.251,1159.51,890.0,390.0,9.700073,1.185565,0.295533,0.069266,539.8,79.44,696.20006,115.379384,580.8206759999999,11.250437000000002
61.81,457.08,28.57,11.58,2.06,31.22,51.29,17.49,1.48,0.09,0.24,0.06,0.02,1.9,868815.107,214441.058,139742.512,9045.502,1459.684,890.0,390.0,15.625114,1.909736,0.541436,0.126899,1236.2,68.78,1234.783863,150.637698,1084.146165,18.203185
37.14,393.44,22.06,14.62,3.56,26.93,52.23,20.84,1.16,0.07,0.15,0.05,0.01,1.43,629816.816,154301.936,121567.617,6444.005,1281.284,890.0,390.0,12.103732,1.479345,0.39529,0.092646,742.8,73.07,914.691658,129.682906,785.008752,14.071013
63.87,570.43,24.02,6.75,0.5,26.47,58.58,14.95,3.79,0.3,0.54,0.16,0.05,4.84,1294497.951,321555.599,172114.046,13679.061,1777.434,890.0,390.0,21.897093,2.676311,0.801739,0.187908,1277.4,73.53,1804.904091,187.960541,1616.9435499999995,25.563051000000005
58.86,454.12,28.63,4.49,2.92,31.48,53.14,15.38,1.8,0.11,0.17,0.05,0.02,2.16,857698.907,211643.889,138897.168,8924.502,1451.386,890.0,390.0,15.461329,1.889718,0.534639,0.125306,1177.2,68.52,1219.895852,149.663056,1070.232796,18.010991999999995
51.19,521.09,26.11,13.89,1.83,27.32,53.36,19.32,2.92,0.27,0.47,0.15,0.05,3.86,1109202.922,274929.825,158023.076,11662.124,1639.121,890.0,390.0,19.16697,2.34263,0.688432,0.161351,1023.8,72.68,1556.737068,171.714321,1385.022747,22.359383
38.97,436.54,18.93,19.11,2.44,32.82,51.04,16.14,1.46,0.13,0.2,0.02,0.02,1.83,791677.695,195030.976,133876.511,8205.861,1402.104,890.0,390.0,14.488577,1.770826,0.494267,0.115844,779.4,67.18,1131.4731470000002,143.874476,987.598671,16.869514
68.35,485.94,25.4,12.82,1.34,20.98,58.78,20.24,1.9,0.12,0.24,0.08,0.02,2.37,977198.052,241713.45,147984.616,10225.251,1540.586,890.0,390.0,17.22202,2.104914,0.607712,0.142432,1367.0,79.02,1379.9419549999998,160.140453,1219.801502,20.077078
49.01,398.68,23.45,9.76,2.25,31.09,48.85,20.06,1.58,0.07,0.08,0.03,0.01,1.78,649495.494,159253.68,123064.104,6658.208,1295.973,890.0,390.0,12.393676,1.514783,0.407324,0.095467,980.2,68.91,941.047459,131.408285,809.6391739999999,14.41125
31.03,398.51,14.73,27.93,3.07,25.36,55.2,19.44,0.88,0.07,0.11,0.02,0.01,1.08,648857.063,159093.032,123015.554,6651.258,1295.496,890.0,390.0,12.384269,1.513633,0.406933,0.095375,620.6,74.64,940.192403,131.35230800000002,808.840095,14.40021
55.84,479.42,25.33,13.32,1.82,26.15,57.12,16.73,2.29,0.13,0.26,0.03,0.02,2.73,952712.369,235552.119,146122.575,9958.724,1522.309,890.0,390.0,16.86125,2.06082,0.592739,0.138923,1116.8000000000002,73.85,1347.1480959999997,157.993608,1189.154488,19.653732
64.74,558.74,34.41,11.7,1.77,22.09,56.48,21.43,4.32,0.2,0.51,0.15,0.04,5.23,1250596.473,310508.674,168775.508,13201.193,1744.664,890.0,390.0,21.250252,2.597253,0.774893,0.181616,1294.8,77.91,1746.1065119999998,184.111365,1561.995147,24.804013999999995
52.78,476.36,13.6,21.22,2.24,22.72,55.68,21.6,2.2,0.17,0.2,0.05,0.03,2.65,941220.623,232660.452,145248.672,9833.636,1513.731,890.0,390.0,16.691931,2.040125,0.585712,0.137276,1055.6,77.28,1331.7571139999998,156.98603899999998,1174.771075,19.455044
36.38,365.68,13.81,24.06,1.36,26.4,55.44,18.15,0.74,0.06,0.04,0.0,0.01,0.84,525564.891,128069.032,113639.661,5309.223,1203.465,890.0,390.0,10.567692,1.291607,0.331541,0.077705,727.6,73.59,775.0662719999999,120.542349,654.523923,12.268545
62.76,480.86,22.9,6.22,0.87,31.25,53.9,14.85,2.35,0.16,0.39,0.08,0.03,3.03,958120.25,236912.904,146533.823,10017.589,1526.345,890.0,390.0,16.940929,2.070558,0.596046,0.139698,1255.2,68.75,1354.3909110000002,158.467757,1195.923154,19.747231000000003
59.62,510.51,28.78,10.02,2.14,24.31,61.04,14.65,3.28,0.17,0.5,0.09,0.03,4.06,1069470.019,264931.838,155001.542,11229.631,1609.462,890.0,390.0,18.581548,2.271078,0.664136,0.155657,1192.4,75.69,1503.522492,168.23063499999998,1335.2918570000002,21.672419
63.63,464.11,19.38,22.24,1.37,25.84,52.93,21.23,2.58,0.18,0.25,0.06,0.03,3.1,895216.08,221084.333,141750.204,9332.877,1479.391,890.0,390.0,16.014104,1.95728,0.55758,0.130683,1272.6,74.16,1270.142885,152.952472,1117.190413,18.659647000000003
63.51,511.79,23.0,8.51,3.44,29.32,53.85,16.83,2.18,0.18,0.31,0.1,0.03,2.8,1074277.025,266141.424,155367.096,11281.956,1613.051,890.0,390.0,18.652374,2.279735,0.667075,0.156346,1270.2,70.68,1509.960552,168.652103,1341.308449,21.75553
26.09,395.56,12.88,18.33,2.28,22.47,56.83,20.7,1.03,0.05,0.06,0.0,0.01,1.16,637778.419,156305.313,122173.066,6530.667,1287.226,890.0,390.0,12.221037,1.493683,0.400159,0.093787,521.8,77.53,925.354691,130.380959,794.9737319999999,14.208666000000004
58.55,473.3,18.9,13.82,1.83,26.94,55.65,17.41,2.22,0.25,0.3,0.1,0.04,2.91,929728.876,229768.785,144374.769,9708.549,1505.153,890.0,390.0,16.522613,2.019431,0.578685,0.135629,1171.0,73.06,1316.366132,155.97847099999998,1160.387661,19.256358
52.67,530.55,26.77,7.7,1.79,25.82,56.2,17.98,2.49,0.18,0.34,0.11,0.03,3.16,1144729.695,283869.424,160724.749,12048.833,1665.64,890.0,390.0,19.690419,2.406607,0.710157,0.166443,1053.4,74.18,1604.318341,174.82922200000004,1429.4891189999998,22.973626
39.26,435.05,23.11,17.13,2.28,24.48,57.81,17.72,1.81,0.12,0.26,0.07,0.02,2.28,786082.04,193622.942,133450.983,8144.952,1397.928,890.0,390.0,14.406131,1.76075,0.490846,0.115042,785.1999999999999,75.53,1123.978845,143.38386300000002,980.594982,16.772769
56.03,498.72,28.86,3.0,3.45,26.28,53.42,20.31,2.55,0.14,0.31,0.08,0.02,3.1,1025192.995,253790.414,151634.446,10747.676,1576.412,890.0,390.0,17.929174,2.191343,0.637061,0.149311,1120.6,73.73,1444.221943,164.348534,1279.873409,20.906889
15.0,350.0,17.89,24.75,2.21,28.12,54.43,17.45,0.52,0.05,0.0,0.0,0.01,0.57,466679.077,113251.599,109161.623,4668.251,1159.51,890.0,390.0,9.700073,1.185565,0.295533,0.069266,300.0,71.88,696.20006,115.379384,580.8206759999999,11.250437000000002
55.33,440.44,19.59,15.63,0.5,31.6,52.3,16.1,1.8,0.08,0.31,0.07,0.02,2.27,806324.039,198716.435,134990.308,8365.287,1413.037,890.0,390.0,14.704375,1.797202,0.503223,0.117943,1106.6,68.4,1151.089106,145.158632,1005.930474,17.122743
63.6,474.7,22.74,9.62,2.06,27.74,51.51,20.75,2.48,0.15,0.31,0.07,0.03,3.03,934986.538,231091.77,144774.594,9765.778,1509.077,890.0,390.0,16.600079,2.028899,0.5819,0.136383,1272.0,72.25999999999999,1323.407757,156.439449,1166.968308,19.347261
63.71,496.84,27.05,8.58,3.32,26.91,56.36,16.73,2.85,0.17,0.33,0.12,0.05,3.52,1018132.706,252013.834,151097.538,10670.824,1571.142,890.0,390.0,17.825148,2.178629,0.632743,0.148299,1274.2,73.09,1434.766044,163.729504,1271.03654,20.784819
48.39,443.09,14.61,18.14,2.23,22.82,58.46,18.72,1.82,0.12,0.22,0.02,0.02,2.21,816276.042,201220.657,135747.12,8473.614,1420.466,890.0,390.0,14.851008,1.815123,0.509309,0.119369,967.8,77.18,1164.4178990000005,146.03119999999998,1018.386699,17.294809
48.14,437.83,14.1,14.42,1.85,26.47,52.73,20.79,2.18,0.11,0.2,0.05,0.01,2.55,796522.255,196250.013,134244.921,8258.594,1405.721,890.0,390.0,14.559957,1.779551,0.49723,0.116538,962.8,73.52,1137.961504,144.299236,993.662268,16.953276
32.75,422.05,15.84,31.25,2.75,27.6,54.98,17.42,1.09,0.08,0.09,0.03,0.02,1.31,737260.894,181338.081,129738.323,7613.534,1361.485,890.0,390.0,13.686804,1.672832,0.460992,0.108045,655.0,72.4,1058.592317,139.103342,919.488975,15.928673
59.45,461.15,21.23,9.7,1.86,29.11,54.98,15.91,1.86,0.13,0.24,0.08,0.03,2.34,884099.881,218287.164,140904.86,9211.877,1471.093,890.0,390.0,15.850319,1.937261,0.550783,0.12909,1189.0,70.89,1255.254875,151.97782999999998,1103.2770449999998,18.467453000000003
63.67,521.53,28.31,8.23,2.5,25.47,58.8,15.73,2.6,0.19,0.51,0.1,0.04,3.44,1110855.33,275345.62,158148.735,11680.11,1640.354,890.0,390.0,19.191316,2.345605,0.689443,0.161588,1273.4,74.53,1558.9501490000002,171.85919899999996,1387.0909500000002,22.387952
58.37,382.94,25.71,11.13,2.6,31.2,53.7,15.1,1.22,0.11,0.16,0.0,0.03,1.51,590384.352,144379.548,118568.931,6014.783,1251.849,890.0,390.0,11.522737,1.408335,0.371178,0.086995,1167.4,68.8,861.879463,126.225563,735.6538999999999,13.389245
49.93,502.55,17.71,17.39,3.17,20.63,57.53,21.84,2.48,0.17,0.27,0.09,0.03,3.03,1039576.456,257409.723,152728.252,10904.24,1587.148,890.0,390.0,18.141099,2.217245,0.645856,0.151372,998.6,79.37,1463.4858190000002,165.60963999999998,1297.876179,21.155572
51.91,519.74,20.96,14.39,1.55,21.93,58.2,19.87,2.45,0.15,0.37,0.07,0.03,3.07,1104133.033,273654.09,157637.53,11606.938,1635.337,890.0,390.0,19.09227,2.3335,0.685332,0.160625,1038.1999999999998,78.07000000000001,1549.9469280000003,171.269805,1378.6771230000002,22.271727
35.99,409.87,12.54,20.13,2.61,29.59,53.5,16.9,1.42,0.1,0.13,0.03,0.02,1.7,691519.235,169828.111,126259.847,7115.636,1327.341,890.0,390.0,13.01285,1.59046,0.433021,0.101489,719.8000000000001,70.4,997.33017,135.092824,862.237346,15.13782
43.35,420.45,19.43,23.62,3.26,31.14,51.24,17.62,1.62,0.08,0.19,0.01,0.01,1.91,731252.137,179826.098,129281.381,7548.129,1357.0,890.0,390.0,13.598272,1.662011,0.457317,0.107184,867.0,68.86,1050.544745,138.57650999999998,911.968235,15.824784
44.26,461.66,26.24,19.65,0.5,26.95,55.21,17.84,2.3,0.13,0.26,0.04,0.02,2.76,886015.172,218769.109,141050.511,9232.725,1472.523,890.0,390.0,15.878539,1.94071,0.551954,0.129364,885.1999999999999,73.05,1257.82004,152.145759,1105.674281,18.500567
56.9,478.41,23.5,14.7,1.92,27.28,56.95,15.77,3.15,0.13,0.27,0.11,0.04,3.71,948919.342,234597.68,145834.13,9917.437,1519.477,890.0,390.0,16.805364,2.053989,0.59042,0.13838,1138.0,72.72,1342.0680659999996,157.66104400000003,1184.407022,19.588153
73.86,458.83,31.68,12.19,2.41,23.37,56.07,20.56,1.83,0.11,0.35,0.08,0.04,2.41,875387.184,216094.789,140242.293,9117.039,1464.589,890.0,390.0,15.721947,1.921571,0.545455,0.127841,1477.2,76.63,1243.585894,151.213921,1092.371973,18.316814
56.79,410.72,22.9,10.48,2.05,34.5,46.05,19.45,1.45,0.07,0.17,0.01,0.01,1.71,694711.387,170631.352,126502.598,7150.383,1329.724,890.0,390.0,13.059883,1.596208,0.434973,0.101947,1135.8,65.5,1001.605444,135.372705,866.232739,15.193010999999998
42.89,361.3,11.88,14.59,4.91,33.64,48.11,18.25,0.78,0.05,0.07,0.02,0.02,0.94,509115.92,123929.979,112388.781,5130.176,1191.186,890.0,390.0,10.325334,1.261986,0.321482,0.075347,857.8,66.36,753.036042,119.10014300000002,633.935899,11.984149
60.38,466.92,19.0,11.48,1.98,27.23,52.87,19.89,2.21,0.12,0.19,0.05,0.02,2.6,905768.959,223739.753,142552.71,9447.745,1487.268,890.0,390.0,16.169589,1.976283,0.564033,0.132195,1207.6,72.75999999999999,1284.276435,153.877723,1130.3987120000002,18.842099999999995
42.9,416.62,20.05,22.62,2.25,31.01,50.18,18.81,1.23,0.05,0.17,0.02,0.02,1.49,716868.676,176206.789,128187.574,7391.565,1346.263,890.0,390.0,13.386347,1.636109,0.448522,0.105122,858.0,68.99,1031.280867,137.315402,893.965465,15.5761
32.69,350.0,11.32,19.71,2.64,34.66,51.05,14.29,0.11,0.06,0.01,0.01,0.01,0.21,466679.077,113251.599,109161.623,4668.251,1159.51,890.0,390.0,9.700073,1.185565,0.295533,0.069266,653.8,65.34,696.20006,115.379384,580.8206759999999,11.250437000000002
50.18,488.91,24.95,13.58,2.89,23.68,59.1,17.22,2.56,0.15,0.31,0.06,0.02,3.1,988351.806,244520.068,148832.816,10346.659,1548.912,890.0,390.0,17.386359,2.124999,0.614532,0.144031,1003.6,76.32,1394.880261,161.11838699999998,1233.761874,20.269921
33.8,411.08,16.45,23.56,2.41,25.68,56.04,18.28,1.43,0.14,0.18,0.02,0.01,1.79,696063.357,170971.548,126605.41,7165.099,1330.733,890.0,390.0,13.079803,1.598643,0.4358,0.102141,676.0,74.32,1003.416147,135.491242,867.9249050000001,15.216387
63.57,492.69,27.43,17.48,2.1,30.33,52.54,17.14,2.91,0.16,0.43,0.07,0.03,3.59,1002547.494,248092.128,149912.343,10501.179,1559.508,890.0,390.0,17.595517,2.150563,0.623213,0.146066,1271.4,69.68,1413.8926519999998,162.36303,1251.529622,20.515359
69.23,511.87,20.76,19.75,1.8,26.38,55.05,18.57,2.77,0.21,0.33,0.1,0.04,3.45,1074577.462,266217.023,155389.944,11285.226,1613.275,890.0,390.0,18.656801,2.280276,0.667259,0.156389,1384.6,73.62,1510.36293,168.67844499999998,1341.684485,21.760725000000004
42.23,428.13,24.14,21.97,0.78,19.59,60.98,19.43,1.57,0.13,0.16,0.07,0.01,1.94,760094.168,187083.616,131474.706,7862.074,1378.529,890.0,390.0,14.023228,1.71395,0.474954,0.111317,844.5999999999999,80.41,1089.173093,141.105309,948.067784,16.323449
21.95,372.61,15.46,21.85,3.36,26.99,54.58,18.43,0.82,0.06,0.12,0.03,0.01,1.04,551590.317,134617.808,115618.794,5592.51,1222.891,890.0,390.0,10.951148,1.338474,0.347455,0.081435,439.0,73.00999999999999,809.9223199999999,122.824195,687.098125,12.718512
47.42,432.96,18.03,20.41,1.51,25.89,54.42,19.69,1.65,0.1,0.23,0.01,0.02,2.02,778233.102,191647.915,132854.101,8059.517,1392.069,890.0,390.0,14.290486,1.746615,0.486046,0.113917,948.4,74.11,1113.466704,142.69568699999996,970.771017,16.637064000000002
62.91,505.42,26.14,14.74,2.28,30.19,53.94,15.87,2.89,0.19,0.41,0.13,0.03,3.65,1050354.663,260121.842,153547.893,11021.561,1595.194,890.0,390.0,18.299904,2.236655,0.652447,0.152917,1258.1999999999998,69.81,1477.9211529999998,166.554648,1311.366505,21.341923
49.89,449.7,28.44,11.48,3.43,29.36,53.53,17.12,1.64,0.13,0.18,0.05,0.03,2.03,841099.717,207467.036,137634.864,8743.82,1438.996,890.0,390.0,15.216758,1.859826,0.524489,0.122927,997.8,70.65,1197.664433,148.20768,1049.456753,17.724
39.74,351.57,23.87,11.63,3.65,30.32,52.38,17.3,0.46,0.07,0.06,0.01,0.0,0.6,472575.169,114735.232,109609.998,4732.429,1163.911,890.0,390.0,9.786945,1.196183,0.299138,0.070111,794.8000000000001,69.68,704.096739,115.896338,588.2004009999999,11.352377
18.87,381.03,12.63,19.85,3.26,26.45,55.46,18.08,0.92,0.05,0.09,0.0,0.01,1.08,583211.399,142574.618,118023.455,5936.705,1246.495,890.0,390.0,11.417051,1.395418,0.366791,0.085967,377.4,73.53999999999999,852.272672,125.596655,726.676017,13.265227
47.22,516.16,19.54,13.15,1.71,26.31,55.47,18.23,3.53,0.24,0.4,0.1,0.04,4.31,1090688.441,270271.028,156615.121,11460.594,1625.301,890.0,390.0,18.894179,2.309288,0.677111,0.158698,944.4,73.7,1531.940485,170.09101600000002,1361.849469,22.039276
22.31,433.53,9.26,22.54,2.25,22.42,56.65,20.94,1.5,0.08,0.18,0.04,0.01,1.82,780373.722,192186.559,133016.887,8082.817,1393.667,890.0,390.0,14.322025,1.75047,0.487355,0.114224,446.2,77.59,1116.333652,142.88337099999998,973.450281,16.674074
55.6,426.24,20.43,16.61,1.75,33.83,47.12,19.06,1.45,0.12,0.15,0.02,0.02,1.76,752996.325,185297.586,130934.942,7784.814,1373.231,890.0,390.0,13.918649,1.701168,0.470614,0.1103,1112.0,66.17999999999999,1079.6668979999995,140.48298699999998,939.183911,16.200731
18.18,386.29,12.11,24.62,1.6,28.06,51.56,20.39,0.8,0.07,0.14,0.01,0.01,1.02,602965.186,147545.262,119525.654,6151.725,1261.24,890.0,390.0,11.708102,1.430991,0.378871,0.088798,363.6,71.95,878.7290669999999,127.328619,751.400448,13.606762000000002
47.79,400.96,20.16,10.72,0.5,35.26,49.59,15.15,1.15,0.09,0.2,0.04,0.02,1.5,658057.972,161408.256,123715.248,6751.41,1302.364,890.0,390.0,12.519835,1.530202,0.41256,0.096694,955.8,64.74000000000001,952.51525,132.159022,820.3562279999999,14.559290999999998
52.61,461.02,16.97,10.62,2.44,21.44,61.34,17.22,2.34,0.19,0.31,0.09,0.03,2.96,883611.669,218164.316,140867.734,9206.563,1470.729,890.0,390.0,15.843126,1.936382,0.550484,0.12902,1052.2,78.56,1254.601011,151.935026,1102.665985,18.459012
47.37,474.36,26.3,14.74,2.08,22.77,56.4,20.83,2.34,0.14,0.21,0.08,0.02,2.79,933709.677,230770.473,144677.493,9751.88,1508.124,890.0,390.0,16.581266,2.026599,0.581119,0.1362,947.4,77.22999999999999,1321.697647,156.327497,1165.37015,19.325184
61.27,476.99,26.69,13.56,3.3,34.38,49.82,15.8,2.37,0.12,0.29,0.06,0.03,2.87,943586.57,233255.795,145428.593,9859.39,1515.497,890.0,390.0,16.726791,2.044386,0.587159,0.137615,1225.4,65.62,1334.925845,157.19348000000002,1177.732365,19.495951
67.97,534.5,23.0,3.0,1.4,28.32,56.26,15.42,3.78,0.27,0.42,0.14,0.05,4.64,1159563.812,287602.132,161852.827,12210.302,1676.713,890.0,390.0,19.908983,2.43332,0.719228,0.168569,1359.4,71.67999999999999,1624.1857859999998,176.12984199999997,1448.055944,23.230100000000004
55.33,485.89,20.57,17.36,3.38,28.88,55.54,15.57,1.95,0.17,0.33,0.06,0.03,2.54,977010.279,241666.2,147970.337,10223.207,1540.446,890.0,390.0,17.219253,2.104575,0.607597,0.142406,1106.6,71.11,1379.690469,160.12399,1219.566479,20.073831
21.61,350.0,13.75,24.23,4.42,32.66,50.4,16.94,0.57,0.04,0.11,0.0,0.01,0.73,466679.077,113251.599,109161.623,4668.251,1159.51,890.0,390.0,9.700073,1.185565,0.295533,0.069266,432.2,67.34,696.20006,115.379384,580.8206759999999,11.250437000000002
71.23,511.42,29.0,6.34,3.0,31.13,52.22,16.66,3.06,0.28,0.45,0.09,0.04,3.93,1072887.5,265791.778,155261.428,11266.831,1612.013,890.0,390.0,18.631901,2.277232,0.666225,0.156147,1424.6,68.88,1508.09955,168.53027200000002,1339.569278,21.731505
55.38,484.16,23.64,4.21,2.41,25.43,58.75,15.82,2.1,0.14,0.27,0.08,0.02,2.61,970513.311,240031.369,147476.267,10152.487,1535.596,890.0,390.0,17.123528,2.092876,0.603624,0.141474,1107.6,74.57,1370.9890299999995,159.55434999999997,1211.4346799999998,19.961502
20.93,391.31,10.84,33.92,3.59,26.53,54.28,19.19,1.11,0.08,0.11,0.03,0.01,1.34,621817.659,152289.109,120959.312,6356.934,1275.313,890.0,390.0,11.985873,1.46494,0.390399,0.0915,418.6,73.47,903.978327,128.981559,774.996768,13.932712
68.91,473.2,27.23,17.19,1.43,29.21,51.52,19.27,2.24,0.18,0.21,0.07,0.03,2.73,929353.328,229674.286,144346.21,9704.461,1504.872,890.0,390.0,16.51708,2.018754,0.578455,0.135575,1378.1999999999998,70.79,1315.863157,155.945543,1159.917614,19.249864
60.65,534.41,19.64,9.31,0.79,19.68,58.5,21.82,3.61,0.26,0.38,0.09,0.04,4.38,1159225.82,287517.083,161827.124,12206.623,1676.461,890.0,390.0,19.904003,2.432711,0.719021,0.16852,1213.0,80.32,1623.7331109999998,176.100208,1447.632903,23.224255000000003
57.52,509.07,20.21,10.65,1.67,29.66,55.55,14.78,2.85,0.26,0.42,0.08,0.02,3.63,1064062.138,263571.053,154590.294,11170.766,1605.426,890.0,390.0,18.501869,2.26134,0.660829,0.154882,1150.4,70.33,1496.2796770000002,167.756486,1328.523191,21.57892
22.74,389.5,10.39,25.87,3.11,31.77,49.82,18.41,0.58,0.09,0.07,0.0,0.01,0.76,615020.253,150578.678,120442.396,6282.945,1270.239,890.0,390.0,11.88572,1.4527,0.386242,0.090526,454.8,68.23,894.874511,128.38557999999998,766.4889310000001,13.815188
40.03,362.55,14.91,17.35,1.62,30.68,51.2,18.12,0.75,0.06,0.11,0.03,0.0,0.96,513810.261,125111.215,112745.767,5181.274,1194.691,890.0,390.0,10.3945,1.270439,0.324353,0.07602,800.6,69.32000000000001,759.323208,119.51173200000002,639.811476,12.065312
52.59,464.7,10.25,15.46,0.65,23.15,56.78,20.07,1.56,0.14,0.26,0.06,0.02,2.04,897431.809,221641.876,141918.702,9356.995,1481.045,890.0,390.0,16.04675,1.96127,0.558935,0.131,1051.8000000000002,76.85,1273.110427,153.146742,1119.9636850000002,18.697955
45.26,494.38,21.43,8.05,0.5,28.76,52.64,18.61,2.26,0.17,0.28,0.11,0.03,2.85,1008894.243,249689.16,150394.989,10570.264,1564.246,890.0,390.0,17.689029,2.161993,0.627094,0.146975,905.2,71.25,1422.392902,162.919499,1259.473403,20.625091
66.72,550.29,34.53,16.53,2.45,25.63,55.17,19.2,4.12,0.3,0.48,0.14,0.04,5.07,1218862.728,302523.514,166362.28,12855.771,1720.976,890.0,390.0,20.782689,2.540106,0.755488,0.177068,1334.4,74.37,1703.605269,181.329027,1522.276242,24.255351
70.56,451.14,21.2,12.64,1.72,31.46,49.79,18.75,1.8,0.14,0.29,0.03,0.03,2.3,846507.598,208827.821,138046.113,8802.685,1443.032,890.0,390.0,15.296437,1.869565,0.527795,0.123702,1411.2,68.53999999999999,1204.907249,148.68183000000002,1056.225419,17.817499
56.9,490.97,17.25,16.9,2.96,29.95,50.25,19.81,1.89,0.16,0.21,0.06,0.02,2.35,996088.08,246466.746,149421.13,10430.869,1554.686,890.0,390.0,17.500344,2.138931,0.619263,0.14514,1138.0,70.06,1405.2415109999995,161.796685,1243.444826,20.403678
63.62,477.41,21.27,10.73,1.03,29.48,51.77,18.75,2.26,0.17,0.37,0.07,0.03,2.91,945163.869,233652.691,145548.54,9876.559,1516.674,890.0,390.0,16.750031,2.047226,0.588123,0.137841,1272.4,70.52000000000001,1337.0383330000002,157.33177300000003,1179.70656,19.523221000000003
34.19,395.59,10.76,23.49,2.58,22.59,59.06,18.35,0.54,0.05,0.12,0.01,0.01,0.73,637891.083,156333.663,122181.634,6531.894,1287.311,890.0,390.0,12.222697,1.493886,0.400228,0.093803,683.8,77.41,925.505585,130.390839,795.1147460000001,14.210614
24.59,454.4,12.89,24.09,2.86,24.64,56.96,18.4,1.81,0.12,0.12,0.02,0.02,2.1,858750.439,211908.486,138977.133,8935.948,1452.171,890.0,390.0,15.476822,1.891612,0.535282,0.125457,491.8,75.36,1221.3041770000002,149.755252,1071.548925,18.029173
59.12,445.0,21.76,19.97,1.7,23.63,58.07,18.29,1.53,0.13,0.27,0.04,0.02,1.98,823448.995,203025.586,136292.595,8551.692,1425.82,890.0,390.0,14.956693,1.82804,0.513695,0.120397,1182.4,76.36,1174.024688,146.660107,1027.364581,17.418825
35.36,361.9,22.03,28.27,4.73,28.47,53.23,18.29,0.28,0.06,0.05,0.0,0.01,0.4,511369.204,124496.972,112560.134,5154.703,1192.868,890.0,390.0,10.358533,1.266044,0.32286,0.07567,707.2,71.52,756.0538809999999,119.297705,636.756176,12.023107
47.62,463.38,26.54,16.51,1.16,30.5,51.56,17.94,3.13,0.15,0.23,0.07,0.03,3.61,892474.585,220394.49,141541.724,9303.036,1477.344,890.0,390.0,15.973711,1.952343,0.555904,0.13029,952.4,69.5,1266.471179,152.71210399999998,1113.759075,18.612248
67.95,530.24,20.6,15.63,0.63,19.23,58.33,22.43,3.34,0.23,0.45,0.11,0.04,4.18,1143565.498,283576.478,160636.217,12036.161,1664.771,890.0,390.0,19.673265,2.40451,0.709445,0.166276,1359.0,80.75999999999999,1602.7591249999998,174.727149,1428.0319759999998,22.953496
30.5,433.3,16.42,14.32,0.5,26.92,56.76,16.32,1.13,0.09,0.13,0.04,0.01,1.4,779509.963,191969.211,132951.202,8073.415,1393.022,890.0,390.0,14.309299,1.748915,0.486827,0.1141,610.0,73.08,1115.176813,142.807639,972.369174,16.659141
23.0,391.01,11.35,14.03,4.87,36.88,48.71,14.42,1.26,0.05,0.1,0.02,0.0,1.43,620691.017,152005.612,120873.635,6344.671,1274.472,890.0,390.0,11.969273,1.462912,0.38971,0.091338,460.0,63.13,902.469407,128.882778,773.5866289999999,13.913232999999998
49.17,449.92,24.14,3.84,1.41,26.44,57.28,16.28,1.23,0.11,0.27,0.06,0.01,1.69,841925.921,207674.934,137697.694,8752.813,1439.612,890.0,390.0,15.228931,1.861314,0.524994,0.123045,983.4,73.56,1198.770974,148.28011899999998,1050.490855,17.738284
61.21,537.02,25.3,14.42,0.72,24.44,56.44,19.12,3.68,0.25,0.45,0.15,0.04,4.57,1169027.604,289983.505,162572.511,12313.316,1683.777,890.0,390.0,20.048422,2.450363,0.725015,0.169925,1224.2,75.56,1636.8607130000005,176.95960399999998,1459.901109,23.393725
37.11,449.51,18.41,25.04,1.82,20.51,59.19,20.29,1.37,0.09,0.17,0.05,0.01,1.69,840386.177,207287.488,137580.602,8736.053,1438.463,890.0,390.0,15.206244,1.858541,0.524052,0.122825,742.2,79.47999999999999,1196.708783,148.14511800000002,1048.563665,17.711662
47.27,450.08,27.57,16.32,1.32,24.71,56.22,19.06,1.92,0.17,0.17,0.04,0.02,2.33,842526.797,207826.132,137743.388,8759.354,1440.061,890.0,390.0,15.237784,1.862396,0.525361,0.123132,945.4,75.28,1199.575732,148.33280299999998,1051.242929,17.748672999999997
59.42,440.05,21.13,8.8,3.39,29.14,57.46,13.4,2.06,0.13,0.16,0.06,0.02,2.43,804859.404,198347.889,134878.929,8349.344,1411.944,890.0,390.0,14.682796,1.794564,0.502328,0.117733,1188.4,70.86,1149.12751,145.030217,1004.097293,17.097421
26.23,383.37,9.17,26.33,4.43,37.84,44.83,17.34,0.73,0.05,0.07,0.02,0.0,0.88,591999.205,144785.893,118691.734,6032.36,1253.055,890.0,390.0,11.54653,1.411243,0.372165,0.087226,524.6,62.17,864.042247,126.36714899999998,737.675098,13.417164
17.39,379.94,12.8,23.94,2.94,26.85,55.68,17.47,0.85,0.06,0.05,0.0,0.01,0.97,579117.933,141544.58,117712.163,5892.148,1243.439,890.0,390.0,11.356738,1.388046,0.364288,0.08538,347.8,73.15,846.790263,125.23775,721.5525129999999,13.194452
46.83,471.37,21.24,17.42,1.95,25.62,58.5,15.88,2.15,0.11,0.22,0.05,0.02,2.54,922480.813,227944.955,143823.582,9629.653,1499.742,890.0,390.0,16.415821,2.006378,0.574253,0.13459,936.6,74.38,1306.658745,155.342977,1151.315768,19.131042
62.55,468.11,30.89,12.85,2.56,29.89,50.98,19.13,2.81,0.12,0.23,0.05,0.04,3.25,910237.972,224864.29,142892.561,9496.39,1490.604,890.0,390.0,16.235435,1.984331,0.566766,0.132836,1251.0,70.11,1290.2618169999998,154.269555,1135.992262,18.919368
43.51,459.58,29.03,15.71,2.42,30.07,52.92,17.02,2.3,0.18,0.24,0.05,0.01,2.78,878203.789,216803.531,140456.485,9147.698,1466.692,890.0,390.0,15.763446,1.926644,0.547177,0.128245,870.1999999999999,69.94,1247.3581950000005,151.460875,1095.89732,18.365512000000003
15.65,390.84,13.37,28.07,5.29,25.71,53.99,20.3,0.91,0.05,0.07,0.03,0.01,1.07,620052.587,151844.964,120825.085,6337.721,1273.995,890.0,390.0,11.959866,1.461762,0.38932,0.091247,313.0,74.29,901.614352,128.82680100000002,772.7875510000001,13.902195
59.93,457.5,16.35,13.78,2.65,33.89,49.03,17.09,1.81,0.13,0.28,0.04,0.02,2.28,870392.405,214837.953,139862.46,9062.671,1460.861,890.0,390.0,15.648354,1.912577,0.542401,0.127125,1198.6,66.12,1236.89635,150.775992,1086.120358,18.230457
25.55,350.0,15.69,34.4,4.14,26.12,50.52,23.37,0.35,0.05,0.05,0.0,0.01,0.46,466679.077,113251.599,109161.623,4668.251,1159.51,890.0,390.0,9.700073,1.185565,0.295533,0.069266,511.0,73.89,696.20006,115.379384,580.8206759999999,11.250437000000002
56.6,501.81,30.9,12.77,3.7,31.33,50.35,18.32,2.53,0.16,0.25,0.09,0.03,3.05,1036797.406,256710.431,152516.916,10873.99,1585.074,890.0,390.0,18.100152,2.212241,0.644157,0.150974,1132.0,68.67,1459.763817,165.36597999999998,1294.397837,21.107524
68.4,555.3,18.64,14.05,1.98,25.91,54.9,19.19,3.48,0.28,0.45,0.14,0.04,4.39,1237677.647,307257.911,167793.082,13060.572,1735.021,890.0,390.0,21.059907,2.573988,0.766994,0.179764,1368.0,74.09,1728.804233,182.978675,1545.8255580000002,24.580653
63.39,480.08,23.37,15.01,2.34,28.19,55.14,16.67,1.97,0.18,0.22,0.06,0.02,2.45,955190.981,236175.812,146311.064,9985.704,1524.159,890.0,390.0,16.89777,2.065283,0.594255,0.139278,1267.8,71.81,1350.46772,158.21092700000003,1192.256793,19.696586000000003
26.28,350.0,13.69,23.63,3.16,31.5,49.59,18.91,0.61,0.06,0.04,0.0,0.01,0.72,466679.077,113251.599,109161.623,4668.251,1159.51,890.0,390.0,9.700073,1.185565,0.295533,0.069266,525.6,68.5,696.20006,115.379384,580.8206759999999,11.250437000000002
19.25,384.88,16.41,26.02,3.94,25.62,55.8,18.58,1.22,0.07,0.1,0.01,0.02,1.41,597669.969,146212.827,119122.974,6094.087,1257.288,890.0,390.0,11.630082,1.421455,0.375633,0.088039,385.0,74.38,871.6371450000001,126.864349,744.7727960000001,13.515209
27.27,393.53,17.2,18.0,4.39,32.79,50.46,16.75,1.38,0.06,0.12,0.01,0.02,1.59,630154.809,154386.985,121593.32,6447.684,1281.536,890.0,390.0,12.108711,1.479954,0.395497,0.092695,545.4,67.21000000000001,915.144334,129.71254000000002,785.431794,14.076857
59.85,571.9,33.8,11.35,4.37,24.01,55.21,20.79,4.31,0.27,0.62,0.09,0.04,5.33,1300018.496,322944.734,172533.862,13739.152,1781.555,890.0,390.0,21.978432,2.686253,0.805115,0.188699,1197.0,76.0,1812.297799,188.444569,1623.85323,25.658499000000003
53.85,490.2,22.88,16.29,2.03,18.21,59.23,22.56,2.2,0.14,0.31,0.06,0.03,2.73,993196.366,245739.104,149201.226,10399.392,1552.528,890.0,390.0,17.457738,2.133724,0.617495,0.144725,1077.0,81.78999999999999,1401.368616,161.54314599999998,1239.82547,20.353682000000003
37.04,450.54,17.66,22.85,2.67,23.15,54.78,22.07,1.82,0.1,0.19,0.05,0.02,2.18,844254.314,208260.827,137874.759,8778.158,1441.35,890.0,390.0,15.263237,1.865507,0.526418,0.123379,740.8,76.85,1201.8894080000002,148.484267,1053.405141,17.778541
59.15,559.17,16.2,11.46,2.65,22.38,58.9,18.71,4.13,0.29,0.46,0.13,0.04,5.05,1252211.327,310915.019,168898.312,13218.771,1745.869,890.0,390.0,21.274045,2.600161,0.775881,0.181847,1183.0,77.61,1748.2692979999997,184.252952,1564.016346,24.831934
28.18,350.0,11.54,27.56,3.32,31.83,50.31,17.86,0.9,0.03,0.1,0.0,0.0,1.04,466679.077,113251.599,109161.623,4668.251,1159.51,890.0,390.0,9.700073,1.185565,0.295533,0.069266,563.6,68.17,696.20006,115.379384,580.8206759999999,11.250437000000002
26.2,405.51,10.89,28.27,3.89,20.69,58.0,21.31,0.73,0.08,0.13,0.02,0.01,0.97,675145.373,165707.957,125014.678,6937.407,1315.119,890.0,390.0,12.771599,1.560974,0.423008,0.099143,524.0,79.31,975.400534,133.657204,841.7433300000001,14.854724
36.27,383.43,19.4,18.74,1.16,30.88,52.62,16.49,0.97,0.09,0.21,0.02,0.02,1.32,592224.533,144842.593,118708.869,6034.813,1253.223,890.0,390.0,11.54985,1.411649,0.372303,0.087259,725.4000000000001,69.11,864.3440310000001,126.386905,737.957126,13.421061
73.19,568.84,31.65,10.37,1.96,25.93,56.67,17.4,3.36,0.28,0.63,0.14,0.04,4.46,1288526.749,320053.066,171659.959,13614.064,1772.977,890.0,390.0,21.809113,2.665558,0.798088,0.187052,1463.8,74.07,1796.906815,187.43700000000004,1609.469815,25.459811
40.04,359.19,13.63,10.66,4.37,30.45,52.53,17.03,0.53,0.06,0.04,0.0,0.0,0.64,501191.872,121936.051,111786.188,5043.922,1185.272,890.0,390.0,10.208581,1.247716,0.316637,0.074212,800.8,69.56,742.4233049999999,118.405382,624.017923,11.847146
27.32,380.67,13.44,16.12,2.5,31.65,51.39,16.96,1.0,0.04,0.11,0.02,0.01,1.17,581859.428,142234.422,117920.643,5921.989,1245.486,890.0,390.0,11.397131,1.392983,0.365965,0.085773,546.4,68.35,850.461968,125.478118,724.98385,13.241851999999998
48.21,434.21,19.24,17.13,1.77,32.01,52.47,15.52,2.0,0.11,0.08,0.02,0.02,2.22,782927.443,192829.151,133211.088,8110.615,1395.573,890.0,390.0,14.359652,1.755069,0.488917,0.11459,964.2,67.99,1119.75387,143.10727599999998,976.646594,16.718228
47.27,513.88,22.78,16.4,2.0,22.75,58.55,18.7,2.51,0.16,0.34,0.09,0.02,3.12,1082125.963,268116.452,155963.978,11367.391,1618.909,890.0,390.0,18.76802,2.293869,0.671875,0.157471,945.4,77.25,1520.4726930000002,169.340278,1351.132415,21.891235
58.67,514.38,25.84,19.93,1.22,19.01,61.24,19.75,3.47,0.25,0.36,0.14,0.04,4.27,1084003.699,268588.947,156106.772,11387.83,1620.311,890.0,390.0,18.795686,2.297251,0.673023,0.15774,1173.4,80.99000000000001,1522.987559,169.50491299999996,1353.482646,21.9237
44.73,425.05,21.65,25.02,2.92,25.44,57.93,16.63,1.05,0.1,0.15,0.02,0.01,1.35,748527.312,184173.049,130595.091,7736.169,1369.895,890.0,390.0,13.852803,1.693121,0.467881,0.10966,894.5999999999999,74.56,1073.681516,140.091155,933.590361,16.123465
61.16,500.28,25.76,12.8,3.34,22.17,57.02,20.81,2.07,0.15,0.27,0.06,0.02,2.58,1031051.532,255264.597,152079.965,10811.446,1580.785,890.0,390.0,18.015493,2.201894,0.640643,0.150151,1223.1999999999998,77.83,1452.068325,164.86219599999998,1287.206129,21.008181
52.67,462.27,27.21,7.63,1.56,20.12,58.07,21.81,2.02,0.17,0.25,0.09,0.03,2.55,888306.011,219345.552,141224.72,9257.661,1474.233,890.0,390.0,15.912292,1.944836,0.553355,0.129693,1053.4,79.88,1260.888177,152.346614,1108.541563,18.540176
39.84,462.13,19.68,15.46,1.91,30.59,52.21,17.2,1.73,0.15,0.22,0.06,0.03,2.2,887780.244,219213.254,141184.738,9251.938,1473.84,890.0,390.0,15.904545,1.943889,0.553033,0.129617,796.8000000000001,69.41,1260.1840140000002,152.30051600000002,1107.883498,18.531084
19.44,426.25,12.63,24.06,3.13,31.15,52.67,16.18,1.38,0.06,0.2,0.03,0.01,1.69,753033.88,185307.036,130937.798,7785.223,1373.259,890.0,390.0,13.919202,1.701236,0.470637,0.110306,388.8,68.85,1079.717196,140.48628,939.230916,16.201381
35.14,438.36,20.29,16.52,2.81,23.95,57.12,18.93,1.63,0.12,0.24,0.06,0.02,2.08,798512.655,196750.857,134396.283,8280.26,1407.206,890.0,390.0,14.589283,1.783135,0.498447,0.116824,702.8,76.05,1140.627261,144.473749,996.153512,16.987689
39.98,421.56,22.68,26.43,0.55,27.51,52.93,19.55,1.48,0.1,0.19,0.02,0.02,1.82,735420.712,180875.036,129598.385,7593.504,1360.112,890.0,390.0,13.659691,1.669518,0.459866,0.107781,799.5999999999999,72.48,1056.127749,138.94200099999998,917.185748,15.896856
79.32,567.08,22.4,9.52,1.88,16.47,61.92,21.62,4.12,0.26,0.41,0.13,0.05,4.96,1281917.117,318389.885,171157.322,13542.118,1768.043,890.0,390.0,21.711728,2.653655,0.794046,0.186104,1586.4,83.54,1788.054485,186.857483,1601.197002,25.345533000000003
53.08,440.67,22.64,18.32,1.3,29.76,53.11,17.13,1.74,0.11,0.26,0.03,0.02,2.17,807187.798,198933.782,135055.994,8374.689,1413.682,890.0,390.0,14.717102,1.798757,0.503752,0.118067,1061.6,70.24,1152.245945,145.23436500000005,1007.01158,17.137677999999998
63.35,540.53,25.3,9.47,2.32,24.94,55.64,19.42,3.24,0.23,0.5,0.16,0.04,4.16,1182209.313,293300.418,163574.929,12456.799,1693.617,890.0,390.0,20.24264,2.4741,0.733075,0.171814,1267.0,75.06,1654.5150760000004,178.115345,1476.3997310000002,23.621629
47.41,477.0,24.68,15.4,0.5,22.7,59.53,17.76,2.49,0.21,0.31,0.1,0.03,3.14,943624.125,233265.245,145431.449,9859.798,1515.525,890.0,390.0,16.727344,2.044453,0.587182,0.137621,948.2,77.29,1334.976142,157.196772,1177.7793700000002,19.4966
58.98,480.57,28.19,11.37,2.4,26.8,54.95,18.26,2.67,0.18,0.33,0.08,0.03,3.29,957031.163,236638.857,146451.002,10005.734,1525.532,890.0,390.0,16.924883,2.068597,0.59538,0.139542,1179.6,73.21000000000001,1352.932288,158.37226800000002,1194.56002,19.728402
27.04,419.33,14.65,16.7,3.51,31.0,50.71,18.29,1.09,0.09,0.11,0.02,0.02,1.32,727046.008,178767.71,128961.521,7502.345,1353.86,890.0,390.0,13.536299,1.654437,0.454745,0.106581,540.8,69.0,1044.9114439999998,138.20772599999998,906.703718,15.752062
22.09,355.67,15.77,24.83,2.95,26.96,55.45,17.59,0.64,0.05,0.13,0.01,0.01,0.84,487972.608,118609.689,110780.914,4900.031,1175.404,890.0,390.0,10.01381,1.223911,0.308553,0.072317,441.8,73.04,724.7186459999999,117.246349,607.472297,11.618591
59.09,486.17,24.49,10.24,3.13,34.24,50.78,14.98,2.58,0.12,0.21,0.07,0.02,3.0,978061.811,241930.797,148050.302,10234.653,1541.231,890.0,390.0,17.234747,2.106469,0.60824,0.142556,1181.8000000000002,65.76,1381.0987939999998,160.216186,1220.882608,20.092012
39.69,431.99,20.68,17.29,2.23,34.61,51.39,13.99,1.56,0.1,0.2,0.05,0.01,1.93,774590.294,190731.275,132577.08,8019.865,1389.35,890.0,390.0,14.236813,1.740055,0.483818,0.113395,793.8,65.38,1108.587864,142.37629499999997,966.211569,16.574081
51.58,531.46,21.05,16.11,1.46,25.51,55.1,19.39,2.58,0.19,0.36,0.08,0.03,3.24,1148147.175,284729.365,160984.636,12086.032,1668.191,890.0,390.0,19.740771,2.412761,0.712246,0.166933,1031.6,74.49000000000001,1608.895399,175.128859,1433.76654,23.032711
60.89,503.97,28.5,16.15,2.34,28.22,52.46,19.32,3.38,0.21,0.4,0.11,0.03,4.14,1044909.227,258751.608,153133.789,10962.287,1591.129,890.0,390.0,18.219671,2.226849,0.649117,0.152137,1217.8,71.78,1470.6280399999998,166.077205,1304.550835,21.247774000000003
57.2,533.74,28.23,14.43,2.55,27.74,54.96,17.31,2.27,0.15,0.42,0.1,0.02,2.96,1156709.653,286883.94,161635.779,12179.235,1674.582,890.0,390.0,19.86693,2.42818,0.717482,0.16816,1144.0,72.27,1620.363189,175.87959600000002,1444.483593,23.180752
31.1,362.64,21.25,21.65,3.66,31.6,54.49,13.91,0.53,0.07,0.05,0.01,0.01,0.66,514148.253,125196.264,112771.47,5184.953,1194.943,890.0,390.0,10.39948,1.271048,0.32456,0.076069,622.0,68.4,759.7758829999999,119.541366,640.234517,12.071157
31.51,407.83,14.13,17.95,2.89,31.81,51.85,16.34,1.64,0.09,0.12,0.03,0.0,1.88,683858.07,167900.333,125677.245,7032.244,1321.623,890.0,390.0,12.899971,1.576664,0.428336,0.100391,630.2,68.19,987.069515,134.421112,852.6484029999999,15.005362000000002
57.67,504.46,25.31,11.86,2.38,25.74,55.68,18.58,3.33,0.22,0.36,0.09,0.02,4.03,1046749.409,259214.652,153273.728,10982.317,1592.503,890.0,390.0,18.246785,2.230163,0.650242,0.152401,1153.4,74.25999999999999,1473.092609,166.238548,1306.854061,21.279591
63.64,504.81,41.42,14.09,2.78,27.53,57.04,15.43,2.76,0.21,0.3,0.05,0.04,3.36,1048063.824,259545.399,153373.684,10996.625,1593.484,890.0,390.0,18.266151,2.23253,0.651046,0.152589,1272.8,72.47,1474.853016,166.353793,1308.499223,21.302316
53.87,560.19,27.75,6.46,1.74,28.98,55.12,15.9,3.72,0.27,0.44,0.16,0.04,4.63,1256041.909,311878.908,169189.613,13260.467,1748.729,890.0,390.0,21.330484,2.607059,0.778223,0.182396,1077.4,71.02,1753.399626,184.588809,1568.810817,24.898162
62.08,458.6,18.57,10.96,2.32,27.34,53.82,18.84,1.68,0.11,0.24,0.06,0.02,2.11,874523.425,215877.441,140176.608,9107.637,1463.945,890.0,390.0,15.70922,1.920016,0.544927,0.127717,1241.6,72.66,1242.4290560000002,151.13819,1091.2908659999998,18.30188
76.34,503.1,28.23,10.86,1.73,31.81,50.44,17.74,2.92,0.22,0.38,0.16,0.04,3.71,1041641.966,257929.467,152885.326,10926.723,1588.69,890.0,390.0,18.171532,2.220965,0.647119,0.151669,1526.8000000000002,68.17999999999999,1466.252172,165.790739,1300.461433,21.191285
53.63,406.44,28.27,16.35,3.73,31.16,52.19,16.64,1.72,0.07,0.18,0.03,0.02,2.02,678637.963,166586.797,125280.276,6975.423,1317.726,890.0,390.0,12.823059,1.567263,0.425144,0.099643,1072.6,68.83,980.078185,133.963425,846.11476,14.915109
22.41,426.37,9.53,28.19,2.57,26.7,55.13,18.18,1.23,0.08,0.19,0.02,0.01,1.54,753484.536,185420.435,130972.069,7790.129,1373.595,890.0,390.0,13.925842,1.702048,0.470912,0.11037,448.2,73.31,1080.3207639999998,140.525793,939.794971,16.209172
39.99,404.07,12.19,25.66,0.97,31.84,50.48,17.68,1.31,0.14,0.2,0.0,0.01,1.67,669737.492,164347.173,124603.43,6878.542,1311.082,890.0,390.0,12.69192,1.551235,0.419702,0.098368,799.8000000000001,68.16,968.157719,133.18305399999997,834.9746650000001,14.761225
37.35,412.44,26.61,21.44,1.93,18.87,62.18,18.94,1.46,0.1,0.25,0.06,0.01,1.88,701170.8,172256.733,126993.811,7220.693,1334.546,890.0,390.0,13.155056,1.60784,0.438923,0.102873,747.0,81.12,1010.256583,135.93905,874.317533,15.304692
48.06,433.09,17.61,18.43,1.11,25.79,55.27,18.93,1.27,0.14,0.15,0.04,0.02,1.63,778721.314,191770.763,132891.228,8064.831,1392.433,890.0,390.0,14.297679,1.747494,0.486345,0.113987,961.2,74.2,1114.1205690000002,142.738492,971.382077,16.645505000000004
32.23,394.7,19.59,18.27,3.2,33.42,50.84,15.74,0.63,0.07,0.06,0.04,0.01,0.81,634548.712,155492.622,121927.459,6495.512,1284.816,890.0,390.0,12.173451,1.487867,0.398184,0.093324,644.5999999999999,66.58,921.029121,130.097787,790.931334,14.152826
60.07,454.19,22.04,14.54,0.72,18.21,60.77,21.02,2.43,0.19,0.2,0.1,0.03,2.95,857961.79,211710.038,138917.16,8927.364,1451.582,890.0,390.0,15.465202,1.890192,0.5348,0.125344,1201.4,81.79,1220.247934,149.686106,1070.561828,18.015538
60.01,494.43,24.44,12.1,1.1,23.45,59.83,16.72,2.24,0.17,0.39,0.07,0.04,2.92,1009082.016,249736.409,150409.268,10572.308,1564.386,890.0,390.0,17.691796,2.162331,0.627209,0.147002,1200.2,76.55,1422.6443869999998,162.935962,1259.708425,20.628338
64.75,508.97,26.4,3.0,1.71,27.88,55.63,16.49,3.36,0.23,0.39,0.09,0.04,4.12,1063686.591,263476.554,154561.735,11166.679,1605.145,890.0,390.0,18.496336,2.260663,0.660599,0.154828,1295.0,72.12,1495.776704,167.72355899999997,1328.053145,21.572426
33.31,371.48,18.51,15.15,3.55,30.97,56.23,12.79,1.13,0.06,0.11,0.02,0.01,1.33,547346.633,133549.97,115296.079,5546.317,1219.724,890.0,390.0,10.888622,1.330832,0.34486,0.080827,666.2,69.02,804.2387230000002,122.45212,681.786603,12.645141
61.51,456.72,22.51,16.37,2.43,31.94,50.37,17.68,1.71,0.16,0.18,0.04,0.03,2.11,867463.136,214100.861,139639.7,9030.786,1458.674,890.0,390.0,15.605194,1.907302,0.54061,0.126705,1230.2,68.05,1232.973157,150.51916,1082.453997,18.179811
44.13,486.1,12.44,13.61,2.03,25.34,56.66,18.0,2.51,0.19,0.3,0.06,0.02,3.08,977798.928,241864.648,148030.31,10231.791,1541.035,890.0,390.0,17.230873,2.105996,0.608079,0.142519,882.6,74.66,1380.746712,160.193136,1220.5535759999998,20.087467
54.63,486.7,32.01,18.69,2.53,33.25,51.65,15.1,3.02,0.22,0.29,0.04,0.03,3.6,980052.211,242431.642,148201.664,10256.318,1542.717,890.0,390.0,17.264073,2.110053,0.609457,0.142842,1092.6,66.75,1383.764552,160.39069899999998,1223.373853,20.126425
71.81,532.1,17.45,13.23,2.52,24.9,56.82,18.27,2.58,0.19,0.34,0.1,0.03,3.25,1150550.678,285334.158,161167.413,12112.194,1669.985,890.0,390.0,19.776184,2.417089,0.713716,0.167277,1436.2,75.09,1612.114428,175.33959199999998,1436.774836,23.074266
63.37,487.26,21.39,6.45,2.02,26.51,57.95,15.53,2.35,0.19,0.3,0.08,0.03,2.95,982155.276,242960.836,148361.594,10279.21,1544.286,890.0,390.0,17.295059,2.113841,0.610743,0.143143,1267.4,73.48,1386.581202,160.57509,1226.006112,20.162786
71.15,513.41,24.21,7.66,2.84,23.68,56.02,20.3,2.85,0.26,0.33,0.1,0.03,3.57,1080360.891,267672.307,155829.751,11348.178,1617.592,890.0,390.0,18.742014,2.29069,0.670795,0.157218,1423.0,76.32000000000001,1518.108719,169.185521,1348.9231980000002,21.860717
78.48,490.38,29.51,5.74,1.47,25.8,55.28,18.92,3.08,0.19,0.24,0.07,0.02,3.6,993872.351,245909.203,149252.632,10406.75,1553.033,890.0,390.0,17.467698,2.134941,0.617908,0.144822,1569.6,74.2,1402.273969,161.602415,1240.671554,20.365369
63.51,558.71,26.94,3.21,2.35,28.8,54.21,16.99,3.82,0.23,0.41,0.16,0.04,4.66,1250483.809,310480.324,168766.941,13199.967,1744.58,890.0,390.0,21.248592,2.59705,0.774825,0.181599,1270.2,71.2,1745.955621,184.101488,1561.8541329999998,24.802066
48.98,541.2,19.26,18.82,0.68,17.36,61.65,20.99,3.23,0.21,0.43,0.08,0.03,3.98,1184725.48,293933.561,163766.274,12484.187,1695.495,890.0,390.0,20.279713,2.478631,0.734614,0.172175,979.6,82.64,1657.884997,178.335956,1479.549041,23.665133
29.01,392.95,12.18,22.24,2.31,33.46,49.64,16.9,0.96,0.1,0.1,0.04,0.01,1.22,627976.635,153838.891,121427.678,6423.975,1279.91,890.0,390.0,12.076618,1.476032,0.394165,0.092382,580.2,66.53999999999999,912.227089,129.521563,782.7055260000001,14.039197
51.52,487.61,19.47,17.42,0.67,31.15,51.68,17.17,2.33,0.15,0.24,0.02,0.03,2.76,983469.692,243291.582,148461.55,10293.517,1545.267,890.0,390.0,17.314426,2.116208,0.611547,0.143331,1030.4,68.85,1388.341608,160.69033399999998,1227.651274,20.185512000000003
44.98,479.02,27.91,12.15,2.69,28.43,57.34,14.22,2.33,0.16,0.25,0.07,0.02,2.83,951210.18,235174.124,146008.339,9942.373,1521.187,890.0,390.0,16.839117,2.058114,0.59182,0.138708,899.5999999999999,71.56,1345.1362029999998,157.861899,1187.274304,19.627759
49.34,488.5,22.97,9.77,2.35,21.79,59.31,18.9,2.14,0.16,0.28,0.03,0.02,2.62,986812.063,244132.623,148715.724,10329.899,1547.762,890.0,390.0,17.363672,2.122227,0.613591,0.14381,986.8,78.21000000000001,1392.818071,160.98338499999997,1231.834686,20.2433
57.29,423.61,22.4,11.85,0.59,29.87,54.94,15.19,1.32,0.11,0.15,0.05,0.01,1.64,743119.431,182812.264,130183.843,7677.304,1365.858,890.0,390.0,13.773124,1.683382,0.464574,0.108885,1145.8,70.13,1066.4387,139.617005,926.821695,16.029965
55.69,462.87,21.86,18.61,3.33,29.56,52.13,18.32,2.37,0.16,0.33,0.05,0.02,2.93,890559.294,219912.546,141396.074,9282.188,1475.915,890.0,390.0,15.945491,1.948894,0.554733,0.130016,1113.8,70.45,1263.9060170000002,152.544177,1111.36184,18.579134
35.93,397.99,13.55,20.32,4.78,30.34,53.06,16.59,0.93,0.07,0.06,0.03,0.03,1.12,646904.218,158601.637,122867.048,6630.002,1294.038,890.0,390.0,12.355496,1.510117,0.405739,0.095095,718.6,69.65,937.5769429999998,131.181088,806.395855,14.366447
54.79,535.51,23.18,12.36,2.44,29.14,52.83,18.03,2.26,0.14,0.37,0.11,0.03,2.91,1163356.84,288556.571,162141.272,12251.589,1679.544,890.0,390.0,19.96487,2.440151,0.721547,0.169113,1095.8,70.86,1629.265816,176.462405,1452.803411,23.295681
67.33,543.57,22.01,6.19,1.27,24.53,54.51,20.97,3.36,0.23,0.5,0.14,0.03,4.26,1193625.951,296173.186,164443.121,12581.069,1702.138,890.0,390.0,20.410852,2.49466,0.740056,0.173451,1346.6,75.47999999999999,1669.805465,179.116328,1490.6891369999998,23.819019
46.94,457.28,18.25,16.26,3.51,28.19,51.85,19.96,2.01,0.11,0.23,0.04,0.02,2.42,869566.201,214630.055,139799.63,9053.678,1460.244,890.0,390.0,15.636181,1.911089,0.541896,0.127007,938.8,71.81,1235.789808,150.70355200000003,1085.086256,18.216173
65.44,488.71,23.22,8.8,1.88,31.36,51.71,16.93,2.17,0.22,0.36,0.06,0.03,2.83,987600.712,244331.07,148775.698,10338.484,1548.351,890.0,390.0,17.375292,2.123647,0.614073,0.143923,1308.8,68.64,1393.8743150000005,161.05253299999998,1232.8217820000002,20.256935
53.13,456.11,30.85,17.46,1.1,26.3,55.41,18.3,2.17,0.21,0.28,0.07,0.03,2.75,865172.298,213524.418,139465.491,9005.85,1456.964,890.0,390.0,15.571441,1.903176,0.539209,0.126377,1062.6,73.71,1229.905021,150.318305,1079.586716,18.140203
68.72,464.28,24.74,16.35,3.29,28.55,54.76,16.69,2.82,0.15,0.35,0.03,0.04,3.39,895854.511,221244.981,141798.754,9339.826,1479.867,890.0,390.0,16.023511,1.958429,0.557971,0.130774,1374.4,71.45,1270.997939,153.008447,1117.9894920000002,18.670684999999995
38.4,418.76,22.37,9.24,4.19,30.97,52.95,16.08,1.04,0.09,0.17,0.04,0.02,1.35,724905.388,178229.066,128798.735,7479.044,1352.262,890.0,390.0,13.504759,1.650582,0.453436,0.106274,768.0,69.03,1042.044495,138.020041,904.024454,15.715051
24.17,413.63,12.19,23.71,3.35,31.45,48.47,20.08,0.9,0.09,0.13,0.01,0.01,1.13,705639.813,173381.271,127333.663,7269.339,1337.882,890.0,390.0,13.220902,1.615888,0.441656,0.103513,483.4,68.55,1016.241968,136.33088400000003,879.9110840000001,15.381959
60.23,520.33,26.38,22.36,2.83,18.61,61.08,20.31,3.16,0.21,0.33,0.11,0.03,3.84,1106348.762,274211.633,157806.028,11631.056,1636.99,890.0,390.0,19.124917,2.33749,0.686687,0.160942,1204.6,81.39,1552.914469,171.46407399999998,1381.450395,22.310036
71.23,557.93,23.4,20.89,0.84,25.06,54.58,20.35,3.61,0.25,0.51,0.15,0.04,4.56,1247554.54,309743.232,168544.181,13168.082,1742.393,890.0,390.0,21.205432,2.591775,0.773033,0.18118,1424.6,74.93,1742.032428,183.844656,1558.1877720000002,24.751420000000003
31.83,400.24,8.79,25.17,2.66,29.61,51.61,18.78,1.21,0.05,0.11,0.03,0.01,1.41,655354.031,160727.863,123509.623,6721.978,1300.346,890.0,390.0,12.479995,1.525333,0.410906,0.096306,636.5999999999999,70.39,948.893841,131.92194700000002,816.971894,14.51254
60.11,481.82,29.65,9.4,1.72,23.14,58.05,18.81,3.05,0.19,0.32,0.08,0.04,3.67,961725.504,237820.094,146807.989,10056.832,1529.037,890.0,390.0,16.994049,2.07705,0.598251,0.140215,1202.2,76.86,1359.219456,158.783858,1200.435598,19.809565000000003
23.04,397.82,23.65,21.97,3.89,35.57,49.16,15.27,1.43,0.04,0.1,0.04,0.01,1.62,646265.787,158440.989,122818.498,6623.052,1293.562,890.0,390.0,12.346089,1.508967,0.405349,0.095004,460.8,64.42999999999999,936.721888,131.12511200000003,805.5967760000001,14.355408999999998
20.4,389.34,14.09,22.94,4.47,26.0,57.23,16.77,1.07,0.06,0.08,0.0,0.01,1.21,614419.378,150427.48,120396.701,6276.404,1269.79,890.0,390.0,11.876867,1.451617,0.385875,0.090439,408.0,74.0,894.069753,128.33289499999998,765.736858,13.804798000000002
23.95,391.99,14.83,16.43,3.98,26.26,57.26,16.48,1.28,0.07,0.16,0.04,0.01,1.57,624371.381,152931.701,121153.513,6384.732,1277.219,890.0,390.0,12.023499,1.469539,0.39196,0.091866,479.0,73.74,907.398546,129.205464,778.193082,13.976863999999996
36.1,425.91,12.3,23.48,0.5,26.8,53.02,20.17,1.36,0.13,0.21,0.04,0.02,1.76,751757.019,184985.74,130840.698,7771.325,1372.306,890.0,390.0,13.900389,1.698937,0.469856,0.110123,722.0,73.19,1078.007088,140.37432900000002,937.632759,16.179305000000003
18.39,386.75,13.21,25.26,3.07,32.26,51.02,16.72,0.56,0.07,0.11,0.01,0.01,0.75,604692.703,147979.957,119657.025,6170.529,1262.53,890.0,390.0,11.733555,1.434102,0.379927,0.089045,367.8,67.74000000000001,881.042744,127.480084,753.5626599999999,13.636629
33.2,465.1,18.57,16.16,3.61,27.72,53.42,18.86,1.76,0.09,0.21,0.03,0.02,2.12,898933.999,222019.872,142032.938,9373.346,1482.166,890.0,390.0,16.068884,1.963975,0.559854,0.131216,664.0,72.28,1275.122321,153.27845,1121.843871,18.723929
44.84,507.6,21.13,14.57,3.93,23.33,58.31,18.36,2.78,0.14,0.26,0.07,0.03,3.29,1058541.593,262181.919,154170.478,11110.675,1601.305,890.0,390.0,18.42053,2.251398,0.657453,0.154091,896.8000000000001,76.67,1488.8859700000005,167.27245799999997,1321.613512,21.483472000000003
38.56,374.04,12.77,21.84,1.7,26.36,55.0,18.64,0.75,0.04,0.13,0.0,0.01,0.93,556960.644,135969.143,116027.187,5650.966,1226.9,890.0,390.0,11.030274,1.348145,0.350739,0.082205,771.2,73.64,817.1148400000001,123.295053,693.819787,12.811363000000002
47.93,490.82,18.08,18.66,2.76,21.02,57.92,21.05,2.24,0.18,0.24,0.07,0.02,2.75,995524.76,246324.998,149378.291,10424.737,1554.266,890.0,390.0,17.492044,2.137917,0.618919,0.145059,958.6,78.97,1404.487052,161.74729399999998,1242.739758,20.393939
37.53,350.0,15.81,27.0,3.32,33.16,47.26,19.57,0.59,0.05,0.06,0.0,0.01,0.71,466679.077,113251.599,109161.623,4668.251,1159.51,890.0,390.0,9.700073,1.185565,0.295533,0.069266,750.6,66.83,696.20006,115.379384,580.8206759999999,11.250437000000002
48.98,476.09,18.7,13.77,2.24,27.15,51.72,21.13,2.37,0.14,0.25,0.05,0.02,2.84,940206.645,232405.305,145171.563,9822.599,1512.974,890.0,390.0,16.676992,2.038299,0.585092,0.137131,979.6,72.85,1330.399086,156.89713599999996,1173.50195,19.437514
49.21,372.06,21.56,13.31,3.24,29.65,53.66,16.69,0.65,0.06,0.05,0.01,0.01,0.78,549524.807,134098.064,115461.72,5570.026,1221.35,890.0,390.0,10.920715,1.334755,0.346192,0.081139,984.2,70.35,807.1559669999999,122.643096,684.512871,12.682801
31.66,354.07,16.37,19.69,2.44,36.05,47.06,16.89,0.33,0.02,0.05,0.01,0.01,0.42,481963.851,117097.706,110323.971,4834.625,1170.919,890.0,390.0,9.925277,1.21309,0.304879,0.071456,633.2,63.95,716.6710720000001,116.719515,599.951557,11.514701999999998
62.32,463.33,19.53,20.69,1.46,28.39,54.09,17.52,2.6,0.17,0.41,0.08,0.02,3.27,892286.812,220347.241,141527.445,9300.992,1477.204,890.0,390.0,15.970944,1.952004,0.555789,0.130263,1246.4,71.61,1266.219694,152.695641,1113.524053,18.609
46.55,379.7,22.15,20.41,2.16,26.37,54.1,19.53,0.7,0.07,0.09,0.0,0.01,0.88,578216.62,141317.782,117643.622,5882.337,1242.767,890.0,390.0,11.343458,1.386423,0.363737,0.085251,931.0,73.63,845.583128,125.15872600000002,720.424402,13.178869
69.25,536.02,27.72,11.18,3.69,25.4,55.29,19.31,3.77,0.25,0.44,0.14,0.03,4.62,1165272.131,289038.516,162286.922,12272.437,1680.974,890.0,390.0,19.993089,2.4436,0.722718,0.169387,1385.0,74.6,1631.83098,176.63033299999998,1455.200647,23.328794
71.11,560.49,27.84,11.2,2.97,24.42,54.05,21.52,4.47,0.22,0.44,0.14,0.05,5.31,1257168.551,312162.405,169275.289,13272.73,1749.57,890.0,390.0,21.347084,2.609088,0.778912,0.182558,1422.2,75.57,1754.9085450000002,184.687589,1570.220956,24.917642
69.18,430.55,21.18,12.61,2.6,23.21,55.71,21.08,0.98,0.12,0.17,0.03,0.02,1.31,769182.413,189370.49,132165.831,7961.0,1385.313,890.0,390.0,14.157134,1.730317,0.480512,0.11262,1383.6,76.78999999999999,1101.345047,141.902144,959.442903,16.480583
60.35,480.97,19.94,5.95,2.81,28.95,50.78,20.27,2.25,0.13,0.26,0.05,0.03,2.72,958533.352,237016.853,146565.238,10022.085,1526.654,890.0,390.0,16.947016,2.071302,0.596299,0.139757,1207.0,71.05,1354.944182,158.50397700000002,1196.440205,19.754374
25.97,415.32,14.68,21.33,3.54,26.33,56.08,17.58,1.11,0.08,0.17,0.03,0.01,1.4,711986.562,174978.303,127816.308,7338.423,1342.619,890.0,390.0,13.314414,1.627318,0.445537,0.104423,519.4,73.66,1024.7422149999998,136.88735,887.854865,15.491692
56.41,545.75,34.97,12.75,2.59,24.25,54.63,21.13,4.03,0.21,0.44,0.13,0.04,4.86,1201812.882,298233.262,165065.705,12670.184,1708.25,890.0,390.0,20.531478,2.509403,0.745063,0.174624,1128.1999999999998,75.76,1680.7702829999998,179.834139,1500.9361439999998,23.960568
52.46,457.98,22.95,15.49,2.76,32.86,51.11,16.03,2.74,0.11,0.32,0.06,0.03,3.26,872195.032,215291.548,139999.543,9082.293,1462.207,890.0,390.0,15.674914,1.915823,0.543503,0.127384,1049.2,67.14,1239.310623,150.934043,1088.37658,18.261624
27.19,386.8,17.33,12.3,2.92,28.49,57.33,14.18,0.77,0.05,0.13,0.0,0.01,0.96,604880.477,148027.207,119671.305,6172.573,1262.67,890.0,390.0,11.736321,1.43444,0.380042,0.089072,543.8000000000001,71.50999999999999,881.2942319999999,127.496548,753.7976839999999,13.639875
55.66,550.73,22.38,17.34,2.83,20.94,55.84,23.22,3.47,0.24,0.53,0.16,0.03,4.43,1220515.136,302939.309,166487.939,12873.758,1722.21,890.0,390.0,20.807035,2.543082,0.756499,0.177304,1113.1999999999998,79.06,1705.8183519999998,181.473907,1524.3444449999995,24.28392
32.72,477.05,18.36,16.59,0.84,21.27,60.16,18.57,2.24,0.13,0.28,0.07,0.02,2.74,943811.899,233312.495,145445.728,9861.842,1515.665,890.0,390.0,16.730111,2.044791,0.587296,0.137648,654.4,78.72999999999999,1335.227629,157.21323500000003,1178.0143939999998,19.499846
50.51,484.47,17.99,18.26,1.73,29.33,52.13,18.54,2.18,0.18,0.25,0.05,0.03,2.68,971677.507,240324.316,147564.8,10165.16,1536.465,890.0,390.0,17.140681,2.094972,0.604336,0.141641,1010.2,70.67,1372.5482479999998,159.65642499999998,1212.891823,19.98163
51.22,475.92,23.62,16.95,2.46,24.49,57.99,17.51,2.12,0.14,0.23,0.08,0.02,2.6,939568.214,232244.657,145123.013,9815.65,1512.497,890.0,390.0,16.667585,2.037149,0.584701,0.137039,1024.4,75.5,1329.544031,156.84116,1172.702871,19.426474
21.78,385.25,17.32,16.02,3.77,35.35,47.95,16.7,1.25,0.1,0.16,0.02,0.01,1.53,599059.494,146562.473,119228.642,6109.212,1258.325,890.0,390.0,11.650555,1.423957,0.376482,0.088238,435.6,64.65,873.4981459999999,126.986179,746.5119669999999,13.539232
45.24,504.3,23.52,15.53,1.06,25.77,52.97,21.26,3.36,0.23,0.42,0.08,0.03,4.11,1046148.533,259063.454,153228.033,10975.777,1592.054,890.0,390.0,18.237931,2.22908,0.649875,0.152314,904.8,74.23,1472.287851,166.185864,1306.101987,21.2692
35.73,443.42,14.33,31.31,1.97,19.35,55.51,25.14,1.7,0.07,0.17,0.03,0.02,1.99,817515.348,201532.503,135841.364,8487.104,1421.391,890.0,390.0,14.869267,1.817355,0.510067,0.119547,714.5999999999999,80.65,1166.0777100000005,146.139859,1019.937851,17.316236
25.22,382.74,21.91,22.72,3.88,32.22,52.06,15.72,0.88,0.07,0.12,0.02,0.01,1.1,589633.257,144190.55,118511.813,6006.607,1251.289,890.0,390.0,11.51167,1.406982,0.370718,0.086887,504.4,67.78,860.873516,126.159709,734.713807,13.376257
51.9,380.7,18.46,17.77,1.68,35.84,48.7,15.46,1.19,0.08,0.14,0.01,0.01,1.43,581972.093,142262.772,117929.211,5923.215,1245.57,890.0,390.0,11.398791,1.393186,0.366034,0.085789,1038.0,64.16,850.612861,125.487996,725.124865,13.2438
61.73,504.1,31.03,17.57,1.76,26.83,55.93,17.24,3.16,0.21,0.46,0.1,0.02,3.95,1045397.439,258874.456,153170.916,10967.601,1591.493,890.0,390.0,18.226865,2.227728,0.649415,0.152207,1234.6,73.17,1471.281905,166.12000999999998,1305.161895,21.256215
33.97,364.88,16.15,21.66,0.68,23.61,56.67,19.72,0.63,0.05,0.1,0.01,0.01,0.81,522560.513,127313.04,113411.19,5276.52,1201.222,890.0,390.0,10.523425,1.286197,0.329704,0.077274,679.4,76.39,771.0424849999999,120.278932,650.763553,12.216599999999998
45.17,479.23,23.75,7.12,3.0,23.05,58.42,18.54,2.07,0.16,0.29,0.06,0.02,2.58,951998.83,235372.571,146068.313,9950.957,1521.776,890.0,390.0,16.850737,2.059535,0.592303,0.138821,903.4,76.96000000000001,1346.192447,157.931046,1188.261401,19.641396
48.85,544.39,26.47,12.13,3.95,23.84,55.57,20.59,2.97,0.22,0.33,0.11,0.03,3.66,1196705.438,296948.077,164677.304,12614.589,1704.437,890.0,390.0,20.456225,2.500205,0.741939,0.173892,977.0,76.16,1673.929845,179.38633000000002,1494.543515,23.872261
65.94,491.82,24.79,8.26,2.37,25.82,57.83,16.35,2.84,0.19,0.35,0.09,0.02,3.48,999280.232,247269.987,149663.881,10465.615,1557.069,890.0,390.0,17.547377,2.144679,0.621215,0.145597,1318.8,74.18,1409.516784,162.07656499999996,1247.440219,20.458868
41.77,523.81,14.91,12.86,1.91,21.58,57.88,20.53,2.58,0.19,0.3,0.1,0.04,3.2,1119417.808,277500.196,158799.878,11773.313,1646.746,890.0,390.0,19.317475,2.361025,0.694678,0.162815,835.4000000000001,78.41,1570.4179410000002,172.609937,1397.808004,22.535993
59.37,432.41,19.05,11.81,0.5,25.44,56.25,18.31,1.35,0.09,0.22,0.03,0.02,1.7,776167.592,191128.171,132697.027,8037.034,1390.527,890.0,390.0,14.260053,1.742896,0.484783,0.113621,1187.4,74.56,1110.700351,142.51458799999995,968.185763,16.601353
28.04,409.77,9.05,23.3,3.12,24.66,54.38,20.96,1.17,0.08,0.12,0.01,0.01,1.4,691143.687,169733.612,126231.288,7111.548,1327.061,890.0,390.0,13.007317,1.589784,0.432791,0.101436,560.8,75.34,996.827196,135.059897,861.767299,15.131328
35.57,378.46,11.69,32.8,3.17,28.95,50.57,20.48,0.79,0.05,0.14,0.02,0.0,1.01,573559.833,140145.996,117289.491,5831.648,1239.291,890.0,390.0,11.274845,1.378037,0.360889,0.084584,711.4,71.05,839.346259,124.75043,714.595829,13.098354999999998
19.87,449.62,8.68,18.27,2.57,24.85,58.72,16.43,1.35,0.09,0.18,0.04,0.02,1.67,840799.279,207391.437,137612.017,8740.55,1438.771,890.0,390.0,15.212331,1.859285,0.524305,0.122884,397.4,75.15,1197.262054,148.18133799999998,1049.080716,17.718805000000003
62.61,491.85,22.13,13.86,1.47,27.16,54.45,18.4,2.93,0.22,0.37,0.06,0.03,3.61,999392.897,247298.337,149672.448,10466.842,1557.153,890.0,390.0,17.549037,2.144882,0.621284,0.145613,1252.2,72.85,1409.667677,162.086443,1247.581234,20.460816
36.12,486.85,16.9,17.78,2.11,27.42,56.58,16.0,2.44,0.15,0.22,0.08,0.02,2.9,980615.532,242573.39,148244.502,10262.45,1543.137,890.0,390.0,17.272373,2.111068,0.609802,0.142922,722.4,72.58,1384.519011,160.440089,1224.078922,20.136165
45.45,443.92,15.16,22.34,4.49,29.79,55.51,14.71,2.06,0.1,0.16,0.06,0.01,2.38,819393.084,202004.998,135984.159,8507.543,1422.793,890.0,390.0,14.896934,1.820737,0.511215,0.119816,909.0,70.22,1168.5925770000003,146.30449500000003,1022.288082,17.348702
46.52,455.34,21.21,14.2,0.5,27.72,55.66,16.62,2.24,0.18,0.39,0.08,0.02,2.91,862280.584,212796.776,139245.587,8974.374,1454.806,890.0,390.0,15.528835,1.897969,0.537441,0.125963,930.4,72.28,1226.0321270000004,150.06476700000002,1075.96736,18.090208
48.65,514.24,23.77,18.0,3.27,25.75,54.98,19.27,2.58,0.19,0.27,0.09,0.03,3.15,1083477.933,268456.648,156066.79,11382.107,1619.919,890.0,390.0,18.78794,2.296304,0.672701,0.157664,973.0,74.25,1522.2833970000002,169.45881599999998,1352.824581,21.914609
66.98,576.63,25.21,14.14,1.11,17.58,63.8,18.62,4.85,0.28,0.54,0.16,0.04,5.87,1317781.882,327414.533,173884.699,13932.506,1794.815,890.0,390.0,22.240156,2.718241,0.815977,0.191245,1339.6,82.42,1836.088435,190.00202,1646.086415,25.965619
21.46,396.59,13.17,15.9,3.86,30.34,51.04,18.63,1.09,0.1,0.08,0.02,0.01,1.29,641646.556,157278.652,122467.223,6572.772,1290.114,890.0,390.0,12.27803,1.500649,0.402524,0.094342,429.2000000000001,69.67,930.535317,130.720109,799.815208,14.275544999999996
24.68,374.96,14.91,17.42,3.94,28.59,58.75,12.66,1.15,0.07,0.09,0.02,0.01,1.33,560415.679,136838.533,116289.929,5688.574,1229.479,890.0,390.0,11.08118,1.354367,0.352852,0.0827,493.6,71.41,821.7421940000002,123.597982,698.144212,12.871099
16.28,380.04,21.09,23.82,3.51,27.4,51.79,20.81,1.03,0.05,0.04,0.02,0.02,1.16,579493.481,141639.079,117740.722,5896.236,1243.72,890.0,390.0,11.362271,1.388723,0.364518,0.085434,325.6,72.6,847.293238,125.270678,722.0225600000001,13.200946
18.52,368.02,13.51,19.51,3.07,23.92,59.86,16.21,1.23,0.08,0.1,0.03,0.01,1.45,534352.697,130280.307,114307.94,5404.878,1210.024,890.0,390.0,10.69717,1.307432,0.336915,0.078964,370.4,76.07,786.8358460000002,121.312842,665.5230040000001,12.420481
37.74,404.84,16.58,24.55,3.03,27.8,52.32,19.88,0.89,0.08,0.13,0.02,0.01,1.13,672629.206,165074.814,124823.334,6910.018,1313.241,890.0,390.0,12.734526,1.556442,0.42147,0.098782,754.8000000000001,72.2,972.030613,133.43659300000002,838.59402,14.81122
48.75,554.57,34.86,11.78,1.87,20.21,60.87,18.92,4.01,0.25,0.46,0.15,0.04,4.91,1234936.152,306568.068,167584.602,13030.73,1732.974,890.0,390.0,21.019514,2.569051,0.765317,0.179371,975.0,79.78999999999999,1725.132526,182.738306,1542.39422,24.533253
54.42,549.41,24.69,11.77,1.63,19.48,58.88,21.63,2.68,0.21,0.33,0.13,0.03,3.37,1215557.912,301691.923,166110.961,12819.798,1718.51,890.0,390.0,20.733996,2.534155,0.753468,0.176594,1088.4,80.51,1699.179104,181.039269,1518.139835,24.19821300000001
65.5,441.93,22.7,9.42,1.45,29.45,52.72,17.84,2.47,0.11,0.14,0.02,0.03,2.77,811919.693,200124.469,135415.836,8426.195,1417.214,890.0,390.0,14.786821,1.807278,0.506645,0.118745,1310.0,70.56,1158.583407,145.64924500000004,1012.934162,17.219489
16.64,350.0,14.88,21.8,3.77,30.94,51.31,17.75,0.75,0.01,0.09,0.0,0.01,0.86,466679.077,113251.599,109161.623,4668.251,1159.51,890.0,390.0,9.700073,1.185565,0.295533,0.069266,332.8,69.06,696.20006,115.379384,580.8206759999999,11.250437000000002
67.07,554.55,21.35,17.18,2.22,15.83,60.38,23.79,3.86,0.27,0.46,0.14,0.05,4.77,1234861.042,306549.168,167578.89,13029.913,1732.918,890.0,390.0,21.018407,2.568916,0.765271,0.17936,1341.4,84.17,1725.031931,182.731721,1542.30021,24.531954
50.38,538.47,20.2,16.56,2.67,23.69,58.37,17.94,3.82,0.24,0.49,0.12,0.05,4.71,1174473.039,291353.74,162986.616,12372.589,1687.842,890.0,390.0,20.128655,2.460169,0.728344,0.170706,1007.6,76.31,1644.153826,177.437047,1466.716779,23.487874
76.78,573.2,23.48,9.91,2.68,21.14,55.96,22.9,3.97,0.29,0.43,0.12,0.04,4.85,1304900.61,324173.22,172905.128,13792.294,1785.199,890.0,390.0,22.050365,2.695044,0.8081,0.189398,1535.6,78.86,1818.836451,188.872621,1629.96383,25.742907
44.1,493.39,21.78,16.52,0.5,22.45,57.41,20.14,2.8,0.17,0.35,0.06,0.03,3.42,1005176.325,248753.62,150112.256,10529.794,1561.47,890.0,390.0,17.63425,2.155297,0.62482,0.146442,882.0,77.55,1417.413465,162.59351999999998,1254.8199449999995,20.560809000000003
57.14,521.91,29.72,17.3,0.5,22.29,59.05,18.66,3.35,0.26,0.3,0.1,0.04,4.04,1112282.409,275704.716,158257.259,11695.644,1641.42,890.0,390.0,19.212343,2.348175,0.690315,0.161793,1142.8,77.71,1560.861448,171.98432300000002,1388.877125,22.412626
51.65,445.04,19.96,14.63,2.3,27.61,53.08,19.31,0.98,0.14,0.23,0.05,0.01,1.41,823599.214,203063.386,136304.019,8553.327,1425.932,890.0,390.0,14.958907,1.828311,0.513787,0.120419,1033.0,72.39,1174.2258780000002,146.67327799999998,1027.5526,17.421424
24.01,350.0,15.58,24.39,4.26,33.96,46.19,19.85,0.48,0.05,0.05,0.0,0.01,0.59,466679.077,113251.599,109161.623,4668.251,1159.51,890.0,390.0,9.700073,1.185565,0.295533,0.069266,480.2000000000001,66.03999999999999,696.20006,115.379384,580.8206759999999,11.250437000000002
63.31,547.22,25.61,8.28,2.43,27.94,53.84,18.22,3.81,0.27,0.5,0.15,0.04,4.76,1207333.427,299622.397,165485.521,12730.275,1712.37,890.0,390.0,20.612817,2.519344,0.748438,0.175415,1266.2,72.06,1688.16399,180.318166,1507.845824,24.056014
50.95,484.21,20.15,18.68,1.91,27.97,54.73,17.3,2.25,0.16,0.3,0.07,0.02,2.81,970701.084,240078.618,147490.547,10154.531,1535.736,890.0,390.0,17.126294,2.093214,0.603739,0.141501,1019.0,72.03,1371.240516,159.57081399999998,1211.669702,19.964748000000004
26.87,391.89,14.67,30.53,1.76,19.58,60.04,20.38,1.07,0.06,0.08,0.01,0.01,1.23,623995.833,152837.202,121124.954,6380.644,1276.938,890.0,390.0,12.017966,1.468863,0.391731,0.091812,537.4,80.42,906.895571,129.17253599999998,777.7230349999999,13.970372
24.6,382.75,17.94,26.55,3.26,30.43,50.56,19.01,1.17,0.06,0.09,0.0,0.0,1.32,589670.812,144200.0,118514.669,6007.016,1251.317,890.0,390.0,11.512223,1.40705,0.370741,0.086893,492.0,69.57000000000001,860.923814,126.163002,734.760812,13.376907
52.6,446.47,22.95,22.3,2.54,24.77,54.27,20.97,1.63,0.08,0.28,0.02,0.03,2.04,828969.54,204414.721,136712.411,8611.783,1429.941,890.0,390.0,15.038033,1.837982,0.517071,0.121189,1052.0,75.24000000000001,1181.4183960000005,147.14413499999998,1034.274261,17.514275
50.24,472.83,24.2,18.19,4.05,29.61,50.5,19.89,1.87,0.17,0.24,0.04,0.02,2.35,927963.803,229324.64,144240.542,9689.336,1503.835,890.0,390.0,16.496606,2.016252,0.577605,0.135376,1004.8,70.39,1314.0021559999998,155.823713,1158.178443,19.225839
54.32,418.81,25.52,11.32,2.6,25.72,55.75,18.53,1.38,0.11,0.14,0.03,0.02,1.7,725093.162,178276.315,128813.014,7481.088,1352.403,890.0,390.0,13.507526,1.65092,0.453551,0.106301,1086.4,74.28,1042.295982,138.03650499999998,904.259477,15.718298
32.96,350.0,20.51,13.05,3.14,23.37,59.12,17.5,0.76,0.03,0.04,0.01,0.01,0.84,466679.077,113251.599,109161.623,4668.251,1159.51,890.0,390.0,9.700073,1.185565,0.295533,0.069266,659.2,76.62,696.20006,115.379384,580.8206759999999,11.250437000000002
42.77,433.71,20.82,15.53,0.59,28.88,53.84,17.28,1.51,0.11,0.2,0.05,0.01,1.88,781049.707,192356.657,133068.293,8090.176,1394.171,890.0,390.0,14.331985,1.751687,0.487768,0.114321,855.4000000000001,71.12,1117.2390040000005,142.94264,974.296364,16.685761
58.96,495.0,27.97,20.44,2.08,25.12,57.97,16.91,3.41,0.18,0.36,0.09,0.03,4.06,1011222.636,250275.053,150572.054,10595.608,1565.984,890.0,390.0,17.723336,2.166186,0.628518,0.147309,1179.2,74.88,1425.511335,163.123646,1262.387689,20.665349
45.76,350.0,13.31,23.02,2.06,34.73,49.11,16.16,0.42,0.05,0.03,0.0,0.01,0.5,466679.077,113251.599,109161.623,4668.251,1159.51,890.0,390.0,9.700073,1.185565,0.295533,0.069266,915.2,65.27,696.20006,115.379384,580.8206759999999,11.250437000000002
45.95,485.47,23.19,19.98,1.55,22.44,55.91,21.66,2.82,0.17,0.42,0.12,0.03,3.56,975432.98,241269.305,147850.389,10206.038,1539.268,890.0,390.0,17.196014,2.101735,0.606633,0.14218,919.0,77.57,1377.5779799999998,159.98569500000002,1217.592285,20.046562
58.79,520.99,19.05,17.48,2.61,29.94,51.88,18.18,4.07,0.21,0.39,0.11,0.04,4.8,1108827.374,274835.326,157994.517,11658.036,1638.841,890.0,390.0,19.161437,2.341953,0.688202,0.161297,1175.8,70.06,1556.2340940000004,171.68139399999998,1384.5527000000002,22.352889
69.3,536.69,21.36,12.12,3.18,28.39,53.14,18.47,3.39,0.18,0.5,0.1,0.04,4.21,1167788.298,289671.659,162478.267,12299.826,1682.852,890.0,390.0,20.030162,2.448131,0.724257,0.169748,1386.0,71.61,1635.2009019999998,176.850945,1458.349957,23.372298
48.5,521.15,22.51,13.78,1.09,24.02,56.58,19.4,2.9,0.2,0.27,0.1,0.03,3.5,1109428.25,274986.525,158040.211,11664.577,1639.289,890.0,390.0,19.17029,2.343035,0.68857,0.161384,970.0,75.97999999999999,1557.038852,171.73407699999998,1385.3047749999998,22.363279
35.92,429.73,15.83,28.28,3.2,30.51,50.76,18.72,1.37,0.08,0.13,0.03,0.01,1.62,766102.925,188595.599,131931.648,7927.48,1383.014,890.0,390.0,14.111761,1.724771,0.478628,0.112179,718.4000000000001,69.47999999999999,1097.220666,141.632142,955.588524,16.427339
50.39,477.13,13.44,6.7,2.41,29.12,54.5,16.39,2.08,0.12,0.24,0.08,0.01,2.53,944112.337,233388.094,145468.575,9865.113,1515.889,890.0,390.0,16.734538,2.045332,0.58748,0.137691,1007.8,70.89,1335.630008,157.23957700000005,1178.390431,19.505041
65.57,462.29,21.52,12.13,2.72,26.58,55.12,18.3,1.77,0.13,0.22,0.07,0.02,2.2,888381.12,219364.452,141230.432,9258.478,1474.289,890.0,390.0,15.913398,1.944971,0.553401,0.129703,1311.4,73.42,1260.988771,152.353199,1108.635572,18.541473
64.2,441.47,28.21,22.82,2.05,24.16,55.38,20.46,2.23,0.08,0.27,0.04,0.03,2.65,810192.176,199689.774,135284.465,8407.391,1415.925,890.0,390.0,14.761368,1.804167,0.505589,0.118497,1284.0,75.84,1156.269731,145.49778099999995,1010.77195,17.189621000000002
49.58,524.1,28.95,23.36,2.44,18.25,61.8,19.95,2.84,0.2,0.36,0.06,0.03,3.49,1120506.895,277774.243,158882.699,11785.168,1647.559,890.0,390.0,19.333522,2.362986,0.695344,0.162971,991.6,81.75,1571.876564,172.70542600000002,1399.171138,22.554822999999995
58.85,469.03,24.45,7.6,4.09,24.01,57.47,18.51,1.92,0.13,0.21,0.06,0.02,2.35,913693.007,225733.68,143155.303,9533.998,1493.183,890.0,390.0,16.286342,1.990553,0.568879,0.133331,1177.0,75.98,1294.8891709999998,154.572484,1140.316687,18.979105
22.75,360.19,8.79,20.94,2.52,23.45,59.75,16.79,0.69,0.06,0.07,0.02,0.01,0.84,504947.345,122881.04,112071.777,5084.801,1188.075,890.0,390.0,10.263914,1.254479,0.318933,0.07475,455.0,76.53999999999999,747.453038,118.734653,628.718385,11.912076
64.83,599.79,27.75,16.0,1.82,27.12,54.66,18.22,4.68,0.35,0.57,0.16,0.04,5.81,1404758.633,349300.486,180498.944,14879.249,1859.738,890.0,390.0,23.521665,2.87487,0.869163,0.20371,1296.6,72.88,1952.57705,197.627931,1754.949119,27.469408
20.91,362.13,18.76,19.28,3.1,33.01,52.53,14.46,0.34,0.02,0.07,0.01,0.01,0.45,512232.962,124714.32,112625.82,5164.105,1193.513,890.0,390.0,10.37126,1.267599,0.323388,0.075794,418.2,66.99000000000001,757.2107199999999,119.373438,637.837282,12.038041
59.65,558.95,25.44,12.54,1.5,25.84,55.18,18.98,3.79,0.27,0.54,0.12,0.03,4.77,1251385.123,310707.122,168835.482,13209.778,1745.253,890.0,390.0,21.261872,2.598673,0.775376,0.181729,1193.0,74.16,1747.162758,184.180513,1562.982245,24.817650000000004
24.76,428.82,16.04,23.43,3.35,16.19,62.5,21.31,1.5,0.07,0.17,0.03,0.01,1.78,762685.445,187735.659,131671.762,7890.28,1380.463,890.0,390.0,14.061408,1.718617,0.476539,0.111689,495.2000000000001,83.81,1092.643609,141.33250499999997,951.311104,16.368253
69.26,529.19,22.31,11.33,1.66,26.44,52.9,20.67,3.68,0.22,0.47,0.15,0.05,4.56,1139622.252,282584.239,160336.348,11993.238,1661.827,890.0,390.0,19.615166,2.397409,0.707033,0.165711,1385.2,73.57,1597.477904,174.381413,1423.0964910000002,22.885319
31.52,407.23,15.13,12.78,3.78,30.23,52.62,17.15,1.53,0.1,0.16,0.04,0.02,1.84,681604.786,167333.339,125505.892,7007.717,1319.941,890.0,390.0,12.866772,1.572606,0.426958,0.100068,630.4,69.77,984.051675,134.22355,849.828125,14.966404
61.85,490.08,24.84,11.06,1.31,23.31,57.52,19.17,2.44,0.13,0.24,0.08,0.0,2.9,992745.71,245625.706,149166.955,10394.487,1552.192,890.0,390.0,17.451098,2.132912,0.617219,0.144661,1237.0,76.69,1400.76505,161.50363399999998,1239.261416,20.34589
64.16,518.33,32.74,12.29,2.53,24.21,56.94,18.85,3.42,0.24,0.35,0.11,0.03,4.17,1098837.817,272321.655,157234.85,11549.3,1631.384,890.0,390.0,19.014251,2.323964,0.682094,0.159866,1283.1999999999998,75.78999999999999,1542.8550060000002,170.805534,1372.0494720000002,22.180175
27.19,431.41,16.2,24.92,1.61,31.77,49.1,19.13,1.01,0.08,0.16,0.03,0.01,1.29,772412.119,190183.181,132411.438,7996.155,1387.724,890.0,390.0,14.20472,1.736133,0.482486,0.113083,543.8000000000001,68.23,1105.6706169999998,142.18531699999997,963.4853,16.536422
33.61,367.92,20.25,31.0,1.93,25.54,56.05,18.4,0.77,0.07,0.1,0.0,0.02,0.96,533977.15,130185.808,114279.381,5400.79,1209.744,890.0,390.0,10.691637,1.306756,0.336685,0.078911,672.2,74.44999999999999,786.332873,121.279915,665.052958,12.413989
48.77,439.82,24.9,19.67,0.5,26.02,55.79,18.19,1.85,0.12,0.14,0.05,0.03,2.19,803995.646,198130.542,134813.243,8339.942,1411.299,890.0,390.0,14.670069,1.793009,0.5018,0.117609,975.4,73.98,1147.970672,144.954484,1003.016188,17.082487
68.39,523.3,14.82,15.7,1.37,26.95,49.69,23.36,2.81,0.16,0.29,0.11,0.02,3.4,1117502.517,277018.252,158654.228,11752.465,1645.316,890.0,390.0,19.289255,2.357576,0.693507,0.162541,1367.8,73.05,1567.8527780000002,172.44200899999998,1395.4107689999998,22.502879
67.2,481.32,19.28,14.97,1.85,31.16,49.53,19.3,1.91,0.16,0.22,0.09,0.03,2.41,959847.768,237347.599,146665.194,10036.393,1527.635,890.0,390.0,16.966382,2.073669,0.597102,0.139946,1344.0,68.83,1356.704589,158.619222,1198.085367,19.777099
22.78,366.98,19.03,25.22,3.08,29.54,52.52,17.94,1.0,0.05,0.09,0.02,0.01,1.17,530447.005,129297.518,114010.927,5362.365,1207.109,890.0,390.0,10.639624,1.300399,0.334526,0.078405,455.6,70.46000000000001,781.6049240000001,120.970401,660.6345230000001,12.352954
62.18,459.41,20.37,20.07,0.7,26.55,56.23,17.22,2.53,0.15,0.38,0.08,0.02,3.16,877565.358,216642.883,140407.935,9140.749,1466.215,890.0,390.0,15.75404,1.925494,0.546787,0.128153,1243.6,73.44999999999999,1246.50314,151.404899,1095.098241,18.354474
15.8,422.26,11.12,22.94,4.39,23.0,56.55,20.44,1.37,0.08,0.15,0.04,0.01,1.65,738049.543,181536.529,129798.297,7622.119,1362.074,890.0,390.0,13.698424,1.674252,0.461474,0.108158,316.0,76.99,1059.648562,139.17248999999998,920.476072,15.942308
49.96,474.6,16.28,15.32,1.46,26.88,52.54,20.58,2.5,0.14,0.28,0.07,0.02,3.01,934610.99,230997.271,144746.035,9761.69,1508.797,890.0,390.0,16.594546,2.028222,0.58167,0.136329,999.2,73.12,1322.9047829999995,156.406522,1166.498261,19.340767
61.21,531.53,30.63,9.14,1.36,30.31,54.4,15.29,3.58,0.26,0.49,0.1,0.04,4.47,1148410.058,284795.514,161004.627,12088.894,1668.387,890.0,390.0,19.744645,2.413234,0.712407,0.16697,1224.2,69.69,1609.2474800000002,175.151908,1434.095572,23.037256
60.05,521.52,19.09,16.86,2.02,29.54,54.41,16.05,3.59,0.23,0.56,0.1,0.04,4.52,1110817.775,275336.171,158145.879,11679.702,1640.326,890.0,390.0,19.190763,2.345538,0.68942,0.161583,1201.0,70.46,1558.899853,171.85590699999997,1387.043946,22.387304
45.95,471.36,22.66,14.83,2.52,26.14,54.79,19.07,2.06,0.09,0.28,0.06,0.02,2.52,922443.258,227935.505,143820.726,9629.245,1499.714,890.0,390.0,16.415267,2.006311,0.57423,0.134585,919.0,73.86,1306.6084480000002,155.339685,1151.268763,19.130393
60.44,520.65,23.7,5.93,2.21,26.66,53.84,19.5,3.59,0.25,0.38,0.13,0.05,4.41,1107550.514,274514.03,157897.417,11644.138,1637.888,890.0,390.0,19.142623,2.339654,0.687422,0.161114,1208.8,73.34,1554.523987,171.569443,1382.954544,22.330813000000003
58.33,466.28,27.58,17.93,2.0,26.63,51.41,21.96,2.72,0.22,0.25,0.1,0.03,3.31,903365.457,223134.959,142369.933,9421.583,1485.474,890.0,390.0,16.134176,1.971955,0.562564,0.131851,1166.6,73.37,1281.057406,153.66699,1127.390416,18.800546
60.52,485.15,24.94,11.59,2.08,30.13,52.41,17.47,2.15,0.12,0.23,0.08,0.03,2.61,974231.229,240966.908,147759.001,10192.957,1538.371,890.0,390.0,17.178307,2.099571,0.605898,0.142007,1210.4,69.88,1375.968466,159.880329,1216.0881370000002,20.025783
27.91,350.0,11.25,19.96,3.29,28.48,51.86,19.67,0.89,0.05,0.08,0.0,0.01,1.03,466679.077,113251.599,109161.623,4668.251,1159.51,890.0,390.0,9.700073,1.185565,0.295533,0.069266,558.2,71.53,696.20006,115.379384,580.8206759999999,11.250437000000002
61.34,503.42,23.62,16.92,2.92,27.55,54.37,18.08,3.48,0.17,0.35,0.13,0.04,4.16,1042843.717,258231.864,152976.715,10939.804,1589.587,890.0,390.0,18.189238,2.223129,0.647854,0.151841,1226.8000000000002,72.44999999999999,1467.861687,165.896106,1301.965581,21.212062
41.71,488.95,23.05,18.48,1.77,25.54,55.34,19.12,2.42,0.17,0.28,0.07,0.02,2.95,988502.025,244557.868,148844.24,10348.294,1549.024,890.0,390.0,17.388572,2.12527,0.614624,0.144053,834.2,74.46000000000001,1395.0814509999998,161.13155799999998,1233.949893,20.272519
55.94,467.17,27.35,15.92,2.26,17.65,63.08,19.28,1.7,0.13,0.24,0.06,0.03,2.15,906707.827,223976.0,142624.107,9457.964,1487.969,890.0,390.0,16.183423,1.977974,0.564608,0.13233,1118.8,82.36,1285.533867,153.96004000000002,1131.573827,18.858335
24.42,350.0,13.06,23.8,4.12,32.04,50.69,17.26,0.71,0.04,0.04,0.0,0.0,0.79,466679.077,113251.599,109161.623,4668.251,1159.51,890.0,390.0,9.700073,1.185565,0.295533,0.069266,488.4,67.95,696.20006,115.379384,580.8206759999999,11.250437000000002
39.68,541.06,14.98,14.58,0.5,20.56,61.2,18.25,3.1,0.21,0.38,0.11,0.03,3.84,1184199.714,293801.262,163726.292,12478.464,1695.102,890.0,390.0,20.271967,2.477685,0.734292,0.1721,793.6,79.45,1657.1808339999995,178.289858,1478.8909759999997,23.656044
47.1,560.79,17.58,13.61,3.3,21.31,56.4,22.29,3.32,0.19,0.34,0.11,0.03,3.99,1258295.193,312445.902,169360.966,13284.994,1750.411,890.0,390.0,21.363684,2.611117,0.779601,0.182719,942.0,78.69,1756.417466,184.786371,1571.631095,24.937121
47.63,392.24,20.59,17.89,2.65,41.47,43.69,14.84,1.05,0.12,0.22,0.06,0.01,1.46,625310.249,153167.949,121224.91,6394.951,1277.92,890.0,390.0,12.037332,1.47123,0.392535,0.092,952.6,58.53,908.655979,129.287781,779.368198,13.993097
59.22,517.0,28.13,24.16,2.09,21.93,58.39,19.69,3.0,0.25,0.38,0.1,0.03,3.76,1093843.038,271064.819,156855.016,11494.932,1627.656,890.0,390.0,18.940658,2.314969,0.67904,0.15915,1184.4,78.08,1536.1654609999998,170.367604,1365.7978569999998,22.093817
32.4,355.95,14.95,18.06,4.76,32.68,50.57,16.76,0.43,0.06,0.07,0.02,0.01,0.58,489024.14,118874.286,110860.879,4911.477,1176.189,890.0,390.0,10.029303,1.225804,0.309196,0.072468,648.0,67.33,726.1269709999999,117.338545,608.788426,11.636771
21.82,383.11,13.94,11.39,3.28,33.04,51.76,15.2,1.05,0.06,0.2,0.01,0.0,1.31,591022.782,144540.196,118617.481,6021.732,1252.326,890.0,390.0,11.532143,1.409485,0.371568,0.087086,436.4,66.96,862.734517,126.281539,736.452978,13.400282
40.66,479.06,25.27,15.39,3.17,26.34,54.61,19.05,2.05,0.16,0.28,0.06,0.02,2.57,951360.399,235211.923,146019.763,9944.008,1521.3,890.0,390.0,16.84133,2.058385,0.591912,0.138729,813.1999999999999,73.66,1345.337393,157.875071,1187.462322,19.630356000000003
73.13,605.43,29.5,11.7,3.22,17.55,63.65,18.8,4.58,0.35,0.45,0.19,0.05,5.61,1425939.499,354630.226,182109.667,15109.802,1875.549,890.0,390.0,23.833742,2.913013,0.882115,0.206746,1462.6,82.45,1980.944743,199.485018,1781.4597250000002,27.835616
61.14,452.58,18.36,13.85,0.96,26.08,55.25,18.67,2.5,0.14,0.35,0.04,0.02,3.06,851915.479,210188.605,138457.361,8861.55,1447.069,890.0,390.0,15.376116,1.879303,0.531102,0.124477,1222.8,73.92,1212.150064,149.15597999999997,1062.994084,17.910998
36.99,434.0,15.7,32.73,2.58,27.41,54.59,18.0,1.37,0.09,0.14,0.03,0.02,1.64,782138.794,192630.704,133151.114,8102.03,1394.984,890.0,390.0,14.348032,1.753649,0.488434,0.114477,739.8000000000001,72.59,1118.697626,143.038128,975.659498,16.704592
19.89,350.0,20.26,24.93,4.85,31.35,53.15,15.5,0.7,0.04,0.02,0.0,0.01,0.78,466679.077,113251.599,109161.623,4668.251,1159.51,890.0,390.0,9.700073,1.185565,0.295533,0.069266,397.8,68.65,696.20006,115.379384,580.8206759999999,11.250437000000002
69.24,491.61,26.87,14.6,1.89,23.26,59.38,17.36,3.28,0.21,0.42,0.09,0.03,4.03,998491.583,247071.539,149603.907,10457.031,1556.481,890.0,390.0,17.535757,2.143259,0.620733,0.145484,1384.8,76.74000000000001,1408.460541,162.007419,1246.453122,20.445233
35.81,372.38,15.44,14.26,3.16,30.86,51.9,17.25,1.02,0.05,0.15,0.01,0.01,1.23,550726.559,134400.46,115553.109,5583.108,1222.247,890.0,390.0,10.938422,1.336919,0.346927,0.081311,716.2,69.15,808.765483,122.748464,686.017019,12.703578999999998
43.16,413.23,15.28,24.76,2.68,35.26,46.71,18.02,1.56,0.08,0.18,0.05,0.01,1.88,704137.623,173003.275,127219.427,7252.987,1336.76,890.0,390.0,13.198769,1.613183,0.440737,0.103298,863.1999999999999,64.73,1014.230072,136.199174,878.0308980000001,15.355987
26.42,369.25,19.43,19.99,2.31,27.31,56.36,16.33,0.65,0.06,0.04,0.01,0.01,0.77,538971.929,131442.644,114659.215,5455.158,1213.472,890.0,390.0,10.76523,1.315751,0.339739,0.079626,528.4000000000001,72.69,793.0224179999999,121.71784499999998,671.304573,12.500346
63.95,467.46,20.63,19.14,1.77,33.09,49.84,17.07,2.7,0.16,0.26,0.09,0.04,3.25,907796.914,224250.047,142706.928,9469.819,1488.782,890.0,390.0,16.199469,1.979935,0.565274,0.132486,1279.0,66.91,1286.99249,154.055529,1132.936961,18.877164
30.71,452.84,14.6,17.09,0.5,23.14,57.29,19.57,2.1,0.13,0.22,0.04,0.02,2.51,852891.902,210434.303,138531.614,8872.178,1447.798,890.0,390.0,15.390503,1.881062,0.531699,0.124617,614.2,76.86,1213.4577950000005,149.24159000000003,1064.2162050000002,17.927881000000003
45.36,520.46,25.18,6.76,1.02,22.66,61.13,16.2,2.88,0.22,0.29,0.11,0.02,3.51,1106836.974,274334.482,157843.155,11636.371,1637.355,890.0,390.0,19.13211,2.338369,0.686985,0.161012,907.2,77.33,1553.5683370000002,171.50688100000002,1382.061456,22.318476
26.16,368.93,12.54,29.31,3.09,33.97,46.92,19.11,0.82,0.06,0.09,0.0,0.01,0.98,537770.177,131140.247,114567.826,5442.077,1212.575,890.0,390.0,10.747523,1.313587,0.339004,0.079454,523.2,66.03,791.412902,121.612478,669.800424,12.479568
77.09,559.86,26.77,9.44,2.12,23.79,59.98,16.23,4.08,0.28,0.43,0.16,0.04,4.98,1254802.603,311567.062,169095.368,13246.977,1747.804,890.0,390.0,21.312224,2.604827,0.777465,0.182218,1541.8000000000002,76.21,1751.7398139999998,184.480149,1567.2596649999998,24.876734
46.73,400.51,21.64,22.0,2.89,24.11,56.36,19.53,1.41,0.06,0.08,0.03,0.01,1.58,656368.009,160983.011,123586.732,6733.015,1301.103,890.0,390.0,12.494935,1.527159,0.411526,0.096451,934.6,75.89,950.25187,132.01085,818.24102,14.530071
36.55,399.26,21.83,17.55,2.09,33.75,50.32,15.93,0.94,0.08,0.12,0.03,0.01,1.18,651673.668,159801.774,123229.746,6681.917,1297.599,890.0,390.0,12.425769,1.518705,0.408656,0.095779,731.0,66.25,943.964704,131.59926199999998,812.3654419999999,14.448909000000002
70.71,505.13,20.03,21.45,1.39,30.12,48.56,21.32,2.77,0.21,0.41,0.11,0.01,3.51,1049265.576,259847.795,153465.072,11009.706,1594.381,890.0,390.0,18.283858,2.234694,0.651781,0.152761,1414.1999999999998,69.88,1476.4625299999998,166.45915899999997,1310.0033709999998,21.323094
60.53,430.06,23.48,11.07,2.34,32.15,50.52,17.33,1.97,0.14,0.2,0.04,0.01,2.37,767342.231,188907.446,132025.893,7940.97,1383.939,890.0,390.0,14.13002,1.727003,0.479386,0.112356,1210.6,67.85,1098.8804790000002,141.74080200000003,957.139677,16.448764999999998
38.52,393.6,24.04,4.8,3.6,36.19,48.62,15.19,1.17,0.08,0.15,0.0,0.01,1.41,630417.692,154453.134,121613.311,6450.546,1281.732,890.0,390.0,12.112585,1.480427,0.395658,0.092732,770.4000000000001,63.81,915.496415,129.735589,785.760826,14.081402
41.59,353.3,13.51,13.21,4.11,39.71,43.78,16.5,0.83,0.05,0.06,0.0,0.01,0.95,479072.137,116370.064,110104.067,4803.149,1168.76,890.0,390.0,9.882671,1.207883,0.303111,0.071042,831.8000000000001,60.28,712.798177,116.465976,596.332201,11.464707
52.55,528.19,31.48,19.34,1.57,22.93,56.85,20.22,3.67,0.23,0.53,0.1,0.03,4.56,1135866.779,281639.249,160050.759,11952.36,1659.024,890.0,390.0,19.559833,2.390646,0.704737,0.165173,1051.0,77.07,1592.4481710000002,174.052143,1418.396028,22.820389
74.4,517.76,23.38,22.41,1.99,25.49,53.5,21.01,3.2,0.24,0.29,0.12,0.05,3.9,1096697.197,271783.011,157072.064,11525.999,1629.786,890.0,390.0,18.982711,2.320109,0.680785,0.159559,1488.0,74.51,1539.988057,170.617849,1369.3702079999998,22.143164
73.37,554.71,30.34,18.7,1.74,14.15,64.54,21.31,4.26,0.29,0.5,0.16,0.04,5.25,1235461.918,306700.367,167624.584,13036.453,1733.367,890.0,390.0,21.02726,2.569998,0.765639,0.179447,1467.4,85.85000000000001,1725.8366890000002,182.784404,1543.0522850000002,24.542344
53.01,549.38,28.18,15.19,1.32,24.87,55.46,19.67,2.98,0.18,0.33,0.09,0.03,3.61,1215445.248,301663.574,166102.394,12818.572,1718.425,890.0,390.0,20.732336,2.533952,0.753399,0.176578,1060.2,75.13,1699.028213,181.029391,1517.998822,24.196265
29.15,373.57,14.92,23.39,3.64,36.46,47.66,15.88,0.99,0.07,0.12,0.0,0.01,1.2,555195.571,135524.998,115892.96,5631.753,1225.583,890.0,390.0,11.004268,1.344967,0.34966,0.081952,583.0,63.54,814.750865,123.140296,691.610569,12.780847
66.57,553.3,29.26,8.46,1.82,26.67,55.0,18.33,3.66,0.23,0.44,0.14,0.05,4.53,1230166.701,305367.932,167221.903,12978.815,1729.414,890.0,390.0,20.949241,2.560463,0.762401,0.178688,1331.4,73.33,1718.744765,182.320132,1536.424633,24.450793
25.04,401.14,18.79,25.01,3.5,29.22,53.08,17.7,1.33,0.07,0.12,0.01,0.01,1.54,658733.957,161578.354,123766.654,6758.768,1302.869,890.0,390.0,12.529794,1.53142,0.412973,0.096791,500.8,70.78,953.420602,132.218291,821.202311,14.570978
30.95,391.84,9.6,22.95,2.85,27.95,55.41,16.64,0.86,0.06,0.1,0.02,0.01,1.05,623808.06,152789.953,121110.674,6378.6,1276.798,890.0,390.0,12.015199,1.468525,0.391616,0.091785,619.0,72.05,906.644085,129.156072,777.488013,13.967125
53.85,453.49,21.65,12.07,2.49,21.27,57.44,21.29,2.9,0.14,0.31,0.08,0.03,3.45,855332.959,211048.546,138717.247,8898.749,1449.62,890.0,390.0,15.426469,1.885458,0.533192,0.124967,1077.0,78.72999999999999,1216.7271210000004,149.45561600000002,1067.2715050000002,17.970086000000002
51.81,492.57,16.13,8.45,1.27,31.01,52.14,16.85,3.35,0.23,0.34,0.11,0.03,4.06,1002096.837,247978.729,149878.072,10496.274,1559.172,890.0,390.0,17.588877,2.149752,0.622937,0.146001,1036.2,68.99000000000001,1413.289084,162.32351799999998,1250.965566,20.507567
23.17,399.41,10.08,23.67,1.88,30.32,51.28,18.39,1.02,0.1,0.11,0.01,0.01,1.26,652236.989,159943.522,123272.584,6688.049,1298.019,890.0,390.0,12.434069,1.51972,0.409,0.095859,463.4,69.67,944.719163,131.648652,813.0705109999999,14.458648
36.91,411.05,13.08,15.47,2.64,23.23,57.4,19.37,1.41,0.1,0.16,0.06,0.02,1.75,695950.693,170943.198,126596.842,7163.873,1330.649,890.0,390.0,13.078143,1.59844,0.435731,0.102124,738.1999999999999,76.77,1003.265255,135.481364,867.7838909999999,15.214438
46.84,458.08,19.51,8.91,0.5,30.5,53.08,16.42,1.96,0.13,0.2,0.06,0.01,2.37,872570.579,215386.047,140028.102,9086.38,1462.487,890.0,390.0,15.680447,1.916499,0.543733,0.127437,936.8,69.5,1239.813595,150.966969,1088.846626,18.268116
27.4,363.82,17.22,19.59,3.88,37.86,49.73,12.41,0.91,0.05,0.06,0.0,0.01,1.02,518579.711,126311.352,113108.465,5233.189,1198.251,890.0,390.0,10.464772,1.279028,0.327269,0.076704,548.0,62.14,765.710968,119.929905,645.781063,12.147773
54.27,450.76,24.97,14.19,2.65,35.66,48.25,16.09,2.43,0.17,0.23,0.06,0.01,2.91,845080.518,208468.725,137937.589,8787.151,1441.967,890.0,390.0,15.27541,1.866995,0.526923,0.123498,1085.4,64.34,1202.99595,148.55670700000002,1054.439243,17.792826
53.39,472.04,23.32,12.45,3.04,25.21,52.89,21.9,2.14,0.16,0.3,0.04,0.03,2.67,924996.98,228578.098,144014.927,9657.042,1501.621,890.0,390.0,16.452894,2.010909,0.575791,0.134951,1067.8,74.78999999999999,1310.028668,155.56359,1154.465078,19.174545
67.27,430.79,26.2,20.2,1.65,27.12,55.17,17.7,1.73,0.11,0.17,0.03,0.03,2.07,770083.726,189597.288,132234.373,7970.811,1385.986,890.0,390.0,14.170413,1.73194,0.481063,0.112749,1345.4,72.87,1102.552184,141.98117,960.571014,16.496165
62.79,520.55,31.05,9.95,1.41,21.47,57.91,20.62,3.13,0.24,0.42,0.12,0.03,3.94,1107174.966,274419.531,157868.858,11640.05,1637.607,890.0,390.0,19.13709,2.338978,0.687192,0.161061,1255.8,78.53,1554.0210120000002,171.53651499999998,1382.484497,22.324321
22.35,464.49,14.26,17.97,0.5,26.92,52.76,20.33,1.77,0.13,0.2,0.08,0.02,2.2,896643.16,221443.429,141858.728,9348.411,1480.456,890.0,390.0,16.03513,1.959849,0.558453,0.130887,447.0,73.09,1272.0541840000003,153.077595,1118.976589,18.684319
17.86,429.07,18.59,28.98,3.4,34.45,44.8,20.75,1.23,0.08,0.17,0.03,0.02,1.52,763624.313,187971.906,131743.159,7900.5,1381.164,890.0,390.0,14.075241,1.720308,0.477113,0.111823,357.2,65.55,1093.9010420000002,141.414823,952.486219,16.384485
20.95,351.57,15.74,23.78,3.18,28.11,55.06,16.83,0.28,0.05,0.13,0.0,0.0,0.46,472575.169,114735.232,109609.998,4732.429,1163.911,890.0,390.0,9.786945,1.196183,0.299138,0.070111,419.0,71.89,704.096739,115.896338,588.2004009999999,11.352377
49.26,480.25,16.2,18.95,2.81,21.64,57.44,20.92,3.2,0.19,0.36,0.09,0.03,3.87,955829.412,236336.461,146359.614,9992.653,1524.635,890.0,390.0,16.907176,2.066433,0.594645,0.13937,985.2,78.36,1351.322775,158.26690200000002,1193.0558730000002,19.707624
36.73,441.56,22.78,24.77,3.15,32.46,50.98,16.56,1.89,0.11,0.14,0.07,0.02,2.24,810530.168,199774.823,135310.168,8411.07,1416.177,890.0,390.0,14.766348,1.804776,0.505795,0.118546,734.5999999999999,67.53999999999999,1156.722406,145.52741500000002,1011.194991,17.195465
64.57,505.97,25.97,12.13,1.12,20.52,60.39,19.09,3.67,0.19,0.42,0.08,0.04,4.4,1052420.173,260641.586,153704.967,11044.044,1596.736,890.0,390.0,18.330337,2.240375,0.65371,0.153213,1291.4,79.48,1480.687506,166.735747,1313.951759,21.377635
47.17,424.04,17.06,6.13,1.84,31.3,53.28,15.41,1.42,0.13,0.19,0.04,0.02,1.8,744734.285,183218.61,130306.646,7694.882,1367.064,890.0,390.0,13.796917,1.68629,0.465562,0.109116,943.4,68.69,1068.601487,139.758592,928.842895,16.057885
45.81,451.56,16.91,6.22,3.89,26.75,52.81,20.44,1.77,0.09,0.24,0.06,0.02,2.18,848084.897,209224.716,138166.06,8819.854,1444.21,890.0,390.0,15.319677,1.872405,0.52876,0.123928,916.2,73.25,1207.019737,148.820124,1058.199613,17.844769999999997
55.36,532.19,21.14,8.39,1.9,25.17,56.52,18.31,3.26,0.3,0.58,0.11,0.04,4.29,1150888.67,285419.207,161193.116,12115.873,1670.237,890.0,390.0,19.781164,2.417698,0.713923,0.167326,1107.2,74.83,1612.5671029999996,175.369226,1437.1978769999998,23.080111
59.71,558.29,32.92,11.57,1.6,24.31,56.8,18.89,3.62,0.3,0.51,0.14,0.03,4.6,1248906.511,310083.429,168646.993,13182.798,1743.403,890.0,390.0,21.225352,2.594209,0.77386,0.181373,1194.2,75.69,1743.8431339999995,183.963194,1559.87994,24.774794
68.16,540.31,25.59,14.04,1.34,22.4,56.59,21.01,3.6,0.28,0.56,0.12,0.04,4.6,1181383.109,293092.52,163512.1,12447.805,1693.0,890.0,390.0,20.230467,2.472612,0.73257,0.171696,1363.1999999999998,77.60000000000001,1653.408534,178.042905,1475.365629,23.607345
65.99,502.41,22.94,16.18,1.94,20.77,60.99,18.25,2.79,0.24,0.4,0.12,0.04,3.59,1039050.689,257277.424,152688.27,10898.517,1586.756,890.0,390.0,18.133352,2.216299,0.645534,0.151297,1319.8,79.24000000000001,1462.781656,165.56354299999998,1297.218113,21.146482
60.07,448.66,25.59,8.43,2.19,24.88,60.73,14.38,2.58,0.13,0.39,0.09,0.03,3.22,837194.025,206484.247,137337.851,8701.307,1436.08,890.0,390.0,15.159211,1.852793,0.5221,0.122367,1201.4,75.11,1192.43351,147.86523799999998,1044.568272,17.656471
40.21,427.28,16.85,9.46,2.63,30.75,53.63,15.62,2.27,0.12,0.22,0.03,0.02,2.66,756902.017,186280.375,131231.955,7827.328,1376.146,890.0,390.0,13.976195,1.708202,0.473002,0.11086,804.2,69.25,1084.897821,140.825429,944.072392,16.268259
71.44,552.05,26.74,18.26,1.92,30.64,51.99,17.37,3.97,0.24,0.45,0.11,0.05,4.82,1225472.36,304186.695,166864.917,12927.717,1725.91,890.0,390.0,20.880075,2.552009,0.75953,0.178015,1428.8,69.36,1712.4575989999998,181.908544,1530.5490550000002,24.369629000000003
35.14,405.59,17.85,28.85,3.23,25.02,53.87,21.12,0.67,0.09,0.1,0.04,0.01,0.92,675445.811,165783.556,125037.526,6940.677,1315.343,890.0,390.0,12.776026,1.561515,0.423192,0.099186,702.8,74.99,975.802913,133.683546,842.119367,14.859919
42.67,455.09,18.96,20.37,2.4,21.02,61.5,17.48,1.81,0.11,0.26,0.04,0.03,2.25,861341.716,212560.529,139174.19,8964.154,1454.105,890.0,390.0,15.515002,1.896278,0.536866,0.125828,853.4000000000001,78.98,1224.7746940000002,149.98244900000003,1074.792245,18.073974
57.08,473.63,23.24,19.06,0.5,26.63,54.21,19.15,2.06,0.14,0.28,0.04,0.03,2.54,930968.182,230080.631,144469.013,9722.038,1506.078,890.0,390.0,16.540873,2.021662,0.579443,0.135807,1141.6,73.36,1318.025942,156.087129,1161.938813,19.277785
18.69,398.22,15.38,32.03,1.65,27.69,55.64,16.66,1.05,0.08,0.11,0.02,0.01,1.26,647767.976,158818.985,122932.733,6639.404,1294.683,890.0,390.0,12.368223,1.511672,0.406267,0.095219,373.8,72.3,938.733781,131.25682,807.476961,14.381381
51.11,483.89,18.86,13.55,3.84,21.53,58.37,20.11,2.91,0.21,0.3,0.1,0.04,3.55,969499.333,239776.222,147399.158,10141.45,1534.839,890.0,390.0,17.108588,2.09105,0.603004,0.141329,1022.2,78.47999999999999,1369.631002,159.465447,1210.165555,19.943971
33.29,404.2,24.17,19.29,1.93,31.89,54.27,13.85,1.22,0.07,0.2,0.05,0.02,1.56,670225.704,164470.021,124640.557,6883.856,1311.447,890.0,390.0,12.699113,1.552114,0.42,0.098438,665.8,68.12,968.8115850000002,133.22585999999998,835.5857250000001,14.769665
60.84,539.47,34.43,9.23,1.3,25.21,59.06,15.74,3.39,0.29,0.36,0.14,0.04,4.21,1178228.512,292298.729,163272.205,12413.468,1690.645,890.0,390.0,20.183988,2.466932,0.730641,0.171244,1216.8000000000002,74.8,1649.1835590000003,177.76631799999998,1471.417241,23.552805
61.3,459.3,27.29,14.83,1.5,29.16,52.75,18.09,2.32,0.15,0.36,0.07,0.02,2.92,877152.256,216538.934,140376.52,9136.252,1465.907,890.0,390.0,15.747953,1.92475,0.546534,0.128094,1226.0,70.84,1245.949869,151.368679,1094.58119,18.347331000000004
59.61,494.75,22.98,12.28,2.16,26.82,50.99,22.19,1.83,0.13,0.31,0.09,0.03,2.39,1010283.768,250038.806,150500.657,10585.389,1565.283,890.0,390.0,17.709503,2.164495,0.627944,0.147174,1192.2,73.18,1424.2539030000005,163.041329,1261.212574,20.649116
19.59,363.91,10.2,21.92,3.02,34.19,47.32,18.5,0.66,0.08,0.11,0.0,0.01,0.86,518917.704,126396.401,113134.168,5236.868,1198.503,890.0,390.0,10.469752,1.279637,0.327476,0.076752,391.8,65.82,766.1636440000001,119.959539,646.204105,12.153617
47.72,447.93,20.21,23.82,3.45,29.36,54.3,16.34,2.08,0.1,0.19,0.07,0.01,2.46,834452.53,205794.405,137129.371,8671.465,1434.034,890.0,390.0,15.118819,1.847856,0.520424,0.121974,954.4,70.64,1188.761805,147.62487000000002,1041.136935,17.609073
52.6,465.38,19.02,14.93,0.5,31.13,51.52,17.35,1.43,0.16,0.24,0.06,0.02,1.91,899985.531,222284.469,142112.903,9384.792,1482.951,890.0,390.0,16.084377,1.965868,0.560497,0.131366,1052.0,68.87,1276.5306459999997,153.37064599999997,1123.16,18.742108
46.25,469.68,20.5,12.13,3.25,27.41,57.85,14.74,1.93,0.13,0.27,0.08,0.02,2.44,916134.064,226347.923,143340.936,9560.569,1495.005,890.0,390.0,16.322308,1.994949,0.570372,0.133681,925.0,72.59,1298.1584969999997,154.78651,1143.371987,19.02131
59.26,435.18,30.08,12.93,2.73,28.12,53.19,18.69,1.34,0.13,0.13,0.03,0.02,1.65,786570.252,193745.791,133488.109,8150.267,1398.292,890.0,390.0,14.413325,1.761629,0.491144,0.115112,1185.2,71.88,1124.632711,143.42666799999998,981.206043,16.781209999999998
47.84,518.93,20.22,9.6,2.18,23.27,59.29,17.44,3.25,0.22,0.38,0.13,0.03,4.01,1101091.1,272888.648,157406.203,11573.827,1633.066,890.0,390.0,19.047451,2.328022,0.683472,0.160189,956.8,76.73,1545.8728440000002,171.003096,1374.869748,22.219134
62.75,519.51,17.27,15.02,0.5,17.74,59.42,22.85,3.65,0.2,0.39,0.09,0.03,4.35,1103269.275,273436.742,157571.845,11597.536,1634.692,890.0,390.0,19.079544,2.331944,0.684804,0.160501,1255.0,82.27000000000001,1548.7900900000002,171.194073,1377.596017,22.256793
32.71,436.3,12.13,17.05,3.56,23.91,57.47,18.62,1.51,0.11,0.25,0.02,0.02,1.89,790776.381,194804.179,133807.969,8196.05,1401.432,890.0,390.0,14.475297,1.769203,0.493716,0.115715,654.2,76.09,1130.2660110000002,143.795451,986.47056,16.853931
49.9,449.99,25.73,14.5,3.67,24.27,55.66,20.07,2.15,0.12,0.23,0.05,0.02,2.57,842188.804,207741.083,137717.685,8755.675,1439.808,890.0,390.0,15.232804,1.861787,0.525155,0.123083,998.0,75.72999999999999,1199.1230550000002,148.30316799999997,1050.819887,17.742829000000004
74.36,548.66,26.28,9.51,1.51,31.11,52.97,15.92,3.89,0.25,0.42,0.15,0.04,4.76,1212741.307,300983.181,165896.769,12789.14,1716.407,890.0,390.0,20.692496,2.529083,0.751745,0.17619,1487.2,68.89,1695.4068039999995,180.792316,1514.614488,24.149514
16.49,429.32,10.12,19.11,3.49,21.41,61.47,17.12,1.29,0.08,0.16,0.03,0.01,1.58,764563.181,188208.153,131814.557,7910.72,1381.865,890.0,390.0,14.089074,1.721998,0.477687,0.111958,329.79999999999995,78.59,1095.158476,141.497142,953.661334,16.400717
19.44,451.59,17.73,27.24,2.41,27.31,53.98,18.72,1.46,0.06,0.15,0.04,0.02,1.72,848197.561,209253.066,138174.628,8821.08,1444.294,890.0,390.0,15.321337,1.872608,0.528829,0.123944,388.8,72.69999999999999,1207.170629,148.83000199999998,1058.3406269999998,17.846718000000003
43.53,444.91,18.19,26.15,3.56,30.89,50.72,18.4,2.2,0.11,0.23,0.08,0.01,2.63,823111.002,202940.537,136266.892,8548.013,1425.568,890.0,390.0,14.951713,1.827432,0.513489,0.120349,870.6,69.12,1173.572012,146.630473,1026.941539,17.412983
38.82,415.46,8.0,21.06,1.99,21.89,56.92,21.18,1.76,0.08,0.25,0.04,0.01,2.14,712512.328,175110.601,127856.291,7344.146,1343.012,890.0,390.0,13.322161,1.628264,0.445858,0.104498,776.4,78.1,1025.446378,136.933449,888.512929,15.500780999999998
32.96,350.0,9.63,16.84,2.87,28.96,52.81,18.23,0.52,0.06,0.07,0.0,0.01,0.66,466679.077,113251.599,109161.623,4668.251,1159.51,890.0,390.0,9.700073,1.185565,0.295533,0.069266,659.2,71.04,696.20006,115.379384,580.8206759999999,11.250437000000002
57.13,414.8,12.01,23.29,1.04,34.76,49.1,16.14,1.06,0.11,0.16,0.01,0.01,1.34,710033.716,174486.908,127667.802,7317.166,1341.161,890.0,390.0,13.285641,1.623801,0.444342,0.104143,1142.6,65.24000000000001,1022.126753,136.716129,885.4106240000001,15.457927000000002
37.86,389.58,24.35,11.75,3.81,35.39,48.11,16.51,0.65,0.08,0.08,0.0,0.01,0.82,615320.691,150654.277,120465.243,6286.215,1270.463,890.0,390.0,11.890147,1.453241,0.386426,0.090569,757.2,64.62,895.276889,128.411921,766.864968,13.820383
52.92,442.52,22.27,17.22,3.79,27.13,54.16,18.71,1.73,0.15,0.3,0.06,0.02,2.26,814135.422,200682.013,135584.334,8450.314,1418.868,890.0,390.0,14.819468,1.811269,0.508,0.119063,1058.4,72.87,1161.5509510000002,145.843516,1015.707435,17.2578
30.21,350.0,12.77,24.65,2.51,31.98,49.29,18.73,0.68,0.03,0.05,0.0,0.01,0.76,466679.077,113251.599,109161.623,4668.251,1159.51,890.0,390.0,9.700073,1.185565,0.295533,0.069266,604.2,68.02,696.20006,115.379384,580.8206759999999,11.250437000000002
53.2,444.06,19.36,18.43,2.57,26.81,54.64,18.55,1.45,0.07,0.17,0.03,0.02,1.74,819918.85,202137.296,136024.141,8513.266,1423.185,890.0,390.0,14.90468,1.821683,0.511537,0.119891,1064.0,73.19,1169.2967380000002,146.350592,1022.946146,17.357791
42.15,503.08,22.2,20.61,1.16,21.51,59.83,18.66,2.51,0.15,0.32,0.06,0.02,3.06,1041566.856,257910.567,152879.615,10925.905,1588.634,890.0,390.0,18.170425,2.22083,0.647073,0.151658,843.0,78.49,1466.151577,165.78415399999997,1300.367423,21.189986
81.73,516.52,33.24,15.49,0.5,34.37,50.59,15.04,3.29,0.26,0.41,0.13,0.03,4.11,1092040.411,270611.224,156717.933,11475.31,1626.31,890.0,390.0,18.914099,2.311723,0.677937,0.158892,1634.6,65.63,1533.7511880000002,170.20955299999997,1363.541635,22.062651
15.75,361.3,8.0,20.81,1.76,28.6,57.52,13.88,0.62,0.08,0.06,0.01,0.01,0.78,509115.92,123929.979,112388.781,5130.176,1191.186,890.0,390.0,10.325334,1.261986,0.321482,0.075347,315.0,71.4,753.036042,119.10014300000002,633.935899,11.984149
64.14,573.51,27.04,10.41,1.07,18.15,58.71,23.14,4.46,0.26,0.57,0.16,0.04,5.49,1306064.807,324466.166,172993.661,13804.966,1786.068,890.0,390.0,22.067518,2.697141,0.808812,0.189565,1282.8,81.85,1820.395668,188.974695,1631.420973,25.763036
64.5,550.41,32.46,14.86,1.85,29.92,53.76,16.32,3.45,0.28,0.47,0.13,0.04,4.37,1219313.385,302636.913,166396.551,12860.677,1721.313,890.0,390.0,20.789329,2.540918,0.755764,0.177132,1290.0,70.08,1704.208839,181.368541,1522.8402979999998,24.263143
33.29,359.68,11.46,15.56,4.0,35.61,48.66,15.72,0.72,0.05,0.0,0.0,0.01,0.78,503032.054,122399.096,111926.126,5063.953,1186.645,890.0,390.0,10.235694,1.25103,0.317762,0.074476,665.8,64.38,744.8878740000001,118.566724,626.32115,11.878962
59.09,472.17,28.83,6.86,1.03,30.22,52.46,17.32,2.38,0.17,0.2,0.07,0.02,2.83,925485.191,228700.947,144052.053,9662.356,1501.985,890.0,390.0,16.460087,2.011788,0.57609,0.135021,1181.8000000000002,69.78,1310.682532,155.606394,1155.076138,19.182986
23.2,412.61,8.35,20.45,4.53,26.79,54.84,18.37,1.46,0.09,0.23,0.02,0.03,1.83,701809.23,172417.382,127042.362,7227.643,1335.022,890.0,390.0,13.164462,1.60899,0.439313,0.102964,464.0,73.21000000000001,1011.111639,135.995027,875.1166119999999,15.315729
55.16,472.26,24.26,15.62,2.16,28.55,54.32,17.13,2.15,0.13,0.22,0.04,0.02,2.57,925823.184,228785.996,144077.756,9666.035,1502.237,890.0,390.0,16.465067,2.012397,0.576296,0.135069,1103.1999999999998,71.45,1311.135208,155.63602799999998,1155.49918,19.188829
58.75,448.84,22.22,16.87,0.56,25.84,55.43,18.73,1.99,0.12,0.27,0.07,0.02,2.46,837870.011,206654.345,137389.258,8708.665,1436.585,890.0,390.0,15.169171,1.85401,0.522514,0.122464,1175.0,74.16,1193.338864,147.924508,1045.414356,17.668159000000003
28.5,402.51,13.12,16.8,2.88,26.26,54.97,18.77,1.09,0.06,0.16,0.04,0.01,1.36,663878.955,162872.989,124157.911,6814.772,1306.709,890.0,390.0,12.6056,1.540685,0.416119,0.097528,570.0,73.74,960.311336,132.669392,827.6419439999999,14.659932
40.79,439.02,20.11,24.13,0.64,31.59,49.24,19.17,1.79,0.11,0.18,0.06,0.01,2.15,800991.267,197374.55,134584.772,8307.239,1409.057,890.0,390.0,14.625803,1.787598,0.499962,0.117179,815.8,68.41,1143.9468850000003,144.691068,999.255817,17.030542
50.33,429.1,16.25,4.75,2.88,25.6,55.27,19.12,1.61,0.14,0.13,0.04,0.02,1.94,763736.977,188000.256,131751.727,7901.726,1381.248,890.0,390.0,14.076901,1.72051,0.477182,0.111839,1006.6,74.39,1094.0519339999998,141.424701,952.627233,16.386432
72.11,524.65,29.22,6.82,2.83,20.9,59.97,19.13,3.06,0.23,0.4,0.11,0.03,3.83,1122572.405,278293.987,159039.773,11807.651,1649.101,890.0,390.0,19.363955,2.366705,0.696607,0.163267,1442.2,79.1,1574.642917,172.886525,1401.756392,22.590534
23.15,373.16,20.51,17.3,4.32,33.52,48.7,17.78,0.64,0.04,0.13,0.0,0.01,0.81,553655.828,135137.552,115775.868,5614.993,1224.433,890.0,390.0,10.981581,1.342194,0.348718,0.081731,463.0,66.48,812.688674,123.005294,689.68338,12.754224
61.4,429.82,20.4,18.91,1.64,23.72,57.76,18.52,1.64,0.08,0.15,0.05,0.02,1.93,766440.917,188680.648,131957.351,7931.159,1383.267,890.0,390.0,14.116741,1.72538,0.478835,0.112227,1228.0,76.28,1097.673342,141.661777,956.011565,16.433183
26.87,466.12,12.34,23.5,1.11,25.8,58.81,15.39,1.5,0.09,0.17,0.04,0.01,1.81,902764.581,222983.761,142324.239,9415.042,1485.025,890.0,390.0,16.125323,1.970873,0.562196,0.131765,537.4,74.2,1280.252648,153.61430599999997,1126.638342,18.790157000000004
40.91,427.15,12.37,25.95,2.38,25.49,55.93,18.58,1.37,0.14,0.21,0.0,0.01,1.72,756413.805,186157.527,131194.828,7822.014,1375.782,890.0,390.0,13.969002,1.707323,0.472704,0.11079,818.1999999999999,74.50999999999999,1084.243956,140.782624,943.461332,16.259819
26.23,366.04,16.29,17.29,4.47,28.5,55.79,15.72,1.0,0.04,0.08,0.01,0.01,1.13,526916.861,128409.228,113742.473,5323.939,1204.474,890.0,390.0,10.587611,1.294042,0.332368,0.077899,524.6,71.51,776.8769750000001,120.660886,656.216089,12.29192
20.39,376.45,8.0,27.18,3.07,29.73,51.08,19.18,0.99,0.03,0.1,0.02,0.01,1.14,566011.333,138246.567,116715.457,5749.482,1233.656,890.0,390.0,11.163626,1.364444,0.356274,0.083502,407.8,70.25999999999999,829.236495,124.088595,705.1479,12.967846000000002
34.87,394.14,18.04,25.68,3.42,27.44,54.03,18.53,0.82,0.05,0.09,0.02,0.01,0.99,632445.647,154963.428,121767.529,6472.62,1283.246,890.0,390.0,12.142464,1.484079,0.396898,0.093023,697.4,72.56,918.21247,129.91339499999998,788.2990749999999,14.116464
54.74,477.51,18.65,22.9,0.95,22.77,55.74,21.49,2.03,0.11,0.25,0.09,0.02,2.5,945539.416,233747.19,145577.099,9880.646,1516.954,890.0,390.0,16.755564,2.047902,0.588353,0.137895,1094.8,77.23,1337.5413049999995,157.364699,1180.176606,19.529714
68.55,526.32,25.57,15.02,2.73,27.02,55.09,17.89,3.37,0.24,0.5,0.12,0.03,4.26,1128844.045,279872.119,159516.707,11875.918,1653.782,890.0,390.0,19.456361,2.378,0.700443,0.164166,1371.0,72.98,1583.0425709999995,173.436407,1409.6061639999998,22.698970000000003
43.65,477.02,19.63,13.57,0.74,28.51,55.39,16.1,2.66,0.18,0.24,0.04,0.03,3.15,943699.235,233284.145,145437.161,9860.616,1515.581,890.0,390.0,16.728451,2.044589,0.587228,0.137631,873.0,71.49000000000001,1335.076738,157.203358,1177.87338,19.497899
58.62,464.91,22.0,20.56,3.19,23.29,56.48,20.23,1.73,0.13,0.28,0.05,0.03,2.22,898220.459,221840.324,141978.676,9365.579,1481.633,890.0,390.0,16.05837,1.96269,0.559418,0.131114,1172.4,76.71,1274.166671,153.215888,1120.950783,18.711592
67.39,476.36,20.83,13.12,2.47,20.97,57.19,21.84,2.81,0.15,0.33,0.1,0.02,3.42,941220.623,232660.452,145248.672,9833.636,1513.731,890.0,390.0,16.691931,2.040125,0.585712,0.137276,1347.8,79.03,1331.7571139999998,156.98603899999998,1174.771075,19.455044
75.07,548.8,32.64,13.17,1.1,28.56,54.04,17.4,3.36,0.21,0.46,0.15,0.04,4.22,1213267.074,301115.48,165936.752,12794.863,1716.8,890.0,390.0,20.700243,2.53003,0.752067,0.176266,1501.4,71.44,1696.110969,180.838415,1515.272554,24.158606
63.05,497.51,13.51,12.71,0.59,25.18,55.59,19.23,2.72,0.22,0.35,0.09,0.03,3.42,1020648.873,252646.977,151288.883,10698.213,1573.02,890.0,390.0,17.862221,2.18316,0.634282,0.14866,1261.0,74.82000000000001,1438.135966,163.95011599999998,1274.18585,20.828323
21.79,362.5,14.69,28.41,3.4,28.55,50.6,20.84,0.5,0.04,0.07,0.01,0.01,0.62,513622.487,125063.966,112731.488,5179.23,1194.55,890.0,390.0,10.391733,1.270101,0.324238,0.075993,435.8,71.44,759.071721,119.495268,639.576453,12.062065
64.97,459.11,29.77,9.21,0.87,33.91,49.39,16.69,2.07,0.18,0.29,0.07,0.02,2.63,876438.716,216359.386,140322.258,9128.485,1465.374,890.0,390.0,15.73744,1.923465,0.546098,0.127992,1299.4,66.08,1244.994219,151.30611700000003,1093.6881019999998,18.334995
19.31,350.0,16.87,25.99,3.54,30.49,49.77,19.74,0.1,0.04,0.07,0.01,0.01,0.23,466679.077,113251.599,109161.623,4668.251,1159.51,890.0,390.0,9.700073,1.185565,0.295533,0.069266,386.2,69.51,696.20006,115.379384,580.8206759999999,11.250437000000002
34.61,442.2,15.59,27.93,3.85,23.66,56.77,19.57,1.3,0.08,0.15,0.04,0.02,1.58,812933.671,200379.616,135492.945,8437.233,1417.971,890.0,390.0,14.801761,1.809104,0.507265,0.11889,692.2,76.34,1159.941436,145.738149,1014.203287,17.23702
77.35,542.58,30.16,6.22,4.07,20.17,58.4,21.44,3.67,0.28,0.41,0.13,0.04,4.52,1189908.033,295237.646,164160.387,12540.599,1699.363,890.0,390.0,20.356073,2.487964,0.737783,0.172918,1547.0,79.84,1664.826028,178.790349,1486.035679,23.754738
40.95,381.54,11.76,23.27,3.19,31.98,49.61,18.4,0.42,0.06,0.06,0.01,0.01,0.56,585126.69,143056.563,118169.106,5957.553,1247.925,890.0,390.0,11.445271,1.398867,0.367963,0.086241,819.0,68.00999999999999,854.8378369999999,125.764584,729.0732529999999,13.298342
59.04,453.45,23.95,10.13,1.08,26.48,55.09,18.43,2.18,0.14,0.39,0.07,0.03,2.81,855182.74,211010.746,138705.824,8897.114,1449.508,890.0,390.0,15.424256,1.885187,0.5331,0.124945,1180.8,73.52000000000001,1216.525932,149.442446,1067.083486,17.967488
32.32,429.99,15.48,17.86,2.73,27.46,52.77,19.78,1.5,0.08,0.11,0.03,0.01,1.73,767079.348,188841.296,132005.902,7938.108,1383.743,890.0,390.0,14.126147,1.726529,0.479226,0.112319,646.4,72.55000000000001,1098.528397,141.717753,956.810644,16.444221
67.12,496.02,35.69,13.81,2.81,30.91,50.82,18.27,2.88,0.21,0.35,0.09,0.04,3.58,1015053.218,251238.942,150863.355,10637.304,1568.843,890.0,390.0,17.779775,2.173084,0.63086,0.147858,1342.4,69.09,1430.641662,163.459502,1267.1821599999998,20.731577
21.01,391.2,14.81,22.67,2.58,29.0,56.1,14.9,1.03,0.06,0.03,0.02,0.01,1.15,621404.557,152185.16,120927.897,6352.438,1275.004,890.0,390.0,11.979786,1.464196,0.390146,0.091441,420.2000000000001,71.0,903.425056,128.945339,774.479717,13.925569
55.63,464.74,28.76,13.58,0.5,31.85,52.08,16.07,2.62,0.18,0.5,0.09,0.03,3.41,897582.028,221679.676,141930.126,9358.63,1481.157,890.0,390.0,16.048964,1.96154,0.559027,0.131022,1112.6,68.15,1273.3116169999998,153.159913,1120.151704,18.700553000000003
64.72,541.72,22.19,10.94,2.1,23.08,57.75,19.17,3.47,0.25,0.51,0.14,0.03,4.42,1186678.326,294424.955,163914.781,12505.444,1696.952,890.0,390.0,20.308487,2.482148,0.735808,0.172455,1294.4,76.92,1660.500458,178.50717699999996,1481.993281,23.698898
35.02,468.15,15.79,26.42,1.04,25.72,54.02,20.26,2.26,0.12,0.25,0.04,0.02,2.69,910388.191,224902.09,142903.985,9498.025,1490.716,890.0,390.0,16.237649,1.984602,0.566858,0.132857,700.4000000000001,74.28,1290.4630069999998,154.28272599999997,1136.180281,18.921966
57.58,496.22,25.19,3.0,1.99,31.36,53.71,14.93,1.87,0.15,0.37,0.05,0.01,2.46,1015804.313,251427.94,150920.473,10645.48,1569.404,890.0,390.0,17.790842,2.174436,0.631319,0.147965,1151.6,68.64,1431.6476100000002,163.525357,1268.122253,20.744562
48.17,450.79,24.83,22.14,0.5,28.15,55.33,16.52,1.85,0.13,0.24,0.05,0.02,2.29,845193.183,208497.075,137946.156,8788.377,1442.051,890.0,390.0,15.27707,1.867198,0.526992,0.123514,963.4,71.85,1203.146842,148.566584,1054.580258,17.794774
60.97,467.3,18.4,11.72,2.15,28.8,52.94,18.26,2.68,0.18,0.41,0.09,0.03,3.39,907196.039,224098.849,142661.234,9463.279,1488.333,890.0,390.0,16.190616,1.978853,0.564906,0.1324,1219.4,71.2,1286.187734,154.00284600000003,1132.184888,18.866775
65.73,525.75,30.7,15.75,2.6,23.71,57.59,18.7,3.65,0.28,0.34,0.15,0.05,4.47,1126703.425,279333.476,159353.921,11852.617,1652.184,890.0,390.0,19.424821,2.374145,0.699134,0.163859,1314.6,76.29,1580.175623,173.248722,1406.926901,22.661959
49.25,444.8,18.16,14.68,0.57,25.4,56.41,18.19,1.9,0.12,0.16,0.05,0.01,2.25,822697.9,202836.588,136235.477,8543.516,1425.259,890.0,390.0,14.945627,1.826688,0.513236,0.12029,985.0,74.6,1173.0187400000002,146.594252,1026.424488,17.405841
38.77,402.87,20.82,15.58,4.97,27.09,55.04,17.87,1.25,0.05,0.08,0.0,0.01,1.39,665230.925,163213.185,124260.723,6829.488,1307.718,890.0,390.0,12.62552,1.54312,0.416946,0.097722,775.4000000000001,72.91,962.122039,132.787929,829.3341100000001,14.683307999999998
20.29,355.4,15.68,22.01,3.09,30.03,54.84,15.13,0.68,0.04,0.09,0.01,0.0,0.82,486958.63,118354.541,110703.805,4888.993,1174.647,890.0,390.0,9.99887,1.222085,0.307933,0.072172,405.8,69.97,723.360616,117.157445,606.203171,11.60106
29.49,350.71,15.84,29.24,2.72,30.01,50.5,19.49,0.58,0.03,0.07,0.0,0.0,0.68,469345.463,113922.541,109364.391,4697.274,1161.5,890.0,390.0,9.739359,1.190367,0.297163,0.069648,589.8,69.99,699.771169,115.613165,584.158004,11.296537
26.03,350.0,20.86,20.89,4.39,30.57,51.8,17.63,0.67,0.03,0.09,0.0,0.01,0.81,466679.077,113251.599,109161.623,4668.251,1159.51,890.0,390.0,9.700073,1.185565,0.295533,0.069266,520.6,69.42999999999999,696.20006,115.379384,580.8206759999999,11.250437000000002
44.96,521.33,18.25,11.49,2.28,26.61,56.13,17.27,2.65,0.2,0.35,0.11,0.02,3.34,1110104.235,275156.623,158091.617,11671.935,1639.794,890.0,390.0,19.18025,2.344253,0.688983,0.16148,899.2,73.4,1557.944204,171.793346,1386.150858,22.374966000000004
41.74,529.55,21.75,9.85,0.91,19.62,56.6,23.78,2.47,0.2,0.41,0.08,0.02,3.18,1140974.222,282924.435,160439.16,12007.955,1662.837,890.0,390.0,19.635086,2.399844,0.70786,0.165905,834.8000000000001,80.38,1599.2886090000002,174.49995199999998,1424.788657,22.908695
30.3,442.57,12.87,27.02,2.23,23.92,56.61,19.47,1.41,0.07,0.14,0.05,0.02,1.68,814323.196,200729.262,135598.613,8452.358,1419.008,890.0,390.0,14.822234,1.811607,0.508115,0.119089,606.0,76.08,1161.8024369999998,145.859979,1015.942458,17.261045
40.27,459.19,14.72,16.47,0.77,22.78,58.85,18.38,2.47,0.16,0.38,0.09,0.03,3.14,876739.154,216434.985,140345.106,9131.755,1465.599,890.0,390.0,15.741866,1.924006,0.546282,0.128035,805.4000000000001,77.23,1245.3965989999997,151.33246,1094.064139,18.340189
60.34,512.54,32.24,23.04,1.31,28.68,51.26,20.06,2.65,0.2,0.38,0.13,0.03,3.38,1077093.629,266850.166,155581.288,11312.614,1615.153,890.0,390.0,18.693874,2.284807,0.668797,0.156749,1206.8000000000002,71.32,1513.73285,168.899055,1344.833795,21.804227000000004
45.73,391.89,19.32,18.31,0.5,32.93,50.33,16.74,1.59,0.07,0.22,0.0,0.01,1.89,623995.833,152837.202,121124.954,6380.644,1276.938,890.0,390.0,12.017966,1.468863,0.391731,0.091812,914.6,67.07,906.895571,129.17253599999998,777.7230349999999,13.970372
53.42,515.32,17.55,5.87,1.57,23.51,62.11,14.38,2.09,0.16,0.31,0.14,0.02,2.72,1087533.844,269477.237,156375.226,11426.256,1622.946,890.0,390.0,18.847699,2.303608,0.675182,0.158246,1068.4,76.49,1527.715509,169.814428,1357.901081,21.984735
64.78,545.39,33.5,20.04,1.81,26.04,51.86,22.1,3.53,0.3,0.46,0.11,0.03,4.44,1200460.911,297893.066,164962.893,12655.467,1707.24,890.0,390.0,20.511558,2.506968,0.744236,0.17443,1295.6,73.96000000000001,1678.959577,179.7156,1499.243977,23.937192000000003
66.18,514.86,29.22,12.0,2.54,24.45,56.1,19.45,3.0,0.26,0.4,0.13,0.04,3.82,1085806.326,269042.542,156243.855,11407.452,1621.657,890.0,390.0,18.822246,2.300497,0.674125,0.157998,1323.6,75.55,1525.4018319999998,169.66296400000002,1355.7388679999997,21.954866
30.64,428.05,11.24,18.11,4.26,25.97,53.9,20.13,1.46,0.09,0.19,0.02,0.02,1.78,759793.731,187008.017,131451.858,7858.804,1378.305,890.0,390.0,14.018801,1.713409,0.47477,0.111274,612.8,74.03,1088.770715,141.078967,947.691748,16.318254000000003
38.29,474.78,22.91,12.52,4.65,22.92,56.95,20.14,2.12,0.16,0.22,0.06,0.02,2.58,935286.975,231167.369,144797.441,9769.049,1509.302,890.0,390.0,16.604506,2.02944,0.582084,0.136426,765.8,77.09,1323.8101360000005,156.465792,1167.344344,19.352456000000004
35.77,413.5,17.97,14.44,3.27,29.18,52.92,17.9,1.18,0.08,0.16,0.03,0.02,1.46,705151.601,173258.422,127296.536,7264.024,1337.517,890.0,390.0,13.213708,1.615009,0.441357,0.103443,715.4000000000001,70.82,1015.5881,136.288077,879.300023,15.373517
46.38,452.0,20.73,8.41,5.0,33.2,51.34,15.47,1.81,0.08,0.15,0.08,0.02,2.15,849737.305,209640.512,138291.719,8837.84,1445.443,890.0,390.0,15.344023,1.875381,0.52977,0.124165,927.6,66.81,1209.232819,148.965002,1060.2678170000002,17.873339
27.09,425.0,19.38,25.17,2.82,27.84,51.72,20.44,1.27,0.1,0.12,0.04,0.01,1.53,748339.539,184125.799,130580.811,7734.125,1369.755,890.0,390.0,13.850036,1.692782,0.467766,0.109633,541.8,72.16,1073.430029,140.074691,933.355338,16.120216999999997
54.19,487.66,27.31,18.54,0.5,32.37,51.56,16.06,3.03,0.21,0.35,0.08,0.02,3.7,983657.465,243338.832,148475.83,10295.561,1545.408,890.0,390.0,17.317193,2.116546,0.611662,0.143358,1083.8,67.62,1388.593096,160.70679899999996,1227.886297,20.188759
67.27,578.41,19.0,13.63,1.77,24.8,54.22,20.98,3.96,0.27,0.67,0.16,0.04,5.1,1324466.624,329096.614,174393.048,14005.27,1799.804,890.0,390.0,22.338649,2.730279,0.820065,0.192203,1345.4,75.2,1845.04136,190.588122,1654.453238,26.081196
40.75,435.09,11.65,20.83,2.62,28.1,52.99,18.91,1.28,0.12,0.2,0.06,0.02,1.68,786232.259,193660.742,133462.406,8146.588,1398.04,890.0,390.0,14.408345,1.76102,0.490937,0.115063,815.0,71.9,1124.180035,143.397034,980.783001,16.775364999999997
25.53,386.72,15.2,18.73,3.49,27.46,54.58,17.96,1.25,0.05,0.11,0.03,0.01,1.46,604580.039,147951.608,119648.458,6169.303,1262.446,890.0,390.0,11.731895,1.433899,0.379858,0.089029,510.6,72.53999999999999,880.891854,127.470207,753.421647,13.634681
46.4,441.68,25.05,14.11,1.27,29.84,50.22,19.94,1.79,0.08,0.26,0.06,0.01,2.21,810980.825,199888.222,135344.439,8415.976,1416.513,890.0,390.0,14.772988,1.805588,0.506071,0.11861,928.0,70.16,1157.3259750000002,145.56692800000002,1011.759047,17.203256999999997
57.19,437.76,14.03,15.24,2.32,33.79,51.68,14.53,1.62,0.11,0.2,0.04,0.01,1.98,796259.372,196183.863,134224.929,8255.733,1405.524,890.0,390.0,14.556083,1.779077,0.497069,0.116501,1143.8,66.21,1137.609421,144.27618600000002,993.333235,16.948729999999998
19.36,350.0,13.88,24.37,2.31,27.28,53.57,19.16,0.86,0.04,0.07,0.0,0.01,0.98,466679.077,113251.599,109161.623,4668.251,1159.51,890.0,390.0,9.700073,1.185565,0.295533,0.069266,387.2,72.73,696.20006,115.379384,580.8206759999999,11.250437000000002
17.24,418.96,17.2,27.91,3.48,22.98,57.34,19.68,1.24,0.09,0.14,0.01,0.01,1.48,725656.483,178418.064,128855.853,7487.22,1352.823,890.0,390.0,13.515826,1.651935,0.453896,0.106382,344.79999999999995,77.02000000000001,1043.050443,138.08589600000002,904.964547,15.728039
33.47,366.42,17.97,15.44,4.54,30.8,50.41,18.79,0.73,0.05,0.12,0.01,0.01,0.92,528343.941,128768.324,113850.997,5339.473,1205.539,890.0,390.0,10.608638,1.296612,0.33324,0.078103,669.4,69.19999999999999,778.788274,120.786009,658.002265,12.316593
42.06,453.47,22.28,13.29,0.96,32.28,51.56,16.16,2.1,0.09,0.25,0.04,0.02,2.5,855257.85,211029.646,138711.535,8897.931,1449.564,890.0,390.0,15.425362,1.885322,0.533146,0.124956,841.2,67.72,1216.626526,149.44903000000002,1067.177496,17.968785999999998
30.36,397.38,14.33,13.52,2.88,26.64,52.89,20.47,1.07,0.09,0.13,0.04,0.02,1.35,644613.379,158025.194,122692.838,6605.066,1292.328,890.0,390.0,12.321743,1.505991,0.404338,0.094767,607.2,73.36,934.508805,130.980232,803.5285729999999,14.326838999999998
53.28,499.23,27.61,9.65,0.85,24.39,53.23,22.38,2.66,0.24,0.38,0.11,0.02,3.41,1027108.286,254272.358,151780.096,10768.524,1577.841,890.0,390.0,17.957394,2.194793,0.638232,0.149586,1065.6,75.61,1446.7871049999997,164.516461,1282.270644,20.940005
33.02,394.64,17.09,25.3,2.76,27.6,55.98,16.41,1.06,0.06,0.12,0.02,0.01,1.27,634323.384,155435.923,121910.324,6493.059,1284.647,890.0,390.0,12.170131,1.487461,0.398046,0.093292,660.4000000000001,72.39,920.727337,130.07802999999998,790.649307,14.14893
32.41,428.57,18.59,13.8,5.24,31.28,49.26,19.46,1.15,0.1,0.15,0.01,0.02,1.44,761746.576,187499.411,131600.365,7880.061,1379.762,890.0,390.0,14.047575,1.716926,0.475965,0.111554,648.1999999999999,68.72,1091.386175,141.25018799999995,950.135987,16.35202
18.28,390.48,15.1,22.36,4.53,32.82,46.74,20.44,0.91,0.06,0.12,0.0,0.01,1.1,618700.617,151504.767,120722.273,6323.005,1272.986,890.0,390.0,11.939946,1.459327,0.388493,0.091053,365.6,67.18,899.8036480000001,128.708264,771.095384,13.878819000000002
72.13,517.46,20.43,12.51,2.29,25.63,54.59,19.78,3.1,0.23,0.44,0.14,0.04,3.95,1095570.555,271499.514,156986.387,11513.736,1628.945,890.0,390.0,18.966112,2.31808,0.680096,0.159397,1442.6,74.37,1538.4791369999998,170.519068,1367.960069,22.123684999999995
46.69,490.92,33.22,9.52,2.35,22.12,58.33,19.55,2.56,0.12,0.33,0.09,0.03,3.15,995900.307,246419.497,149406.85,10428.825,1554.546,890.0,390.0,17.497578,2.138593,0.619148,0.145113,933.8,77.88,1404.990025,161.780221,1243.209804,20.400432
47.42,518.63,25.8,19.72,2.83,22.72,56.35,20.93,2.57,0.19,0.33,0.09,0.02,3.2,1099964.459,272605.151,157320.526,11561.563,1632.225,890.0,390.0,19.030851,2.325993,0.682783,0.160027,948.4,77.28,1544.3639240000005,170.904314,1373.45961,22.199654
34.82,350.0,20.89,28.48,1.51,26.55,55.99,17.45,0.24,0.05,0.05,0.0,0.01,0.35,466679.077,113251.599,109161.623,4668.251,1159.51,890.0,390.0,9.700073,1.185565,0.295533,0.069266,696.4,73.44,696.20006,115.379384,580.8206759999999,11.250437000000002
23.02,375.59,10.99,27.58,1.74,25.73,52.53,21.74,0.97,0.06,0.18,0.02,0.01,1.24,562781.626,137433.876,116469.85,5714.327,1231.245,890.0,390.0,11.11604,1.358628,0.354299,0.083039,460.4,74.27,824.9109240000001,123.805422,701.1055020000001,12.912005999999998
30.97,446.1,14.99,31.63,2.53,26.4,51.83,21.78,1.68,0.07,0.14,0.04,0.01,1.94,827580.015,204065.075,136606.743,8596.658,1428.904,890.0,390.0,15.017559,1.83548,0.516221,0.120989,619.4,73.61,1179.5573950000005,147.022305,1032.53509,17.490249000000002
20.29,369.67,8.42,22.06,4.05,26.05,56.79,17.16,0.51,0.06,0.07,0.0,0.01,0.65,540549.227,131839.539,114779.162,5472.327,1214.65,890.0,390.0,10.78847,1.318591,0.340704,0.079852,405.8,73.95,795.134905,121.856139,673.2787659999999,12.527617
63.68,600.85,27.74,13.77,2.15,20.97,59.38,19.65,4.3,0.32,0.58,0.15,0.04,5.39,1408739.434,350302.175,180801.669,14922.58,1862.71,890.0,390.0,23.580318,2.882038,0.871597,0.20428,1273.6,79.03,1957.908568,197.976959,1759.931609,27.538233
30.38,418.89,15.08,25.01,1.26,25.34,54.14,20.52,1.28,0.13,0.18,0.02,0.01,1.62,725393.6,178351.915,128835.862,7484.359,1352.627,890.0,390.0,13.511953,1.651461,0.453735,0.106344,607.6,74.66,1042.698363,138.062848,904.635515,15.723493
25.01,435.27,12.54,23.43,0.5,24.92,57.76,17.33,2.28,0.12,0.25,0.02,0.02,2.7,786908.244,193830.84,133513.812,8153.946,1398.544,890.0,390.0,14.418305,1.762237,0.491351,0.11516,500.2000000000001,75.09,1125.085386,143.456302,981.629084,16.787053
28.33,418.45,14.83,23.1,1.9,24.28,56.12,19.6,0.93,0.09,0.17,0.04,0.01,1.24,723741.192,177936.119,128710.202,7466.372,1351.393,890.0,390.0,13.487606,1.648486,0.452725,0.106107,566.5999999999999,75.72,1040.485278,137.917967,902.567311,15.694924
18.9,398.75,19.94,20.72,3.12,37.97,47.8,14.22,1.53,0.06,0.14,0.03,0.01,1.76,649758.377,159319.829,123084.096,6661.069,1296.169,890.0,390.0,12.397549,1.515256,0.407484,0.095504,378.0,62.02,941.39954,131.431334,809.968206,14.415793
42.33,373.06,24.79,14.9,2.36,30.49,53.01,16.5,0.91,0.05,0.08,0.0,0.01,1.06,553280.28,135043.053,115747.309,5610.905,1224.153,890.0,390.0,10.976048,1.341517,0.348489,0.081677,846.5999999999999,69.50999999999999,812.1857000000002,122.972367,689.2133330000001,12.747731000000002
30.42,400.8,13.96,19.22,1.35,24.21,57.79,18.01,0.84,0.08,0.15,0.03,0.01,1.11,657457.096,161257.057,123669.553,6744.87,1301.916,890.0,390.0,12.510981,1.52912,0.412192,0.096608,608.4000000000001,75.8,951.710492,132.10633900000002,819.604153,14.548901
61.75,545.3,22.25,9.47,1.44,18.0,64.16,17.85,4.11,0.25,0.54,0.16,0.04,5.1,1200122.919,297808.017,164937.19,12651.788,1706.988,890.0,390.0,20.506578,2.506359,0.744029,0.174382,1235.0,82.00999999999999,1678.506902,179.685966,1498.820936,23.931348000000003
69.8,502.73,25.03,11.74,0.92,27.08,54.06,18.85,2.84,0.22,0.38,0.1,0.04,3.57,1040252.441,257579.821,152779.658,10911.598,1587.653,890.0,390.0,18.151059,2.218463,0.646269,0.151469,1396.0,72.91,1464.391171,165.668909,1298.722262,21.16726
59.49,422.49,16.91,12.42,2.65,34.72,52.09,13.19,1.52,0.13,0.2,0.04,0.01,1.91,738913.302,181753.876,129863.983,7631.521,1362.719,890.0,390.0,13.711151,1.675808,0.462002,0.108282,1189.8,65.28,1060.805401,139.248223,921.557178,15.957243
30.05,414.92,16.42,15.15,2.34,29.72,54.01,16.27,1.21,0.1,0.22,0.03,0.01,1.59,710484.372,174600.307,127702.073,7322.072,1341.498,890.0,390.0,13.292281,1.624612,0.444618,0.104207,601.0,70.28,1022.730322,136.75564300000002,885.974679,15.465718
63.69,467.83,30.11,3.69,3.11,28.09,53.53,18.38,2.15,0.19,0.32,0.09,0.03,2.77,909186.439,224599.693,142812.596,9484.944,1489.819,890.0,390.0,16.219942,1.982438,0.566123,0.132685,1273.8,71.91,1288.8534909999996,154.17735899999997,1134.676132,18.901188
27.27,430.57,17.26,20.42,1.99,22.68,56.51,20.81,1.33,0.08,0.16,0.04,0.02,1.63,769257.522,189389.39,132171.543,7961.818,1385.369,890.0,390.0,14.15824,1.730452,0.480557,0.112631,545.4,77.32,1101.445642,141.90873000000002,959.536912,16.48188
43.15,438.4,14.97,16.73,0.5,32.99,48.65,18.35,1.77,0.11,0.23,0.04,0.02,2.17,798662.874,196788.657,134407.707,8281.895,1407.319,890.0,390.0,14.591496,1.783405,0.498539,0.116845,863.0,67.0,1140.8284519999995,144.48692099999997,996.341531,16.990285
30.14,451.4,19.22,19.54,3.16,21.11,58.89,19.99,1.77,0.1,0.19,0.04,0.02,2.12,847484.021,209073.518,138120.366,8813.313,1443.761,890.0,390.0,15.310823,1.871323,0.528393,0.123842,602.8,78.88,1206.214979,148.76744,1057.4475389999998,17.834381
25.63,423.5,14.17,24.51,3.71,32.56,50.05,17.4,1.06,0.08,0.16,0.02,0.01,1.33,742706.329,182708.315,130152.428,7672.808,1365.55,890.0,390.0,13.767037,1.682638,0.464322,0.108825,512.6,67.44999999999999,1065.8854300000005,139.580786,926.304644,16.022822
42.27,396.77,18.95,23.19,2.25,30.06,52.31,17.63,1.42,0.07,0.19,0.04,0.02,1.74,642322.541,157448.75,122518.629,6580.13,1290.618,890.0,390.0,12.28799,1.501866,0.402937,0.094439,845.4000000000001,69.94,931.440668,130.779377,800.661291,14.287232
71.7,507.51,36.9,13.35,2.0,24.93,55.15,19.92,2.81,0.21,0.33,0.12,0.04,3.5,1058203.601,262096.87,154144.775,11106.996,1601.053,890.0,390.0,18.41555,2.250789,0.657246,0.154042,1434.0,75.07,1488.4332949999998,167.242824,1321.190471,21.477627
49.02,439.34,22.34,21.24,1.14,26.85,53.7,19.45,1.77,0.14,0.2,0.05,0.02,2.18,802193.019,197676.947,134676.16,8320.321,1409.954,890.0,390.0,14.643509,1.789762,0.500697,0.117351,980.4,73.15,1145.5564009999998,144.796435,1000.759966,17.051319
34.84,397.61,15.32,30.37,4.2,28.37,52.6,19.03,1.07,0.07,0.07,0.02,0.01,1.24,645477.138,158242.541,122758.524,6614.468,1292.973,890.0,390.0,12.334469,1.507547,0.404866,0.094891,696.8000000000001,71.63,935.665644,131.055965,804.609679,14.341773000000002
73.61,520.38,29.87,20.03,3.81,33.43,46.41,20.16,3.16,0.22,0.36,0.11,0.04,3.89,1106536.536,274258.883,157820.307,11633.1,1637.131,890.0,390.0,19.127683,2.337828,0.686802,0.160969,1472.2,66.57,1553.1659570000002,171.480538,1381.685419,22.313282
31.66,436.27,20.14,26.56,3.65,23.96,56.69,19.35,1.43,0.08,0.18,0.03,0.01,1.73,790663.717,194775.829,133799.402,8194.824,1401.348,890.0,390.0,14.473637,1.769,0.493647,0.115699,633.2,76.03999999999999,1130.11512,143.785574,986.329546,16.851982999999997
60.85,448.18,24.98,15.15,2.43,28.98,53.81,17.2,2.25,0.19,0.25,0.07,0.02,2.78,835391.398,206030.652,137200.769,8681.685,1434.735,890.0,390.0,15.132652,1.849547,0.520998,0.122109,1217.0,71.01,1190.0192390000002,147.70718899999997,1042.31205,17.625306
62.86,513.01,13.86,8.1,2.93,26.83,53.86,19.3,2.71,0.17,0.32,0.06,0.03,3.29,1078858.701,267294.311,155715.515,11331.827,1616.471,890.0,390.0,18.71988,2.287985,0.669877,0.157002,1257.2,73.16,1516.0968249999996,169.053813,1347.043012,21.834744
42.6,410.85,13.69,17.66,1.59,30.51,52.64,16.85,1.36,0.11,0.26,0.02,0.01,1.75,695199.598,170754.2,126539.725,7155.697,1330.088,890.0,390.0,13.067076,1.597087,0.435271,0.102017,852.0,69.49000000000001,1002.259308,135.41551,866.843798,15.201451
54.95,483.07,21.71,16.49,2.07,27.17,53.76,19.07,2.88,0.21,0.34,0.09,0.03,3.55,966419.845,239001.33,147164.975,10107.93,1532.541,890.0,390.0,17.063215,2.085504,0.601121,0.140888,1099.0,72.83,1365.506621,159.195446,1206.311175,19.890728
42.54,363.22,14.49,20.49,0.78,37.49,47.5,15.02,0.77,0.05,0.11,0.02,0.01,0.96,516326.428,125744.358,112937.112,5208.662,1196.569,890.0,390.0,10.431573,1.274971,0.325892,0.076381,850.8,62.52,762.693129,119.732343,642.960786,12.108817
43.16,448.08,17.5,22.2,2.43,22.95,59.36,17.69,1.64,0.1,0.27,0.05,0.02,2.08,835015.851,205936.153,137172.21,8677.597,1434.454,890.0,390.0,15.127118,1.84887,0.520768,0.122055,863.1999999999999,77.05,1189.516265,147.674261,1041.842004,17.618811
58.21,505.24,28.11,13.78,2.65,26.29,55.64,18.06,3.61,0.17,0.35,0.13,0.04,4.3,1049678.678,259951.744,153496.487,11014.202,1594.689,890.0,390.0,18.289944,2.235438,0.652033,0.15282,1164.2,73.7,1477.0158,166.495378,1310.520422,21.330234999999995
24.06,451.29,11.38,29.18,2.93,30.26,50.48,19.27,1.26,0.1,0.16,0.06,0.02,1.6,847070.919,208969.569,138088.951,8808.817,1443.453,890.0,390.0,15.304737,1.870579,0.52814,0.123783,481.2,69.75,1205.6617089999995,148.73122100000003,1056.930488,17.827239
22.24,449.87,10.94,25.97,2.93,20.65,59.74,19.61,1.23,0.1,0.21,0.04,0.01,1.58,841738.148,207627.684,137683.414,8750.769,1439.472,890.0,390.0,15.226164,1.860976,0.524879,0.123019,444.8,79.35,1198.519487,148.263655,1050.2558319999998,17.735038
67.45,501.97,20.61,15.14,2.16,21.64,57.64,20.72,2.62,0.22,0.38,0.12,0.02,3.36,1037398.281,256861.629,152562.611,10880.53,1585.522,890.0,390.0,18.109006,2.213323,0.644524,0.15106,1349.0,78.36,1460.568573,165.418663,1295.14991,21.117913
34.93,396.34,23.06,16.09,4.07,29.39,54.33,16.28,0.92,0.08,0.16,0.0,0.01,1.18,640707.687,157042.405,122395.826,6562.552,1289.413,890.0,390.0,12.264197,1.498958,0.40195,0.094207,698.6,70.61,929.277883,130.637791,798.6400920000001,14.259312
53.27,435.57,20.62,19.15,2.8,24.28,55.4,20.32,1.31,0.11,0.19,0.07,0.02,1.69,788034.886,194114.337,133599.489,8166.209,1399.385,890.0,390.0,14.434904,1.764266,0.49204,0.115322,1065.4,75.72,1126.5943060000002,143.55508300000002,983.039223,16.806531999999997
35.19,497.4,15.15,23.91,2.68,25.64,52.35,22.01,1.83,0.17,0.23,0.06,0.02,2.31,1020235.771,252543.028,151257.468,10693.716,1572.711,890.0,390.0,17.856135,2.182416,0.634029,0.148601,703.8,74.36,1437.582694,163.91389500000002,1273.6687989999998,20.821181
48.52,457.09,12.87,28.59,2.66,25.2,54.63,20.17,2.0,0.14,0.25,0.06,0.02,2.47,868852.661,214450.507,139745.368,9045.911,1459.712,890.0,390.0,15.625667,1.909804,0.541459,0.126905,970.4,74.80000000000001,1234.8341590000002,150.640991,1084.193168,18.203835
58.4,490.33,23.87,11.51,0.5,25.26,54.19,20.55,2.14,0.14,0.33,0.08,0.02,2.72,993684.578,245861.953,149238.353,10404.707,1552.892,890.0,390.0,17.464931,2.134603,0.617793,0.144795,1168.0,74.74,1402.022483,161.585952,1240.436531,20.362122
44.33,438.98,15.49,13.44,3.23,28.23,53.73,18.04,1.88,0.11,0.2,0.07,0.02,2.28,800841.049,197336.75,134573.348,8305.604,1408.944,890.0,390.0,14.623589,1.787328,0.499871,0.117157,886.5999999999999,71.77,1143.7456949999998,144.67789599999998,999.067799,17.027945
38.36,401.68,13.98,17.6,1.08,27.87,54.71,17.43,1.41,0.11,0.15,0.02,0.01,1.7,660761.912,162088.648,123920.872,6780.843,1304.382,890.0,390.0,12.559674,1.535072,0.414213,0.097081,767.2,72.14,956.136657,132.396097,823.7405600000001,14.606039999999998
56.08,498.8,21.26,13.03,2.39,27.21,55.03,17.76,2.3,0.15,0.33,0.07,0.03,2.87,1025493.433,253866.013,151657.293,10750.946,1576.636,890.0,390.0,17.933601,2.191885,0.637244,0.149354,1121.6,72.79,1444.624321,164.374875,1280.249446,20.912084
68.4,587.62,26.81,9.01,1.09,19.1,63.21,17.69,4.07,0.26,0.54,0.15,0.04,5.07,1359054.528,337799.966,177023.324,14381.759,1825.623,890.0,390.0,22.848264,2.792565,0.841215,0.19716,1368.0,80.9,1891.3652,193.620706,1697.744494,26.679204
70.69,529.23,31.53,4.63,2.49,24.63,56.75,18.62,3.58,0.27,0.47,0.13,0.05,4.5,1139772.471,282622.038,160347.772,11994.874,1661.94,890.0,390.0,19.617379,2.39768,0.707125,0.165732,1413.8,75.37,1597.679095,174.394586,1423.2845089999998,22.887916
43.53,449.0,19.68,16.58,0.9,25.0,55.42,19.58,2.27,0.09,0.19,0.06,0.02,2.64,838470.886,206805.544,137434.952,8715.205,1437.033,890.0,390.0,15.178025,1.855092,0.522881,0.12255,870.6,75.0,1194.14362,147.97718999999998,1046.16643,17.678548000000003
25.23,423.32,15.2,16.85,2.21,26.77,55.21,18.02,1.05,0.12,0.19,0.04,0.02,1.42,742030.344,182538.217,130101.022,7665.45,1365.045,890.0,390.0,13.757077,1.681421,0.463908,0.108729,504.6,73.23,1064.980078,139.52151700000002,925.458561,16.011135
59.47,516.84,28.04,10.08,0.75,20.04,61.04,18.92,2.99,0.25,0.42,0.1,0.04,3.8,1093242.162,270913.62,156809.322,11488.391,1627.207,890.0,390.0,18.931805,2.313887,0.678672,0.159064,1189.4,79.96000000000001,1535.360702,170.31491999999997,1365.045782,22.083428
31.32,375.31,11.14,33.09,3.4,24.44,55.9,19.66,1.09,0.05,0.06,0.0,0.02,1.23,561730.094,137169.279,116389.885,5702.881,1230.46,890.0,390.0,11.100547,1.356734,0.353656,0.082888,626.4,75.56,823.502599,123.713226,699.7893730000001,12.893825
57.66,485.84,14.08,15.9,1.54,30.59,53.63,15.78,3.06,0.18,0.28,0.08,0.04,3.64,976822.505,241618.951,147956.057,10221.163,1540.306,890.0,390.0,17.216487,2.104237,0.607482,0.142379,1153.1999999999998,69.41,1379.438982,160.107526,1219.331456,20.070585
56.46,498.6,23.45,19.37,2.77,17.63,62.09,20.28,2.11,0.17,0.22,0.08,0.03,2.62,1024742.338,253677.015,151600.175,10742.77,1576.075,890.0,390.0,17.922534,2.190532,0.636785,0.149246,1129.2,82.37,1443.6183730000002,164.30901999999998,1279.309353,20.899097
22.02,365.49,13.01,8.79,4.39,31.29,51.49,17.22,1.1,0.08,0.11,0.01,0.01,1.31,524851.351,127889.484,113585.399,5301.456,1202.932,890.0,390.0,10.557178,1.290322,0.331105,0.077603,440.4,68.71000000000001,774.1106219999999,120.47978700000002,653.6308349999999,12.256208
54.28,502.83,27.07,9.68,2.03,27.13,53.45,19.41,2.2,0.18,0.3,0.07,0.02,2.77,1040627.988,257674.32,152808.217,10915.686,1587.933,890.0,390.0,18.156592,2.219139,0.646499,0.151523,1085.6,72.86,1464.894144,165.701836,1299.192308,21.173753
47.51,484.57,27.14,16.16,2.24,26.4,57.09,16.51,2.37,0.18,0.3,0.07,0.03,2.95,972053.054,240418.814,147593.359,10169.247,1536.746,890.0,390.0,17.146214,2.095648,0.604566,0.141695,950.2,73.60000000000001,1373.05122,159.689352,1213.361868,19.988123
53.8,544.37,25.88,5.49,1.73,24.53,59.82,15.66,4.0,0.24,0.47,0.11,0.04,4.86,1196630.329,296929.177,164671.592,12613.772,1704.381,890.0,390.0,20.455119,2.50007,0.741893,0.173881,1076.0,75.48,1673.829251,179.379745,1494.4495060000002,23.870963000000003
49.46,548.67,23.79,17.09,1.57,24.11,54.91,20.98,4.07,0.22,0.48,0.13,0.04,4.95,1212778.862,300992.631,165899.625,12789.548,1716.435,890.0,390.0,20.69305,2.52915,0.751768,0.176196,989.2,75.89,1695.457101,180.795608,1514.661493,24.150164
49.79,487.45,14.78,18.51,0.61,22.64,56.26,21.1,2.45,0.18,0.28,0.06,0.02,3.0,982868.816,243140.384,148415.856,10286.977,1544.819,890.0,390.0,17.305573,2.115126,0.61118,0.143245,995.8,77.36,1387.5368519999995,160.637652,1226.8992,20.175124
23.75,359.97,13.66,24.83,3.74,26.62,55.85,17.53,0.59,0.04,0.01,0.01,0.02,0.68,504121.141,122673.143,112008.947,5075.807,1187.458,890.0,390.0,10.251741,1.252991,0.318428,0.074632,475.0,73.38,746.346496,118.662212,627.6842839999999,11.897792
51.47,496.32,20.48,12.58,2.79,27.53,54.45,18.02,3.31,0.23,0.33,0.09,0.03,3.99,1016179.86,251522.439,150949.032,10649.568,1569.684,890.0,390.0,17.796375,2.175113,0.631549,0.148019,1029.4,72.47,1432.150583,163.558284,1268.592299,20.751056
55.61,473.45,17.66,12.17,1.49,26.75,52.23,21.02,2.08,0.13,0.28,0.06,0.02,2.57,930292.197,229910.533,144417.607,9714.68,1505.573,890.0,390.0,16.530913,2.020445,0.579029,0.13571,1112.2,73.25,1317.12059,156.02785999999998,1161.09273,19.266097
50.71,457.36,21.01,14.71,0.5,26.28,55.2,18.52,2.01,0.15,0.24,0.02,0.03,2.45,869866.639,214705.655,139822.477,9056.948,1460.469,890.0,390.0,15.640607,1.91163,0.542079,0.12705,1014.2,73.72,1236.192188,150.72989400000003,1085.462294,18.221366
36.58,460.75,14.07,19.55,2.8,23.76,53.85,22.39,1.93,0.14,0.18,0.05,0.03,2.33,882597.692,217909.168,140790.625,9195.526,1469.972,890.0,390.0,15.828186,1.934556,0.549864,0.128874,731.5999999999999,76.24000000000001,1253.2429830000003,151.84612300000003,1101.39686,18.44148
67.77,520.53,26.2,12.98,1.84,27.86,52.15,19.99,3.41,0.22,0.45,0.12,0.04,4.23,1107099.857,274400.631,157863.146,11639.232,1637.551,890.0,390.0,19.135983,2.338842,0.687146,0.16105,1355.4,72.14,1553.920417,171.529929,1382.3904880000002,22.323021
53.44,489.36,14.51,20.94,1.84,23.0,57.74,19.25,1.8,0.16,0.27,0.06,0.03,2.32,990041.769,244945.313,148961.331,10365.055,1550.173,890.0,390.0,17.411258,2.128043,0.615566,0.144273,1068.8,76.99000000000001,1397.143641,161.266559,1235.877082,20.29914
52.79,526.19,30.93,17.59,3.6,23.1,54.36,22.53,2.88,0.16,0.38,0.08,0.03,3.53,1128355.833,279749.271,159479.581,11870.603,1653.418,890.0,390.0,19.449167,2.37712,0.700144,0.164096,1055.8,76.89,1582.388706,173.39360200000002,1408.995104,22.690527000000003
57.07,478.7,26.2,17.96,2.36,29.55,52.69,17.76,2.54,0.18,0.29,0.07,0.02,3.1,950008.429,234871.727,145916.95,9929.292,1520.29,890.0,390.0,16.82141,2.05595,0.591086,0.138536,1141.4,70.45,1343.526688,157.756532,1185.770156,19.606982
66.27,448.77,16.45,17.24,0.5,27.67,52.1,20.23,2.73,0.2,0.26,0.1,0.04,3.34,837607.127,206588.196,137369.266,8705.803,1436.388,890.0,390.0,15.165298,1.853537,0.522353,0.122426,1325.4,72.33,1192.98678,147.90145700000002,1045.085323,17.663614
67.43,593.19,30.47,8.31,2.23,18.3,59.67,22.04,3.95,0.3,0.57,0.17,0.05,5.02,1379972.512,343063.557,178614.056,14609.452,1841.237,890.0,390.0,23.156468,2.830235,0.854006,0.200158,1348.6,81.71000000000001,1919.3808140000003,195.454745,1723.926069,27.040866999999995
63.16,506.92,26.28,15.04,3.43,26.54,52.55,20.91,2.44,0.25,0.43,0.09,0.03,3.24,1055987.872,261539.326,153976.277,11082.878,1599.399,890.0,390.0,18.382903,2.246799,0.655891,0.153725,1263.1999999999998,73.46,1485.4657519999998,167.048554,1318.417198,21.439318
59.63,503.18,24.0,14.82,1.52,19.69,60.97,19.34,2.11,0.15,0.28,0.07,0.02,2.63,1041942.404,258005.066,152908.174,10929.993,1588.914,890.0,390.0,18.175958,2.221506,0.647303,0.151712,1192.6,80.31,1466.654551,165.81708099999997,1300.83747,21.196479000000004
57.49,495.46,16.43,11.0,2.48,25.35,54.47,20.18,2.79,0.24,0.35,0.08,0.04,3.51,1012950.153,250709.748,150703.425,10614.412,1567.273,890.0,390.0,17.748789,2.169296,0.629574,0.147556,1149.8,74.65,1427.825011,163.27510999999998,1264.549901,20.695215
55.5,488.77,22.12,14.01,3.02,21.42,58.74,19.84,2.2,0.15,0.29,0.1,0.02,2.76,987826.04,244387.77,148792.834,10340.936,1548.519,890.0,390.0,17.378612,2.124053,0.614211,0.143956,1110.0,78.58,1394.1760990000002,161.07228899999998,1233.10381,20.260832
25.76,426.03,10.41,21.11,2.36,27.07,54.07,18.86,1.47,0.1,0.11,0.04,0.02,1.74,752207.676,185099.139,130874.968,7776.23,1372.642,890.0,390.0,13.907029,1.699748,0.470132,0.110187,515.2,72.93,1078.6106549999995,140.41384,938.196815,16.187096
52.62,466.43,16.52,16.66,1.59,24.57,56.24,19.19,2.3,0.16,0.27,0.09,0.03,2.85,903928.777,223276.708,142412.771,9427.714,1485.894,890.0,390.0,16.142476,1.972969,0.562908,0.131932,1052.4,75.43,1281.811864,153.71637900000002,1128.095485,18.810285
23.67,384.36,9.4,6.71,3.81,30.2,54.74,15.07,1.09,0.04,0.09,0.03,0.02,1.26,595717.123,145721.433,118974.467,6072.83,1255.83,890.0,390.0,11.601309,1.417938,0.374439,0.087759,473.4,69.81,869.0216829999999,126.693127,742.3285559999999,13.481445
39.49,500.8,32.85,26.36,1.04,23.27,56.41,20.32,2.67,0.12,0.27,0.07,0.03,3.16,1033004.378,255755.991,152228.471,10832.703,1582.243,890.0,390.0,18.044266,2.20541,0.641837,0.150431,789.8000000000001,76.72999999999999,1454.6837859999998,165.033417,1289.650369,21.041944
16.36,357.44,17.61,14.33,2.08,34.73,51.41,13.86,0.3,0.07,0.06,0.01,0.01,0.46,494619.795,120282.32,111286.406,4972.385,1180.366,890.0,390.0,10.111749,1.235881,0.312618,0.07327,327.2,65.27,733.621272,117.829157,615.792115,11.733518
19.1,402.5,15.84,22.15,3.77,25.72,58.06,16.22,1.18,0.07,0.12,0.04,0.01,1.42,663841.4,162863.539,124155.055,6814.363,1306.681,890.0,390.0,12.605047,1.540617,0.416096,0.097523,382.0,74.28,960.261038,132.66609899999995,827.5949390000001,14.659283
49.95,471.79,25.02,20.92,0.89,22.52,59.37,18.11,1.69,0.13,0.26,0.06,0.02,2.17,924058.112,228341.851,143943.529,9646.822,1500.92,890.0,390.0,16.43906,2.009219,0.575217,0.134817,999.0,77.47999999999999,1308.771234,155.48127100000005,1153.289963,19.158313
70.17,534.38,29.94,11.73,0.5,26.45,56.72,16.83,2.94,0.25,0.43,0.13,0.03,3.78,1159113.156,287488.734,161818.556,12205.397,1676.376,890.0,390.0,19.902343,2.432509,0.718952,0.168504,1403.4,73.55,1623.582219,176.090329,1447.4918899999998,23.222308
49.0,448.25,25.21,20.17,1.3,31.79,52.92,15.29,1.75,0.12,0.15,0.04,0.02,2.09,835654.282,206096.802,137220.76,8684.546,1434.931,890.0,390.0,15.136525,1.85002,0.521159,0.122147,980.0,68.21000000000001,1190.3713210000003,147.73023700000002,1042.641084,17.629851000000002
52.51,473.76,12.75,13.76,1.51,22.45,56.49,21.07,1.94,0.18,0.24,0.05,0.02,2.44,931456.393,230203.48,144506.14,9727.353,1506.442,890.0,390.0,16.548066,2.022542,0.579741,0.135877,1050.2,77.56,1318.679808,156.12993500000002,1162.5498730000002,19.286226
26.44,350.0,14.71,19.51,4.53,28.19,55.4,16.41,0.83,0.01,0.09,0.0,0.0,0.93,466679.077,113251.599,109161.623,4668.251,1159.51,890.0,390.0,9.700073,1.185565,0.295533,0.069266,528.8000000000001,71.81,696.20006,115.379384,580.8206759999999,11.250437000000002
61.53,541.12,27.02,15.63,1.04,18.91,60.56,20.53,3.53,0.24,0.5,0.1,0.04,4.41,1184425.042,293857.962,163743.427,12480.917,1695.27,890.0,390.0,20.275287,2.47809,0.73443,0.172132,1230.6,81.09,1657.4826179999998,178.30961399999998,1479.173004,23.659939
42.74,429.57,13.17,25.38,2.39,31.13,48.98,19.9,1.58,0.13,0.14,0.03,0.02,1.9,765502.049,188444.401,131885.954,7920.939,1382.566,890.0,390.0,14.102907,1.723689,0.478261,0.112092,854.8000000000001,68.88,1096.415909,141.579459,954.83645,16.416949000000002
26.73,368.38,18.29,17.39,2.02,36.15,47.57,16.28,0.41,0.04,0.11,0.01,0.0,0.58,535704.667,130620.503,114410.752,5419.594,1211.034,890.0,390.0,10.71709,1.309867,0.337741,0.079158,534.6,63.85,788.64655,121.43138,667.2151700000001,12.443856
45.39,503.89,21.78,9.69,2.42,30.14,54.06,15.8,2.44,0.17,0.28,0.09,0.03,3.01,1044608.789,258676.009,153110.942,10959.017,1590.905,890.0,390.0,18.215245,2.226308,0.648933,0.152094,907.8,69.86,1470.225662,166.050864,1304.174798,21.24258
53.76,451.13,17.33,15.6,2.76,34.55,51.35,14.1,1.99,0.13,0.22,0.05,0.02,2.4,846470.043,208818.371,138043.257,8802.276,1443.004,890.0,390.0,15.295884,1.869497,0.527772,0.123697,1075.2,65.45,1204.856951,148.678537,1056.178414,17.81685
28.62,400.84,11.13,28.02,3.43,24.3,56.14,19.56,1.08,0.05,0.13,0.03,0.01,1.29,657607.315,161294.857,123680.977,6746.505,1302.028,890.0,390.0,12.513195,1.529391,0.412284,0.096629,572.4,75.7,951.911682,132.11951000000002,819.7921719999999,14.551499
27.3,426.47,14.08,16.99,3.21,27.7,56.29,16.01,1.49,0.08,0.17,0.02,0.01,1.77,753860.084,185514.934,131000.628,7794.216,1373.876,890.0,390.0,13.931376,1.702724,0.471142,0.110424,546.0,72.3,1080.8237379999998,140.55871999999997,940.265018,16.215666
46.9,442.25,20.86,17.54,3.25,31.17,52.83,16.01,1.67,0.13,0.25,0.04,0.02,2.11,813121.445,200426.866,135507.225,8439.276,1418.111,890.0,390.0,14.804528,1.809443,0.50738,0.118917,938.0,68.84,1160.1929230000003,145.754612,1014.438311,17.240268
58.73,470.27,18.73,7.24,1.13,26.51,56.41,17.09,1.6,0.13,0.24,0.06,0.03,2.06,918349.793,226905.467,143509.434,9584.687,1496.659,890.0,390.0,16.354954,1.998939,0.571727,0.133998,1174.6,73.5,1301.12604,154.98078000000004,1146.14526,19.059618
54.58,479.65,24.77,9.03,1.86,25.31,53.31,21.38,3.15,0.19,0.26,0.12,0.01,3.74,953576.128,235769.467,146188.26,9968.126,1522.953,890.0,390.0,16.873977,2.062375,0.593267,0.139047,1091.6,74.69,1348.304934,158.069339,1190.235595,19.668666
47.23,458.59,24.57,19.86,1.17,26.05,54.81,19.14,2.3,0.13,0.3,0.09,0.02,2.83,874485.871,215867.991,140173.752,9107.228,1463.917,890.0,390.0,15.708667,1.919948,0.544904,0.127712,944.6,73.95,1242.378759,151.134897,1091.243862,18.301231
50.2,469.54,13.2,15.31,0.97,29.24,51.19,19.58,2.52,0.15,0.27,0.04,0.03,3.02,915608.298,226215.625,143300.954,9554.846,1494.612,890.0,390.0,16.314561,1.994002,0.57005,0.133606,1004.0,70.77,1297.4543349999997,154.740412,1142.713923,19.012219
29.63,382.7,15.63,24.27,3.14,29.91,52.0,18.09,0.76,0.08,0.05,0.01,0.01,0.9,589483.038,144152.75,118500.389,6004.972,1251.176,890.0,390.0,11.509457,1.406712,0.370626,0.086866,592.6,70.09,860.6723249999999,126.146537,734.5257879999999,13.373661
30.65,392.39,11.82,19.09,3.25,29.15,53.64,17.21,0.47,0.09,0.14,0.01,0.01,0.72,625873.57,153309.697,121267.748,6401.083,1278.34,890.0,390.0,12.045632,1.472244,0.392879,0.092081,613.0,70.85,909.410438,129.337171,780.073267,14.002836
17.34,401.04,14.18,20.84,2.83,28.11,55.03,16.87,1.12,0.09,0.13,0.02,0.01,1.37,658358.41,161483.855,123738.095,6754.68,1302.588,890.0,390.0,12.524261,1.530743,0.412743,0.096737,346.8,71.9,952.917628,132.185363,820.732265,14.564483999999998
58.59,515.91,17.42,12.46,0.78,23.19,57.9,18.91,3.51,0.25,0.46,0.14,0.03,4.39,1089749.573,270034.78,156543.724,11450.374,1624.6,890.0,390.0,18.880346,2.307598,0.676537,0.158563,1171.8000000000002,76.81,1530.6830510000002,170.008698,1360.674353,22.023044
38.92,498.5,19.55,17.59,0.5,25.05,55.63,19.32,2.2,0.13,0.25,0.03,0.02,2.63,1024366.791,253582.516,151571.616,10738.683,1575.795,890.0,390.0,17.917001,2.189856,0.636555,0.149193,778.4000000000001,74.95,1443.1154009999998,164.276094,1278.839307,20.892605
55.63,422.13,19.7,22.6,2.22,29.79,51.26,18.95,1.74,0.13,0.2,0.03,0.02,2.12,737561.332,181413.68,129761.171,7616.804,1361.709,890.0,390.0,13.691231,1.673373,0.461175,0.108088,1112.6,70.21,1058.9946960000002,139.129684,919.865012,15.933867
32.4,395.67,15.04,23.3,1.52,23.37,55.63,21.0,0.74,0.07,0.11,0.03,0.01,0.96,638191.521,156409.262,122204.481,6535.164,1287.535,890.0,390.0,12.227124,1.494427,0.400411,0.093846,648.0,76.63,925.907963,130.41718,795.490783,14.215808
54.87,575.88,24.28,7.09,3.05,23.2,56.27,20.53,4.21,0.27,0.49,0.16,0.04,5.17,1314965.278,326705.791,173670.507,13901.848,1792.712,890.0,390.0,22.198657,2.713169,0.814255,0.190841,1097.4,76.80000000000001,1832.316136,189.755067,1642.561069,25.916922
42.71,538.81,23.59,14.42,2.96,23.89,54.95,21.16,3.12,0.25,0.43,0.12,0.04,3.96,1175749.9,291675.036,163083.716,12386.488,1688.795,890.0,390.0,20.147468,2.462468,0.729125,0.170889,854.2,76.11,1645.863935,177.548999,1468.314936,23.50995
59.32,449.8,17.74,13.03,1.78,32.28,48.71,19.0,1.94,0.14,0.11,0.06,0.02,2.27,841475.264,207561.535,137663.423,8747.908,1439.276,890.0,390.0,15.222291,1.860502,0.524718,0.122981,1186.4,67.71000000000001,1198.167406,148.240607,1049.9267989999998,17.730491999999998
54.13,528.17,26.16,19.6,3.07,23.16,55.84,21.0,2.54,0.2,0.27,0.11,0.03,3.15,1135791.669,281620.35,160045.047,11951.543,1658.968,890.0,390.0,19.558726,2.390511,0.704691,0.165162,1082.6,76.84,1592.347577,174.045558,1418.3020189999995,22.81909
72.9,530.27,28.5,5.56,1.55,24.44,57.63,17.93,4.0,0.27,0.35,0.1,0.05,4.77,1143678.162,283604.827,160644.784,12037.387,1664.855,890.0,390.0,19.674925,2.404713,0.709514,0.166292,1458.0,75.56,1602.9100150000002,174.737026,1428.172989,22.955444
64.63,497.94,23.99,12.53,1.89,28.11,52.26,19.63,3.09,0.22,0.43,0.11,0.04,3.89,1022263.726,253053.322,151411.686,10715.791,1574.225,890.0,390.0,17.886014,2.186068,0.635269,0.148891,1292.6,71.89,1440.29875,164.091702,1276.207048,20.856242
57.34,507.84,30.43,10.65,2.67,24.58,58.37,17.05,3.29,0.21,0.26,0.12,0.04,3.92,1059442.907,262408.716,154239.019,11120.486,1601.978,890.0,390.0,18.43381,2.253021,0.658004,0.15422,1146.8000000000002,75.42,1490.0931059999998,167.351483,1322.741623,21.499055
56.36,458.71,8.0,7.92,2.22,25.41,58.28,16.31,1.83,0.18,0.24,0.05,0.01,2.3,874936.527,215981.39,140208.023,9112.134,1464.253,890.0,390.0,15.715307,1.92076,0.54518,0.127776,1127.2,74.59,1242.982327,151.17440999999997,1091.807917,18.309023
51.35,434.33,20.0,15.67,3.45,35.41,50.08,14.52,1.2,0.11,0.22,0.04,0.02,1.58,783378.1,192942.55,133245.359,8115.52,1395.909,890.0,390.0,14.366292,1.75588,0.489192,0.114654,1027.0,64.6,1120.3574379999998,143.146788,977.21065,16.726018
43.98,448.93,12.07,21.82,2.27,29.43,53.77,16.8,1.57,0.14,0.27,0.07,0.02,2.07,838208.003,206739.394,137414.961,8712.344,1436.837,890.0,390.0,15.174151,1.854619,0.52272,0.122513,879.5999999999999,70.57000000000001,1193.791539,147.95414200000002,1045.837397,17.674003000000003
25.45,389.88,14.13,21.85,3.65,25.36,55.66,18.98,0.77,0.04,0.11,0.01,0.02,0.96,616447.333,150937.774,120550.919,6298.478,1271.304,890.0,390.0,11.906747,1.455269,0.387115,0.09073,509.0,74.64,896.785808,128.510701,768.2751069999999,13.839861
49.72,489.15,21.14,17.83,1.2,21.46,56.24,22.3,2.53,0.18,0.28,0.07,0.02,3.07,989253.12,244746.866,148901.357,10356.47,1549.585,890.0,390.0,17.399639,2.126623,0.615084,0.14416,994.4,78.54,1396.087398,161.197412,1234.889986,20.285506
38.31,497.92,17.27,14.09,2.52,28.86,53.6,17.54,2.1,0.2,0.31,0.08,0.02,2.72,1022188.617,253034.422,151405.975,10714.973,1574.169,890.0,390.0,17.884908,2.185933,0.635223,0.14888,766.2,71.14,1440.198156,164.085117,1276.1130389999998,20.854944
70.77,497.27,34.26,15.08,1.93,24.21,56.19,19.59,2.59,0.14,0.33,0.12,0.03,3.21,1019747.559,252420.179,151220.342,10688.402,1572.347,890.0,390.0,17.848941,2.181537,0.633731,0.148531,1415.4,75.78,1436.928829,163.871091,1273.057738,20.81274
44.76,505.34,26.65,20.96,2.63,30.18,50.78,19.04,2.31,0.16,0.32,0.06,0.02,2.86,1050054.225,260046.243,153525.046,11018.29,1594.969,890.0,390.0,18.295477,2.236114,0.652263,0.152874,895.1999999999999,69.82,1477.5187730000002,166.52830500000002,1310.9904680000002,21.336728000000004
46.94,487.15,23.17,9.4,2.83,25.47,56.2,18.33,2.33,0.19,0.3,0.09,0.03,2.94,981742.174,242856.887,148330.179,10274.713,1543.978,890.0,390.0,17.288973,2.113097,0.610491,0.143084,938.8,74.53,1386.027931,160.53887,1225.489061,20.155645
33.79,373.86,18.64,16.03,3.27,31.8,52.78,15.42,1.05,0.04,0.18,0.03,0.03,1.32,556284.658,135799.045,115975.781,5643.607,1226.396,890.0,390.0,11.020314,1.346928,0.350326,0.082108,675.8,68.2,816.209487,123.235784,692.9737030000001,12.799676000000002
75.14,543.6,29.46,10.9,1.45,27.34,52.1,20.56,3.45,0.23,0.43,0.14,0.04,4.28,1193738.615,296201.535,164451.688,12582.295,1702.223,890.0,390.0,20.412512,2.494862,0.740125,0.173467,1502.8,72.66,1669.956356,179.126206,1490.83015,23.820966
47.45,448.49,22.04,16.55,1.75,24.32,54.93,20.75,2.19,0.09,0.15,0.03,0.02,2.47,836555.595,206323.599,137289.301,8694.357,1435.604,890.0,390.0,15.149805,1.851643,0.52171,0.122276,949.0,75.68,1191.578456,147.809262,1043.769194,17.645433999999998
43.35,475.69,18.27,8.2,1.95,25.88,61.07,13.05,2.25,0.16,0.33,0.06,0.02,2.83,938704.456,232027.309,145057.327,9806.248,1511.853,890.0,390.0,16.654858,2.035594,0.584173,0.136916,867.0,74.12,1328.387193,156.765428,1171.621765,19.411541
41.93,463.67,15.89,16.78,2.5,25.09,55.26,19.66,1.99,0.14,0.3,0.07,0.02,2.51,893563.672,220668.537,141624.545,9314.89,1478.157,890.0,390.0,15.989758,1.954304,0.55657,0.130446,838.6,74.92,1267.9298009999998,152.807592,1115.122209,18.631078
23.64,411.43,13.43,30.73,4.28,24.42,57.6,17.98,1.05,0.11,0.17,0.02,0.01,1.36,697377.772,171302.294,126705.366,7179.406,1331.714,890.0,390.0,13.099169,1.60101,0.436603,0.102329,472.8,75.58,1005.176552,135.60648600000002,869.570066,15.239111
45.05,485.46,22.47,13.86,1.32,27.78,53.21,19.01,2.12,0.19,0.32,0.06,0.02,2.71,975395.425,241259.855,147847.533,10205.629,1539.24,890.0,390.0,17.19546,2.101667,0.60661,0.142174,901.0,72.22,1377.527682,159.982402,1217.54528,20.045911
21.08,413.94,23.01,22.76,4.02,28.75,56.91,14.34,1.35,0.06,0.13,0.01,0.01,1.55,706804.009,173674.217,127422.195,7282.011,1338.751,890.0,390.0,13.238055,1.617985,0.442368,0.10368,421.6,71.25,1017.8011830000002,136.432957,881.368226,15.402088
28.53,392.45,20.95,29.61,2.51,22.63,55.69,21.68,1.04,0.05,0.1,0.01,0.0,1.21,626098.898,153366.396,121284.884,6403.536,1278.508,890.0,390.0,12.048952,1.47265,0.393017,0.092113,570.6,77.37,909.712222,129.356928,780.355294,14.006732
23.1,370.69,14.87,20.12,3.45,29.45,52.05,18.5,0.64,0.04,0.06,0.01,0.01,0.77,544379.81,132803.428,115070.463,5514.023,1217.509,890.0,390.0,10.844909,1.325489,0.343046,0.080401,462.0,70.55,800.2652330000001,122.191995,678.0732380000002,12.593844999999998
32.73,394.81,20.52,20.13,3.02,29.63,53.41,16.96,1.64,0.08,0.09,0.03,0.01,1.84,634961.814,155596.571,121958.874,6500.008,1285.124,890.0,390.0,12.179538,1.488611,0.398436,0.093384,654.5999999999999,70.37,921.582391,130.134006,791.448385,14.159969000000002
57.34,459.7,13.58,21.47,0.95,27.33,56.24,16.43,2.04,0.1,0.22,0.04,0.03,2.42,878654.445,216916.93,140490.756,9152.603,1467.028,890.0,390.0,15.770086,1.927455,0.547453,0.128309,1146.8000000000002,72.67,1247.961762,151.500387,1096.461375,18.373303
47.22,439.39,12.83,19.1,0.5,32.14,51.24,16.61,1.5,0.1,0.18,0.02,0.03,1.83,802380.792,197724.196,134690.44,8322.364,1410.094,890.0,390.0,14.646276,1.790101,0.500812,0.117378,944.4,67.85,1145.8078860000005,144.81289800000002,1000.994988,17.054567
55.72,467.63,22.01,6.13,0.58,20.37,59.83,19.8,1.76,0.17,0.27,0.08,0.03,2.3,908435.345,224410.695,142755.478,9476.768,1489.258,890.0,390.0,16.208876,1.981085,0.565664,0.132577,1114.4,79.63,1287.847544,154.11150400000002,1133.73604,18.888202000000003
27.01,385.12,18.52,26.75,0.64,28.06,54.3,17.64,1.17,0.06,0.17,0.04,0.01,1.45,598571.282,146439.625,119191.515,6103.897,1257.96,890.0,390.0,11.643362,1.423078,0.376184,0.088168,540.2,71.94,872.844279,126.943372,745.900907,13.530792
52.87,516.1,16.13,12.47,0.5,28.08,51.19,20.74,3.71,0.3,0.54,0.08,0.04,4.67,1090463.112,270214.328,156597.986,11458.141,1625.133,890.0,390.0,18.890859,2.308883,0.676973,0.158666,1057.4,71.92999999999999,1531.6387,170.07126,1361.56744,22.035381
48.68,494.85,17.02,25.34,4.05,24.38,58.93,16.69,2.3,0.17,0.29,0.06,0.02,2.84,1010659.315,250133.305,150529.216,10589.477,1565.563,890.0,390.0,17.715036,2.165171,0.628173,0.147228,973.6,75.62,1424.756876,163.074256,1261.6826199999998,20.655608
40.17,407.31,23.09,19.05,2.09,31.19,51.54,17.27,1.3,0.08,0.18,0.01,0.0,1.57,681905.224,167408.938,125528.739,7010.988,1320.165,890.0,390.0,12.871198,1.573147,0.427142,0.100111,803.4000000000001,68.81,984.4540540000002,134.24989200000002,850.204162,14.971598
75.03,563.01,25.69,9.17,1.36,21.83,59.18,18.99,4.11,0.31,0.42,0.13,0.04,5.02,1266632.342,314543.778,169994.974,13375.744,1756.634,890.0,390.0,21.486523,2.62613,0.784699,0.183914,1500.6,78.17,1767.5834719999998,185.517352,1582.06612,25.081266
67.66,488.82,25.94,12.54,2.2,30.77,54.18,15.05,2.53,0.16,0.39,0.08,0.02,3.19,988013.814,244435.019,148807.113,10342.98,1548.659,890.0,390.0,17.381379,2.124391,0.614326,0.143983,1353.1999999999998,69.23,1394.427585,161.08875200000003,1233.338833,20.264078999999995
47.7,418.93,15.84,21.33,0.8,26.69,53.64,19.67,1.22,0.08,0.21,0.04,0.02,1.56,725543.818,178389.714,128847.285,7485.994,1352.739,890.0,390.0,13.514166,1.651732,0.453827,0.106366,954.0,73.31,1042.89955,138.076018,904.823532,15.726090999999998
52.35,422.72,22.57,15.8,2.45,29.82,51.3,18.88,1.55,0.09,0.14,0.01,0.02,1.81,739777.06,181971.224,129929.668,7640.923,1363.363,890.0,390.0,13.723877,1.677363,0.46253,0.108406,1047.0,70.17999999999999,1061.9622379999998,139.323954,922.638284,15.972176
59.16,442.81,22.38,19.03,0.78,24.81,55.33,19.86,1.54,0.13,0.24,0.05,0.02,1.98,815224.509,200956.06,135667.155,8462.168,1419.681,890.0,390.0,14.835514,1.81323,0.508666,0.119219,1183.1999999999998,75.19,1163.009573,145.939004,1017.070569,17.276629000000003
26.78,350.0,16.08,21.19,2.18,28.94,51.56,19.49,0.67,0.02,0.1,0.0,0.0,0.8,466679.077,113251.599,109161.623,4668.251,1159.51,890.0,390.0,9.700073,1.185565,0.295533,0.069266,535.6,71.05,696.20006,115.379384,580.8206759999999,11.250437000000002
24.15,452.54,19.43,9.84,3.56,24.59,56.97,18.45,1.87,0.11,0.21,0.06,0.02,2.27,851765.26,210150.806,138445.938,8859.914,1446.957,890.0,390.0,15.373903,1.879033,0.53101,0.124456,483.0,75.42,1211.9488750000005,149.14280899999997,1062.806066,17.908402
51.56,492.03,23.32,6.56,2.23,25.7,60.26,14.04,2.16,0.15,0.25,0.06,0.02,2.64,1000068.882,247468.435,149723.854,10474.2,1557.658,890.0,390.0,17.558997,2.1461,0.621697,0.14571,1031.2,74.3,1410.573029,162.145712,1248.427317,20.472504000000004
61.65,471.93,25.14,16.08,0.65,26.6,51.96,21.44,2.08,0.19,0.29,0.08,0.03,2.67,924583.878,228474.149,143983.512,9652.545,1501.312,890.0,390.0,16.446807,2.010165,0.575539,0.134892,1233.0,73.4,1309.4753959999998,155.527369,1153.948027,19.167403
54.45,482.38,15.97,13.26,1.07,24.97,54.43,20.6,1.82,0.14,0.19,0.06,0.03,2.24,963828.569,238349.288,146967.919,10079.724,1530.606,890.0,390.0,17.025035,2.080838,0.599537,0.140516,1089.0,75.03,1362.036106,158.968249,1203.067857,19.845926
21.43,350.0,11.58,19.46,4.09,26.55,57.06,16.39,0.87,0.04,0.09,0.0,0.01,1.01,466679.077,113251.599,109161.623,4668.251,1159.51,890.0,390.0,9.700073,1.185565,0.295533,0.069266,428.6,73.45,696.20006,115.379384,580.8206759999999,11.250437000000002
27.59,394.41,16.9,20.68,3.6,27.77,56.15,16.07,1.11,0.06,0.12,0.03,0.01,1.34,633459.625,155218.576,121844.638,6483.657,1284.003,890.0,390.0,12.157404,1.485905,0.397518,0.093168,551.8,72.22,919.570499,130.002298,789.568201,14.133995
50.94,376.76,26.67,9.91,3.51,27.99,55.89,16.12,0.49,0.03,0.06,0.02,0.01,0.61,567175.53,138539.514,116803.989,5762.155,1234.525,890.0,390.0,11.18078,1.36654,0.356986,0.083669,1018.8,72.01,830.7957130000001,124.190669,706.605044,12.987975000000002
33.35,363.78,15.93,29.79,2.11,31.06,53.28,15.66,0.16,0.05,0.14,0.01,0.01,0.36,518429.492,126273.552,113097.042,5231.554,1198.139,890.0,390.0,10.462559,1.278758,0.327178,0.076682,667.0,68.94,765.509779,119.916735,645.593044,12.145177
40.57,366.37,18.54,13.74,4.64,30.62,52.36,17.02,0.9,0.06,0.14,0.0,0.01,1.1,528156.167,128721.074,113836.718,5337.429,1205.399,890.0,390.0,10.605871,1.296274,0.333125,0.078076,811.4,69.38,778.536787,120.769546,657.767241,12.313346
23.08,350.65,15.3,25.65,2.64,25.94,55.8,18.27,0.65,0.03,0.07,0.0,0.01,0.76,469120.134,113865.842,109347.256,4694.821,1161.332,890.0,390.0,9.736039,1.189961,0.297025,0.069615,461.6,74.07,699.4693850000001,115.59340899999998,583.875976,11.29264
60.48,488.67,27.19,9.53,1.13,25.35,55.24,19.4,1.65,0.17,0.26,0.1,0.02,2.2,987450.493,244293.271,148764.275,10336.849,1548.239,890.0,390.0,17.373079,2.123376,0.613981,0.143902,1209.6,74.64,1393.6731269999998,161.03936299999998,1232.633764,20.254338
39.76,419.97,14.19,20.66,1.43,26.28,52.49,21.23,1.17,0.11,0.19,0.05,0.01,1.53,729449.51,179372.503,129144.298,7528.507,1355.654,890.0,390.0,13.571712,1.658765,0.456215,0.106925,795.1999999999999,73.72,1048.130472,138.418459,909.712013,15.793617
24.46,403.08,17.61,15.54,4.3,27.02,57.62,15.36,0.95,0.06,0.11,0.03,0.01,1.15,666019.574,163411.633,124320.697,6838.072,1308.307,890.0,390.0,12.63714,1.54454,0.417428,0.097835,489.2000000000001,72.97999999999999,963.1782830000002,132.857076,830.3212070000001,14.696943
63.26,543.99,24.01,15.02,1.42,22.12,56.99,20.89,3.86,0.26,0.5,0.14,0.03,4.8,1195203.249,296570.081,164563.068,12598.238,1703.316,890.0,390.0,20.434092,2.4975,0.741021,0.173677,1265.2,77.88,1671.917952,179.254622,1492.66333,23.84629
18.3,380.58,13.53,24.22,4.4,24.62,54.5,20.88,0.91,0.08,0.13,0.02,0.01,1.15,581521.436,142149.373,117894.94,5918.31,1245.233,890.0,390.0,11.392151,1.392374,0.365758,0.085725,366.0,75.38,850.0092920000002,125.448483,724.5608090000001,13.236008
56.61,511.01,21.83,15.75,0.95,26.68,55.67,17.65,3.03,0.27,0.4,0.1,0.04,3.83,1071347.756,265404.333,155144.337,11250.07,1610.864,890.0,390.0,18.609215,2.27446,0.665284,0.155926,1132.2,73.32,1506.0373600000005,168.395271,1337.6420890000002,21.704885
32.72,350.0,14.16,23.6,2.45,28.32,53.52,18.17,0.91,0.04,0.1,0.01,0.0,1.05,466679.077,113251.599,109161.623,4668.251,1159.51,890.0,390.0,9.700073,1.185565,0.295533,0.069266,654.4,71.69,696.20006,115.379384,580.8206759999999,11.250437000000002
22.45,376.92,18.77,19.76,2.46,20.91,59.85,19.24,0.61,0.04,0.13,0.0,0.0,0.78,567776.405,138690.712,116849.684,5768.695,1234.974,890.0,390.0,11.189633,1.367622,0.357353,0.083755,449.0,79.09,831.6004700000001,124.24335299999998,707.3571170000001,12.998363
78.72,515.99,22.93,8.1,1.01,32.43,45.57,22.0,3.34,0.2,0.44,0.11,0.02,4.12,1090050.01,270110.38,156566.571,11453.644,1624.824,890.0,390.0,18.884772,2.308139,0.67672,0.158606,1574.4,67.57,1531.0854290000002,170.03503899999998,1361.05039,22.028237
47.53,397.6,31.13,17.06,2.99,26.16,54.66,19.18,0.56,0.07,0.18,0.01,0.01,0.81,645439.583,158233.092,122755.668,6614.059,1292.945,890.0,390.0,12.333916,1.507479,0.404844,0.094885,950.6,73.84,935.615347,131.052672,804.562675,14.341124
54.08,528.26,23.92,10.33,0.9,19.02,62.45,18.53,2.59,0.19,0.35,0.1,0.01,3.23,1136129.662,281705.399,160070.75,11955.222,1659.22,890.0,390.0,19.563706,2.39112,0.704898,0.16521,1081.6,80.98,1592.800253,174.07519200000002,1418.725061,22.824934
22.82,445.8,20.06,11.94,3.45,30.34,51.33,18.32,1.91,0.13,0.19,0.05,0.02,2.31,826453.373,203781.578,136521.066,8584.395,1428.063,890.0,390.0,15.00096,1.833451,0.515532,0.120828,456.4,69.65,1178.048475,146.923524,1031.124951,17.470771
49.42,524.57,26.22,20.93,3.3,18.75,58.13,23.12,2.81,0.21,0.39,0.12,0.03,3.56,1122271.967,278218.388,159016.926,11804.381,1648.876,890.0,390.0,19.359528,2.366164,0.696424,0.163224,988.4,81.25,1574.240538,172.86018299999998,1401.380355,22.58534
57.31,520.12,27.42,22.17,2.12,25.66,54.42,19.92,2.58,0.17,0.32,0.11,0.03,3.2,1105560.113,274013.186,157746.054,11622.472,1636.402,890.0,390.0,19.113297,2.33607,0.686205,0.160829,1146.2,74.34,1551.858227,171.39492800000002,1380.4632989999998,22.296401
54.39,473.8,22.27,8.09,3.3,29.65,50.95,19.4,2.37,0.17,0.36,0.08,0.03,3.01,931606.612,230241.279,144517.563,9728.988,1506.554,890.0,390.0,16.550279,2.022812,0.579833,0.135898,1087.8,70.35,1318.880996,156.14310500000002,1162.737891,19.288822
33.54,350.0,8.0,24.54,2.48,32.1,48.99,18.91,0.84,0.03,0.05,0.02,0.01,0.95,466679.077,113251.599,109161.623,4668.251,1159.51,890.0,390.0,9.700073,1.185565,0.295533,0.069266,670.8,67.9,696.20006,115.379384,580.8206759999999,11.250437000000002
48.69,416.81,21.27,11.11,1.21,30.08,50.83,19.09,1.29,0.11,0.21,0.0,0.03,1.65,717582.216,176386.337,128241.836,7399.332,1346.796,890.0,390.0,13.39686,1.637394,0.448958,0.105225,973.8,69.92,1032.236517,137.37796400000002,894.858553,15.588437
66.41,461.25,22.53,3.0,3.16,33.01,49.7,17.29,2.09,0.16,0.3,0.08,0.02,2.66,884475.428,218381.663,140933.419,9215.965,1471.373,890.0,390.0,15.855852,1.937938,0.551013,0.129144,1328.1999999999998,66.99000000000001,1255.757848,152.01075699999998,1103.747091,18.473947000000003
48.13,409.04,26.17,14.11,2.68,29.61,52.7,17.69,1.35,0.06,0.24,0.03,0.01,1.69,688402.192,169043.77,126022.808,7081.707,1325.015,890.0,390.0,12.966924,1.584847,0.431115,0.101043,962.6,70.39,993.155492,134.81953,858.3359620000001,15.083929
70.83,455.13,18.38,8.07,1.72,26.88,54.46,18.66,2.55,0.16,0.24,0.06,0.02,3.03,861491.935,212598.328,139185.613,8965.789,1454.217,890.0,390.0,15.517215,1.896549,0.536958,0.12585,1416.6,73.12,1224.9758820000002,149.995619,1074.980263,18.076572
63.84,523.79,22.07,11.75,1.07,27.18,54.55,18.26,2.33,0.16,0.31,0.11,0.02,2.93,1119342.698,277481.296,158794.167,11772.495,1646.69,890.0,390.0,19.316369,2.360889,0.694633,0.162804,1276.8000000000002,72.81,1570.3173459999998,172.60335199999997,1397.713994,22.534695000000003
66.32,516.01,27.8,17.16,1.44,30.65,53.32,16.03,3.06,0.27,0.39,0.11,0.03,3.86,1090125.12,270129.279,156572.283,11454.462,1624.88,890.0,390.0,18.885879,2.308274,0.676766,0.158617,1326.4,69.35,1531.1860240000003,170.041625,1361.1443990000002,22.029536
57.84,418.51,21.01,13.57,1.1,34.41,48.86,16.74,1.54,0.14,0.2,0.04,0.02,1.93,723966.52,177992.819,128727.338,7468.825,1351.562,890.0,390.0,13.490926,1.648891,0.452862,0.10614,1156.8000000000002,65.6,1040.787064,137.937725,902.849339,15.698819
44.65,489.36,10.29,12.29,1.31,27.12,53.69,19.19,2.78,0.23,0.36,0.08,0.03,3.48,990041.769,244945.313,148961.331,10365.055,1550.173,890.0,390.0,17.411258,2.128043,0.615566,0.144273,893.0,72.88,1397.143641,161.266559,1235.877082,20.29914
64.22,489.71,22.84,20.83,2.93,28.68,51.5,19.82,2.29,0.19,0.27,0.04,0.02,2.81,991356.185,245276.06,149061.287,10379.362,1551.154,890.0,390.0,17.430625,2.13041,0.61637,0.144462,1284.4,71.32,1398.904048,161.38180300000002,1237.522245,20.321867
64.33,577.11,31.34,9.19,2.23,30.51,52.25,17.24,4.88,0.27,0.54,0.15,0.05,5.89,1319584.509,327868.128,174021.782,13952.128,1796.16,890.0,390.0,22.266716,2.721487,0.817079,0.191503,1286.6,69.49,1838.502707,190.16007,1648.3426370000002,25.996785
46.06,483.15,24.56,23.41,1.6,27.04,54.01,18.95,2.37,0.15,0.27,0.07,0.02,2.88,966720.283,239076.93,147187.822,10111.2,1532.765,890.0,390.0,17.067641,2.086045,0.601305,0.140931,921.2,72.96,1365.909,159.221787,1206.687213,19.895921999999995
24.95,426.23,13.94,22.35,3.31,25.55,53.71,20.74,1.16,0.08,0.23,0.02,0.01,1.51,752958.77,185288.136,130932.086,7784.406,1373.203,890.0,390.0,13.918096,1.701101,0.470591,0.110295,499.0,74.45,1079.6166009999995,140.47969500000002,939.136906,16.200083
34.7,373.72,15.86,19.67,3.57,34.3,49.66,16.04,0.6,0.04,0.17,0.0,0.02,0.83,555758.892,135666.746,115935.798,5637.884,1226.003,890.0,390.0,11.012568,1.345981,0.350004,0.082032,694.0,65.69999999999999,815.505323,123.189685,692.315638,12.790585
40.96,463.49,20.51,27.77,2.58,23.76,54.78,21.46,1.86,0.14,0.25,0.06,0.02,2.33,892887.687,220498.439,141573.139,9307.532,1477.653,890.0,390.0,15.979798,1.953087,0.556157,0.130349,819.2,76.24000000000001,1267.02445,152.748324,1114.2761260000002,18.619391
69.46,573.15,27.59,5.69,3.14,25.85,54.93,19.22,4.48,0.26,0.6,0.14,0.04,5.52,1304712.837,324125.97,172890.849,13790.25,1785.059,890.0,390.0,22.047598,2.694706,0.807985,0.189372,1389.1999999999998,74.15,1818.584965,188.856158,1629.728807,25.739661
41.29,417.03,19.01,19.21,3.08,32.01,50.45,17.54,1.92,0.09,0.17,0.03,0.02,2.24,718408.42,176594.234,128304.666,7408.325,1347.413,890.0,390.0,13.409033,1.638882,0.449464,0.105343,825.8,67.99000000000001,1033.343058,137.45040400000002,895.8926540000001,15.602722000000002
26.94,382.71,12.97,28.77,2.74,26.24,56.9,16.86,0.94,0.08,0.14,0.01,0.01,1.18,589520.593,144162.2,118503.245,6005.381,1251.204,890.0,390.0,11.51001,1.406779,0.370649,0.086871,538.8000000000001,73.75999999999999,860.7226230000001,126.14982999999998,734.572793,13.374309
76.38,502.41,24.71,6.76,1.58,34.45,51.33,14.22,2.59,0.24,0.41,0.11,0.03,3.38,1039050.689,257277.424,152688.27,10898.517,1586.756,890.0,390.0,18.133352,2.216299,0.645534,0.151297,1527.6,65.55,1462.781656,165.56354299999998,1297.218113,21.146482
59.94,587.87,24.4,10.18,2.5,25.36,57.83,16.81,4.71,0.3,0.49,0.13,0.05,5.66,1359993.397,338036.213,177094.721,14391.979,1826.323,890.0,390.0,22.862098,2.794256,0.841789,0.197294,1198.8,74.64,1892.622633,193.703023,1698.91961,26.695437
31.31,350.0,15.06,24.07,3.73,31.71,49.76,18.53,0.62,0.04,0.03,0.0,0.01,0.69,466679.077,113251.599,109161.623,4668.251,1159.51,890.0,390.0,9.700073,1.185565,0.295533,0.069266,626.1999999999999,68.28999999999999,696.20006,115.379384,580.8206759999999,11.250437000000002
29.22,351.17,16.97,22.01,4.84,32.69,51.14,16.17,0.7,0.06,0.06,0.0,0.01,0.83,471072.98,114357.237,109495.762,4716.078,1162.789,890.0,390.0,9.764812,1.193478,0.298219,0.069895,584.4,67.31,702.0848459999999,115.764629,586.320217,11.326404
47.97,379.74,17.82,23.43,2.96,30.5,53.7,15.8,0.93,0.05,0.11,0.02,0.01,1.11,578366.839,141355.582,117655.045,5883.972,1242.879,890.0,390.0,11.345671,1.386694,0.363829,0.085272,959.4,69.5,845.784317,125.171896,720.612421,13.181466
28.73,395.32,15.25,14.84,5.18,31.15,52.41,16.43,1.47,0.08,0.13,0.02,0.01,1.72,636877.105,156078.516,122104.525,6520.856,1286.554,890.0,390.0,12.207757,1.49206,0.399608,0.093658,574.6,68.84,924.147556,130.301935,793.845621,14.193083
70.84,485.9,28.82,19.23,1.47,26.45,51.72,21.83,2.54,0.15,0.26,0.07,0.03,3.04,977047.833,241675.65,147973.193,10223.616,1540.474,890.0,390.0,17.219807,2.104643,0.60762,0.142411,1416.8000000000002,73.55,1379.740766,160.127283,1219.613483,20.074481
23.85,426.37,15.31,27.03,1.98,24.46,54.21,21.33,1.3,0.09,0.18,0.02,0.02,1.6,753484.536,185420.435,130972.069,7790.129,1373.595,890.0,390.0,13.925842,1.702048,0.470912,0.11037,477.0,75.53999999999999,1080.3207639999998,140.525793,939.794971,16.209172
59.92,505.7,17.9,9.1,2.23,18.87,61.01,20.12,2.79,0.17,0.3,0.09,0.03,3.37,1051406.195,260386.439,153627.858,11033.006,1595.979,890.0,390.0,18.315397,2.238549,0.65309,0.153068,1198.4,81.13,1479.3294770000002,166.646843,1312.682634,21.360104
52.54,497.65,28.61,8.36,2.97,25.66,57.96,16.38,2.37,0.18,0.29,0.09,0.02,2.96,1021174.639,252779.275,151328.865,10703.936,1573.412,890.0,390.0,17.869968,2.184107,0.634603,0.148735,1050.8,74.34,1438.840127,163.99621299999998,1274.8439139999998,20.837413
84.11,476.36,28.79,14.89,1.54,29.7,50.94,19.36,2.56,0.14,0.33,0.09,0.03,3.14,941220.623,232660.452,145248.672,9833.636,1513.731,890.0,390.0,16.691931,2.040125,0.585712,0.137276,1682.2,70.3,1331.7571139999998,156.98603899999998,1174.771075,19.455044
28.69,350.0,17.37,16.54,3.4,29.14,54.02,16.83,0.03,0.07,0.09,0.0,0.01,0.2,466679.077,113251.599,109161.623,4668.251,1159.51,890.0,390.0,9.700073,1.185565,0.295533,0.069266,573.8000000000001,70.85,696.20006,115.379384,580.8206759999999,11.250437000000002
78.03,491.19,35.66,3.96,2.24,31.19,50.03,18.78,2.69,0.22,0.32,0.05,0.03,3.31,996914.284,246674.644,149483.959,10439.862,1555.303,890.0,390.0,17.512518,2.140419,0.619768,0.145258,1560.6,68.81,1406.348052,161.869124,1244.478928,20.417963
23.4,354.3,20.81,27.96,3.31,26.22,52.6,21.18,0.46,0.05,0.07,0.0,0.01,0.59,482827.61,117315.053,110389.656,4844.027,1171.564,890.0,390.0,9.938004,1.214645,0.305407,0.07158,468.0,73.78,717.8279099999999,116.795247,601.032663,11.529636000000002
49.56,489.57,28.13,22.97,1.53,22.98,56.26,20.76,2.54,0.17,0.48,0.1,0.03,3.33,990830.418,245143.761,149021.305,10373.639,1550.762,890.0,390.0,17.422878,2.129463,0.616048,0.144386,991.2,77.02,1398.199885,161.335706,1236.864179,20.312775
68.79,539.08,22.49,13.5,1.86,27.94,50.77,21.29,3.82,0.29,0.39,0.12,0.03,4.65,1176763.878,291930.183,163160.825,12397.525,1689.552,890.0,390.0,20.162408,2.464294,0.729745,0.171034,1375.8000000000002,72.06,1647.2219629999995,177.637902,1469.584061,23.527481
32.33,354.55,17.68,14.55,3.93,32.16,50.07,17.77,1.05,0.05,0.05,0.0,0.01,1.16,483766.478,117551.3,110461.054,4854.247,1172.264,890.0,390.0,9.951837,1.216336,0.305981,0.071714,646.5999999999999,67.84,719.085343,116.877565,602.2077780000001,11.545868
42.68,438.33,23.01,23.81,3.1,25.48,57.82,16.7,1.74,0.13,0.16,0.04,0.03,2.11,798399.991,196722.507,134387.715,8279.033,1407.122,890.0,390.0,14.587623,1.782932,0.498378,0.116807,853.6,74.52,1140.476368,144.46387,996.012498,16.98574
15.0,433.59,8.0,24.54,3.68,13.84,57.56,28.6,0.91,0.1,0.13,0.03,0.02,1.18,780599.05,192243.258,133034.023,8085.27,1393.835,890.0,390.0,14.325345,1.750876,0.487493,0.114256,300.0,86.16,1116.635436,142.90312799999998,973.732308,16.677970000000002
32.79,390.8,12.01,31.03,3.4,26.18,55.72,18.1,0.9,0.07,0.08,0.0,0.02,1.07,619902.368,151807.164,120813.662,6336.086,1273.883,890.0,390.0,11.957653,1.461491,0.389228,0.091225,655.8,73.82,901.413163,128.813631,772.599532,13.899597
18.29,374.38,16.24,10.65,4.58,35.57,49.99,14.44,0.68,0.05,0.06,0.01,0.01,0.81,558237.504,136290.439,116124.287,5664.864,1227.853,890.0,390.0,11.049087,1.350445,0.35152,0.082388,365.8,64.43,818.824947,123.407004,695.4179429999999,12.83344
27.18,376.55,15.3,15.71,2.74,27.98,57.38,14.64,0.71,0.05,0.12,0.01,0.01,0.91,566386.88,138341.066,116744.016,5753.57,1233.936,890.0,390.0,11.16916,1.36512,0.356503,0.083556,543.6,72.02000000000001,829.739468,124.121522,705.617946,12.974339
21.72,396.81,15.14,22.18,1.96,31.26,53.57,15.17,0.89,0.08,0.11,0.01,0.0,1.1,642472.76,157486.55,122530.053,6581.765,1290.731,890.0,390.0,12.290203,1.502136,0.403029,0.09446,434.4,68.74,931.641859,130.792549,800.8493100000001,14.289828
25.32,369.77,13.36,30.47,3.18,28.28,50.56,21.16,0.92,0.05,0.11,0.0,0.01,1.09,540924.775,131934.038,114807.721,5476.415,1214.93,890.0,390.0,10.794003,1.319268,0.340933,0.079906,506.4,71.72,795.6378790000002,121.889066,673.748813,12.53411
52.61,490.34,25.59,6.56,2.41,25.09,56.46,18.45,2.43,0.17,0.26,0.04,0.02,2.92,993722.133,245871.403,149241.209,10405.115,1552.92,890.0,390.0,17.465485,2.13467,0.617816,0.144801,1052.2,74.91,1402.07278,161.589244,1240.4835360000002,20.362772000000003
24.51,381.58,22.17,17.41,3.39,31.2,49.48,19.32,0.9,0.07,0.1,0.0,0.01,1.09,585276.909,143094.362,118180.529,5959.188,1248.037,890.0,390.0,11.447484,1.399137,0.368054,0.086263,490.2000000000001,68.8,855.0390249999999,125.777754,729.261271,13.300938
56.48,466.72,17.11,18.33,1.96,32.45,49.59,17.96,2.59,0.2,0.3,0.04,0.03,3.16,905017.865,223550.755,142495.592,9439.569,1486.707,890.0,390.0,16.158523,1.974931,0.563574,0.132088,1129.6,67.55000000000001,1283.270488,153.81186799999998,1129.45862,18.829116
66.93,553.66,29.58,11.04,2.07,27.2,54.1,18.69,4.0,0.21,0.51,0.09,0.04,4.85,1231518.672,305708.128,167324.715,12993.531,1730.423,890.0,390.0,20.969161,2.562897,0.763228,0.178881,1338.6,72.79,1720.555469,182.438669,1538.1168,24.474167
66.9,434.72,24.89,13.15,0.81,29.68,51.74,18.58,2.15,0.1,0.25,0.11,0.03,2.65,784842.734,193311.096,133356.738,8131.463,1397.003,890.0,390.0,14.387872,1.758518,0.490088,0.114864,1338.0,70.32,1122.319034,143.275204,979.04383,16.751342
48.51,457.63,21.96,18.43,1.13,32.19,51.29,16.53,2.29,0.14,0.22,0.03,0.01,2.7,870880.617,214960.802,139899.586,9067.985,1461.225,890.0,390.0,15.655547,1.913456,0.542699,0.127195,970.2,67.82,1237.550215,150.818796,1086.731419,18.238897
68.66,511.63,20.31,18.92,0.73,25.9,57.23,16.86,3.24,0.23,0.36,0.1,0.04,3.97,1073676.149,265990.226,155321.402,11275.415,1612.602,890.0,390.0,18.643521,2.278653,0.666708,0.15626,1373.1999999999998,74.09,1509.155794,168.599419,1340.556375,21.745142
52.83,454.76,20.77,20.83,3.28,26.02,54.84,19.14,1.85,0.12,0.18,0.08,0.03,2.25,860102.41,212248.682,139079.945,8950.664,1453.18,890.0,390.0,15.496742,1.894046,0.536109,0.12565,1056.6,73.98,1223.114881,149.873789,1073.241092,18.052547
61.39,543.3,24.66,9.92,1.68,25.16,56.63,18.21,3.85,0.24,0.47,0.13,0.03,4.73,1192611.973,295918.038,164366.011,12570.032,1701.382,890.0,390.0,20.395912,2.492834,0.739436,0.173305,1227.8,74.84,1668.4474359999997,179.02742500000002,1489.420011,23.801487
78.21,451.54,29.35,9.58,3.45,37.18,48.62,14.2,2.58,0.15,0.23,0.03,0.03,3.02,848009.787,209205.817,138160.348,8819.036,1444.154,890.0,390.0,15.31857,1.87227,0.528714,0.123917,1564.1999999999998,62.81999999999999,1206.9191420000002,148.813538,1058.105604,17.843470999999997
42.72,506.05,24.97,24.91,2.71,20.35,57.07,22.58,2.72,0.17,0.3,0.11,0.03,3.32,1052720.611,260717.186,153727.815,11047.314,1596.96,890.0,390.0,18.334764,2.240916,0.653894,0.153256,854.4,79.65,1481.089886,166.762089,1314.327797,21.38283
48.14,463.33,23.83,19.04,2.86,28.19,52.06,19.76,1.97,0.11,0.24,0.06,0.03,2.42,892286.812,220347.241,141527.445,9300.992,1477.204,890.0,390.0,15.970944,1.952004,0.555789,0.130263,962.8,71.82000000000001,1266.219694,152.695641,1113.524053,18.609
24.55,408.76,11.33,28.28,1.58,22.95,58.0,19.05,1.16,0.06,0.1,0.02,0.02,1.36,687350.66,168779.173,125942.843,7070.261,1324.23,890.0,390.0,12.951431,1.582953,0.430472,0.100892,491.0,77.05,991.747167,134.727334,857.0198330000001,15.065748
49.29,447.57,16.56,23.53,3.49,25.58,57.3,17.12,1.63,0.15,0.21,0.06,0.02,2.06,833100.56,205454.209,137026.559,8656.749,1433.025,890.0,390.0,15.098899,1.845421,0.519597,0.121781,985.8,74.42,1186.9511020000002,147.506333,1039.4447690000002,17.585697999999997
43.4,423.4,21.72,18.23,4.54,28.86,52.59,18.55,1.53,0.06,0.15,0.03,0.02,1.79,742330.782,182613.817,130123.869,7668.72,1365.27,890.0,390.0,13.761504,1.681962,0.464092,0.108772,868.0,71.14,1065.382458,139.547859,925.834599,16.01633
35.2,350.0,16.16,20.96,2.84,26.72,54.37,18.92,0.26,0.04,0.03,0.01,0.0,0.33,466679.077,113251.599,109161.623,4668.251,1159.51,890.0,390.0,9.700073,1.185565,0.295533,0.069266,704.0,73.28999999999999,696.20006,115.379384,580.8206759999999,11.250437000000002
30.54,352.86,15.38,24.79,2.92,25.86,53.91,20.23,0.47,0.02,0.11,0.0,0.01,0.61,477419.729,115954.269,109978.408,4785.163,1167.527,890.0,390.0,9.858324,1.204907,0.3021,0.070805,610.8,74.14,710.5850959999999,116.321098,594.263998,11.436136
63.02,488.99,27.01,3.43,2.25,33.6,49.31,17.08,3.52,0.19,0.41,0.09,0.04,4.24,988652.244,244595.667,148855.663,10349.93,1549.136,890.0,390.0,17.390785,2.12554,0.614716,0.144074,1260.4,66.39,1395.2826399999997,161.14472899999998,1234.1379109999998,20.275115000000003
74.59,574.8,23.47,17.13,1.99,22.15,58.12,19.73,3.89,0.29,0.47,0.1,0.05,4.79,1310909.367,325685.203,173362.071,13857.699,1789.685,890.0,390.0,22.138897,2.705865,0.811774,0.19026,1491.8000000000002,77.85,1826.884025,189.399455,1637.48457,25.846796
17.56,395.3,12.22,25.36,1.81,30.16,53.31,16.54,0.76,0.06,0.07,0.02,0.01,0.91,636801.996,156059.616,122098.813,6520.039,1286.498,890.0,390.0,12.206651,1.491924,0.399562,0.093647,351.2,69.85,924.046962,130.29535,793.7516120000001,14.191784000000002
47.45,497.99,14.99,13.17,1.26,24.31,57.99,17.7,2.64,0.18,0.34,0.09,0.03,3.28,1022451.5,253100.571,151425.966,10717.835,1574.365,890.0,390.0,17.888781,2.186407,0.635384,0.148918,949.0,75.69,1440.550237,164.10816599999995,1276.442071,20.85949
40.3,502.8,19.56,20.83,0.53,28.12,53.01,18.87,2.4,0.15,0.23,0.1,0.02,2.9,1040515.324,257645.97,152799.65,10914.459,1587.849,890.0,390.0,18.154932,2.218936,0.64643,0.151507,806.0,71.88,1464.7432519999998,165.69195799999997,1299.051294,21.171805
43.66,409.98,13.94,21.86,1.78,28.06,52.37,19.56,1.42,0.1,0.14,0.04,0.02,1.71,691932.337,169932.06,126291.262,7120.133,1327.65,890.0,390.0,13.018937,1.591204,0.433274,0.101549,873.1999999999999,71.92999999999999,997.8834420000002,135.129045,862.7543970000002,15.144964
31.88,421.66,14.82,24.8,2.93,34.73,47.18,18.09,0.91,0.08,0.1,0.02,0.01,1.12,735796.259,180969.535,129626.944,7597.592,1360.392,890.0,390.0,13.665225,1.670194,0.460096,0.107835,637.6,65.27,1056.630722,138.97492799999998,917.655794,15.90335
66.91,569.78,33.09,12.85,2.38,25.77,58.32,15.91,4.02,0.28,0.46,0.12,0.04,4.92,1292056.893,320941.356,171928.413,13652.49,1775.612,890.0,390.0,21.861126,2.671915,0.800246,0.187558,1338.1999999999998,74.23,1801.634764,187.746515,1613.888249,25.520845
74.26,482.0,27.36,19.46,0.99,23.84,57.27,18.89,2.65,0.19,0.27,0.05,0.04,3.21,962401.489,237990.192,146859.395,10064.19,1529.541,890.0,390.0,17.004009,2.078268,0.598664,0.140312,1485.2,76.16,1360.1248069999997,158.84312599999998,1201.281681,19.821253
54.26,509.29,19.56,17.46,2.81,19.88,61.38,18.74,2.42,0.15,0.43,0.08,0.03,3.11,1064888.342,263778.951,154653.123,11179.76,1606.042,890.0,390.0,18.514042,2.262827,0.661334,0.155,1085.2,80.12,1497.386218,167.828925,1329.557293,21.593203000000003
55.58,488.92,27.17,10.2,1.15,26.63,56.81,16.56,2.25,0.17,0.25,0.08,0.02,2.76,988389.361,244529.518,148835.672,10347.068,1548.94,890.0,390.0,17.386912,2.125067,0.614555,0.144036,1111.6,73.37,1394.930559,161.12168,1233.808879,20.27057
33.06,391.29,11.34,16.84,3.84,30.44,52.8,16.75,0.98,0.04,0.14,0.02,0.02,1.19,621742.55,152270.209,120953.6,6356.117,1275.257,890.0,390.0,11.984766,1.464805,0.390353,0.091489,661.2,69.55,903.877733,128.974974,774.9027590000001,13.931413
75.9,498.07,32.99,18.4,2.97,23.7,59.1,17.2,2.82,0.21,0.29,0.12,0.02,3.45,1022751.937,253176.171,151448.813,10721.105,1574.59,890.0,390.0,17.893208,2.186948,0.635568,0.148961,1518.0,76.3,1440.9526160000005,164.134508,1276.818108,20.864685
35.73,454.62,12.51,26.37,1.19,22.89,56.57,20.55,1.94,0.16,0.18,0.08,0.02,2.38,859576.643,212116.384,139039.963,8944.941,1452.788,890.0,390.0,15.488995,1.8931,0.535787,0.125575,714.5999999999999,77.12,1222.410719,149.82769199999998,1072.583027,18.043457
29.82,443.38,14.9,26.39,3.69,29.03,54.41,16.56,1.07,0.09,0.14,0.03,0.03,1.36,817365.129,201494.704,135829.941,8485.469,1421.279,890.0,390.0,14.867054,1.817085,0.509975,0.119525,596.4,70.97,1165.876522,146.126689,1019.749833,17.313639
71.59,589.72,26.83,13.18,2.62,25.04,54.5,20.46,3.53,0.22,0.52,0.16,0.04,4.49,1366941.021,339784.444,177623.061,14467.604,1831.509,890.0,390.0,22.964463,2.806767,0.846037,0.19829,1431.8000000000002,74.96000000000001,1901.927639,194.312174,1707.615465,26.815557
38.71,423.76,13.73,11.47,3.27,32.56,52.01,15.43,1.19,0.11,0.17,0.02,0.01,1.5,743682.752,182954.013,130226.681,7683.436,1366.279,890.0,390.0,13.781424,1.684397,0.464919,0.108965,774.2,67.44,1067.193161,139.66639600000002,927.526765,16.039705
30.96,368.48,18.52,38.63,2.2,25.82,55.48,18.7,0.74,0.04,0.05,0.01,0.0,0.85,536080.215,130715.002,114439.311,5423.682,1211.314,890.0,390.0,10.722624,1.310543,0.337971,0.079212,619.2,74.17999999999999,789.1495239999999,121.464307,667.685217,12.450349999999998
44.87,404.19,11.6,11.58,1.79,30.37,54.84,14.79,1.4,0.06,0.13,0.02,0.02,1.63,670188.149,164460.571,124637.701,6883.447,1311.419,890.0,390.0,12.69856,1.552047,0.419977,0.098432,897.4,69.63,968.761287,133.22256699999997,835.53872,14.769016
49.78,521.65,16.39,20.88,1.18,24.82,53.58,21.6,2.51,0.18,0.39,0.09,0.03,3.2,1111305.987,275459.019,158183.006,11685.016,1640.691,890.0,390.0,19.197956,2.346417,0.689718,0.161653,995.6,75.18,1559.5537190000002,171.898713,1387.655006,22.395744
71.39,534.27,27.45,14.5,1.25,22.63,54.12,23.25,3.81,0.25,0.41,0.11,0.04,4.62,1158700.054,287384.785,161787.141,12200.9,1676.068,890.0,390.0,19.896257,2.431765,0.718699,0.168445,1427.8,77.37,1623.028948,176.05410899999998,1446.974839,23.215166
23.41,388.01,19.7,13.12,4.61,28.87,52.25,18.88,0.9,0.09,0.11,0.02,0.01,1.13,609424.599,149170.644,120016.868,6222.036,1266.062,890.0,390.0,11.803274,1.442623,0.382821,0.089724,468.2,71.13,887.380209,127.894966,759.485243,13.718442
15.19,411.88,8.06,20.98,3.02,27.82,56.13,16.05,1.33,0.07,0.21,0.02,0.01,1.65,699067.735,171727.539,126833.881,7197.802,1332.976,890.0,390.0,13.124069,1.604053,0.437637,0.102571,303.8,72.18,1007.439933,135.75465899999998,871.6852739999999,15.26833
23.38,402.73,19.82,11.06,3.98,30.24,51.88,17.88,1.11,0.07,0.11,0.02,0.02,1.33,664705.159,163080.887,124220.74,6823.765,1307.326,890.0,390.0,12.617774,1.542173,0.416624,0.097646,467.6,69.76,961.417877,132.74183100000002,828.6760459999999,14.674217
51.66,531.04,20.03,18.79,3.52,22.78,56.52,20.7,2.66,0.17,0.24,0.07,0.03,3.17,1146569.876,284332.469,160864.688,12068.863,1667.014,890.0,390.0,19.717532,2.40992,0.711282,0.166707,1033.1999999999998,77.22,1606.78291,174.990565,1431.792345,23.005441
66.92,514.71,27.09,5.68,2.59,30.14,53.02,16.84,3.73,0.21,0.25,0.1,0.03,4.32,1085243.005,268900.793,156201.017,11401.32,1621.236,890.0,390.0,18.813946,2.299482,0.673781,0.157917,1338.4,69.86,1524.647371,169.613573,1355.033798,21.945126000000005
30.87,378.37,8.16,23.49,2.64,22.61,56.92,20.46,0.72,0.07,0.07,0.01,0.01,0.88,573221.841,140060.947,117263.788,5827.969,1239.038,890.0,390.0,11.269865,1.377428,0.360683,0.084535,617.4,77.38,838.8935829999999,124.720795,714.172788,13.092511
55.44,494.2,22.16,18.69,2.24,26.4,54.66,18.94,1.96,0.18,0.25,0.06,0.02,2.47,1008218.258,249519.062,150343.583,10562.906,1563.741,890.0,390.0,17.679069,2.160775,0.626681,0.146878,1108.8,73.6,1421.48755,162.86023,1258.62732,20.613403
69.0,520.74,26.09,13.56,1.91,23.42,55.38,21.2,2.97,0.23,0.34,0.12,0.04,3.7,1107888.506,274599.079,157923.12,11647.817,1638.14,890.0,390.0,19.147603,2.340263,0.687628,0.161163,1380.0,76.58,1554.976662,171.59907700000002,1383.377585,22.336657
25.51,423.56,20.19,17.94,3.75,33.11,51.47,15.42,1.63,0.11,0.23,0.02,0.01,2.0,742931.658,182765.015,130169.563,7675.26,1365.718,890.0,390.0,13.770357,1.683044,0.464459,0.108858,510.2000000000001,66.89,1066.187214,139.600541,926.586673,16.026718000000002
61.8,526.18,32.58,8.91,1.0,22.11,57.2,20.69,3.38,0.21,0.44,0.12,0.03,4.17,1128318.278,279739.821,159476.725,11870.195,1653.39,890.0,390.0,19.448614,2.377053,0.700121,0.164091,1236.0,77.89,1582.338409,173.39031000000003,1408.948099,22.689879
69.68,561.27,36.51,11.65,1.81,24.61,57.51,17.88,4.26,0.25,0.53,0.11,0.05,5.2,1260097.82,312899.497,169498.049,13304.615,1751.756,890.0,390.0,21.390244,2.614363,0.780703,0.182977,1393.6,75.39,1758.831737,184.94442,1573.887317,24.968287
56.87,479.02,16.18,14.68,2.11,27.92,53.23,18.85,2.52,0.2,0.4,0.09,0.03,3.25,951210.18,235174.124,146008.339,9942.373,1521.187,890.0,390.0,16.839117,2.058114,0.59182,0.138708,1137.4,72.08,1345.1362029999998,157.861899,1187.274304,19.627759
48.5,491.82,23.8,22.73,3.3,21.98,56.72,21.3,3.27,0.23,0.42,0.05,0.03,3.99,999280.232,247269.987,149663.881,10465.615,1557.069,890.0,390.0,17.547377,2.144679,0.621215,0.145597,970.0,78.02,1409.516784,162.07656499999996,1247.440219,20.458868
70.07,465.9,28.89,15.58,3.72,21.36,58.03,20.62,2.27,0.12,0.3,0.08,0.03,2.79,901938.377,222775.864,142261.409,9406.049,1484.408,890.0,390.0,16.11315,1.969385,0.561691,0.131646,1401.4,78.65,1279.146107,153.541866,1125.604241,18.775872
48.18,496.81,24.04,4.75,2.8,28.13,56.78,15.08,2.22,0.17,0.24,0.07,0.02,2.73,1018020.042,251985.484,151088.971,10669.598,1571.058,890.0,390.0,17.823488,2.178426,0.632674,0.148283,963.6,71.86,1434.615153,163.71962699999995,1270.895526,20.782871
55.53,417.95,27.52,9.56,1.86,21.69,55.97,22.35,1.43,0.11,0.1,0.04,0.01,1.7,721863.455,177463.625,128567.408,7445.933,1349.992,890.0,390.0,13.45994,1.645104,0.451576,0.105838,1110.6,78.32,1037.9704129999998,137.753333,900.21708,15.662458
25.97,370.68,14.21,29.06,2.44,28.19,54.12,17.7,1.02,0.05,0.06,0.0,0.01,1.14,544342.255,132793.979,115067.607,5513.614,1217.481,890.0,390.0,10.844356,1.325422,0.343023,0.080396,519.4,71.82,800.2149359999999,122.188702,678.0262339999999,12.593197
23.5,409.04,18.17,13.04,3.63,31.69,50.64,17.67,1.28,0.09,0.16,0.06,0.01,1.61,688402.192,169043.77,126022.808,7081.707,1325.015,890.0,390.0,12.966924,1.584847,0.431115,0.101043,470.0,68.31,993.155492,134.81953,858.3359620000001,15.083929
48.66,533.69,23.89,22.75,3.89,25.13,55.49,19.38,2.87,0.16,0.32,0.09,0.03,3.47,1156521.879,286836.691,161621.499,12177.191,1674.442,890.0,390.0,19.864164,2.427842,0.717367,0.168133,973.2,74.87,1620.1117020000002,175.863132,1444.2485699999995,23.177506
39.28,362.51,12.33,29.61,0.7,26.71,56.1,17.19,0.96,0.05,0.17,0.01,0.01,1.21,513660.042,125073.416,112734.344,5179.638,1194.578,890.0,390.0,10.392286,1.270169,0.324261,0.075999,785.6,73.29,759.122018,119.49856,639.623458,12.062715
23.86,385.64,25.92,24.75,2.81,36.54,46.96,16.5,0.51,0.03,0.11,0.03,0.01,0.7,600524.128,146931.019,119340.021,6125.154,1259.418,890.0,390.0,11.672135,1.426595,0.377378,0.088448,477.2,63.46,875.4597399999999,127.114593,748.345147,13.564556
61.27,406.55,18.07,19.65,1.01,29.84,54.04,16.11,1.4,0.08,0.31,0.04,0.02,1.85,679051.065,166690.746,125311.691,6979.92,1318.034,890.0,390.0,12.829145,1.568007,0.425397,0.099702,1225.4,70.15,980.631456,133.99964500000002,846.631811,14.922251
50.29,456.93,21.73,13.06,2.0,28.54,50.57,20.89,1.67,0.13,0.33,0.05,0.02,2.21,868251.786,214299.309,139699.674,9039.37,1459.263,890.0,390.0,15.616814,1.908722,0.541092,0.126818,1005.8,71.46000000000001,1234.029402,150.588307,1083.441095,18.193446
60.51,473.46,22.36,6.85,2.85,29.13,52.21,18.65,1.93,0.13,0.15,0.06,0.01,2.28,930329.751,229919.983,144420.463,9715.089,1505.601,890.0,390.0,16.531466,2.020513,0.579052,0.135715,1210.2,70.86,1317.170887,156.031153,1161.139734,19.266746000000005
57.5,472.86,26.69,3.0,0.5,28.57,56.32,15.12,3.0,0.2,0.29,0.07,0.03,3.59,928076.468,229352.989,144249.11,9690.562,1503.919,890.0,390.0,16.498266,2.016455,0.577674,0.135392,1150.0,71.44,1314.1530479999997,155.83359099999998,1158.3194569999998,19.227787000000003
73.45,504.96,28.57,11.73,1.5,23.78,57.07,19.15,3.2,0.23,0.35,0.12,0.04,3.95,1048627.145,259687.147,153416.522,11002.757,1593.904,890.0,390.0,18.274451,2.233544,0.65139,0.15267,1469.0,76.22,1475.6074749999998,166.403183,1309.204292,21.312055
18.98,368.39,25.49,24.64,2.86,36.51,45.44,18.05,0.95,0.06,0.08,0.02,0.01,1.12,535742.222,130629.953,114413.608,5420.003,1211.062,890.0,390.0,10.717644,1.309935,0.337764,0.079164,379.6,63.49,788.696848,121.434673,667.262175,12.444507
25.77,425.27,9.24,16.95,2.66,23.52,55.39,21.09,1.31,0.1,0.17,0.03,0.01,1.62,749353.516,184380.947,130657.921,7745.162,1370.512,890.0,390.0,13.864976,1.694608,0.468386,0.109778,515.4,76.48,1074.788058,140.16359500000002,934.624463,16.137748
56.62,473.75,25.61,10.91,3.07,27.59,58.56,13.85,1.74,0.13,0.27,0.06,0.02,2.21,931418.838,230194.03,144503.284,9726.944,1506.414,890.0,390.0,16.547513,2.022474,0.579718,0.135871,1132.4,72.41,1318.62951,156.126642,1162.502868,19.285576
43.81,471.78,27.83,12.06,1.91,27.25,56.24,16.52,2.32,0.1,0.3,0.07,0.02,2.82,924020.557,228332.401,143940.673,9646.414,1500.892,890.0,390.0,16.438507,2.009151,0.575194,0.134811,876.2,72.76,1308.720937,155.477979,1153.242958,19.157663
42.63,394.61,28.75,15.18,2.47,27.53,58.0,14.48,0.85,0.04,0.16,0.03,0.01,1.09,634210.72,155407.573,121901.756,6491.833,1284.563,890.0,390.0,12.168471,1.487258,0.397977,0.093276,852.6,72.48,920.5764449999998,130.068152,790.508293,14.146982
24.06,399.71,17.73,22.78,4.39,17.8,60.98,21.22,0.89,0.06,0.09,0.02,0.01,1.06,653363.631,160227.019,123358.261,6700.312,1298.86,890.0,390.0,12.450668,1.521749,0.409689,0.096021,481.2,82.19999999999999,946.228083,131.747433,814.48065,14.478127
39.44,499.55,15.87,16.6,5.62,25.74,55.44,18.82,2.0,0.15,0.21,0.05,0.02,2.43,1028310.037,254574.755,151871.485,10781.605,1578.739,890.0,390.0,17.9751,2.196957,0.638967,0.149758,788.8,74.25999999999999,1448.396621,164.621829,1283.774792,20.960782
36.29,424.49,20.49,22.29,1.94,24.7,53.7,21.6,1.33,0.1,0.21,0.04,0.02,1.7,746424.247,183643.855,130435.161,7713.277,1368.325,890.0,390.0,13.821816,1.689333,0.466595,0.109358,725.8,75.30000000000001,1070.864865,139.906763,930.958102,16.087101999999998
40.75,455.86,24.24,17.24,0.5,24.95,57.28,17.76,1.7,0.17,0.22,0.05,0.02,2.15,864233.43,213288.171,139394.094,8995.631,1456.264,890.0,390.0,15.557608,1.901486,0.538635,0.126243,815.0,75.04,1228.64759,150.235989,1078.411601,18.123972
23.21,386.67,19.83,21.17,4.26,27.6,53.3,19.11,1.11,0.09,0.06,0.01,0.0,1.28,604392.265,147904.358,119634.178,6167.259,1262.305,890.0,390.0,11.729128,1.433561,0.379743,0.089002,464.2000000000001,72.41,880.640365,127.453742,753.186623,13.631434
79.82,485.65,30.82,14.75,3.79,29.52,50.5,19.98,2.84,0.14,0.3,0.11,0.03,3.43,976108.965,241439.403,147901.795,10213.396,1539.773,890.0,390.0,17.205974,2.102952,0.607046,0.142276,1596.4,70.48,1378.483332,160.044964,1218.438368,20.058248
41.41,424.32,22.89,15.22,3.17,27.71,54.78,17.51,1.21,0.11,0.21,0.04,0.02,1.59,745785.817,183483.207,130386.611,7706.328,1367.849,890.0,390.0,13.81241,1.688184,0.466205,0.109267,828.1999999999999,72.29,1070.009812,139.850788,930.159024,16.076066
31.69,435.83,15.42,18.97,3.08,27.39,54.55,18.06,1.42,0.08,0.19,0.02,0.02,1.74,789011.309,194360.034,133673.742,8176.838,1400.114,890.0,390.0,14.449291,1.766025,0.492637,0.115462,633.8000000000001,72.61,1127.902037,143.640694,984.261343,16.823415
47.86,470.94,21.46,16.11,1.99,25.98,57.39,16.63,2.58,0.13,0.41,0.08,0.03,3.23,920865.96,227538.61,143700.778,9612.076,1498.537,890.0,390.0,16.392027,2.00347,0.573265,0.134359,957.2,74.02,1304.4959609999996,155.201391,1149.2945699999998,19.103121
32.52,398.83,12.44,19.39,2.81,25.9,56.76,17.34,1.14,0.09,0.07,0.03,0.02,1.34,650058.815,159395.428,123106.943,6664.339,1296.393,890.0,390.0,12.401976,1.515797,0.407668,0.095547,650.4000000000001,74.1,941.801918,131.457675,810.344243,14.420988
49.18,485.18,25.26,14.16,3.65,24.55,54.41,21.04,2.12,0.15,0.25,0.06,0.02,2.59,974343.893,240995.258,147767.568,10194.183,1538.456,890.0,390.0,17.179967,2.099774,0.605967,0.142023,983.6,75.44999999999999,1376.119358,159.890207,1216.229151,20.027731000000003
49.95,390.5,27.15,17.57,1.79,23.83,59.01,17.16,0.99,0.1,0.12,0.05,0.01,1.28,618775.726,151523.667,120727.985,6323.823,1273.042,890.0,390.0,11.941053,1.459462,0.388539,0.091064,999.0,76.17,899.9042430000001,128.71485,771.189393,13.880118
64.5,479.48,24.58,18.12,3.55,30.39,53.38,16.24,2.17,0.11,0.27,0.08,0.02,2.64,952937.698,235608.819,146139.71,9961.177,1522.477,890.0,390.0,16.86457,2.061225,0.592877,0.138956,1290.0,69.62,1347.4498809999998,158.013364,1189.436517,19.657628000000003
64.44,484.44,22.19,16.25,3.18,29.37,53.72,16.91,1.8,0.18,0.27,0.06,0.03,2.33,971564.843,240295.966,147556.232,10163.933,1536.381,890.0,390.0,17.139021,2.094769,0.604267,0.141625,1288.8,70.63,1372.397355,159.64654599999997,1212.750809,19.979682
57.0,535.71,24.69,10.56,2.39,20.88,58.72,20.39,3.54,0.22,0.44,0.1,0.04,4.33,1164107.934,288745.569,162198.39,12259.765,1680.105,890.0,390.0,19.975936,2.441503,0.722006,0.16922,1140.0,79.11,1630.271763,176.52826000000005,1453.743503,23.308665
56.62,504.94,24.82,18.24,1.49,29.31,54.71,15.98,3.46,0.2,0.42,0.13,0.03,4.25,1048552.036,259668.247,153410.811,11001.939,1593.848,890.0,390.0,18.273344,2.233409,0.651344,0.152659,1132.4,70.69,1475.506881,166.396598,1309.110283,21.310756000000005
28.46,446.9,10.21,26.44,2.85,26.87,55.39,17.74,1.39,0.09,0.17,0.04,0.01,1.7,830584.393,204821.066,136835.215,8629.361,1431.146,890.0,390.0,15.061826,1.84089,0.518059,0.12142,569.2,73.13,1183.581181,147.28572200000002,1036.295459,17.542195
53.33,471.24,24.87,7.96,2.46,25.07,55.26,19.67,1.79,0.13,0.23,0.07,0.02,2.25,921992.602,227822.107,143786.455,9624.339,1499.378,890.0,390.0,16.408627,2.005499,0.573954,0.134521,1066.6,74.93,1306.004881,155.300172,1150.704709,19.122601
21.69,422.88,18.58,24.02,3.69,26.78,55.2,18.02,1.19,0.09,0.12,0.02,0.02,1.43,740377.936,182122.422,129975.362,7647.463,1363.812,890.0,390.0,13.732731,1.678445,0.462898,0.108492,433.8,73.22,1062.766995,139.376637,923.390358,15.982565999999998
29.78,423.66,24.32,12.43,2.6,25.22,53.17,21.61,1.49,0.08,0.18,0.04,0.01,1.81,743307.205,182859.514,130198.122,7679.348,1365.998,890.0,390.0,13.77589,1.68372,0.464689,0.108912,595.6,74.78,1066.690187,139.633468,927.056719,16.033211
55.3,516.02,13.87,10.74,2.21,22.72,56.95,20.33,2.41,0.18,0.29,0.07,0.03,2.98,1090162.675,270138.729,156575.139,11454.871,1624.908,890.0,390.0,18.886432,2.308342,0.676789,0.158622,1106.0,77.28,1531.2363220000002,170.044918,1361.191404,22.030185
23.98,357.21,12.61,24.11,2.37,32.55,52.79,14.66,0.75,0.05,0.05,0.03,0.01,0.9,493756.036,120064.972,111220.721,4962.983,1179.721,890.0,390.0,10.099022,1.234326,0.31209,0.073146,479.6,67.45,732.4644330000001,117.753425,614.711008,11.718583999999998
68.53,508.96,31.2,18.1,1.57,21.42,57.89,20.69,2.9,0.23,0.47,0.08,0.03,3.71,1063649.036,263467.104,154558.879,11166.27,1605.117,890.0,390.0,18.495782,2.260596,0.660576,0.154823,1370.6,78.58,1495.7264060000002,167.72026599999998,1328.0061400000002,21.571777
37.01,446.89,12.6,21.36,1.4,29.37,51.55,19.08,2.09,0.11,0.24,0.06,0.02,2.52,830546.839,204811.616,136832.359,8628.952,1431.118,890.0,390.0,15.061272,1.840822,0.518036,0.121415,740.1999999999999,70.63,1183.530884,147.28242899999998,1036.248455,17.541545
33.02,358.88,20.2,23.32,2.17,22.13,55.07,22.8,0.8,0.04,0.03,0.0,0.01,0.88,500027.676,121643.104,111697.655,5031.25,1184.403,890.0,390.0,10.191428,1.24562,0.315925,0.074045,660.4000000000001,77.87,740.8640880000002,118.303308,622.56078,11.827018
26.83,350.0,16.93,28.29,2.24,21.44,55.02,23.54,0.83,0.04,0.09,0.0,0.01,0.97,466679.077,113251.599,109161.623,4668.251,1159.51,890.0,390.0,9.700073,1.185565,0.295533,0.069266,536.5999999999999,78.56,696.20006,115.379384,580.8206759999999,11.250437000000002
63.67,534.47,25.04,15.16,2.28,21.59,56.82,21.59,3.77,0.24,0.43,0.14,0.03,4.61,1159451.148,287573.783,161844.259,12209.076,1676.629,890.0,390.0,19.907323,2.433117,0.719159,0.168553,1273.4,78.41,1624.034895,176.11996399999998,1447.914931,23.228152
52.29,480.03,21.9,10.83,1.98,24.68,53.1,22.22,3.41,0.19,0.39,0.07,0.04,4.1,955003.208,236128.563,146296.784,9983.66,1524.019,890.0,390.0,16.895003,2.064945,0.59414,0.139252,1045.8,75.32,1350.216234,158.194463,1192.021771,19.69334
57.1,471.12,20.01,7.37,2.93,24.57,55.19,20.24,2.38,0.19,0.31,0.07,0.03,2.98,921541.945,227708.708,143752.184,9619.434,1499.042,890.0,390.0,16.401987,2.004687,0.573679,0.134456,1142.0,75.42999999999999,1305.4013129999996,155.26066,1150.140653,19.114809
70.61,441.41,21.0,18.52,2.7,34.0,50.16,15.85,1.48,0.11,0.17,0.03,0.01,1.81,809966.847,199633.075,135267.33,8404.939,1415.756,890.0,390.0,14.758048,1.803762,0.505451,0.118465,1412.2,66.00999999999999,1155.967947,145.478025,1010.489922,17.185726000000003
45.82,497.14,24.66,5.74,3.0,29.77,54.5,15.74,2.51,0.17,0.26,0.09,0.04,3.06,1019259.348,252297.33,151183.215,10683.088,1571.983,890.0,390.0,17.841748,2.180658,0.633432,0.148461,916.4,70.24,1436.2749640000002,163.828286,1272.446678,20.804299
58.59,538.38,23.45,16.24,1.51,22.89,57.2,19.91,2.97,0.19,0.3,0.07,0.03,3.56,1174135.047,291268.691,162960.913,12368.91,1687.59,890.0,390.0,20.123675,2.45956,0.728138,0.170657,1171.8000000000002,77.11,1643.7011509999998,177.407413,1466.2937379999998,23.48203
21.5,432.26,17.8,28.76,1.72,21.81,57.19,21.0,1.14,0.08,0.15,0.03,0.02,1.41,775604.271,190986.422,132654.189,8030.902,1390.106,890.0,390.0,14.251753,1.741881,0.484438,0.11354,430.0,78.19,1109.94589,142.46519700000002,967.480693,16.591612
52.8,494.48,30.68,10.17,1.91,24.07,56.62,19.31,1.82,0.13,0.3,0.05,0.01,2.31,1009269.79,249783.659,150423.548,10574.352,1564.526,890.0,390.0,17.694563,2.162669,0.627324,0.147029,1056.0,75.92999999999999,1422.895875,162.95242600000003,1259.943449,20.631585
48.27,446.95,16.6,17.61,2.19,26.72,57.54,15.74,1.96,0.14,0.22,0.06,0.02,2.39,830772.167,204868.316,136849.494,8631.405,1431.287,890.0,390.0,15.064592,1.841228,0.518173,0.121447,965.4,73.28,1183.832669,147.302186,1036.530483,17.54544
39.85,355.3,16.91,25.45,2.19,29.28,52.51,18.21,1.09,0.03,0.0,0.0,0.01,1.14,486583.083,118260.043,110675.246,4884.906,1174.367,890.0,390.0,9.993337,1.221408,0.307704,0.072118,797.0,70.72,722.8576449999999,117.124519,605.733126,11.594567
61.18,511.11,29.64,16.16,0.53,28.43,53.29,18.28,3.67,0.23,0.42,0.1,0.03,4.45,1071723.303,265498.832,155172.896,11254.158,1611.144,890.0,390.0,18.614748,2.275136,0.665514,0.15598,1223.6,71.57,1506.540333,168.428198,1338.112135,21.711378
45.25,431.71,19.51,16.43,1.76,32.9,50.37,16.72,1.76,0.14,0.2,0.04,0.02,2.16,773538.761,190466.678,132497.115,8008.419,1388.565,890.0,390.0,14.22132,1.738162,0.483175,0.113244,905.0,67.09,1107.179538,142.284099,964.895439,16.555901000000002
46.21,499.98,24.5,15.59,1.51,26.44,54.81,18.74,2.58,0.14,0.29,0.06,0.03,3.1,1029924.891,254981.1,151994.288,10799.182,1579.944,890.0,390.0,17.998893,2.199865,0.639954,0.149989,924.2,73.55,1450.5594049999995,164.76341399999998,1285.795991,20.988701
38.99,385.95,18.42,19.7,1.87,31.74,54.2,14.06,1.0,0.1,0.23,0.01,0.01,1.35,601688.325,147223.966,119428.554,6137.826,1260.287,890.0,390.0,11.689288,1.428691,0.37809,0.088615,779.8000000000001,68.26,877.018958,127.216667,749.802291,13.584684
57.14,431.69,19.76,21.82,3.14,25.93,56.96,17.12,1.55,0.11,0.23,0.05,0.02,1.97,773463.652,190447.778,132491.403,8007.601,1388.509,890.0,390.0,14.220213,1.738026,0.48313,0.113234,1142.8,74.08,1107.078943,142.27751299999997,964.80143,16.554602999999997
63.31,498.23,16.42,14.17,1.1,25.34,53.74,20.91,2.61,0.17,0.35,0.1,0.04,3.27,1023352.813,253327.369,151494.507,10727.645,1575.038,890.0,390.0,17.902061,2.18803,0.635935,0.149047,1266.2,74.65,1441.757372,164.18719000000002,1277.570182,20.875073
77.09,518.08,33.08,14.76,2.68,25.71,55.84,18.45,3.42,0.18,0.41,0.1,0.04,4.15,1097898.949,272085.407,157163.452,11539.08,1630.683,890.0,390.0,19.000418,2.322273,0.68152,0.159731,1541.8000000000002,74.29,1541.5975710000002,170.72321499999995,1370.874356,22.163942
58.16,509.68,18.36,16.7,1.66,22.37,58.61,19.02,2.92,0.27,0.4,0.07,0.03,3.7,1066352.977,264147.497,154764.503,11195.702,1607.136,890.0,390.0,18.535622,2.265465,0.66223,0.15521,1163.1999999999998,77.63,1499.347815,167.957341,1331.390474,21.618527
57.83,494.14,27.47,14.85,2.69,29.66,52.73,17.61,2.01,0.13,0.23,0.07,0.03,2.48,1007992.929,249462.362,150326.447,10560.453,1563.573,890.0,390.0,17.675749,2.160369,0.626543,0.146846,1156.6,70.34,1421.185764,162.840473,1258.345291,20.609507
44.95,462.77,25.76,14.36,2.01,25.13,57.8,17.06,1.71,0.13,0.22,0.06,0.02,2.14,890183.747,219818.047,141367.515,9278.1,1475.634,890.0,390.0,15.939958,1.948217,0.554503,0.129962,899.0,74.86,1263.403043,152.51124900000002,1110.891794,18.57264
56.7,484.29,26.56,13.03,2.13,27.01,55.19,17.8,2.04,0.16,0.23,0.09,0.03,2.54,971001.522,240154.217,147513.394,10157.801,1535.961,890.0,390.0,17.130721,2.093755,0.603923,0.141544,1134.0,72.99,1371.642895,159.597156,1212.045739,19.969943000000004
59.73,479.61,19.27,3.32,0.66,25.3,59.26,15.44,1.9,0.15,0.28,0.05,0.02,2.4,953425.909,235731.667,146176.837,9966.491,1522.841,890.0,390.0,16.871763,2.062104,0.593175,0.139025,1194.6,74.7,1348.103745,158.05616899999998,1190.047576,19.666067
25.45,414.05,9.01,28.66,3.72,25.68,53.57,20.75,1.25,0.04,0.14,0.03,0.01,1.46,707217.111,173778.166,127453.61,7286.508,1339.059,890.0,390.0,13.244142,1.618729,0.44262,0.103739,509.0,74.32,1018.354454,136.469177,881.885277,15.40923
55.77,469.14,15.22,17.47,1.16,30.26,53.1,16.64,2.74,0.15,0.21,0.06,0.02,3.17,914106.109,225837.629,143186.718,9538.495,1493.491,890.0,390.0,16.292428,1.991297,0.569132,0.13339,1115.4,69.74000000000001,1295.4424420000005,154.608704,1140.833738,18.986247
73.17,521.63,22.61,18.65,1.41,25.5,54.4,20.1,3.31,0.22,0.47,0.13,0.04,4.17,1111230.877,275440.119,158177.294,11684.198,1640.635,890.0,390.0,19.19685,2.346282,0.689672,0.161642,1463.4,74.5,1559.4531230000002,171.89212700000002,1387.560996,22.394446
54.13,357.63,21.53,22.62,1.86,31.52,50.98,17.5,0.53,0.03,0.07,0.03,0.01,0.67,495333.335,120461.868,111340.668,4980.152,1180.898,890.0,390.0,10.122262,1.237166,0.313054,0.073372,1082.6,68.47999999999999,734.5769210000001,117.891718,616.685203,11.745854
63.83,447.26,36.64,7.86,2.38,25.79,55.24,18.97,1.66,0.15,0.24,0.07,0.03,2.15,831936.363,205161.262,136938.027,8644.077,1432.156,890.0,390.0,15.081745,1.843325,0.518885,0.121614,1276.6,74.21000000000001,1185.391885,147.40426,1037.987625,17.565569
20.91,414.13,17.73,23.46,3.07,24.96,56.74,18.3,1.2,0.1,0.15,0.03,0.01,1.49,707517.549,173853.765,127476.457,7289.778,1339.283,890.0,390.0,13.248568,1.61927,0.442804,0.103782,418.2,75.04,1018.756832,136.49551799999998,882.261314,15.414424000000002
53.8,497.8,24.31,11.94,1.41,26.0,51.07,22.93,3.42,0.18,0.33,0.08,0.04,4.04,1021737.96,252921.023,151371.704,10710.068,1573.833,890.0,390.0,17.878268,2.185122,0.634948,0.148816,1076.0,74.0,1439.594588,164.04560500000002,1275.548983,20.847154
28.01,405.11,9.39,31.69,2.04,24.77,54.57,20.66,1.17,0.08,0.12,0.02,0.02,1.42,673643.184,165329.962,124900.443,6921.055,1313.998,890.0,390.0,12.749466,1.558268,0.42209,0.098927,560.2,75.23,973.388642,133.52549599999998,839.8631459999999,14.828751
45.61,437.85,26.43,16.63,2.36,27.04,53.43,19.53,1.91,0.1,0.17,0.04,0.02,2.24,796597.364,196268.913,134250.632,8259.412,1405.777,890.0,390.0,14.561063,1.779686,0.497276,0.116549,912.2,72.96000000000001,1138.062098,144.30582100000004,993.756277,16.954574
28.26,401.95,18.04,17.44,2.72,30.05,49.22,20.73,0.82,0.07,0.14,0.02,0.01,1.07,661775.89,162343.795,123997.981,6791.88,1305.139,890.0,390.0,12.574614,1.536898,0.414833,0.097227,565.2,69.95,957.494685,132.485,825.0096850000001,14.623572
44.09,442.87,17.8,20.1,2.97,30.97,49.2,19.83,1.78,0.1,0.29,0.05,0.01,2.23,815449.838,201012.759,135684.29,8464.621,1419.849,890.0,390.0,14.838834,1.813636,0.508804,0.119251,881.8000000000001,69.03,1163.3113569999998,145.95876,1017.352597,17.280525
51.82,569.89,20.27,15.59,1.5,29.37,53.53,17.1,3.29,0.22,0.31,0.12,0.03,3.96,1292469.995,321045.305,171959.828,13656.986,1775.921,890.0,390.0,21.867213,2.672659,0.800499,0.187617,1036.4,70.63,1802.188035,187.782735,1614.4053,25.527988
55.98,420.9,15.99,9.89,0.72,20.64,60.37,18.99,1.25,0.1,0.22,0.03,0.02,1.61,732942.1,180251.343,129409.896,7566.524,1358.261,890.0,390.0,13.623172,1.665055,0.458351,0.107426,1119.6,79.36,1052.808124,138.72468099999998,914.083443,15.854004000000002
39.34,473.65,17.62,13.53,4.52,30.14,55.6,14.26,1.63,0.11,0.29,0.04,0.02,2.09,931043.291,230099.531,144474.725,9722.856,1506.134,890.0,390.0,16.541979,2.021798,0.579489,0.135818,786.8000000000001,69.86,1318.126537,156.093715,1162.032822,19.279084
24.39,353.97,15.17,12.27,3.9,33.9,49.78,16.32,0.98,0.06,0.12,0.0,0.0,1.16,481588.304,117003.207,110295.412,4830.537,1170.638,890.0,390.0,9.919744,1.212414,0.304649,0.071402,487.8,66.1,716.168098,116.686587,599.481511,11.508209
40.92,443.84,21.71,10.72,1.81,32.16,47.87,19.97,1.4,0.13,0.25,0.05,0.02,1.85,819092.646,201929.399,135961.312,8504.273,1422.568,890.0,390.0,14.892507,1.820196,0.511031,0.119773,818.4000000000001,67.84,1168.1901979999998,146.278153,1021.912045,17.343507
60.38,452.55,23.12,13.44,1.14,30.49,53.48,16.03,2.22,0.12,0.2,0.06,0.02,2.63,851802.815,210160.256,138448.793,8860.323,1446.985,890.0,390.0,15.374456,1.8791,0.531033,0.124461,1207.6,69.50999999999999,1211.9991720000005,149.146101,1062.853071,17.90905
35.17,461.99,17.61,14.53,3.62,29.26,53.41,17.33,2.01,0.14,0.3,0.03,0.02,2.49,887254.478,219080.955,141144.755,9246.215,1473.448,890.0,390.0,15.896798,1.942942,0.552712,0.129542,703.4000000000001,70.74,1259.4798510000005,152.25441800000002,1107.225433,18.521994
66.88,499.64,20.98,10.52,1.49,26.24,55.24,18.52,2.88,0.16,0.39,0.08,0.04,3.55,1028648.03,254659.804,151897.188,10785.284,1578.991,890.0,390.0,17.98008,2.197565,0.639173,0.149806,1337.6,73.76,1448.849297,164.651463,1284.197834,20.966624000000003
28.09,350.0,8.0,19.05,3.43,32.74,50.99,16.27,0.75,0.04,0.11,0.0,0.01,0.91,466679.077,113251.599,109161.623,4668.251,1159.51,890.0,390.0,9.700073,1.185565,0.295533,0.069266,561.8,67.26,696.20006,115.379384,580.8206759999999,11.250437000000002
78.5,493.07,26.47,9.53,3.1,29.78,53.46,16.76,2.85,0.21,0.31,0.09,0.03,3.48,1003974.573,248451.224,150020.867,10516.713,1560.573,890.0,390.0,17.616543,2.153133,0.624086,0.14627,1570.0,70.22,1415.8039500000002,162.48815299999998,1253.315797,20.540032
30.09,407.29,20.8,23.11,3.06,22.73,56.83,20.45,1.18,0.07,0.12,0.04,0.02,1.43,681830.115,167390.038,125523.027,7010.17,1320.109,890.0,390.0,12.870091,1.573012,0.427096,0.100101,601.8,77.28,984.353459,134.24330600000002,850.110153,14.970300000000002
39.34,463.11,20.15,15.94,2.77,29.81,53.71,16.47,2.46,0.13,0.25,0.07,0.03,2.94,891460.608,220139.343,141464.615,9291.998,1476.587,890.0,390.0,15.958771,1.950517,0.555284,0.130145,786.8000000000001,70.18,1265.1131509999998,152.62319999999997,1112.4899509999998,18.594717
39.27,490.34,21.0,12.01,4.01,27.36,55.51,17.13,2.21,0.16,0.24,0.04,0.03,2.67,993722.133,245871.403,149241.209,10405.115,1552.92,890.0,390.0,17.465485,2.13467,0.617816,0.144801,785.4000000000001,72.64,1402.07278,161.589244,1240.4835360000002,20.362772000000003
53.87,512.64,27.44,17.67,1.99,19.3,59.82,20.87,2.4,0.22,0.43,0.12,0.04,3.2,1077469.176,266944.665,155609.847,11316.702,1615.433,890.0,390.0,18.699407,2.285483,0.669027,0.156803,1077.4,80.69,1514.235823,168.93198199999998,1345.303841,21.81072
43.22,479.08,24.68,14.56,3.14,23.68,57.16,19.16,2.03,0.18,0.23,0.07,0.01,2.51,951435.509,235230.823,146025.474,9944.825,1521.356,890.0,390.0,16.842437,2.05852,0.591958,0.13874,864.4,76.32,1345.4379869999998,157.881655,1187.556332,19.631655
58.83,430.6,19.57,18.97,2.03,27.45,51.35,21.2,1.98,0.1,0.23,0.07,0.03,2.4,769370.186,189417.74,132180.111,7963.044,1385.453,890.0,390.0,14.1599,1.730655,0.480626,0.112647,1176.6,72.55,1101.596534,141.918608,959.677926,16.483828
54.22,450.95,20.91,20.43,1.17,25.21,56.6,18.19,1.65,0.14,0.25,0.05,0.02,2.11,845794.058,208648.273,137991.851,8794.918,1442.5,890.0,390.0,15.285924,1.86828,0.527359,0.1236,1084.4,74.79,1203.9516,148.619269,1055.332331,17.805163
31.48,426.39,11.64,27.99,3.16,27.61,53.26,19.14,0.94,0.09,0.14,0.02,0.01,1.2,753559.646,185439.335,130977.78,7790.946,1373.651,890.0,390.0,13.926949,1.702183,0.470958,0.110381,629.6,72.4,1080.421358,140.532377,939.888981,16.210471000000002
41.17,401.35,16.68,8.27,3.9,33.22,48.92,17.86,0.77,0.1,0.05,0.0,0.01,0.94,659522.606,161776.802,123826.627,6767.353,1303.457,890.0,390.0,12.541414,1.53284,0.413455,0.096904,823.4000000000001,66.78,954.476845,132.287437,822.1894080000001,14.584613
52.18,474.49,27.25,14.28,1.26,27.33,55.49,17.18,2.38,0.22,0.31,0.06,0.03,3.01,934197.888,230893.322,144714.62,9757.194,1508.489,890.0,390.0,16.588459,2.027478,0.581418,0.13627,1043.6,72.67,1322.351513,156.37030299999998,1165.98121,19.333625
47.36,456.67,20.35,18.73,4.34,23.24,54.5,22.26,1.45,0.14,0.26,0.07,0.03,1.94,867275.363,214053.612,139625.421,9028.742,1458.534,890.0,390.0,15.602428,1.906964,0.540495,0.126678,947.2,76.76,1232.7216720000004,150.502697,1082.218975,18.176565
64.35,550.77,19.36,16.36,1.98,25.63,57.98,16.39,3.43,0.23,0.41,0.14,0.05,4.26,1220665.355,302977.109,166499.363,12875.393,1722.322,890.0,390.0,20.809249,2.543352,0.756591,0.177326,1287.0,74.37,1706.019542,181.487078,1524.532464,24.286518
56.61,468.6,17.07,21.4,0.57,25.36,56.8,17.84,3.08,0.19,0.31,0.05,0.04,3.67,912078.153,225327.335,143032.5,9516.42,1491.977,890.0,390.0,16.262549,1.987645,0.567891,0.1331,1132.2,74.64,1292.726385,154.43089700000002,1138.2954880000002,18.951185
65.26,486.94,22.46,17.08,1.98,23.8,57.71,18.49,1.94,0.15,0.3,0.07,0.03,2.48,980953.525,242658.439,148270.205,10266.129,1543.389,890.0,390.0,17.277353,2.111677,0.610008,0.142971,1305.2,76.2,1384.9716870000002,160.46972299999996,1224.501964,20.142009
21.15,363.19,12.51,24.28,3.62,31.14,51.32,17.54,0.71,0.03,0.05,0.01,0.01,0.8,516213.763,125716.008,112928.544,5207.436,1196.485,890.0,390.0,10.429913,1.274768,0.325823,0.076365,423.0,68.86,762.5422359999999,119.722465,642.819771,12.106869
71.29,465.87,33.65,13.23,1.93,32.06,51.77,16.17,2.56,0.15,0.26,0.07,0.03,3.07,901825.713,222747.514,142252.841,9404.823,1484.324,890.0,390.0,16.11149,1.969182,0.561622,0.13163,1425.8000000000002,67.94,1278.995215,153.53198799999998,1125.463227,18.773924
45.09,448.7,15.71,17.83,1.54,24.38,56.4,19.22,1.08,0.12,0.22,0.04,0.02,1.49,837344.244,206522.047,137349.275,8702.942,1436.192,890.0,390.0,15.161425,1.853063,0.522192,0.122389,901.8,75.62,1192.6347,147.878409,1044.756291,17.659069
55.75,506.21,23.43,11.18,0.5,28.22,55.65,16.13,3.36,0.21,0.4,0.09,0.03,4.09,1053321.486,260868.384,153773.509,11053.854,1597.408,890.0,390.0,18.343617,2.241998,0.654261,0.153342,1115.0,71.78,1481.8946410000003,166.81477099999998,1315.07987,21.393217999999997
26.91,429.19,8.0,24.39,2.82,28.49,51.14,20.37,1.29,0.06,0.12,0.04,0.02,1.54,764074.97,188085.305,131777.43,7905.405,1381.5,890.0,390.0,14.081881,1.721119,0.477388,0.111888,538.2,71.51,1094.50461,141.454335,953.050275,16.392276
39.8,424.26,20.04,21.03,3.82,28.43,54.67,16.9,1.03,0.11,0.15,0.05,0.02,1.36,745560.489,183426.507,130369.476,7703.875,1367.68,890.0,390.0,13.80909,1.687778,0.466067,0.109234,796.0,71.57,1069.7080269999997,139.831031,929.876996,16.072169
59.96,511.98,19.0,15.7,1.74,24.31,57.77,17.92,3.15,0.2,0.48,0.11,0.04,3.99,1074990.564,266320.972,155421.358,11289.722,1613.583,890.0,390.0,18.662888,2.28102,0.667511,0.156448,1199.2,75.69,1510.9161990000002,168.71466300000003,1342.201536,21.767867000000003
78.9,515.93,28.7,13.16,2.44,25.7,56.01,18.29,2.7,0.2,0.38,0.09,0.03,3.4,1089824.682,270053.68,156549.436,11451.192,1624.656,890.0,390.0,18.881452,2.307733,0.676582,0.158574,1578.0,74.3,1530.783646,170.01528399999998,1360.768362,22.024341
57.57,539.49,24.57,17.29,0.5,26.93,52.79,20.28,3.67,0.29,0.45,0.11,0.03,4.55,1178303.622,292317.629,163277.917,12414.285,1690.701,890.0,390.0,20.185094,2.467067,0.730687,0.171255,1151.4,73.07,1649.2841539999995,177.772903,1471.511251,23.554103
42.53,434.35,10.87,24.46,0.5,24.07,55.91,20.03,2.29,0.1,0.36,0.05,0.02,2.82,783453.209,192961.45,133251.07,8116.338,1395.965,890.0,390.0,14.367398,1.756016,0.489238,0.114665,850.6,75.94,1120.4580320000002,143.153373,977.304659,16.727317
54.52,501.09,25.18,14.81,1.7,21.53,56.1,22.37,3.18,0.2,0.33,0.1,0.03,3.83,1034093.465,256030.038,152311.292,10844.557,1583.056,890.0,390.0,18.060313,2.207372,0.642503,0.150587,1090.4,78.47,1456.1424080000002,165.128905,1291.013503,21.060775000000003
45.47,496.11,25.7,9.12,3.54,27.45,57.68,14.87,2.25,0.15,0.29,0.08,0.02,2.79,1015391.211,251323.991,150889.058,10640.983,1569.095,890.0,390.0,17.784755,2.173692,0.631067,0.147906,909.4,72.55,1431.094338,163.489136,1267.605202,20.73742
