scenario_id,Concentration_liquide_chimique_kg,Temperature_C,Temps_reaction_min,Heating_rate_C_min,Taille_particules_mm,Solid_Yield_pct,Liquid_Yield_pct,Gas_Yield_pct,HBr_pct,Br2_pct,HCl_pct,Cl2_pct,HF_pct,Toxicity_Index_pct,Valuable_Yield_pct,model,pareto_nondominated
1,54.279510299457264,495.5897657953791,12.32995230575728,22.908087493629495,3.5,25.21812989974212,55.01070125045829,19.771168849799587,2.4622116991629195,0.1667931827579303,0.27861887521918133,0.07408851702923037,0.0280306480727671,3.0097429222420287,74.78187010025788,Sélection automatique par sortie,False
2,58.57248615850936,512.5403851018673,20.145733802246177,14.037273963529318,1.3370359331758443,25.042673688611536,56.00715205626753,18.950174255120935,2.9117580987283294,0.20168721056514285,0.3641636394963662,0.09672761861787624,0.030285835549139557,3.604622402956854,74.95732631138847,Sélection automatique par sortie,False
3,49.259693139807375,508.97651253024065,24.827916051373915,15.589529708232144,3.3152924153195102,25.425088321057494,55.6455052699842,18.929406408958315,2.7134559191223566,0.18243201469647566,0.3286754192150222,0.08647399652069043,0.028344920557901873,3.339382270112447,74.57491167894251,Sélection automatique par sortie,False
4,46.80053871157609,510.5344185694993,14.243041394042844,12.586576612276534,3.14,25.277858626373884,56.02679843569492,18.695342937931194,2.609465118676641,0.18167786979159214,0.32141658548827645,0.08562377184079044,0.028651514201460487,3.226834859998761,74.72214137362612,Sélection automatique par sortie,False
5,41.724071584246,373.0729845232428,23.23361263011718,9.47,3.223700132712061,31.900240239531886,51.81076090029194,16.28899886017617,0.8361695015091912,0.05509996362628808,0.10061957935436269,0.008776571468247618,0.010529497968824202,1.0111951139269137,68.09975976046812,Sélection automatique par sortie,False
6,27.293356088825476,541.1208741465568,17.10525608079438,24.39,2.090749722613971,20.484253490189165,58.60624363898641,20.909502870824404,2.6980461033327536,0.18079919134341194,0.3475166177468103,0.08819102980147281,0.027379999161456198,3.3419329413859047,79.51574650981081,Sélection automatique par sortie,True
7,62.32055888386908,487.24805131435903,19.239598737501392,21.85,2.3921369352015036,25.88224601895773,54.68481167425319,19.432942306789098,2.507646737470084,0.17075564699199114,0.28566803018365977,0.07811455243962802,0.02682195605855495,3.069006923143918,74.11775398104228,Sélection automatique par sortie,False
8,60.88733829665503,521.080176291614,19.545008093367834,8.24463381121883,2.67,25.89886104097142,55.762737957066875,18.3384010019617,3.0181527092509732,0.2103513632792566,0.37886712548255963,0.10361228808897388,0.032757931505591045,3.7437414176073545,74.10113895902857,Sélection automatique par sortie,False
9,63.67113955605768,516.1338356144482,29.44792528730829,17.42,1.4,24.970037954929605,55.81214645112664,19.217815593943754,3.10131875796373,0.21405355971937,0.39990489982121735,0.1031038679731537,0.03306166768568646,3.8514427531631577,75.02996204507039,Sélection automatique par sortie,False
10,36.28668487433408,511.34264007501565,15.86344988927736,14.174456809018592,1.53,23.853121958590656,56.95545069196119,19.191427349448166,2.5348884946757306,0.174537008194177,0.32189442563085957,0.08248573694135743,0.026885712241000025,3.1406913776831242,76.14687804140935,Sélection automatique par sortie,False
11,59.36409264547321,463.462917725299,22.52311073176383,24.95205491668462,1.91,26.362514794767545,54.38889099279833,19.24859421243414,2.1467817122780803,0.1468777074661696,0.26812052653697294,0.06421055066056106,0.023397957863058195,2.6493884548048423,73.63748520523247,Sélection automatique par sortie,False
12,35.502501990332405,501.92313894042735,17.25152622615787,10.122920760143447,1.16,24.97493908819986,57.047018463968854,17.97804244783129,2.465108046400308,0.17058763607934635,0.3036790012645103,0.07913019797006113,0.025706968192149137,3.0442118499063744,75.02506091180014,Sélection automatique par sortie,False
13,26.2,395.7344604574055,29.78070015871961,9.201628527609648,2.26,30.1028429346322,53.60657868836926,16.290578376998532,1.1770031361686912,0.06955574963360728,0.12461749147567837,0.015959939254295306,0.009728252394823758,1.3968645689270958,69.8971570653678,Sélection automatique par sortie,False
14,55.69640161262272,407.30591970268205,22.32807444165025,14.871575173135001,2.63,30.08258692170554,52.3570315686648,17.560381509629657,1.2994120829736016,0.08998812381137838,0.15289717095908767,0.030927772651675768,0.016342521069713307,1.5895676714654565,69.91741307829446,Sélection automatique par sortie,False
15,46.68183835234914,445.0359419213775,24.1680240150895,17.330127794662985,3.35,28.012564051231752,53.787657482762555,18.199778466005686,1.7579919869301626,0.11884635471165375,0.22099845855323122,0.04768967483583113,0.0201068161002512,2.16563329113113,71.98743594876824,Sélection automatique par sortie,False
16,40.069494725250635,435.2256901423545,15.777941336899364,11.72753429177489,2.69,28.501141214250865,54.334286677358875,17.164572108390256,1.5955248963516724,0.10968609953769771,0.19286557260074041,0.0420671301425387,0.017118121644584972,1.9572618202772343,71.49885878574914,Sélection automatique par sortie,False
17,34.87398464308572,471.2576348394492,19.0,14.032571577077537,1.99,26.038006926916037,55.78899033847906,18.173002734604907,2.026689456181008,0.13618989232184037,0.25625548419291366,0.059554660357866426,0.02089997821122146,2.4995894712648496,73.96199307308396,Sélection automatique par sortie,False
18,34.84387100499694,491.82,13.363280358707202,27.7444501853858,2.42,23.113624534155807,56.56251763767734,20.323857828166854,2.128314293202924,0.14208128122194133,0.2619553917103828,0.06296320157177526,0.023486429833898544,2.618800597540922,76.8863754658442,Sélection automatique par sortie,False
19,70.70674223642469,485.46674567459155,18.04,7.214249363036357,0.6901899360969389,27.645469772733435,54.68911597002035,17.665414257246198,2.7100611162609702,0.19717592448144988,0.3319112270876248,0.0891716343458951,0.029465406162289803,3.35778530833823,72.35453022726655,Sélection automatique par sortie,False
20,58.78063318115724,545.325980686305,21.5271983728117,27.93031194320064,3.19,22.311327717656194,56.51810419292503,21.170568089418758,3.3420352138652674,0.22524575082338072,0.3723502633651934,0.10960701285333668,0.03493510528829315,4.084173346195472,77.68867228234379,Sélection automatique par sortie,False
21,27.23396262769798,407.03005139013163,27.197239354458347,13.86,0.68,28.49202593104746,55.14058948275349,16.367384586199044,1.3531208966958483,0.09212986364707881,0.1323578308386391,0.02590662618858923,0.010504524870210747,1.6140197422403662,71.50797406895254,Sélection automatique par sortie,False
22,63.31,392.9577263342972,26.173427341514586,11.06,1.93,31.33983340107003,51.636615543806414,17.02355105512355,1.1025851700962688,0.07890714212417045,0.13575955077894622,0.024629843960857475,0.017818794356244692,1.3597005013164876,68.66016659892996,Sélection automatique par sortie,False
23,57.34,506.6685782065305,27.97515165228013,15.700152240120715,2.6247256925616465,25.71399234257033,55.42799619123811,18.858011466191563,2.81274252666328,0.19111041503732623,0.3432041621596511,0.09102666683033102,0.029923761029043473,3.4680075317196324,74.28600765742968,Sélection automatique par sortie,False
24,65.26286949467392,512.2256037932549,18.70935201901871,19.74906403713669,2.34,25.046823148639618,55.389057174469805,19.564119676890584,2.932172928211744,0.20087459299453236,0.3556014241818439,0.09578816567314419,0.031234565753588496,3.615671676814853,74.95317685136038,Sélection automatique par sortie,False
25,59.207381335113055,479.61225655559065,14.55764372077123,15.723078428300985,2.58,26.65709647587885,54.64857390921612,18.694329614905037,2.349824431142676,0.16307957254116096,0.2792441279500612,0.07265982212314102,0.025146433388394736,2.889954387145434,73.34290352412116,Sélection automatique par sortie,False
26,36.99347242295472,480.9201208137919,15.986347806027018,14.01,2.45,25.79949716508711,55.799722249175424,18.400780585737476,2.125692608674376,0.14503703980022054,0.2713244056359678,0.06472999972294785,0.023817620131301682,2.630601673964814,74.2005028349129,Sélection automatique par sortie,False
27,63.5654019502508,415.0313881081997,18.56635770403699,11.851289501447376,2.13,30.09470081575281,52.47900098177661,17.426298202470573,1.471916801642931,0.10387223140678038,0.17555427556038433,0.038360917939278,0.017832349850518694,1.8075365763998923,69.90529918424718,Sélection automatique par sortie,False
28,42.525824837582846,495.92906067775317,13.357965584336183,9.47,3.07,26.24401507088218,56.024812645225914,17.731172283891897,2.3670349167871154,0.16666762116158315,0.2852276723508646,0.07639288545893229,0.026266685761041814,2.921589781519537,73.75598492911782,Sélection automatique par sortie,False
29,67.9582257741614,541.3663954837951,15.358308927457271,10.43681719424187,3.26,24.961717895703785,56.06296729837286,18.97531480592336,3.397236358888985,0.240392468319573,0.42615346028369416,0.11914781783266197,0.03718182363304205,4.220111928957956,75.03828210429623,Sélection automatique par sortie,False
30,67.96852104262281,474.7098521256542,12.87,7.185913362185646,2.21,27.809715858474892,54.630639112578606,17.559645028946523,2.399655519753962,0.17493050214870173,0.3025609752263464,0.07745331934191856,0.025721901436331074,2.98032221790726,72.19028414152513,Sélection automatique par sortie,False
31,34.578890970089184,458.34965007392947,25.96059388928308,19.0937388523179,1.76,25.745003782089718,55.69359877840573,18.56139743950456,1.9186826521680804,0.12783245778441593,0.252931428064073,0.052907210447219195,0.018715793134322298,2.3710695415981107,74.25499621791029,Sélection automatique par sortie,False
32,59.532492130589944,496.80696411209317,20.89208782308099,19.099580159138394,2.37,25.59694363097851,55.14973154117318,19.253324827848306,2.6297818612965234,0.17972156972119216,0.3186774615420225,0.08400635805442955,0.028165617481256476,3.240352868095424,74.40305636902148,Sélection automatique par sortie,False
33,44.598454749581194,458.0777566340567,20.588168118013026,12.499119517452412,2.0,27.390605739356882,54.877442894958484,17.731951365684615,1.9563026050989116,0.13251952411349815,0.24630152071481456,0.05661494426843795,0.02041356401677196,2.412152158212434,72.6093942606431,Sélection automatique par sortie,False
34,59.46207516691179,485.09101093332305,17.375189998999918,24.180245350515438,2.89,25.73594783725089,54.59280410218967,19.671248060559442,2.4163001749611572,0.16289297430386696,0.2685188686597252,0.07320936947293652,0.025769232423150157,2.9466906198208362,74.26405216274911,Sélection automatique par sortie,False
35,48.66494849740852,519.1906320892931,21.25532168780252,19.353494237195473,3.9414689281030393,24.572372716299796,55.839137986380884,19.588489297319313,2.786493729265742,0.1881275094173396,0.32220927034317093,0.0894727522549772,0.03065408802040539,3.416957349301635,75.42762728370019,Sélection automatique par sortie,False
36,28.67684548981913,375.41648671600785,26.325579941349726,17.09,3.17,30.05606456891049,52.975720283122264,16.968215147967246,0.8609531032795086,0.05624617387801721,0.10708068686350655,0.00937707374854236,0.0096575629012042,1.0433146006707787,69.94393543108951,Sélection automatique par sortie,False
37,56.74488993615707,362.57917010454594,18.158998098783915,21.209128518522764,1.0087746457219025,30.66053680195804,51.38683433231799,17.95262886572397,0.8337487273265103,0.05754459642085846,0.1152936848591618,0.012375222613632622,0.010884075525046858,1.0298463067452102,69.33946319804195,Sélection automatique par sortie,False
38,51.59462332685788,426.41261399330926,20.156594286801937,9.911737188043588,2.4997996704099616,29.59739409984715,53.31207483016373,17.09053106998912,1.5586341772280898,0.10731465369529491,0.1710674062486744,0.04080432883076288,0.01699212966897223,1.8948126956717941,70.40260590015285,Sélection automatique par sortie,False
39,22.778803411649303,440.42984627983014,13.531984099664617,8.8,2.570011399522535,28.022599676462846,55.53492539884774,16.442474924689414,1.538398845941949,0.10608397896903841,0.179134841737319,0.04029011807696661,0.015462388229678159,1.8793701729549515,71.97740032353715,Sélection automatique par sortie,False
40,45.73161620703145,502.41,22.660557041168893,16.86896325894034,2.19,24.771998894641857,56.017248837569696,19.210752267788454,2.5807378593198957,0.1737684843085209,0.3162618128982684,0.081680893444877,0.025314941873042354,3.177763991844605,75.22800110535815,Sélection automatique par sortie,False
41,25.09871476558686,474.6497833736145,18.25,20.83,2.6,24.432897380977664,56.23723162055572,19.329870998466614,1.8975363707704385,0.12603411325623143,0.24697985432585348,0.0544684600110712,0.020085369862209823,2.3451041682258045,75.56710261902234,Sélection automatique par sortie,False
42,39.98359141285619,497.2926381361889,27.013332180592396,13.158993978626881,1.77,25.260729390960684,56.2772599312116,18.46201067782771,2.5374148278437527,0.16732892193785365,0.30959907673889536,0.07746282710745679,0.02203086115942943,3.113836514787388,74.73927060903931,Sélection automatique par sortie,False
43,27.10245002277398,497.1731699705519,20.82,23.439120080491207,1.1119590205105436,22.490580272713416,57.8186482837198,19.690771443566803,2.2694087202548583,0.1541942313752112,0.30117354787291817,0.06857866503080372,0.020164852581298874,2.8135200171150903,77.5094197272866,Sélection automatique par sortie,False
44,49.34450415037053,543.7584719468093,15.817680096709283,10.048967144920514,2.1507630546326606,23.786054653356317,57.39923625526198,18.8147090913817,3.175429634668623,0.2214292209576031,0.4098480579348229,0.11111498871801526,0.03447973269146737,3.952301634970531,76.21394534664368,Sélection automatique par sortie,False
45,59.945387942212825,450.7338273266738,20.12997313124341,16.986745719514822,2.24,27.988092639810255,53.77326279826387,18.238644561925877,1.9522301599461978,0.13442914770240524,0.2291955800978187,0.057094385174544474,0.022541491532185532,2.395490764453152,72.01190736018975,Sélection automatique par sortie,False
46,43.2079349021481,389.35422055712957,12.883263973497167,24.762375192173398,2.76,28.80830499789469,52.488356182998366,18.703338819106936,1.0526903329472959,0.0688469642638435,0.12310118772884912,0.018863334005506854,0.012525853006718086,1.2760276719522132,71.1916950021053,Sélection automatique par sortie,False
47,41.73798542978791,447.9884401778559,28.691364047972133,18.0,2.4759051921629203,27.143288948236552,54.61284425805243,18.24386679371102,1.8255003315056937,0.12239229626230627,0.22373946933389008,0.0491508660825032,0.02044084870981048,2.2412238118942036,72.85671105176345,Sélection automatique par sortie,False
48,46.50320280364001,520.136676563104,29.677079784902443,14.894083737517327,3.5469385579574553,24.9523481142012,55.845520846604344,19.202131039194455,2.9214470987646655,0.1934570217981286,0.35078409475382033,0.09249247989916162,0.02981049175272,3.5879911869684964,75.0476518857988,Sélection automatique par sortie,False
49,37.46779543488265,541.2985699116884,28.78934212956174,15.031935373236232,3.9,23.56225889642592,56.859010642098475,19.578730461475615,3.12458891955601,0.2034337047314898,0.39420873528676437,0.0996074882660766,0.03030727988630707,3.8521461277266478,76.4377411035741,Sélection automatique par sortie,False
50,48.05751630351815,498.72428632162655,28.113527732190953,10.733132014299846,1.5,25.910575996437075,55.81124311430518,18.278180889257747,2.662727277181389,0.1777137338799889,0.3264452843348178,0.08330590149225284,0.024564179006142123,3.2747563758945906,74.08942400356293,Sélection automatique par sortie,False
51,52.59279374198926,510.43111975859426,28.845225694553534,21.88305627709459,2.6968797373628663,24.275114012450626,55.88255666039279,19.842329327156587,2.8226180649162487,0.19187972042060356,0.34423699888877884,0.09016957123744702,0.029027458622970057,3.4779318140860482,75.72488598754937,Sélection automatique par sortie,False
52,64.20825269059816,437.65463705115724,29.5,12.135735884378734,1.5307886464204021,29.341059095536654,52.99156002659787,17.667380877865487,1.795882050117611,0.12610949560149415,0.22827602957194806,0.0520183823732163,0.02552284549715817,2.227808803161427,70.65894090446335,Sélection automatique par sortie,False
53,68.26704398471345,528.2387329583809,15.069878557834482,14.076124964440885,2.34,24.863447841098985,55.94869717529258,19.18785498360843,3.2182024477769975,0.22544471192003684,0.39981014291822714,0.1095735291036822,0.034403119641057855,3.9874339513600012,75.13655215890101,Sélection automatique par sortie,False
54,48.157772019195306,513.6049150924406,20.307718714721037,14.43318278254771,3.5,25.3054203252509,55.77518783040523,18.919391844343863,2.7146828663614344,0.1841300365763499,0.3283678010546278,0.08797501910644881,0.029496040558577304,3.344651763657439,74.6945796747491,Sélection automatique par sortie,False
55,39.468032165964864,499.55922480743976,20.663794238705115,17.29,3.984806457268139,25.332340711540915,55.576410989257475,19.091248299201617,2.393284925150403,0.16023324417026033,0.29154981119794376,0.07350689861204361,0.025145478753642946,2.9437203578842936,74.66765928845909,Sélection automatique par sortie,False
56,27.27,495.63939121458424,11.639547601047504,16.11,1.6267099014527469,23.799219893398536,57.032007958121916,19.168772148479547,2.145151005374349,0.15033463368575756,0.28690570981616703,0.06740862257483884,0.02548080761530545,2.675280779066418,76.20078010660146,Sélection automatique par sortie,False
57,57.160831390045,517.0373838761326,15.93,17.93,2.44,24.508021680237444,55.93051653657416,19.561461783188385,2.870026964524523,0.19712821773961176,0.34718462578716947,0.09404988739747688,0.030651770122488292,3.5390414655712696,75.49197831976255,Sélection automatique par sortie,False
58,63.685246767011265,440.54041064833126,23.176379648361788,11.67240101832267,3.2208043523114114,29.609766031204693,52.554007625675325,17.836226343119986,1.7861645010383946,0.12495667705890388,0.20731381652577416,0.05122070528209757,0.023749846423449,2.193405546328619,70.39023396879531,Sélection automatique par sortie,False
59,23.09211124574519,504.8776507096873,14.119649619746156,23.43,1.9,22.11632872653302,57.67110902981494,20.21256224365203,2.1512496610548713,0.14574986675933035,0.28758906899691306,0.06675840252759947,0.02367650045866572,2.67502349979738,77.88367127346697,Sélection automatique par sortie,True
60,53.2818570217877,361.95795797182456,19.82730650368572,13.514047588414293,1.856821635018186,31.578122190438837,51.4633672114853,16.958510598075865,0.7482674168011416,0.05235340806582832,0.09453296148517953,0.00876477120131084,0.010933766349227212,0.9148523239026874,68.42187780956117,Sélection automatique par sortie,False
61,24.161695501034064,401.72567457373447,23.093922035173733,23.71,4.07,27.95163735165485,53.88060664221833,18.16775600612683,1.0774874722363461,0.07242354175481246,0.10853468635808658,0.020030198440790806,0.011845085020135905,1.290320983810172,72.04836264834516,Sélection automatique par sortie,False
62,50.38703816688789,477.6607730352489,15.131234054753463,14.81891531371754,4.124492951599577,27.187734915875097,54.36590547902778,18.446359605097108,2.1817061313330868,0.15103400167804404,0.27110940805011985,0.06571087706488381,0.024968525626358918,2.6945289437524935,72.81226508412489,Sélection automatique par sortie,False
63,41.44685717865077,534.27164245699,14.91,15.335263409242332,2.58,23.2048205016586,57.05138302542366,19.74379647291775,2.8607091858439224,0.19661586525658462,0.3643086526100015,0.09631793048478951,0.03113246671877718,3.5490841009140754,76.79517949834141,Sélection automatique par sortie,False
64,59.08852859580966,429.6739907508602,16.44588821753203,9.638472791183114,2.79,29.715001758950574,53.08226201062969,17.202736230419745,1.64386172556675,0.11651018253597713,0.17686908804144877,0.04490643040495207,0.018467205900988905,2.000614632450117,70.28499824104944,Sélection automatique par sortie,False
65,63.63303803840364,378.40218881934595,21.78,12.215470217305265,2.19,31.688758320889097,51.13724055532118,17.174001123789722,0.9267162598045922,0.06660245200806979,0.11891667689553403,0.01729706981237357,0.014709690207780646,1.14424214872835,68.3112416791109,Sélection automatique par sortie,False
66,61.27679843950022,458.606066809858,28.106179160503405,27.02831404072912,1.6,26.369738738903546,54.33800725104432,19.292254010052137,2.1198937037090158,0.1497167014978974,0.267341963858586,0.06464063972347926,0.0262352680679354,2.6278282768569134,73.63026126109645,Sélection automatique par sortie,False
67,23.807713842367818,441.5968071479974,24.82458997643897,21.807819463520232,3.6428503873958835,26.19158282851229,55.10728512708642,18.701132044401287,1.5623518004994907,0.10265127880431257,0.18412237267814313,0.03790006965797538,0.015986706908450356,1.9030122285483722,73.8084171714877,Sélection automatique par sortie,False
68,42.268941157309804,452.5446351525013,11.770341020384793,17.754040958324293,2.54,26.64368584942821,54.557897627823785,18.798416522748006,1.7984929520900068,0.12422499814524693,0.21122758181944656,0.049816175901233745,0.019752670162683825,2.2035143781186184,73.35631415057179,Sélection automatique par sortie,False
69,67.2786664559187,383.1701891389557,23.488309067112425,16.16,2.89,31.710092363030764,50.84385323596713,17.446054401002094,0.9610335528430818,0.0699356808603302,0.12628642929177686,0.019631593488485047,0.01655507179325386,1.1934423282769278,68.28990763696922,Sélection automatique par sortie,False
70,23.990037103527523,473.0005077058577,28.93435554293099,18.0,1.25,24.41503031394037,57.01651300761999,18.56845667843964,2.107838971983482,0.13787903909671814,0.265871316753649,0.056856814388280025,0.017023072953539595,2.5854692151756686,75.58496968605964,Sélection automatique par sortie,False
71,26.534250672251265,420.7232509046074,11.516849804076669,19.12581694319928,3.1743659545820297,27.47199042674762,54.34504811124144,18.182961462010933,1.275463229875168,0.08755551238783989,0.15362576344325046,0.028999829223480822,0.014644885729318387,1.5602892206590577,72.52800957325238,Sélection automatique par sortie,False
72,60.454508961791596,476.08958432721727,14.26,15.893545929968157,3.1006563905207907,27.099528456666867,54.317655241629666,18.582816301703463,2.298640247093964,0.15966871568925686,0.2741288675970945,0.07010498397053434,0.02494297238152613,2.827485786732376,72.90047154333313,Sélection automatique par sortie,False
73,69.56877549256549,467.46212397996925,28.07870199391305,16.518262265260983,3.0660454682381655,28.38637448785872,53.37031938373954,18.24330612840174,2.2505138056628904,0.15810005495023416,0.2781989109788899,0.07068241325824312,0.02991867366164024,2.787413858511898,71.61362551214128,Sélection automatique par sortie,False
74,23.91257226490809,523.3022353708568,15.723604237889765,16.179732413793534,2.6023197106302427,22.86648802739062,57.664908119402035,19.468603853207348,2.446929504100794,0.16494687661538276,0.31896763925776417,0.07961190812660301,0.02797561773471433,3.038431545835258,77.13351197260938,Sélection automatique par sortie,False
75,49.919950467075864,429.1607238340941,27.75,17.36414945654752,2.46,28.597883396574066,53.56950462303857,17.83261198038737,1.5881543758860746,0.10888462129132731,0.18402672859039468,0.04156611604492455,0.020040864252947696,1.9426727060656688,71.40211660342594,Sélection automatique par sortie,False
76,52.52874972461025,435.66750242214505,26.2,20.334390555174394,2.06,27.882915319859844,53.880687494089614,18.236397186050553,1.698541525823988,0.11738438866366105,0.20804600284045968,0.04689007962715793,0.021486824233472816,2.0923488211887395,72.11708468014017,Sélection automatique par sortie,False
77,22.661022319624003,359.5849884652995,21.30286783935573,16.49,2.0,30.132723521075484,53.73052345302485,16.136753025899676,0.7219161425602219,0.04664093533944501,0.07837001549870468,0.004911302536255234,0.008037988541570128,0.859876384476197,69.86727647892452,Sélection automatique par sortie,False
78,22.169028930835996,473.4507247015653,26.795996336803494,14.700942583779016,1.91,25.308684127039356,56.79715604137253,17.894159831588112,2.05917318770583,0.1308088909927437,0.2631920447146524,0.055272732380650995,0.017579344707415047,2.526026200501292,74.69131587296064,Sélection automatique par sortie,False
79,56.60711841740869,390.83119772888995,25.417128446965197,10.334872387995613,2.46,31.414122091490746,51.80365180699297,16.782226101516287,1.060627680710268,0.07394607290485485,0.12292927513233087,0.021195403624052297,0.015248658451583012,1.2939470908230888,68.58587790850925,Sélection automatique par sortie,False
80,49.241561541928746,449.92569072134603,16.212271782646237,23.02056671517685,0.95,26.179170350830166,54.62010207810396,19.200727571065876,1.9090724323825203,0.13123330930153626,0.23679089031712763,0.05314518033374607,0.021142219062377992,2.351384031397308,73.82082964916984,Sélection automatique par sortie,False
81,39.76,443.4945148387371,16.428935161512268,7.684335138823717,1.51,28.262407169779014,55.07104479885166,16.666548031369324,1.7534074900515408,0.1219685922888323,0.2000394446934857,0.048913520667421176,0.01750520994053171,2.1418342576418117,71.73759283022099,Sélection automatique par sortie,False
82,42.99219020185843,448.9704622554352,12.774440950334421,8.55061044123001,2.688293373003222,28.29303675615684,54.776636220788006,16.930327023055145,1.7938716033933324,0.1277498488214759,0.19952032674936795,0.051286807379491046,0.01844118244282017,2.1908697687864875,71.70696324384315,Sélection automatique par sortie,False
83,44.099196785264475,466.76909329515433,29.47884933570302,7.046339646641113,2.23,28.112808264644844,54.56106899510278,17.326122740252373,2.151038709611661,0.13885806934879052,0.25743032020802026,0.06023616672715679,0.022050621039709836,2.629613886935339,71.88719173535515,Sélection automatique par sortie,False
84,39.44139496011344,385.690046792018,12.79356586902557,8.495240727913036,1.76,30.45974089791988,53.46222554604536,16.078033556034768,1.0756131656495378,0.0772225296180125,0.1083924135293238,0.020044808756744255,0.011853414909246197,1.2931263324628643,69.54025910208013,Sélection automatique par sortie,False
85,54.31331131748894,478.2430704918743,24.14,23.818039984371026,3.5691008545869134,26.110884379296,54.42164060032207,19.46747502038192,2.27297253219085,0.15508778432796155,0.26383315410575076,0.06853053900455539,0.025419541331922618,2.78584355096104,73.88911562070399,Sélection automatique par sortie,False
86,22.74388228059043,474.37460184913226,17.54947790248862,24.922658145977678,2.7644384074209767,23.70874160085214,56.54049443671436,19.750763962433506,1.8224639962512894,0.12114486247678632,0.2262201131526848,0.05183559718339831,0.0193819031896767,2.241046472253836,76.29125839914786,Sélection automatique par sortie,False
87,69.2530440358601,497.42384483501263,20.43372914235727,23.28864738867929,2.03,25.572977356641463,54.75703865744295,19.669983985915586,2.770172406115655,0.18921180395647125,0.3209859385773594,0.08838093749096294,0.029770737000094187,3.398521823140543,74.42702264335853,Sélection automatique par sortie,False
88,60.10127598666461,523.5598853584564,16.42016816654164,26.188485339097923,2.1565620990329086,23.332158071228477,56.12399226669982,20.5438496620717,3.0121995834711877,0.20257549473220082,0.3378635193711142,0.09621948161967234,0.0303572803106313,3.679215359504806,76.66784192877152,Sélection automatique par sortie,False
89,57.7401492938107,459.4020337008011,25.288922704286463,18.27,1.0946504483046557,27.155941189642135,54.57775048442592,18.266308325931938,2.1339879515965614,0.14856383456898303,0.278237377495925,0.06394712841680285,0.02374048072866208,2.648476772806934,72.84405881035786,Sélection automatique par sortie,False
90,58.683839777246746,466.2792201399308,16.91,15.475376044109753,2.8189475371210118,27.50729394880218,54.15893957264643,18.333766478551386,2.147192077104771,0.1483773457558362,0.26635019180327435,0.06466491071698766,0.023570012234882826,2.650154537615752,72.49270605119781,Sélection automatique par sortie,False
91,59.61549010892354,518.3080728783111,24.496830117466633,19.90419548273135,2.9885952910005384,24.768623573547263,55.60290044610175,19.628475980351006,2.9752655358921665,0.20284526958497712,0.3639951316454052,0.09752714899384618,0.03264673329298768,3.6722798194093826,75.23137642645275,Sélection automatique par sortie,False
92,24.738232212607606,483.5275616311435,20.58364089081217,13.452398289562996,1.98,25.19281706125354,56.82807875589982,17.979104182846637,2.1049378338691036,0.13817126531891755,0.2754582873323968,0.061685449712828855,0.02051150679911664,2.6007643430323637,74.80718293874645,Sélection automatique par sortie,False
93,48.053950264374684,385.04722526068576,21.038462626550615,18.021422116923585,2.64,30.30384537088853,52.33005179469567,17.366102834415805,0.994821522845273,0.06812913524004469,0.1314143156748802,0.018429591446855784,0.012696917695407258,1.2254914829024608,69.69615462911148,Sélection automatique par sortie,False
94,58.61817987875579,519.9500852101668,29.940126890819144,25.17,1.9372047127579672,23.420591257327555,56.2695602165909,20.30984852608155,3.080292413842999,0.21229710883846759,0.39117595089986135,0.1008948184330255,0.03259428286194461,3.8172545748762983,76.57940874267244,Sélection automatique par sortie,False
95,28.478949407445956,424.26586335825016,23.62026357224406,23.024104000795294,0.65,26.057322642235047,55.723376005752705,18.219301352012256,1.4899179285043265,0.10692396790348316,0.17177404377867023,0.03574361847872691,0.013125893674935612,1.8174854523401425,73.94267735776496,Sélection automatique par sortie,False
96,29.81681581986968,465.270291770667,19.486789468287906,20.493461957286094,1.36,24.753145712071646,56.33736137098538,18.909492916942977,1.8986286501036556,0.12825626859821967,0.24987227588808447,0.05401213685679885,0.018542230995580646,2.3493115624423395,75.24685428792836,Sélection automatique par sortie,False
97,69.26072024144838,400.83907130182797,25.07955276835369,11.411774006279225,1.864271065250121,31.143077533535788,51.532441848176376,17.324480618287843,1.233946405392342,0.08928926324359761,0.15188851580165963,0.030953527871304697,0.02013351615487896,1.5262112284637828,68.85692246646423,Sélection automatique par sortie,False
98,51.93367742835631,374.32500531802134,18.522555255890413,18.407250898806502,3.4581781045063646,31.17048448768468,51.35351229818709,17.476003214128223,0.8622004035390942,0.059253746051935854,0.12263449794012722,0.0126973042298048,0.011566155465906038,1.0683521072268682,68.82951551231531,Sélection automatique par sortie,False
99,47.7,425.2634594148169,18.98560499564886,7.35807278519431,2.53,29.815782122131445,53.531928517815885,16.65228936005267,1.5318251192144285,0.10550861133898654,0.1646578985665043,0.03939569632011354,0.016227656111426472,1.8576149815514595,70.18421787786855,Sélection automatique par sortie,False
100,55.76624770993888,399.40208560106817,14.60555314413585,12.85565072624284,3.23,30.63554953268412,52.15116927533588,17.21328119198,1.2282678691768623,0.0865267700429653,0.13890589153861788,0.0265016481525404,0.014504107967942263,1.494706286878928,69.36445046731588,Sélection automatique par sortie,False
101,60.080859435324925,446.82414268481136,16.962291994891384,13.343566919593806,2.7148672474316937,28.62772216752104,53.53335314723749,17.838924685241473,1.8882194899449374,0.13168615438902276,0.21905561579175292,0.0545139574624252,0.021192781270304308,2.314667998858442,71.37227783247897,Sélection automatique par sortie,False
102,64.66285817287418,438.2839485464207,24.382600226070615,16.28992243112148,2.16,29.02011389607747,53.16405211446326,17.815833989459268,1.792671256549604,0.12530839081911777,0.2197292110956929,0.05190210765177038,0.02425913868897839,2.213870104805163,70.97988610392252,Sélection automatique par sortie,False
103,23.815480059208856,498.7310837656411,28.123316830589154,24.123492972404975,1.8228106251546263,22.12524872768585,57.94230127404998,19.932449998264158,2.357041309760093,0.156042242680529,0.2970048243223873,0.06900840558719004,0.01676617411691913,2.895862956467118,77.87475127231414,Sélection automatique par sortie,False
104,66.90416702333151,476.8869012238444,21.00924962848716,16.198879416785214,2.28,27.302095772526304,54.24014659430872,18.45775763316497,2.404657507992916,0.16663203096573814,0.304887965583562,0.07595278374993633,0.026564594266308094,2.978694882558461,72.69790422747369,Sélection automatique par sortie,False
105,62.77643796850039,485.1186464446468,23.671937241172433,20.947120376796278,2.48,26.222775822210224,54.54345329693075,19.233770880859023,2.493300206918512,0.17119243463160033,0.3013250380420406,0.07854121523305173,0.027707332483707558,3.0720662273089125,73.77722417778978,Sélection automatique par sortie,False
106,50.231647438141934,414.0384599973718,12.970835488787962,21.01337235800809,1.54,28.019423090562846,53.19185132780916,18.788725581628,1.4384184933723878,0.09740297282789204,0.18724276320790365,0.03408521516427942,0.0154981850918551,1.772647629664318,71.98057690943716,Sélection automatique par sortie,False
107,57.2322232293077,397.4684053387876,15.088724158839227,17.88590371295071,2.85,30.108075185811387,51.993497122005614,17.89842769218299,1.2155523586929275,0.08312933950430848,0.146446136281069,0.0258644339667487,0.014618844455156968,1.4856111129002105,69.8919248141886,Sélection automatique par sortie,False
108,47.69689166969435,499.4213452333931,23.935839948023563,16.48182840516653,2.051064933668293,25.051531490651783,55.86889252359124,19.079575985756968,2.579855648386767,0.17394406004380283,0.31246496852497374,0.08146320922703519,0.02528532041492942,3.1730132065975085,74.9484685093482,Sélection automatique par sortie,False
109,32.491105787732,497.9103040988045,25.037204681976206,19.381087579918002,2.65,24.021833001207163,56.54048586425933,19.437681134533516,2.3827967006286004,0.15690869187825804,0.3005874540270209,0.07154880819483805,0.020843413870777015,2.9326850685994943,75.97816699879284,Sélection automatique par sortie,False
110,64.34991072143642,499.0398356236542,14.609398186087617,13.78,3.207211417083855,26.485490316412992,54.88177249137308,18.632737192213924,2.6811276861582964,0.18797925835371976,0.31769893116717063,0.0868665750003573,0.02926283207353905,3.302935282753083,73.514509683587,Sélection automatique par sortie,False
111,33.03783098576598,488.7449087713616,28.135957914106935,10.523483392694695,3.3521871264302083,26.45284097702424,55.42248581726126,18.124673205714494,2.3445319226765724,0.14904637160144515,0.2765329613033134,0.06665247287002082,0.021394838145726285,2.8581585665970777,73.54715902297576,Sélection automatique par sortie,False
112,39.34,391.24687792508416,18.37313176123596,7.611275125839385,1.43,30.52652225471966,53.52332014410335,15.950157601176999,1.130443636672588,0.077376350129015,0.11468721738101129,0.021644602016458493,0.012282291429955653,1.3564340976290283,69.47347774528035,Sélection automatique par sortie,False
113,51.88785295480029,442.61574702341176,16.103791341461594,20.942603368379917,2.21,27.29423517224776,53.92379746960859,18.78196735814365,1.772251249284959,0.1199446491268863,0.21367847159189515,0.048479127257557084,0.019833443941974047,2.1741869412032715,72.70576482775223,Sélection automatique par sortie,False
114,52.55694684418358,527.985522995818,25.03975283514983,14.794757551737057,2.86,24.58835601554207,56.257330899285435,19.154313085172497,3.0626858509686903,0.20658681193003237,0.3779901671683874,0.10143918936713243,0.03232890146020807,3.78103092089445,75.41164398445792,Sélection automatique par sortie,False
115,52.92,514.6487881043819,12.97,11.03069186279832,3.6848959984850773,25.72799751088946,55.79120680509046,18.480795684020066,2.7376092506678313,0.19371545430168435,0.32595156861469154,0.09113025021897245,0.03076698114503375,3.3791735049482137,74.27200248911052,Sélection automatique par sortie,False
116,24.155889483193707,405.3873514011497,21.724106319089497,7.94017248416871,2.44,29.802093660877045,54.045654735396326,16.152251603726626,1.236671731785116,0.07727702916777186,0.13014413585136642,0.022482828870073704,0.011666603850144482,1.4782423295244724,70.19790633912295,Sélection automatique par sortie,False
117,28.622224399874458,396.5153949762842,17.572002021277623,22.62,2.89,28.1095301909015,53.79608518155156,18.094384627546948,1.0447529147395294,0.06958284337334995,0.11409978899219528,0.020079403675856825,0.012033634975772037,1.2605485857567036,71.8904698090985,Sélection automatique par sortie,False
118,61.21,515.9837456931073,26.35,11.698386942108453,3.059617391017456,26.072996749495694,55.05481282166195,18.872190428842377,2.978891141316148,0.2033505861784709,0.3730910171476409,0.09915660745872287,0.03202046340135291,3.6865098155023355,73.92700325050433,Sélection automatique par sortie,False
119,60.75082708726833,399.6575416223734,19.05,16.50008766729447,1.93,30.119775508705636,52.18455811330107,17.6956663779933,1.2565801346489118,0.08725798279294422,0.15134236077041313,0.02937985572333123,0.015484860499793456,1.540045194435394,69.88022449129437,Sélection automatique par sortie,False
120,25.939778258459427,516.0298643249988,21.14,22.24,3.69,22.72096258479411,57.06517292751612,20.213864487689772,2.4210210531309477,0.1595890293404534,0.31425884642336216,0.07444375442395354,0.024360710893264095,2.993673394211981,77.27903741520589,Sélection automatique par sortie,False
121,38.458025398587125,528.1721412341589,22.9,15.533217040844562,3.1,23.759682781130007,56.791208813419736,19.449108405450264,2.84424177547811,0.18880343060773225,0.35795165356470215,0.09203733458750454,0.028376625940456868,3.511410820178506,76.24031721887,Sélection automatique par sortie,False
122,30.207666335240376,548.5664746535615,11.59125614984476,12.370457854720696,3.26,22.817503238900922,58.069957418564265,19.112539342534806,2.802768523678867,0.19653696664249423,0.37251932533040444,0.09757956715129132,0.034592261886201174,3.503996644689258,77.18249676109907,Sélection automatique par sortie,False
123,63.488943729043555,373.5863825493125,26.103323418724916,6.859005190621589,3.9367713160517006,33.47875471766977,50.26638479088113,16.254860491449097,0.749162776116328,0.055359140945816274,0.1003491399993876,0.00911330029690259,0.015837472297738187,0.9298218296561727,66.52124528233023,Sélection automatique par sortie,False
124,53.7523898261972,504.6559725478774,24.372998605047165,20.440178290083242,2.09,24.61003346652133,55.823894412678754,19.566072120799916,2.718384677955103,0.1847417473434167,0.3390322661848681,0.08701797964764678,0.02750181877982954,3.3566784899108644,75.38996653347867,Sélection automatique par sortie,False
125,32.54221995189956,523.6720671541503,20.119862412866528,21.22769581352672,2.08,22.20675664022559,57.622271593024806,20.170971766749606,2.6441010236201072,0.1766206848772253,0.3303937664000546,0.08466845177069592,0.025205687373597074,3.26098961404168,77.79324335977441,Sélection automatique par sortie,False
126,53.436393971603735,429.028208256085,21.350931303335237,24.75,3.7,28.37318445788055,52.97909703218791,18.647718509931554,1.5533545284736918,0.10605420024793485,0.16662876176275793,0.04020213447613956,0.018513928278240176,1.8847535532387645,71.62681554211946,Sélection automatique par sortie,False
127,44.84233990565097,366.01285347489437,24.66,20.13,3.54,31.078464892758483,51.59937680276771,17.322158304473803,0.7159243691966193,0.050991280340265246,0.10211626928927436,0.007769996808887021,0.010689874701148176,0.887491790336194,68.92153510724151,Sélection automatique par sortie,False
128,53.61215904671227,464.3507307125849,12.605285787495003,14.321275073844168,3.14,27.381579094975756,54.240287372513286,18.37813353251095,2.0637211301038714,0.14464781818416664,0.25757057311710324,0.06079022721459223,0.023341861231851686,2.5500716098515857,72.61842090502424,Sélection automatique par sortie,False
129,44.09397462058328,401.1460597428369,13.00901652150206,22.7295732663867,2.68,28.546007343638777,52.82608191389447,18.627910742466742,1.196138225290294,0.07954050132774633,0.13808330152243492,0.024587274406789858,0.01377530968390018,1.4521246122311653,71.45399265636121,Sélection automatique par sortie,False
130,37.814756458454404,404.7658529335484,17.17355608659201,11.06,1.8358180280932266,29.545002052997546,53.948459310080636,16.506538636921807,1.2557022911827946,0.08564754926477523,0.13311141182150438,0.02753845778131945,0.01362637381363481,1.5156260838640285,70.45499794700244,Sélection automatique par sortie,False
131,31.01654381271715,453.0663604025346,18.25,17.42,1.1,25.798186667403606,55.86166460213366,18.34014873046274,1.7853973482870333,0.12224284085577485,0.22172930875151775,0.049287840583522625,0.01771281519528569,2.196370153673134,74.2018133325964,Sélection automatique par sortie,False
132,44.9799540518179,513.427060789525,23.48,22.349576048255102,1.4071930877416396,23.123389340045048,57.02192061806953,19.854690041885423,2.7559231984383192,0.18695899419227505,0.3515359345192908,0.08782656616336723,0.025373090159143134,3.4076177834723955,76.87661065995495,Sélection automatique par sortie,False
133,22.322483313535383,442.0814273748239,13.96,16.833629908314172,0.6429544397128042,25.769021489348578,56.16403663085551,18.06694187979591,1.5878493705109324,0.11613680415660976,0.19469166560413068,0.041227331280580884,0.014852393864931068,1.9547575654171847,74.23097851065143,Sélection automatique par sortie,False
134,61.87898186714471,443.07349487423164,14.913910063582072,23.479317322548546,2.05,27.468618362313034,53.278072520621436,19.253309117065537,1.8820601084791022,0.1261177690688266,0.22451351154543678,0.05125078602512862,0.020979786934530873,2.304921962053025,72.53138163768698,Sélection automatique par sortie,False
135,55.31624183470163,401.16314966191936,28.23,18.49,3.14,30.250598664566148,52.04576953635699,17.703631799076852,1.1783181988131468,0.08414731443752739,0.1410268704922895,0.026895747062777912,0.017982201600564428,1.448370332406306,69.74940133543384,Sélection automatique par sortie,False
136,48.226859690977136,521.5228754113577,16.97,12.714066129708877,2.4735449490836507,24.56907791916561,56.42737580694353,19.003546273890855,2.827807141316069,0.19470578933760135,0.3504383074554835,0.09461113137145058,0.030516156309045202,3.4980785257896496,75.43092208083439,Sélection automatique par sortie,False
137,51.85664465354007,375.05314479314757,23.4061738603228,16.42368106141814,2.08,30.881127596123704,51.8901421813736,17.22873022250269,0.8771774256982219,0.061370065078541855,0.11082669713313553,0.014524260045218104,0.011971088658685966,1.0758695366138031,69.11887240387628,Sélection automatique par sortie,False
138,61.67343664196402,415.23880836938895,23.25606524710418,17.233890382371,3.25,30.163340450068933,52.13912237637086,17.697537173560207,1.4078139116377808,0.09868021363793933,0.1768337489252066,0.03584429149612814,0.018926136199233962,1.7380983018962886,69.83665954993106,Sélection automatique par sortie,False
139,47.7,429.3222162360045,12.849159205132034,12.0067279198319,2.293076917340936,28.677690176258075,53.996329615655334,17.3259802080866,1.5932624133897746,0.11245713667977217,0.17506447141261205,0.041947554204644404,0.01687075196010786,1.9396023276469112,71.32230982374193,Sélection automatique par sortie,False
140,23.980130038684745,386.6560704426515,12.102923905486564,14.532777230485394,1.82,29.005667245125803,54.2851537382602,16.709179016614023,0.9969483008498528,0.06961331101286419,0.12044705379421194,0.0174123113553803,0.010830164598665298,1.2152511416109746,70.99433275487422,Sélection automatique par sortie,False
141,26.894957102626222,436.03463731305595,18.761736029568787,23.42891079760784,3.7,26.463605570445054,54.687906442969485,18.848487986585457,1.441225254461175,0.09581772912371031,0.16472970376304102,0.035326907852336886,0.016236223206368184,1.7533358184066314,73.53639442955495,Sélection automatique par sortie,False
142,46.686310378196126,462.86337128680265,23.797441380295503,9.7505922055914,2.122441520738746,27.781569227371776,54.67329573392683,17.5451350387014,2.0593324353849343,0.13812263163444818,0.2574328140355562,0.06008385907334414,0.0216720146466745,2.5366437547749574,72.21843077262822,Sélection automatique par sortie,False
143,25.75486249669988,541.0857022342116,15.154022332600654,21.850440775644547,1.69,20.654990931858084,58.67869068698863,20.66631838115329,2.662902584309573,0.18083354688382264,0.36251759157389735,0.0881916378755327,0.02832960659598026,3.322774967238806,79.34500906814192,Sélection automatique par sortie,True
144,40.75,368.73320922586805,18.765110065133605,20.44955126118097,3.07,30.403535801722406,52.11231631621041,17.48414788206719,0.7846130795488901,0.05294723941099855,0.10158243180356846,0.009762958938566942,0.010640340178478685,0.9595460498805027,69.5964641982776,Sélection automatique par sortie,False
145,47.116716866932144,463.483733020231,23.45,7.627227876052116,3.16,28.49376935444698,54.14075431300964,17.36547633254337,2.042568045191124,0.136832838347609,0.24690893417960144,0.05919857536969707,0.021561150099570162,2.507069543187602,71.506230645553,Sélection automatique par sortie,False
146,47.659578436514714,477.6703927773428,18.99613656792531,7.884665634244367,2.9556639060428167,27.611732168272418,54.89600906405569,17.492258767671878,2.222788107883564,0.1526207676505091,0.264947159643964,0.06875046814651166,0.023030990077837203,2.7321374934023863,72.38826783172757,Sélection automatique par sortie,False
147,37.74902387515258,520.7682696701786,22.38686094050307,21.983966283641557,2.6633064622849396,22.78789498162136,57.03662052480159,20.175484493577056,2.698342253142603,0.17995549392185867,0.32261178260291,0.08573043144597424,0.02553054125942113,3.312170502372767,77.21210501837865,Sélection automatique par sortie,False
148,26.853884184751195,415.3385987992269,25.61,26.50945990211833,1.08,25.733125305023293,55.744551629361816,18.52232306561489,1.3359234747348019,0.09452490568227152,0.16504937452257823,0.031544724449596814,0.012522187178765482,1.639564666568014,74.2668746949767,Sélection automatique par sortie,True
149,64.19142198346537,420.205573477488,15.042485370807416,27.186092705905672,3.17,28.830744203302622,51.94953114250332,19.219724654194074,1.5550851500753826,0.10146619760843201,0.1679352535042315,0.037102798003200606,0.017826608354090605,1.8794160075453372,71.1692557966974,Sélection automatique par sortie,False
150,50.96032840004964,462.2813844350203,11.56587668411644,10.72,2.44,27.45551111218125,54.82533885969267,17.719150028126084,2.039576258616962,0.14597453199695704,0.24999990348953954,0.061090098766035786,0.022002540692399812,2.518643333561894,72.54448888781876,Sélection automatique par sortie,False
151,60.06629734664897,389.65888881725897,22.0395957797302,13.042072156336648,0.6106419739578024,30.91417386953375,51.98425657908108,17.101569551385168,1.2164511783062082,0.08878869473434,0.15915208325511948,0.026487940933088143,0.01450153739957956,1.5053814346283352,69.08582613046624,Sélection automatique par sortie,False
152,70.64760569454505,418.96966740771614,15.376872677425602,14.393013089354952,1.59335965701469,29.625971635329076,52.35322072209145,18.02080764257947,1.6255953958289984,0.11444493162993206,0.19025450655545129,0.043266807637696005,0.01913823360300285,1.9926998752550806,70.37402836467092,Sélection automatique par sortie,False
153,30.14,535.8123498316356,12.54,9.14567245501836,2.43,23.686537619987277,58.12898983905797,18.184472540954747,2.7049525406047072,0.1899732665638031,0.3696540153157489,0.0937900823233432,0.03224376745565437,3.3906136722632567,76.31346238001272,Sélection automatique par sortie,False
154,22.52377768334908,375.2122409577745,21.716840756071523,21.20334468489529,1.67,28.36834586184612,54.23285249408879,17.398801644065095,0.8640744235724775,0.05815010112743926,0.10343651416694702,0.012391204598440148,0.009054492856325612,1.0471067363216298,71.63165413815389,Sélection automatique par sortie,False
155,67.95150457285855,470.17029054666654,24.971205570780768,21.82,0.68,26.968369933681362,54.07120956651431,18.96042049980432,2.452293749863719,0.17408193734727323,0.30549464407432014,0.07573029439492379,0.029215398085586177,3.036816023765822,73.03163006631863,Sélection automatique par sortie,False
156,54.43987292265542,380.1679448635374,13.430502932590317,18.255495761518205,2.510661336685248,30.36759986413184,51.674303405193264,17.95809673067491,1.017602846024836,0.06903000539466715,0.12881683364653812,0.017399679683580173,0.012056100543441238,1.2449054652930627,69.63240013586818,Sélection automatique par sortie,False
157,35.92411238081254,448.7673292181265,25.446681092397903,9.69,3.838848435656274,28.709540727525045,53.846036178157256,17.444423094317703,1.7780621126509162,0.11458215747630746,0.21102220350560152,0.04495757231640959,0.017572971270624183,2.166197017219859,71.29045927247496,Sélection automatique par sortie,False
158,41.07010110969261,363.8688426523375,15.167672141063333,11.73,3.652881298837151,31.907538812551426,51.75207346460918,16.340387722839388,0.7604331521236876,0.0529150291206001,0.10117410354226147,0.006540635396815972,0.009696123577881511,0.9307590437612465,68.09246118744858,Sélection automatique par sortie,False
159,28.515361303599345,420.96077450024166,22.3668297172485,16.25179418016494,1.72,27.65038809860107,55.0202355289683,17.32937637243063,1.4052389227569546,0.09257591927851877,0.16714994116817827,0.03237271531985991,0.01367439333693275,1.7110118918604442,72.34961190139893,Sélection automatique par sortie,False
160,52.80292333547617,401.18258145754515,12.14474423278175,13.77564251531549,3.44395029029944,30.328982424156546,52.35934867230017,17.311668903543282,1.2533483419727987,0.0885500482307247,0.14788818528324854,0.02647031466220666,0.01379490641893228,1.5300517965679108,69.67101757584345,Sélection automatique par sortie,False
161,51.899334322799454,375.7612121949821,18.59,19.44550689751319,1.79,30.24902711789434,52.00374665334622,17.747226228759448,0.931537433900516,0.06366079428814621,0.13201122538033105,0.016246541142609247,0.012066717932079566,1.1555227126436818,69.75097288210567,Sélection automatique par sortie,False
162,47.223667459051995,411.06777805979783,17.092529295748363,17.788195604800606,2.86,29.138856928917594,53.00765841940484,17.853484651677558,1.3221493424990132,0.08983592369764326,0.16881667548614177,0.03067643009465098,0.015046365889994119,1.6265247376674432,70.8611430710824,Sélection automatique par sortie,False
163,33.33432593527956,391.89,23.864511109881764,10.559354561225351,3.21,30.618631275948086,52.779613432271404,16.601755291780506,1.0661736180715642,0.0680605384437284,0.11826631138213986,0.016538537148133366,0.011557255309610825,1.2805962603551768,69.38136872405191,Sélection automatique par sortie,False
164,46.06263969867726,533.943844836648,27.439011444047495,14.346968523735557,1.884369425602955,23.616017786739864,57.03624678319812,19.34773543006201,3.149443890395665,0.20984852344373986,0.39585411303356854,0.10342528382332017,0.030008789110963843,3.8885805998072573,76.38398221326014,Sélection automatique par sortie,False
165,59.04772792358632,391.14363987158106,12.77987713022821,15.706609818315032,3.6310522564296943,30.93491598805519,51.54862548525138,17.516458526693416,1.1487525436626536,0.08018919887452156,0.14361972803024814,0.021871990904005496,0.013778336055667419,1.4082117975270962,69.06508401194479,Sélection automatique par sortie,False
166,57.03016716402332,474.9666335890755,29.493654470718216,17.46,2.03,26.72665185271636,54.67775258388136,18.595595563402302,2.3339683357615693,0.16033884331581383,0.3003280374661209,0.07186100890517504,0.02742703361102536,2.8939232590597044,73.27334814728366,Sélection automatique par sortie,False
167,55.35223625577462,458.6347861287934,25.324287453909815,11.722110919487706,2.45,28.19749889546217,53.86106482494777,17.94143627959006,2.040952372795499,0.1391103087180243,0.25697053472625925,0.06029952240546843,0.02442124560708208,2.5217539842523324,71.80250110453782,Sélection automatique par sortie,False
168,28.018310521638764,498.3828877886591,22.97992040911978,22.550623865554027,1.6561304901874,22.771863918125874,57.48428399941695,19.743852082457177,2.3144902303415464,0.15428950587363957,0.2960026577239262,0.06986633354593605,0.019476422028738827,2.854125149513787,77.22813608187413,Sélection automatique par sortie,False
169,57.09771784432757,361.9057079210547,25.3,17.532780400570623,2.73,31.851318303839882,50.8591970750185,17.289484621141625,0.6621318679376118,0.04901282139053438,0.08539120004399092,0.007504946003639941,0.011924637734203448,0.8159654731099806,68.14868169616012,Sélection automatique par sortie,False
170,59.70653366370309,411.0578327433362,12.015186806586016,9.324287857425807,1.96,29.94288510925478,53.07008123700747,16.987033653737743,1.4664542683538366,0.10681743822095013,0.16186907058666855,0.036543800712626306,0.016379286426290284,1.788063864300372,70.05711489074521,Sélection automatique par sortie,False
171,24.618932319400134,485.4782579173552,12.87,24.376903674837408,2.17,23.115103707492754,56.89417007664517,19.990726215862082,1.9256720121085011,0.1303755165840476,0.24731804929459836,0.05698696101100611,0.02213017946791134,2.382482718466065,76.88489629250725,Sélection automatique par sortie,True
172,42.75564995776451,395.5141615206915,26.63428329354894,16.91901457380543,2.509317911433222,29.683937893546204,52.88366144212193,17.432400664331865,1.116571811710366,0.07595346915628073,0.13480561094539828,0.022060102150678218,0.013396994944878093,1.3627879889076013,70.31606210645378,Sélection automatique par sortie,False
173,28.178101592917457,395.30229182095337,25.302621971137476,13.445389383041432,3.43,29.876224285365705,53.148895391040476,16.97488032359383,1.0938920630049505,0.06922928774886593,0.13270783673240685,0.016984240649701485,0.011187673058883725,1.3240011011948083,70.1237757146343,Sélection automatique par sortie,False
174,53.85,453.5560227735437,15.84,14.688132155724242,3.6593313022611142,28.267838152916205,53.6388407638237,18.09332108326009,1.9039275851781743,0.1318924014052226,0.23925895169979652,0.05425475569742689,0.02096515270648559,2.350298846687106,71.73216184708379,Sélection automatique par sortie,False
175,53.10195366992936,370.8622342909333,29.19038488311511,15.303629316693218,2.88,31.628366533445213,51.14265262667208,17.22898083988272,0.7576705432459485,0.05522869098217899,0.09718755678580793,0.00982642207808438,0.013683663969357723,0.9335968770613775,68.3716334665548,Sélection automatique par sortie,False
176,63.10799547994148,451.456364268567,24.182404686567427,22.167289928079537,4.07,28.485462634020536,52.92622935089855,18.588308015080912,1.9325285908245695,0.13432569860909505,0.22143228094545156,0.055845331314749315,0.025809611788520356,2.369941513482386,71.51453736597946,Sélection automatique par sortie,False
177,28.09,472.74228708331435,22.89612638631611,8.547007817041752,1.98,26.74377418845043,56.023796096528045,17.23242971502153,2.06861098280561,0.1334030763711142,0.24915852948844308,0.05817178904173505,0.018531284571943998,2.5278756622788463,73.25622581154957,Sélection automatique par sortie,False
178,56.9,427.1546997319655,23.0,16.61,3.09,29.352843215269196,52.809571914158745,17.837584870572062,1.5651674587213613,0.10813010921888185,0.18765759569800763,0.04144904608130579,0.01948509196731589,1.9218893016868723,70.64715678473081,Sélection automatique par sortie,False
179,50.856058479061744,467.8572383684247,20.51214357076769,12.571106072897194,2.12,27.238933973444354,54.75915256930778,18.001913457247863,2.1349648001225283,0.145957451690161,0.26225885975119123,0.064533402870422,0.02233336099282638,2.630047875427129,72.76106602655564,Sélection automatique par sortie,False
180,41.57348470250797,407.31317945840203,22.07,10.689935534597453,1.99,29.78099629094848,53.469508681814744,16.749495027236787,1.293633157759789,0.08640105507284865,0.14703558447978182,0.028379553275505027,0.014152279224836431,1.5696016298127613,70.21900370905153,Sélection automatique par sortie,False
181,55.875940464740445,489.05338667934086,13.988320615120143,20.400761473013965,1.16,25.020407938974166,55.458527993171025,19.521064067854816,2.5005967832454092,0.17259077734985742,0.3098746979091195,0.076985405129812,0.027741927028839326,3.0877895906630375,74.97959206102584,Sélection automatique par sortie,False
182,52.789552427716146,511.1013123123706,27.51348392175675,22.30013198980141,2.03,23.94110370852142,56.20470533400926,19.85419095746932,2.8410471923094165,0.19339850102729203,0.35199541808626666,0.09125518589615142,0.028464020623340098,3.506160317942466,76.05889629147859,Sélection automatique par sortie,False
183,61.178005294109404,421.5929844361603,21.1706352203133,18.72491340949909,2.76,29.457933651841913,52.64946234334441,17.89260400481367,1.5218161834763981,0.10529495759142274,0.18429873987216064,0.040015665753186644,0.018886394213001895,1.8703119409061704,70.54206634815807,Sélection automatique par sortie,False
184,43.40211666388315,520.9238906521399,20.544738236178308,11.48,3.89,25.362855117644067,55.961744769356464,18.675400112999462,2.7664497383262434,0.1866307102980738,0.336180553955019,0.09032907101193835,0.03080728541427185,3.4103973590055463,74.63714488235593,Sélection automatique par sortie,False
185,38.265375489104194,514.4303141772527,27.98095541783947,18.273074251490275,2.21,23.57229228497737,56.90629910712785,19.52140860789479,2.7461459129572026,0.18149417883773078,0.34335645083408745,0.08553714032500039,0.024207839934449877,3.380741522888471,76.42770771502265,Sélection automatique par sortie,False
186,32.10309106587571,464.956456802167,15.84,22.14381476503426,3.68,25.597457807926077,55.10015707794041,19.30238511413351,1.8001467308008714,0.12063639388550958,0.22556506347825522,0.05002514280425695,0.02192628765675388,2.218299618625647,74.40254219207392,Sélection automatique par sortie,False
187,53.48009946231228,361.92295063200794,21.41798820801549,14.09,1.8,31.559954423996906,51.43450669185258,17.005538884150496,0.7346552108847964,0.05162883613687842,0.0930728733947693,0.008610141692930347,0.01096128978202236,0.8989283518913969,68.44004557600309,Sélection automatique par sortie,False
188,53.08652356746469,473.45527933684804,13.44,8.470855390589229,3.2575519472256893,27.76880803050439,54.69792175176466,17.533270217730966,2.1890366121539224,0.1563597831984976,0.2598904746175981,0.06811625111866777,0.023675774204322705,2.697078895293009,72.23119196949563,Sélection automatique par sortie,False
189,69.19318365173604,426.72567765989805,18.77214110685947,9.124940276303477,3.56,30.659617421163365,51.98520351426465,17.35517906457197,1.6148235542373448,0.11629284914889405,0.18025405701102598,0.04459512008022813,0.02191288305383486,1.977878463531328,69.34038257883662,Sélection automatique par sortie,False
190,45.24204580333468,399.38312275781607,28.949949339424574,21.33,1.99,28.907726017058803,53.43581036621372,17.656463616727486,1.1804457594732782,0.08370533740193614,0.14194275806930437,0.02640973366027844,0.015340812490676883,1.447844401095474,71.09227398294121,Sélection automatique par sortie,False
191,30.86645918493437,431.286005553951,24.04,8.994806306611903,2.69,28.894038977193162,54.24026465887776,16.865696363929082,1.557192311897336,0.0990021473600608,0.17282888608849784,0.03601419645920436,0.014928153870327242,1.8799656956754265,71.10596102280684,Sélection automatique par sortie,False
192,23.39233345522262,439.36583184355976,14.91,22.728168786314324,2.03,25.43361853721329,55.654042758320934,18.912338704465775,1.45905713539062,0.09820068532913385,0.17906424988468927,0.03751485249355464,0.016062557962473436,1.7898994810604714,74.56638146278671,Sélection automatique par sortie,True
193,56.06017875038238,483.3810416710932,20.845746339111813,12.549090267691874,2.76,26.993849221907695,54.62651933818051,18.379631439911808,2.38604715952996,0.16387437897553106,0.2862934908214878,0.07514294641686217,0.02561471041700804,2.9369726861608494,73.00615077809232,Sélection automatique par sortie,False
194,21.979943376376752,402.99360358708185,22.95412130450085,13.78,2.75,28.982796166009617,54.29514073998091,16.722063094009467,1.1730291140253226,0.07391232026149176,0.13533003915328395,0.020752274651913302,0.0110394456784484,1.41406319377046,71.01720383399038,Sélection automatique par sortie,False
195,57.07327315940705,447.3553075662589,28.757071277551166,14.839892406301603,2.52,28.494661376579977,53.42324956181719,18.082089061602847,1.883904867608458,0.12965634560753142,0.22259853094632714,0.05402070043535145,0.025054138453390027,2.315234583051058,71.50533862342003,Sélection automatique par sortie,False
196,37.615330751855474,399.5971785334548,12.608508496294146,11.013967784673609,1.89,29.565044251209205,53.91539271161073,16.519563037180074,1.2060706383965778,0.08536088324160389,0.12083137357325935,0.02571179565391276,0.012999944171662187,1.450974635037016,70.4349557487908,Sélection automatique par sortie,False
197,58.74176227544177,441.9400568622764,29.44028843589866,26.038113855508684,2.911261332586812,27.568616284719692,53.46143841198089,18.969945303299415,1.7987928102537871,0.12856545921424006,0.20594671419783792,0.05228547038052032,0.026542694870628124,2.2121331489170135,72.4313837152803,Sélection automatique par sortie,False
198,60.78642535822461,386.5936744506406,30.423771931910366,10.706127508456566,2.9604573698390606,32.07093360854431,51.02380983019866,16.90525656125703,0.945077929136442,0.06811472780185167,0.12019335688413083,0.017452500866884164,0.01814779077402387,1.1689863054633327,67.92906639145569,Sélection automatique par sortie,False
199,62.13351095661126,358.98246551815157,21.699837904972874,23.91,2.01,31.29563211226732,50.799786650453534,17.904581237279142,0.6933972509232051,0.049366262223706645,0.10053455864093541,0.009656133837806745,0.011380958911196821,0.8643351645368508,68.70436788773267,Sélection automatique par sortie,False
200,30.377930057899135,521.4629695671305,21.730206463575122,7.738063581679171,2.8477840053476937,25.080959487807775,57.01625413755787,17.90278637463434,2.68448044972619,0.17569065055578997,0.3325279925619956,0.0860865984075604,0.026752577782074356,3.30553826903361,74.91904051219221,Sélection automatique par sortie,False
201,59.09,418.36334506201507,22.887729562653554,20.090695083708297,3.616573185384465,29.774499883753386,52.353269932102144,17.872230184144474,1.4364854873692154,0.09998841626062176,0.17879986444654897,0.036442638545444814,0.018821319531946677,1.7705377261537776,70.22550011624662,Sélection automatique par sortie,False
202,49.32486610967551,406.3948820520354,13.296570258251428,15.614447588649718,3.16,29.65647888375744,52.657237995117484,17.686283121125058,1.2911516598364587,0.08944482830517408,0.155784489774282,0.028512916810455424,0.014257756063725436,1.5791516507900956,70.34352111624254,Sélection automatique par sortie,False
203,47.472715587015045,374.1265535027591,18.031583174060927,8.390483172094097,1.41,31.29913560545004,52.48524076831793,16.215623626232016,0.9376363449776286,0.06573524787788168,0.10342284666594384,0.014761405717567767,0.011813933339478593,1.1333697785785006,68.70086439454994,Sélection automatique par sortie,False
204,42.31766768165148,468.3869060120127,18.06444733986471,22.181622721029274,2.0540763775830486,25.36329693340596,55.42347836318278,19.21322470341127,2.018506793084768,0.13600305965409287,0.253352939491852,0.05891004748597783,0.021030749249905875,2.4878035889665964,74.63670306659405,Sélection automatique par sortie,False
205,61.331655326387995,435.10520291954134,24.19403548033149,11.39827707035191,2.38,29.496262136452245,52.891103590959894,17.61263427258785,1.7180129322115931,0.11950374887314998,0.2072527052757091,0.04846161426359496,0.022225789384128822,2.1154567900081758,70.50373786354774,Sélection automatique par sortie,False
206,48.75657068726653,540.4933947122217,27.357885468886632,9.070525924198297,2.66,24.643794648656307,56.622823244167456,18.733382107176233,3.2754664101699253,0.21716738353837767,0.4110802070015974,0.10955993893424003,0.03276695965212906,4.046040899296269,75.35620535134369,Sélection automatique par sortie,False
207,33.31266089958613,461.11665253558004,20.187118831595072,24.451576086681474,3.45,25.41185803846621,55.22700816179475,19.36113379973904,1.8033284132976775,0.12032956268486791,0.21592533004932088,0.04970463549677174,0.01908604655981258,2.2083739880884505,74.5881419615338,Sélection automatique par sortie,False
208,64.31950310518714,536.9234508934933,13.51,14.92317205288693,1.27,23.721803584709978,56.65698197158332,19.62121444370671,3.339341221829981,0.23535666398771235,0.42307263696781816,0.1138917038723227,0.03486379993303856,4.146526026590873,76.27819641529003,Sélection automatique par sortie,False
209,59.61669579224416,446.2387512418299,27.276082181140467,18.122892216225118,2.23,28.200559174969346,53.61980722404632,18.179633600984342,1.8857200701630126,0.13116152308320678,0.22385555405952484,0.05500102487331543,0.025266820623007592,2.321004992802067,71.79944082503066,Sélection automatique par sortie,False
210,37.37865562193144,465.2496130213454,20.998988494971755,25.909210096163775,2.1,24.676825188513668,55.83253822039316,19.490636591093185,1.9340962789280411,0.13003676441054235,0.23577715084453899,0.055418582618418144,0.018599800583954502,2.3739285773854952,75.32317481148635,Sélection automatique par sortie,False
211,44.92158512989609,533.7367897207876,24.204774675463792,12.261063650578091,2.19,24.015716478130784,57.005358823822846,18.978924698046356,3.074552517222333,0.20550630026928965,0.38177511585676416,0.10214334339613461,0.03051680805589211,3.794494084800413,75.9842835218692,Sélection automatique par sortie,False
212,25.256717084694724,507.8085485561069,25.048461523486885,14.645547357329042,1.6688506046010398,23.68619589428509,57.59511476024263,18.718689345472278,2.5002029009686004,0.1621688059870492,0.31991499859360395,0.07537842815422977,0.02046547087985739,3.078130604583341,76.31380410571491,Sélection automatique par sortie,False
213,25.510569449709568,486.9761429206644,19.59,12.85,0.8223606727723136,24.792840882508457,57.35136846237345,17.85579065511809,2.202531548425293,0.1514173754412554,0.2759863924893912,0.06539742494012492,0.021556923350335287,2.7168896646464,75.20715911749154,Sélection automatique par sortie,False
214,60.07,378.37007213050856,13.07618075169485,18.350251747712143,2.83,30.845849978083837,51.198019936021616,17.956130085894547,1.0134901484836243,0.06872989944626831,0.12985949150091,0.016675726122260363,0.012699360105596273,1.2414546256586592,69.15415002191617,Sélection automatique par sortie,False
215,42.630570334156474,444.83615270053826,22.139041486408196,21.285677360805483,1.7,26.532364692295637,54.9061855380448,18.561449769659564,1.7598550745662747,0.11934658572668029,0.21912046870955942,0.048484893342175636,0.01854240136064555,2.1653494237053357,73.46763530770437,Sélection automatique par sortie,False
216,43.53,489.30302253078344,23.435142239016866,9.915310578423883,1.1822235225283213,26.134737222509017,56.066575055502526,17.79868772198848,2.453370605054892,0.1659957958501038,0.30311331197508823,0.0758898015643058,0.022142306144656027,3.0205118205890455,73.86526277749101,Sélection automatique par sortie,False
217,32.75706572152057,464.7083537453877,13.325592079860714,12.804211075141632,3.0432121392424256,26.816496168638775,55.495370405582236,17.68813342577897,1.8547146872222402,0.12841633335584532,0.2401913153182023,0.05375686455246147,0.021419226526116834,2.298498426974866,73.18350383136121,Sélection automatique par sortie,False
218,43.12954325288985,478.55875557336213,14.855198629520197,16.26501851486035,1.77,25.47935072194741,55.55529478863626,18.965354489416324,2.1720800199640027,0.14963108184194357,0.27606189695697114,0.06621997761219268,0.024001362605070603,2.687994338980181,74.52064927805259,Sélection automatique par sortie,False
219,51.513707716944715,463.30391496322477,30.097489071007885,24.0926433850386,2.6,26.140655944073742,54.67193183908725,19.187412216838997,2.0951236407844904,0.14576008322248857,0.26351585185493814,0.0621109474950747,0.02561330535552674,2.592123828712518,73.85934405592624,Sélection automatique par sortie,False
220,21.898720392345542,521.6405269686971,14.07,15.530018965287464,2.0,22.678226872649873,58.00326060338933,19.318512523960788,2.3875219171031024,0.1633454965674833,0.3239302704904644,0.07835708783930122,0.028057716092057344,2.9812124880924085,77.32177312735011,Sélection automatique par sortie,True
221,63.37494834855158,486.5299935853016,14.505636626709924,12.8,3.17,27.1015362990694,54.55685624699549,18.34160745393511,2.484478405769693,0.17488278347554578,0.29504503382579694,0.07899413025941396,0.02723237989974712,3.060632733230197,72.89846370093059,Sélection automatique par sortie,False
222,21.106710339769666,432.42967254697163,12.808128249457564,6.799873020345421,3.3,28.91080160152517,54.93801692824157,16.15118147023327,1.4374523522897094,0.10002519972600266,0.15922077486891875,0.03558391949676307,0.013795293085503705,1.7460775394668975,71.08919839847484,Sélection automatique par sortie,False
223,49.00058806773607,437.43994688652526,28.005358636831872,27.93,3.755276281332501,27.170397541096435,53.682006377621036,19.14759608128253,1.6531651807808965,0.11702583354925954,0.17775394150094398,0.04510681538707314,0.022239272972182096,2.0152910441903553,72.82960245890357,Sélection automatique par sortie,False
224,38.41010367082898,474.5022713564164,14.82,7.552997387491524,3.02,27.393720179759594,55.45327884045961,17.153000979780806,2.0683291728709636,0.1441490828003883,0.2455208688298526,0.06321823030564461,0.02237089744018909,2.5435882522470386,72.60627982024042,Sélection automatique par sortie,False
225,35.61980077550533,487.61,21.01,9.920547512454373,2.744094729936352,26.399758139054413,55.852365865905675,17.747875995039898,2.265923879795948,0.15029939609243012,0.27385415117858836,0.06870350336407749,0.02277736200044316,2.781558292431487,73.60024186094557,Sélection automatique par sortie,False
226,64.73856118189151,538.6433781397599,18.51050328163185,8.061616234558901,1.7609624542582827,24.84471814176677,56.611383532895005,18.543898325338223,3.381291867367079,0.23800825416577817,0.4379601666060644,0.11964761710402894,0.03597643063223226,4.212884335875183,75.15528185823322,Sélection automatique par sortie,False
227,56.86377916063358,504.17083935616137,20.253542383077697,15.11759879378028,3.200875709960042,25.973304813937485,55.243418490594,18.7832766954685,2.686039364123548,0.18404400554925426,0.32663370120380875,0.08697903457861116,0.029287122101147017,3.312983227556369,74.02669518606251,Sélection automatique par sortie,False
228,32.1997317328507,416.65347425704044,20.86,22.775606442422944,3.65,27.770868362069084,53.87740541633322,18.351726221597694,1.2779099442053392,0.0855611235190426,0.14406950635609156,0.028610421828143773,0.014250833249243023,1.55040182915786,72.22913163793092,Sélection automatique par sortie,False
229,42.67853677127894,423.4076495177034,24.832819094281444,14.597366051439588,3.819011004876139,29.301871094282443,52.89502931132863,17.803099594388936,1.4477349304965856,0.09685761252980113,0.18265074508535384,0.033978984847216884,0.01605179410072594,1.7772740670596834,70.69812890571757,Sélection automatique par sortie,False
230,44.85754597700193,418.79559608118876,27.58669655767944,12.719899697463742,3.0509502916410574,29.605102883248982,52.910112454002004,17.48478466274901,1.422182396795542,0.09464374919988064,0.17247575956163197,0.03271397354943784,0.016639390136913852,1.7386552692434065,70.39489711675101,Sélection automatique par sortie,False
231,60.441022107169665,486.91734141728887,18.767272661981107,12.178775928762157,1.0345604632227106,26.493517301581555,55.18897019818612,18.317512500232322,2.5646188748098293,0.18040155706211966,0.3137348910168555,0.08243780329159309,0.02665261254459885,3.1678457387249965,73.50648269841844,Sélection automatique par sortie,False
232,31.994874061460933,451.04264098697564,23.359619877669548,23.998568007474088,2.83,25.558779270924425,55.36132363510101,19.07989709397456,1.7206440322344887,0.11511214539893484,0.19547213001952657,0.046169436288941275,0.01804682599854305,2.095444569940434,74.44122072907557,Sélection automatique par sortie,False
233,39.575237587165404,374.97253437092286,19.607151981514612,11.06,1.08,30.649165169757453,53.092649167297985,16.258185662944562,0.9501096274316072,0.0653989693266965,0.10035606900949748,0.01439372487185598,0.011222718609871351,1.1414811092495287,69.35083483024255,Sélection automatique par sortie,False
234,39.27959703017139,448.13397275170166,25.88670494225827,15.591794460039925,2.06,27.197195658029347,54.820538478254704,17.982265863715945,1.8139705704832592,0.12038390862870134,0.22294498386825515,0.04876456458754659,0.01825561450609267,2.224319642073855,72.80280434197064,Sélection automatique par sortie,False
235,58.641077649696854,533.698768472444,22.644359143575063,8.259084342750581,3.855144464029272,25.826862604020118,55.508280195008574,18.664857200971312,3.187314801476144,0.21882605738243727,0.3976983993579044,0.1092362965582046,0.03499107079602051,3.9480666255707106,74.1731373959799,Sélection automatique par sortie,False
236,50.23689437803365,442.21104795077656,14.87,15.158019364936434,1.73,27.618544078275523,54.135012716764464,18.246443204960006,1.7843321566808994,0.12370132383271297,0.21418462872077404,0.04973458353010963,0.019104039226583706,2.1910567319910794,72.38145592172447,Sélection automatique par sortie,False
237,35.15424353209283,497.9662653328318,19.27108472272252,11.05167666121196,3.21,25.891642433888077,56.07952102056056,18.02883654555136,2.3562193547566856,0.1577528387840948,0.2832987461160251,0.07336438986125968,0.025095617513653252,2.8957309470317187,74.10835756611192,Sélection automatique par sortie,False
238,47.418437050168194,488.95168411901756,18.406791334626455,24.75,3.9527174739063233,25.204804421283587,55.0048293212943,19.79036625742211,2.292230202026478,0.15398054920213905,0.26137938046803466,0.06848288378319874,0.024991587569831976,2.8010646030496824,74.79519557871642,Sélection automatique par sortie,False
239,47.157521322603166,495.82939480195114,19.074425175049022,13.56,2.89,25.91037132461808,55.51619157145639,18.573437103925535,2.4552691771827333,0.1671752869188189,0.29337201482750747,0.07777492430027225,0.02578596844605504,3.0193773716753864,74.08962867538193,Sélection automatique par sortie,False
240,35.14,506.21680137300893,18.06875332884717,17.95,1.8677390900084312,23.633031762459257,56.825769847046466,19.541198390494266,2.446526893984913,0.16517416164494292,0.31063416391994525,0.07742324239313626,0.024726913072970355,3.0244853750159084,76.36696823754073,Sélection automatique par sortie,False
241,35.07550667381765,449.6485534340252,23.073717401789175,21.89929011617624,3.9895228013629573,26.700080337790897,54.459736082922085,18.840183579287025,1.705552410124934,0.11405155673772445,0.19813437785035581,0.04481725218453153,0.01857115285210097,2.0811267497496466,73.2999196622091,Sélection automatique par sortie,False
242,61.81775803282473,413.09377940066753,13.94,14.149325180556685,2.7817846530945336,29.9589346677682,52.44771503232233,17.593350299909478,1.4561836252343117,0.10223153545352202,0.1744259585922407,0.03564167580033499,0.01647387512803567,1.7849566702084452,70.04106533223181,Sélection automatique par sortie,False
243,28.132262160230198,454.6668749092629,20.580121428224896,23.003387630356976,2.23,25.059010650307755,55.86576144621762,19.075227903474627,1.7223655388349717,0.11471375255551844,0.21155424919580684,0.046858362158877814,0.018085685589724197,2.113577588334899,74.94098934969225,Sélection automatique par sortie,False
244,37.2865620469929,449.61943054368527,30.114022645224345,13.62708058910038,3.3249505588855595,27.837885659764556,54.08278631051184,18.079328029723598,1.835500059028617,0.11872194643804512,0.22257831602212155,0.0464350121878605,0.019326357787446066,2.2425616914640902,72.16211434023543,Sélection automatique par sortie,False
245,59.05921659365858,459.90377464363587,21.455461073321747,17.221615340324934,2.650138295759308,27.704987460664867,53.9462474656881,18.348765073647016,2.065480761477927,0.14188577037762012,0.26378377538243386,0.06157018859210645,0.023953865352624934,2.5566743611827123,72.29501253933512,Sélection automatique par sortie,False
246,49.80953050147535,468.0941679822136,15.801040488890614,16.379177641441423,2.547107876295304,26.67372967238697,54.67920876726899,18.647061560344035,2.0866741422481563,0.14318112489744958,0.26441328412285847,0.06214175121614031,0.023114890032881683,2.5795251925174862,73.32627032761303,Sélection automatique par sortie,False
247,27.391639758151463,473.97762699110615,20.205901296236117,16.16,2.83,25.577727881827766,55.952675930413754,18.469596187758476,1.9669528264985967,0.12949586714036893,0.25232840171088755,0.056131509069645834,0.02036270180183973,2.4252713062213385,74.42227211817223,Sélection automatique par sortie,False
248,29.076187470653334,438.6394274921865,16.59203823221144,24.147560731197487,2.51,25.83605521568789,55.19144965605757,18.972495128254533,1.4953225790198956,0.09978731062302629,0.17297476533882733,0.03836608216211271,0.016653810593881185,1.8231045477377432,74.16394478431211,Sélection automatique par sortie,False
249,60.518624951141305,516.09696012979,20.036038498918057,18.86053823721401,3.81,25.409738468762754,55.24046399555584,19.34979753568141,2.8922189637932307,0.19779171879896365,0.3463470641691425,0.09411320442592641,0.032459543604222436,3.5629304947914857,74.59026153123725,Sélection automatique par sortie,False
250,51.81715921893339,443.3866382384612,19.32121408248684,16.13752564338157,3.9,28.670572443026924,53.21747704108091,18.111950515892172,1.7426069772293116,0.11933564142218159,0.21561635418700187,0.04747686770079035,0.01930801653093991,2.144343857070225,71.32942755697309,Sélection automatique par sortie,False
251,60.12944401756817,470.9691371772273,15.489851485649519,14.429913798506812,1.137802765467059,26.78004239703873,54.68124849239198,18.538709110569293,2.3112862960973017,0.1625215265355665,0.2821137411811947,0.07115818100497145,0.025196915493871833,2.8522766603129064,73.21995760296127,Sélection automatique par sortie,False
252,62.84818475763953,463.33,18.353823039415914,18.211213213611067,2.24,27.375689400898953,54.01945922692947,18.604851372171584,2.162639126629978,0.14866355511291413,0.2752565554909034,0.06505556463822275,0.023549070864979916,2.675163872736998,72.62431059910105,Sélection automatique par sortie,False
253,59.42,363.2016288941414,18.57,10.118555594262213,2.0,32.128301780501424,51.17363857834173,16.69805964115685,0.7668692187703205,0.05519481777891129,0.09503459572998532,0.009586833439192886,0.011691696047065263,0.9383771617654753,67.87169821949858,Sélection automatique par sortie,False
254,29.16839263737189,533.1959554570499,26.28,10.175584847959504,3.238447194372931,24.226404667072234,57.17537592145027,18.598219411477505,2.9003625015775163,0.18513579709670014,0.36151950124234067,0.09113286862068817,0.02694448169850134,3.5650951502357464,75.77359533292777,Sélection automatique par sortie,False
255,65.86835966072425,448.92813355966416,27.73734621685081,16.123836612935868,1.97,28.63850272993345,53.43483226710841,17.926665002958146,1.9668839597654904,0.13814546545034775,0.24068154679994788,0.05928792311183904,0.027554746272313503,2.4325536413999385,71.36149727006656,Sélection automatique par sortie,False
256,33.25909601602161,499.2041101549941,28.296377250578292,13.12,1.881962314703844,24.924233681589193,56.73184745546458,18.343918862946225,2.5233427600503577,0.16309621263199536,0.30802710626494323,0.0749181467599302,0.020323350222617807,3.0897075759298445,75.07576631841081,Sélection automatique par sortie,False
257,66.65532803352728,544.385794731645,22.01,17.89,2.45,23.873624256226684,56.34035168031103,19.78602406346229,3.49768381075173,0.24012728088955926,0.441304768734722,0.11992987178835046,0.0376668797136485,4.336712611878011,76.12637574377332,Sélection automatique par sortie,False
258,52.899858263065674,463.33,28.307586359940437,14.012426503231262,3.45,27.970629711841575,53.561163147729424,18.468207140428998,2.081028439222622,0.14092088881218093,0.25653466736201164,0.060445967450931164,0.02611935409108284,2.5650493169388286,72.02937028815842,Sélection automatique par sortie,False
259,48.7741350554939,453.4642912530351,13.596046843963824,13.858767419010503,1.9780362594579197,27.218932178493656,54.475995560068625,18.305072261437715,1.909046691373823,0.13334514852310733,0.23221662811473495,0.05515355235584625,0.02039707475072451,2.3501590951182365,72.78106782150634,Sélection automatique par sortie,False
260,43.87514302870765,400.9304575201696,24.68165527916701,20.095964140353207,2.77,29.230553335159556,53.106054583873714,17.663392080966727,1.1730531048636128,0.08050488398271854,0.1414995293840503,0.025306285908920333,0.014164906693247674,1.4345287108325497,70.76944666484044,Sélection automatique par sortie,False
261,55.88190302999117,492.7984696624393,14.173077791184106,13.86,2.2307901769082026,25.89020161021453,55.31704431444589,18.79275407533959,2.509948679802169,0.17537653819745808,0.30120002842178817,0.0803573681526589,0.02650903542446702,3.0933916499985408,74.10979838978548,Sélection automatique par sortie,False
262,63.622006811282965,468.7964146200645,24.35437617740792,12.023112718473882,3.07,28.267309215110558,53.44303475872897,18.289656026160475,2.225910454206123,0.15428936663232737,0.2701999625518643,0.06902118225220462,0.026755054757209226,2.7461760203997287,71.73269078488944,Sélection automatique par sortie,False
263,40.87066455151651,398.8171084202522,22.61,18.15688266654461,1.07,28.727508141990793,53.69723542634653,17.57525643166267,1.2139337281904552,0.083985674435585,0.13725592099550699,0.026233970741226596,0.013394387298902227,1.4748036816616759,71.2724918580092,Sélection automatique par sortie,False
264,46.21776598363147,502.7504168076048,17.36013897408117,24.085368126526525,3.661121978053559,24.387307446703684,55.60088156988524,20.011810983411088,2.4640668682404296,0.16553964424166973,0.2766982097681471,0.0757665095500604,0.026508951475155845,3.0085801832754626,75.61269255329633,Sélection automatique par sortie,False
265,52.67,544.8912278391662,19.45153065612085,17.943747245943435,0.9614135646489727,22.593705415906935,57.57685298070959,19.82944160338346,3.338088783608312,0.23116843287521327,0.42159987197030446,0.11272997349207511,0.03307954720081013,4.136666609146714,77.40629458409305,Sélection automatique par sortie,False
266,58.38250044555016,460.7894468881555,19.43,20.581258411085987,1.51,26.741914950729484,54.388371744329405,18.869713304941108,2.115534649359057,0.1449226166420468,0.27182558460158507,0.06283109314729356,0.022559073803104252,2.617673017553087,73.2580850492705,Sélection automatique par sortie,False
267,48.492007018634396,504.11229197643655,17.7265369475146,8.412458541406043,3.65,26.60047132456298,55.40120783613488,17.998320839302135,2.573349108041008,0.17796330501343868,0.3091039529353013,0.08405947478076474,0.02793856809764959,3.1724144088681623,73.39952867543701,Sélection automatique par sortie,False
268,58.53649732910131,492.4274802389401,28.858106235825208,11.19930981513119,0.8016824784250461,26.789158045522086,55.43013256989198,17.780709384585947,2.7181021962831657,0.18848542487282155,0.3348540484274355,0.08617250719339621,0.02779512873281951,3.355409305509638,73.21084195447793,Sélection automatique par sortie,False
269,39.36532999882426,465.88443116256207,17.73,9.519920137723298,2.28,27.32147317912414,55.37587839788774,17.302648422988124,2.00014726084587,0.13637352851360582,0.2493734121557162,0.059167667124978666,0.020349110705709418,2.46541097934588,72.67852682087586,Sélection automatique par sortie,False
270,48.525455967890665,493.4749650469011,16.156560634287246,21.378496703828958,0.7966919712898478,24.366152441407074,56.186614641946754,19.44723291664618,2.5027993861662416,0.17445041252270901,0.3123604931468178,0.07700572914691517,0.027065534606172222,3.093681555588856,75.63384755859293,Sélection automatique par sortie,False
271,57.92037944169995,363.8952182262112,30.00048791226292,13.210168834938528,2.7730272482662475,32.43695840708449,50.66130262685637,16.901738966059156,0.6375104441851283,0.04809885201303707,0.09061827157473545,0.005893169780389285,0.01417974086688121,0.7963004784201714,67.56304159291552,Sélection automatique par sortie,False
272,39.55121084566051,423.5123467732759,19.032605544519075,22.340678309734074,2.608768606500381,27.515095909144804,54.0670757796362,18.41782831121902,1.4224642734138855,0.09546921270195088,0.1671686939522674,0.035035337608917805,0.01605840691234666,1.7361959245893683,72.48490409085522,Sélection automatique par sortie,False
273,65.29781724874451,448.9613949159893,28.5,9.19560798263722,1.81,29.303874712543248,53.17412358192214,17.522001705534603,1.9626311938566823,0.13664817420552422,0.2433322026050827,0.05884052236270954,0.02690748324526606,2.4283595762752648,70.69612528745674,Sélection automatique par sortie,False
274,70.33430284946809,538.7779668688974,22.19,21.852357757665985,2.2729467804698857,23.82193444181632,55.955165243025434,20.222900315158245,3.4670234841812184,0.2375282270943513,0.42146144487914594,0.117101026547723,0.03732525684437274,4.280439439546812,76.17806555818368,Sélection automatique par sortie,False
275,48.177526232540195,482.41056149541197,25.52866010975715,12.246017514176735,3.656161364900313,27.20834196988089,54.3871543796115,18.404503650507607,2.3145538344321226,0.1549267057244345,0.2727562669435955,0.06966034647465141,0.024583039805204977,2.8364801933800092,72.79165803011911,Sélection automatique par sortie,False
276,57.077820632680506,366.30598958181963,13.69,22.61988261511124,1.37,30.25795884361243,51.317782749763545,18.42425840662402,0.9088259262583129,0.05938555724559272,0.13071124238342308,0.013103340199613123,0.010746751465575473,1.1227728175525173,69.74204115638756,Sélection automatique par sortie,False
277,23.578445657008277,482.90464878223105,27.257507091849735,16.61,1.44,24.28052247854387,57.13601218042577,18.583465341030344,2.201376774142153,0.14265586347841408,0.27789791147112974,0.06142074672489707,0.017386541999743772,2.7007378378163374,75.71947752145611,Sélection automatique par sortie,False
278,23.94176011553765,494.21360459030075,16.56051141524121,13.03,3.45,25.39166985819421,56.640876468298096,17.967453673507684,2.123024767263683,0.1420662335908982,0.27790701303800464,0.06460690357900886,0.02520831895406952,2.6328132364256644,74.60833014180578,Sélection automatique par sortie,False
279,37.136899567098624,398.64992403858406,20.99708363441315,9.680248788047715,2.64,30.346175651344893,53.16453929169784,16.489285056957275,1.1621369497543421,0.07658599998314308,0.12031353500432998,0.02219984704151879,0.012704835555597397,1.3939411673389315,69.65382434865512,Sélection automatique par sortie,False
280,56.462440595503956,491.8555622807781,12.393278417914788,22.828554091236875,1.36,24.620947807608808,55.416592742239516,19.96245945015168,2.5253322545473567,0.17236095366566956,0.3002628183307842,0.07662582973812593,0.027907097559956896,3.102488953841893,75.3790521923912,Sélection automatique par sortie,False
281,28.09,356.8960407009683,22.2,20.412403508941033,1.55,29.533647580387814,53.309666098930364,17.156686320681814,0.6887822274986659,0.04711814329340211,0.07997952123635635,0.005863842280775022,0.008315344383405532,0.8300590786926049,70.46635241961218,Sélection automatique par sortie,True
282,55.95868452520711,436.6726552490588,21.705604222516182,24.602122886605784,1.09,27.15831974793766,53.85895524549164,18.98272500657069,1.7813847139982166,0.12326059791271075,0.21781347288627434,0.049560793264597294,0.01971785755730988,2.191737435619109,72.84168025206233,Sélection automatique par sortie,False
283,52.61914765110018,384.9511842988796,29.145729531778283,25.439240790491738,3.1423362409035236,29.975046158321597,52.17809475275134,17.846859088927065,0.9493589181726743,0.07227152242911174,0.11519980549508063,0.020140485255919827,0.01663664069953891,1.1736073720523255,70.02495384167841,Sélection automatique par sortie,False
284,25.725416833834814,462.90629656204374,30.141120429784394,23.45398205559689,2.633425760570501,24.431503012247806,56.349991498658135,19.218505489094067,1.9281445171009992,0.12799014330502864,0.24465597122721713,0.051204447490032355,0.018089242193484973,2.3700843213167624,75.5684969877522,Sélection automatique par sortie,False
285,56.56748698418428,479.4262537078313,18.25,22.956197663213263,3.35,26.19818208241252,54.418242808293314,19.383575109294163,2.2903781175770823,0.15491015597754548,0.2639465701401229,0.06867634335432701,0.025156341309377345,2.803067528358455,73.80181791758747,Sélection automatique par sortie,False
286,42.23578623222847,510.9022240025421,25.21,27.676789478722277,3.16,22.847795202640246,56.57722262001061,20.574982177349145,2.624916467079931,0.17693205350778604,0.29909697149380843,0.08162523178780931,0.02522931240063281,3.2078000362699677,77.15220479735976,Sélection automatique par sortie,False
287,42.702796705767305,478.7429659724398,14.08,7.9695757298972705,1.57,26.67577832284227,56.11871822285678,17.205503454300953,2.209268948638205,0.15661654284418042,0.2715175076909271,0.06962402279912437,0.02363004443150271,2.73065706640394,73.32422167715774,Sélection automatique par sortie,False
288,43.96142592379426,395.5734535123847,23.452651586708324,14.46424476580011,2.326865204634363,30.003795327895247,52.88321744960529,17.112987222499463,1.1294634355177733,0.07618523485547876,0.13198699834715114,0.022591042894959647,0.013299807522100209,1.373526519137463,69.99620467210475,Sélection automatique par sortie,False
289,52.64853334010426,446.0530809362004,19.09,27.03380705909002,3.7031698683260856,27.250122889757158,53.54841084416558,19.201466266077265,1.7727648354705947,0.1190585099006455,0.19386037036903736,0.04783793378024715,0.020283853794086513,2.1538055033146115,72.74987711024285,Sélection automatique par sortie,False
290,57.07068015389768,485.91948309318485,12.182243451086016,15.71,1.026107628639373,25.595260044010132,55.31514357218059,19.089596383809276,2.4945961374503627,0.17669417508603713,0.30463256901890595,0.07762203164476592,0.02783604463388439,3.081380957833956,74.40473995598987,Sélection automatique par sortie,False
291,54.80423814212838,506.2114044101274,21.81440883202556,11.75,1.54,25.57268788603572,55.89524796274225,18.53206415122203,2.773691760800248,0.1905991203679925,0.35029275249621117,0.09120957293148385,0.02848868055976853,3.434281887155704,74.42731211396429,Sélection automatique par sortie,False
292,32.692351996062534,484.46700776935876,18.36,27.002203934155947,2.36,23.379009533235752,56.57848701909973,20.042503447664508,2.0739510855360637,0.13845085272170538,0.24301212686981877,0.06124091413936936,0.02064376643456043,2.5372987457015177,76.62099046676424,Sélection automatique par sortie,False
293,59.30764339078987,504.55120983434813,27.922607464241324,11.793224519655702,1.91,26.154811403217533,55.316573770775356,18.528614826007104,2.8263581254171823,0.192444936515736,0.3591958342621194,0.0923851858989676,0.029350318143591722,3.4997344002375974,73.84518859678246,Sélection automatique par sortie,False
294,52.58364910282804,509.0217147696645,19.584966765016766,11.255241632236565,2.3978083079347647,25.666722995483266,55.89436440399401,18.43891260052272,2.735498372566921,0.1878700022007278,0.33773760233540645,0.09031991422013691,0.028796696179939945,3.380222587503132,74.33327700451673,Sélection automatique par sortie,False
295,67.15025580404719,360.9115707484015,16.91,15.71,1.483153893906683,31.811659708508888,50.73317238720615,17.455167904284956,0.7993756602750937,0.05618597463553884,0.10956375175917593,0.0110284591136642,0.012241965390026444,0.9883958111734991,68.1883402914911,Sélection automatique par sortie,False
296,47.82977385618895,502.41569879592583,23.87,15.75,3.72371637343166,25.8031314452827,55.31417020279453,18.882698351922773,2.578018436804877,0.17336752494022534,0.3067131317071918,0.08084155686006318,0.02755593983544642,3.1664965901478035,74.1968685547173,Sélection automatique par sortie,False
297,51.38025420250734,511.7019898356785,27.941441591872945,19.05,2.57,24.524658535873176,55.93188006470683,19.543461399419982,2.8288204008612436,0.19103740616781312,0.34783723248297016,0.09058284421584234,0.02863934113505338,3.4869172248629225,75.47534146412681,Sélection automatique par sortie,False
298,32.96,502.7554684331951,22.279252057140408,16.16,0.78,23.849706923944748,57.405420064290595,18.74487301176466,2.5173800672710125,0.1730580329320976,0.3192003214232297,0.07724664184877866,0.02285244651334596,3.1097375099884648,76.15029307605525,Sélection automatique par sortie,False
299,45.87837336524181,479.6236624267554,25.732178192281836,9.610034031583579,1.7,26.90431589028314,55.3298662928389,17.765817816877956,2.3276459286214553,0.15518162623393622,0.28029488423043536,0.07024451525220912,0.02275391804445011,2.8561208723824856,73.09568410971686,Sélection automatique par sortie,False
300,32.96994968169813,359.67932573395746,24.26,8.190689079438283,0.6922977777182714,31.52279194135948,52.92877054652062,15.548437512119916,0.8143788862295913,0.05495003636629338,0.055974677729377115,0.004728606384753864,0.008876940084715934,0.9389091467947317,68.47720805864053,Sélection automatique par sortie,False
301,24.01,355.6058154005305,24.26,14.42,0.95,30.330054467671673,53.819510592097004,15.850434940231324,0.7387087651239852,0.0492728338917935,0.06308400723150559,0.003561915062870173,0.006876020765228356,0.8615035420753828,69.66994553232833,Sélection automatique par sortie,False
302,56.06611675958153,506.77322089332176,18.64,19.881201504158877,2.49,24.80913746605138,55.609785265679875,19.581077268268743,2.7154966482793212,0.18486144979758118,0.31824040700285966,0.08716543911673062,0.028636545208253726,3.3344004894047465,75.19086253394862,Sélection automatique par sortie,False
303,55.56639621335805,480.7937635319835,18.736154902026456,22.36,2.9208726983021767,25.935879909186834,54.66346894052949,19.40065115028366,2.3130461302616405,0.15659405677130608,0.26813874223674083,0.07006537405837367,0.0247724109937994,2.8326167143218606,74.06412009081315,Sélection automatique par sortie,False
304,33.29,512.4309539629895,16.87227869121689,9.69,1.94,24.783700411230694,57.33211653148648,17.884183057282822,2.5330196080378373,0.17290043956940457,0.3149495278047263,0.08300233718851127,0.027104910340132078,3.1309768229406116,75.2162995887693,Sélection automatique par sortie,False
305,57.14,548.9939843846723,26.77,9.428540743079209,2.68,24.503417349356315,56.503581397222966,18.993001253420708,3.504726962666419,0.23653561737023895,0.4456166336995344,0.12085751886878254,0.036156657535129005,4.343893390140104,75.49658265064367,Sélection automatique par sortie,False
306,22.136008501192613,500.4394377471404,24.037113881748173,12.19891721153135,2.9667535187085172,24.970205188004936,56.86597350403672,18.163821307958337,2.3337171548954903,0.1483558837340455,0.29974276296617725,0.0682323307124399,0.021414689325933014,2.8714628216340854,75.02979481199506,Sélection automatique par sortie,False
307,62.874118063567444,498.4964392798548,30.46605571699614,23.3,3.780083219440463,25.85669090990782,54.46830253553952,19.675006554552663,2.7140137019862602,0.1889281496536977,0.316075794710361,0.0868435910473147,0.03242988471338408,3.3382911221110176,74.14330909009219,Sélection automatique par sortie,False
308,48.647662660064775,474.5671907538701,19.51,17.121455916908808,3.17,26.63058349836927,54.698775273565495,18.670641228065218,2.1595594146268553,0.14657276434766434,0.27049966555756494,0.06470998093941802,0.023254749270449657,2.664596574741952,73.36941650163071,Sélection automatique par sortie,False
309,49.110813318857524,479.46419493607397,17.33,13.03,2.9395508804667214,26.821098025799213,54.97676545649623,18.202136517704552,2.237104640137996,0.15382724959102287,0.27058376026054487,0.06896991657542934,0.023748870362933237,2.754234436927926,73.17890197420078,Sélection automatique par sortie,False
310,45.74647114295463,434.44591009223006,16.45,13.12,1.76,28.154222352923906,54.24437459151281,17.601403055563292,1.6529538577500973,0.11416410740021425,0.19346220016263999,0.04461105412386186,0.017829172963965582,2.0230203924007792,71.8457776470761,Sélection automatique par sortie,False
311,30.88304411780869,457.26566973422115,22.01,19.143183911359543,2.25,25.737684521674918,55.565460457019654,18.696855021305435,1.8152861536907685,0.12025384587396375,0.24059231289897626,0.04976333620045101,0.018481687752275714,2.244377336416435,74.26231547832509,Sélection automatique par sortie,False
312,67.74363464743718,507.8963869762611,19.51,23.3608137123736,4.07,25.855329978734837,54.46723385519625,19.67743616606892,2.8499957892120205,0.19423453019560338,0.30799225028161703,0.09040579073586971,0.03204294288899205,3.4746713033141026,74.14467002126517,Sélection automatique par sortie,False
313,48.345645360012135,445.0584858355922,16.9,17.406809462588686,2.527658310556774,27.561926865629882,54.063657837305925,18.374415297064196,1.7700321777713388,0.12062371749143652,0.21388155751057536,0.04898798223409446,0.01928439091557527,2.17280982592302,72.43807313437011,Sélection automatique par sortie,False
314,41.42876111835532,378.24361491841563,14.83,11.879890731842616,0.7452228141936835,30.127432052107324,52.949850696912094,16.922717250980583,1.0471299704955892,0.07608401916790158,0.10556552107738068,0.01807987934587628,0.011451026190465782,1.2583104162772134,69.87256794789268,Sélection automatique par sortie,False
315,64.59262485877562,477.07071161718375,12.579043213338194,25.23583695154249,2.38,25.94703333447381,54.066177334863575,19.98678933066262,2.3869892858418305,0.15913915289035635,0.27759186396314606,0.06894804245301112,0.025985039356830015,2.9186533845051743,74.0529666655262,Sélection automatique par sortie,False
316,55.62292901437149,476.36,24.884766320616727,10.901335473826666,1.1,27.157030956264062,54.955775319129486,17.88719372460646,2.3795389642430314,0.1640927010181505,0.29633626411411634,0.07380721730586265,0.023888215023247252,2.937663361704408,72.84296904373595,Sélection automatique par sortie,False
317,38.81657490366871,459.69004721796546,15.381813668715138,13.257418536022024,3.8527237633124503,27.642605641832787,54.56256013510043,17.794834223066765,1.8450101398828618,0.12664817777325324,0.24309118355632228,0.05217876831937432,0.02073187971053506,2.2876601492423467,72.3573943581672,Sélection automatique par sortie,False
318,54.913355199392456,372.29454199281355,17.630090571874838,15.63,1.3,30.73887241146175,51.81866259172651,17.44246499681175,0.9304424488998826,0.06486194059039659,0.1234529151445856,0.01568487998352365,0.011942105571424859,1.1463842901898134,69.26112758853826,Sélection automatique par sortie,False
319,55.826972575710975,481.83639105309896,26.20630264018913,26.33280138252172,2.25,25.130450273280196,55.12959339484481,19.73995633187501,2.3922569672138128,0.16457478070221557,0.2765645522688779,0.07391568957425551,0.025375493862847404,2.932687483622009,74.86954972671982,Sélection automatique par sortie,False
320,60.591915951771306,431.6959770838579,24.31360957031216,18.27,3.810021099117496,29.53716428375963,52.46897097403047,17.99386474220991,1.626339407519717,0.11352193475980478,0.19688994434071783,0.04404112004438904,0.021856093207685823,2.0026484998723144,70.46283571624038,Sélection automatique par sortie,False
321,32.67059466115039,394.82160478285795,20.360434367966494,25.81961872806505,2.16,27.625162461318418,53.96032993378656,18.41450760489504,1.0577774425511763,0.07173731310339287,0.11090342637253853,0.021703501329374535,0.012144341267017956,1.2742660246235002,72.3748375386816,Sélection automatique par sortie,False
322,62.33764592713077,470.3297651584157,28.5989055281082,18.342035614209024,3.2048827427262894,27.662943859613407,53.84720029323566,18.48985584715092,2.251163693802507,0.1563600289251336,0.27492418877408814,0.06926884008623933,0.028935721681400944,2.7806524732693694,72.33705614038658,Sélection automatique par sortie,False
323,53.492311367526995,467.54397795168575,21.625296211809044,9.001542940480995,1.025579804567465,27.58941785174576,54.87659536450108,17.533986783753157,2.22621355180188,0.1550139770549404,0.27899497041662485,0.06800269604619538,0.022227280067705017,2.7504524753873456,72.41058214825424,Sélection automatique par sortie,False
324,43.11756675407114,413.9568201397936,17.998287309293303,20.759023552690103,3.08,28.565052360273626,53.31206628386526,18.122881355861118,1.3201989045859523,0.08886480732566907,0.16472717635795753,0.030622922560224492,0.015351624075047605,1.6197654349048511,71.43494763972637,Sélection automatique par sortie,False
325,59.72530970021953,423.8860335394649,25.58525660308033,25.764250564317305,1.1195770133787315,27.899984890486063,53.26722196553803,18.832793143975906,1.617769168282412,0.11512239293395418,0.19243009036233746,0.04486407475793928,0.0204043915700395,1.9905901179066825,72.10001510951393,Sélection automatique par sortie,False
326,26.763241768565116,503.9160169623171,19.56156321806232,15.63,3.79,24.712235947722316,56.512387037077175,18.775377015200494,2.2966723002535363,0.15159974810530455,0.2930061227897113,0.07005382172848776,0.025016936490333288,2.836348929367373,75.28776405227767,Sélection automatique par sortie,False
327,27.069448862295612,465.06401434706186,17.849335303284647,23.5,1.44,24.1357587498793,56.598505488468035,19.26573576165267,1.8240383064256016,0.12331645874369866,0.2363241470447278,0.05166350458681612,0.01815468916812827,2.253497105968972,75.8642412501207,Sélection automatique par sortie,False
328,31.730286758331825,390.9760582074952,29.763655778908362,13.44,3.93,30.403558261033318,52.387625165495336,17.208816573471346,1.0490675397605065,0.06652543534582851,0.12696978205176906,0.01376179389976713,0.010934100965371266,1.2672586520232423,69.59644173896669,Sélection automatique par sortie,False
329,66.53287755320301,401.0399770928534,28.042874377631225,13.56265887191079,2.97,31.273423373855383,51.13176532144945,17.594811304695163,1.176943379622096,0.08570142972110154,0.1402464431393906,0.028411928779999502,0.020782082012582404,1.4520852632751702,68.7265766261446,Sélection automatique par sortie,False
330,42.71708080798813,402.14937283037324,24.85984319340313,19.694507136442024,3.7479209366400905,29.5356156919508,52.62716920364282,17.83721510440639,1.1622282258346566,0.07966995176649094,0.1412428707429551,0.024029856514502845,0.014198259103129347,1.421369163961735,70.4643843080492,Sélection automatique par sortie,False
331,63.610634150070986,359.66784419154993,27.04455088437095,15.043464565772062,1.96,32.249858052572606,50.52879960618459,17.221342341242796,0.6189244136105723,0.04779808440517827,0.08838273013128672,0.0071879919230816575,0.014656899318476243,0.7769501193885952,67.75014194742738,Sélection automatique par sortie,False
332,39.80276419357364,433.5243030487591,15.877852714585345,11.94,2.7464077784613417,28.562593047045453,54.265562347793434,17.171844605161116,1.5710756182842367,0.10783678514512053,0.18312036391545894,0.040978705590021626,0.01684426675145028,1.9198557396862883,71.43740695295455,Sélection automatique par sortie,False
333,59.628914386351994,473.6574962335166,19.38,26.418520557562733,2.2336061265902463,25.81333416205774,54.52189603734154,19.664769800600695,2.2773223615927907,0.15347621789876942,0.25996982380008415,0.06802818927921524,0.02389619287758559,2.782692785448445,74.18666583794223,Sélection automatique par sortie,False
334,39.76,494.8531296445839,15.84,20.082224745611132,2.097700869649167,24.18530436293509,56.21061702131973,19.604078615745188,2.315651945646272,0.1570443530582225,0.28493873131651687,0.07173816159359334,0.024525963490887627,2.8538991551054926,75.81469563706491,Sélection automatique par sortie,False
335,66.91124243708701,416.83622614898326,28.5,23.855270800642682,2.93,29.662280124426115,52.12301835819656,18.21470151737732,1.4430309195062547,0.10566393930035031,0.17500694231720307,0.03996064774475688,0.024453160425562073,1.788115609294127,70.33771987557388,Sélection automatique par sortie,False
336,67.34332209700604,393.4430447423074,29.346700404127954,8.071734998603757,2.5347708541288285,32.248808952632096,51.148430704108776,16.60276034325913,1.0478504195107434,0.07622529238842073,0.12831399428947987,0.02299315038760725,0.02023560445304609,1.2956184610292973,67.75119104736791,Sélection automatique par sortie,False
337,61.972603489596544,538.8607525066765,18.30004918481682,17.39,1.1254818806666171,23.449002015713376,56.78864642847316,19.76235155581347,3.371908333997882,0.23409262885309914,0.43173342697216244,0.11437572443519531,0.03476137686756299,4.186871491125903,76.55099798428662,Sélection automatique par sortie,False
338,30.361704898369148,446.3833559256368,14.11744089382351,18.528772979062566,1.09,25.75940586247456,55.6055253528013,18.63506878472413,1.6654216479710722,0.11601678026481459,0.20668683296323428,0.04513153640997559,0.017159141611526114,2.0504159392206227,74.24059413752543,Sélection automatique par sortie,False
339,49.8930075846762,486.78168205541573,22.273889803052477,13.489933351037578,1.78,26.084260403236282,55.43219955948123,18.4835400372825,2.4204590184096766,0.16460825921036903,0.30153899627700176,0.07580579466411558,0.0240754566780707,2.9864875252392338,73.91573959676373,Sélection automatique par sortie,False
340,67.44931072149808,396.87418868360237,21.407295292118498,18.662531399125395,3.08,31.056460108341575,51.40269988249358,17.54084000916483,1.1808637264532846,0.08342617300776346,0.14769374068891317,0.027286575218017632,0.017179402651632907,1.4564496180196118,68.94353989165842,Sélection automatique par sortie,False
341,58.97813520204917,397.60465132584585,22.165714431285338,26.435274375881445,3.824702728955257,30.052732207776398,51.62904180623557,18.318225985988043,1.1492923297301743,0.08021042945041572,0.1259847260439087,0.025569202412692095,0.015363466225228908,1.3964201538624197,69.94726779222361,Sélection automatique par sortie,False
342,52.67,400.71277795871305,14.918223158142888,7.777345587370324,2.18,30.638146875519304,52.99847325730644,16.363379867174253,1.2654876324592301,0.09073867489439116,0.12321994070155133,0.02883907158723324,0.014354906479344707,1.5226402261217507,69.36185312448069,Sélection automatique par sortie,False
343,53.40391948687515,538.273274917264,18.247337775601295,22.931880647055706,0.7311312506301173,22.412290587634512,57.5671600249158,20.02054938744968,3.2521353392025594,0.22634536892138019,0.4082373410255701,0.10645642236266997,0.033276632701915845,4.026451104214096,77.58770941236548,Sélection automatique par sortie,False
344,24.76855544593437,465.48694842072337,30.17819979117909,11.122210631510782,3.51,27.083492527285927,55.03096677715442,17.885540695559655,2.0119934653075395,0.12315565633197642,0.2586636958762223,0.04941339554510299,0.016718159535849354,2.4599443725966905,72.91650747271407,Sélection automatique par sortie,False
345,61.515277544693504,484.28243260197945,19.541947870397845,12.538117104936259,2.92,27.240356620465406,54.413463120333844,18.34618025920075,2.442638679706808,0.16951678524975364,0.2865415266729985,0.07786732541856208,0.026641853500415383,3.0032061705485376,72.7596433795346,Sélection automatique par sortie,False
346,42.36253734538147,498.924352799326,11.471156887775203,8.201536476016823,3.2465725558442897,26.25430745678776,56.17322443041522,17.572468112797022,2.3938040053294576,0.1717167723385433,0.2882496819955074,0.07827037758664182,0.02681700000949941,2.9588578372596492,73.74569254321224,Sélection automatique par sortie,False
347,39.268051308025804,451.1319135309517,23.77319153643534,16.32887805582743,3.68,27.573635855239896,54.09356877979483,18.332795364965286,1.788977527167189,0.11898938843834249,0.22480353916879936,0.047825411281704096,0.018938501152434336,2.1995343672084693,72.42636414476011,Sélection automatique par sortie,False
348,25.467082900432544,495.910393941384,22.315576111933538,25.21447468454764,1.81,22.30965574294947,57.65937078037082,20.0309734766797,2.2154559180018576,0.1478371523272173,0.28077965648454994,0.06632143155837687,0.018871559919222854,2.7292657182912246,77.69034425705053,Sélection automatique par sortie,False
349,44.76302848111852,414.6298390771494,13.76211180625197,17.23636129667399,3.51,29.116210547675696,53.00619465907786,17.877594793246455,1.3450265176886496,0.09218627795398063,0.16915740130252438,0.030713288083620074,0.014833927666035425,1.65191741269481,70.88378945232432,Sélection automatique par sortie,False
350,28.122279891617833,450.0697168774601,24.98958884104693,21.63657728750812,1.7192383977066248,25.26691511346091,56.011030001469976,18.722054885069117,1.7462860511900964,0.11649311883362062,0.21558723530981388,0.04627534814743054,0.0170231300078195,2.1416648834887813,74.73308488653909,Sélection automatique par sortie,False
351,25.227989358419645,477.01057567030404,16.892608443441247,12.146476892630842,3.227034954561875,26.29118151680604,56.11217216626901,17.59664631692495,1.954271860997184,0.13057469566637478,0.25718428197360726,0.05700142540582499,0.022247225321762796,2.421279489364754,73.70881848319397,Sélection automatique par sortie,False
352,58.036895694687374,420.4560961421734,14.90874923064261,24.869318227550192,2.9295626389480334,28.517265451242096,52.501416107569554,18.981318441188346,1.514048895517242,0.10013129786051775,0.16989855596468073,0.036508336863581216,0.01703439802870036,1.8376214842347223,71.4827345487579,Sélection automatique par sortie,False
353,21.579328620216497,462.099102143677,18.222331526126094,11.063832869251332,2.42,26.67659367406828,56.17722677245255,17.146179553479186,1.797244600508447,0.11812621498215062,0.2396388228150252,0.049447747192649646,0.01759942934483252,2.2220568148431052,73.32340632593173,Sélection automatique par sortie,False
354,26.265831836520604,406.4941854862269,15.193681408434957,12.434232680247002,3.93,29.652280200466354,53.63485193952489,16.712867860008757,1.1620199281906836,0.07852101022390198,0.13707024162916925,0.022812025655074133,0.012272083168770815,1.4126952888675999,70.34771979953365,Sélection automatique par sortie,False
355,53.25706055205705,516.7642144960291,28.23,19.965905872137114,1.82,23.977612674004252,56.36110774941409,19.66127957658167,2.9590515748701565,0.2011033430722942,0.38097401874332665,0.09600584507730753,0.02958796693452387,3.666722748697609,76.02238732599577,Sélection automatique par sortie,False
356,47.22,486.3959333241654,12.870580758831263,13.05267799074644,3.178486113751634,26.30925724083996,55.25465125184269,18.436091507317357,2.2815739084380118,0.15991838712798206,0.277631118865048,0.0711744095443818,0.025683497376320634,2.8159813213517437,73.69074275916005,Sélection automatique par sortie,False
357,29.618041923388176,412.1630047942533,16.17521280099279,10.442642875466188,1.31,28.86455662624261,54.99734146090799,16.138101912849397,1.3271931512314363,0.0912369953315913,0.1440302804895831,0.03014581211591578,0.013390743383594719,1.6059969825521212,71.13544337375738,Sélection automatique par sortie,False
358,48.5151070422551,466.22856073733345,23.41,10.741174090432162,0.72,27.36372176373792,55.22999744750015,17.406280788761944,2.2138493595724804,0.15452392271572465,0.27354885726261147,0.06527141556304235,0.022612776606621587,2.7298063317204804,72.6362782362621,Sélection automatique par sortie,False
359,47.45,422.2023741806332,17.018046054703312,26.42269772822877,1.9,27.17786909002238,53.677320706558405,19.144810203419215,1.4745379217855272,0.0982880588938386,0.16810499583201344,0.03680342661583217,0.01661110553384282,1.7943455086610545,72.82213090997762,Sélection automatique par sortie,False
360,43.42384227922417,516.9783448019168,20.174584889080545,20.674389069735334,1.97,23.247950116581997,56.82752424274163,19.924525640676364,2.7192748420131307,0.18340724571427325,0.3382380826345413,0.08746617105167134,0.026139490670296285,3.354525832083913,76.752049883418,Sélection automatique par sortie,False
361,31.788488733674658,407.61302217421655,22.22328468104402,10.033354066964765,3.846816798898966,30.230067925710227,53.002934843332724,16.766997230957045,1.2315457515981907,0.07931320052971516,0.14093146772513243,0.023203406623609132,0.012633561829075008,1.4876273883057225,69.76993207428977,Sélection automatique par sortie,False
362,34.64307334463212,423.20015815313025,12.44,20.961551234889257,2.41,27.126379906010936,54.15224733676744,18.721372757221637,1.3809979122703218,0.09360357769666769,0.16087317699343923,0.03298182883897091,0.015976553962899126,1.6844330497622988,72.87362009398908,Sélection automatique par sortie,False
363,61.15187944616309,398.6864521914466,22.51,15.15,2.0614214036753356,30.496160999459228,52.04659825814434,17.457240742396426,1.2112491341886238,0.08517963104885516,0.14377596360417866,0.028426535149096967,0.016504908218601906,1.4851361722093563,69.50383900054076,Sélection automatique par sortie,False
364,63.814942035844034,423.3442727607341,26.38552971128151,11.928345892864387,3.26,30.457176311674374,51.88375324120716,17.659070447118484,1.5138254282352508,0.1067044387542259,0.17950314669640774,0.04044146423667429,0.02260922825283369,1.8630837061753924,69.54282368832564,Sélection automatique par sortie,False
365,48.85079862139213,539.7350389803734,13.17,18.917573664693904,0.95,22.312999806010172,57.63817811010493,20.048822083884904,3.1130807922916084,0.2184822687815871,0.40564199619499003,0.1038414118575538,0.033812191474925354,3.874858660600665,77.68700019398983,Sélection automatique par sortie,False
366,58.18986752201121,394.6278183182357,27.224163530412017,23.693760999246763,3.08,30.147095591937592,52.008849843351925,17.844054564710486,1.0967683213291097,0.08041616093999696,0.13328064591349204,0.02542960945771254,0.01808666997531033,1.3539814076156216,69.85290440806241,Sélection automatique par sortie,False
367,23.996323977052246,491.0815836984281,26.42815598592731,17.050255522975668,2.126520407008926,24.085433157737075,57.00746291612647,18.907103926136454,2.2662329790655367,0.1459470422759987,0.29628337513653136,0.06487837733139593,0.017772143043340464,2.7911139168528036,75.91456684226293,Sélection automatique par sortie,False
368,25.028898944171655,402.5046751825045,29.5,21.93532145955099,1.74,27.1422653138992,55.02403743526787,17.833697250832927,1.20924759695318,0.08223164631074256,0.1441241572825661,0.0238393849340826,0.011032356338524053,1.4704751418190953,72.8577346861008,Sélection automatique par sortie,False
369,52.835316763405984,426.0728049502148,26.47,25.17,1.98,27.662933367270412,53.750053669468734,18.587012963260868,1.5633562322921097,0.10993340537426419,0.17932793615172543,0.042504343470463335,0.020244135595673028,1.9153660528842358,72.3370666327296,Sélection automatique par sortie,False
370,30.641750791295035,436.95944729268916,21.01,12.444614296646227,3.77,28.489961512688048,54.10330806437576,17.406730422936192,1.556217708548338,0.1017944512999854,0.19339748423547415,0.03773400120798781,0.01630987120634255,1.9054535164981279,71.51003848731196,Sélection automatique par sortie,False
371,44.9997059154835,430.012556369581,13.170245048169136,24.54,3.05,27.33275580407253,53.56910709506668,19.098137100860804,1.5204350445194112,0.10101350700705278,0.16870962218808477,0.03712330060887459,0.017276775768582994,1.8445582500920064,72.66724419592748,Sélection automatique par sortie,False
372,36.24721674308676,529.4108374007765,15.995607002670555,9.132324248960469,3.0546306431444825,24.631241553261425,57.26283991024633,18.105918536492243,2.753422229496182,0.18909201433328324,0.34495261164068214,0.0932046982095224,0.03065708516306495,3.4113286388427344,75.36875844673857,Sélection automatique par sortie,False
373,30.305777895196503,492.6490219950893,13.022579159262879,15.63,2.53,24.61118101950271,56.43084583503395,18.957973145463352,2.1426703671787766,0.14766584486283726,0.27822738302104316,0.06659558767310893,0.025577252503423742,2.6607364352391896,75.3888189804973,Sélection automatique par sortie,False
374,49.887595221910416,400.9531469536951,14.13,24.454749388450775,2.8,28.81952452707911,52.44379572702203,18.736679745898865,1.219550668576942,0.08023947431073825,0.13606705225918975,0.025388773482613335,0.013922709054811465,1.4751686776842947,71.18047547292089,Sélection automatique par sortie,False
375,52.52250487305516,487.9070829593181,17.667144644597833,13.78,4.1954134925889015,26.999487272758607,54.365801330537266,18.634711396704123,2.359252718067303,0.16265529987395616,0.2841566846385397,0.07329994290602358,0.026469393495865016,2.9058340389816872,73.00051272724139,Sélection automatique par sortie,False
376,52.56624588038849,417.160006366987,18.123218230849403,18.69,2.24,28.80021348882482,53.10572129150356,18.094065219671624,1.4438027748763698,0.09840791203632915,0.18160657275308725,0.03604031194214275,0.01654250491063009,1.7764000765185592,71.19978651117519,Sélection automatique par sortie,False
377,59.427250767796785,422.88622776046464,16.75,9.765942804495682,0.7157779048930573,29.431751065921468,53.14563147172889,17.42261746234964,1.6844209590118306,0.12230407254542838,0.20192389700358832,0.045165325845635075,0.017756931464407353,2.07157118587089,70.56824893407853,Sélection automatique par sortie,False
378,52.6,489.36,22.646242306842375,11.165032773740656,2.88,26.8648899572899,54.87580780831756,18.259302234392536,2.4532848326056973,0.16680624160227378,0.2926535702872133,0.07740919603697519,0.02564692401297008,3.01580076454513,73.1351100427101,Sélection automatique par sortie,False
379,44.69236099256834,448.8312711821821,28.226597096323214,7.806418255320277,2.64,28.93554399094748,53.868531598840875,17.19592441021165,1.8675377365651344,0.12142133428015539,0.20719257603610183,0.04943685697419378,0.019851820395612813,2.2654403242511982,71.06445600905252,Sélection automatique par sortie,False
380,44.054559808940446,446.928163687227,18.439069746361305,19.60067940088806,2.1334570063010876,26.850126046043187,54.575093711692034,18.57478024226477,1.7685896029476342,0.11956261020659606,0.2168023701267723,0.04894957341438604,0.019293132377216606,2.1731972890726055,73.1498739539568,Sélection automatique par sortie,False
381,59.68914538259854,472.5157505876896,29.647366037240797,22.24,3.836477786755656,27.106221615752958,53.824313746816934,19.069464637430105,2.257080697844986,0.15756691224088387,0.27596689807965946,0.06876181555946029,0.029170887576142637,2.788547211301132,72.89377838424704,Sélection automatique par sortie,False
382,27.331163399695185,417.02619143268794,13.867901741119635,12.539399034907046,3.390162782983298,28.974610189409002,54.25874545927858,16.766644351312433,1.2840357938187488,0.08798628111161155,0.1562073794648422,0.02871625373886762,0.013572944480833652,1.570518652614904,71.02538981059101,Sélection automatique par sortie,False
383,53.45083952620588,487.4166790234692,11.962135344623851,24.826671693234115,3.1,25.15538442569207,54.927061867973755,19.917553706334168,2.3445912085957943,0.15731351241809427,0.2659327920250489,0.0686369953547427,0.026664575559135952,2.8631390839528166,74.84461557430792,Sélection automatique par sortie,False
384,35.92095515525965,370.6825387050659,13.819168609650943,9.600809957062584,2.46,31.150240360803824,52.858116702234405,15.991642936961751,0.8739344085481677,0.06121042648259693,0.0889485877225128,0.011289733602834091,0.010201069061290402,1.045584225417402,68.84975963919615,Sélection automatique par sortie,False
385,63.32481923177983,526.1876599475361,22.893519150031874,11.35822292073935,2.72,25.513375168607144,55.64270625022899,18.843918581163873,3.1517994772729536,0.21719209198093598,0.3834426874617172,0.10762558492311203,0.03404643100781944,3.8941062726465385,74.48662483139286,Sélection automatique par sortie,False
386,60.54187203058759,429.0815987337448,24.74046102753884,15.434960884646356,2.4,29.35401239813975,52.913346586051446,17.7326410158088,1.6257202609281065,0.11320100191458497,0.18710698358208178,0.04472897622058342,0.021472930779852635,1.9922301534252094,70.64598760186024,Sélection automatique par sortie,False
387,39.84255441772523,388.5926672489951,12.54,15.936593352620957,1.11,28.92463069440778,53.10952456447922,17.965844741112996,1.120449930767008,0.07901568591833966,0.13147131570243759,0.0217375388983794,0.012306378401172591,1.3649808496873372,71.07536930559222,Sélection automatique par sortie,False
388,63.62854641176527,400.8325332866331,23.11151117643005,14.164164070971738,2.4961989731858583,30.797526364249112,51.7471776357304,17.45529600002049,1.2245890185276922,0.08677445292695485,0.13984977243351987,0.029221673061694965,0.01770077484172434,1.4981356917915862,69.20247363575089,Sélection automatique par sortie,False
389,56.39751864628581,355.7606446152156,20.370517464460022,17.3,2.14877821841438,31.753684360511414,51.046790527273274,17.19952511221531,0.6533241052396781,0.046024724415402216,0.08944216041764033,0.00609822183364582,0.01036459683759015,0.8052538087439566,68.24631563948859,Sélection automatique par sortie,False
390,56.61,541.1552751071368,28.46994856863834,16.542260898143414,3.0354536101459724,24.021846884272133,56.437724669437,19.540428446290846,3.3658496698815226,0.22735068711243445,0.4363325154145577,0.1128632061077473,0.03526811691486335,4.1776641954311255,75.97815311572785,Sélection automatique par sortie,False
391,70.08198208281962,435.1389596661265,17.680220355656218,26.46655356276413,3.9,29.06070464569163,51.88649036704232,19.052804987266054,1.7753696064949807,0.11890659633018097,0.1978368315194497,0.046626010060222364,0.020051552942998065,2.158790597347832,70.93929535430837,Sélection automatique par sortie,False
392,57.58839749400423,473.3616820236694,27.863216806667783,14.8520701671889,2.73,27.430462395310286,54.193674067208704,18.375863537481003,2.2798865989164643,0.15583327619104037,0.2742172636982374,0.06978019458190579,0.027148491494041287,2.8068658248816893,72.56953760468971,Sélection automatique par sortie,False
393,33.79566272506925,500.9388474131678,18.59,14.829451724314287,1.73,24.294047836620027,56.73737934498069,18.96857281839928,2.392320063216717,0.16149945474591912,0.2987894132299691,0.07525944078547964,0.02407611652719807,2.951944488505283,75.70595216337998,Sélection automatique par sortie,False
394,68.16837267993374,420.5461519873986,22.78,7.116229268128369,2.0760761436215738,30.76466527708475,52.414639735232434,16.82069498768283,1.5317823171373193,0.10959924460791548,0.19047933195932434,0.04236078165520597,0.0220943853233848,1.89631606068315,69.23533472291527,Sélection automatique par sortie,False
395,67.06992389280775,484.6010721964366,25.493445574157136,17.053988601304304,3.08,27.337040261972096,54.14265727514761,18.520302462880295,2.5111217810045092,0.17410940759412158,0.3002468355610176,0.08025267261667803,0.02923959763823045,3.094970294414557,72.66295973802791,Sélection automatique par sortie,False
396,58.815338104944374,441.63305019058026,22.07,20.123981336269242,2.53,28.15102322357684,53.44757205014329,18.40140472627987,1.8005195456818188,0.12373668043634622,0.2196195065050986,0.050935551468967465,0.021638780028323767,2.216450064120555,71.84897677642317,Sélection automatique par sortie,False
397,27.190523762839334,550.7620286087167,20.234651327296124,21.48505515525095,2.97,20.853826236606274,58.35108379161252,20.795089971781223,2.891298254703796,0.1913651169309208,0.3661025990455237,0.0950648995596031,0.02830879563479691,3.5721396658746403,79.14617376339373,Sélection automatique par sortie,False
398,56.80361887846062,395.6328640305337,27.236041700813068,18.43,1.6075101251154094,30.05126215930501,52.52726245374827,17.421475386946717,1.1588518473242218,0.08304629598534805,0.13956129008725232,0.026915307580135592,0.017183013238774223,1.4255577542157318,69.94873784069499,Sélection automatique par sortie,False
399,69.84933057946591,494.3782736095328,18.701579996832425,19.65108437157321,1.73,25.980307071674535,54.753527203459235,19.266165724866234,2.7387675168677474,0.18857182321492907,0.3296758725315219,0.0878463500065044,0.02890308625731836,3.3737646488780215,74.01969292832547,Sélection automatique par sortie,False
400,31.36680497788294,422.21148087265027,20.503895659740515,15.02,2.84,28.37215035484955,54.27740752273407,17.35044212241638,1.3923310888936586,0.09171905187773263,0.16836907109743832,0.032171423291774914,0.014665048638812184,1.6992556837994168,71.62784964515045,Sélection automatique par sortie,False
401,48.74422864862414,520.4682472585804,18.75336174303172,21.05488830405033,1.1201552743008816,23.142840345072678,57.05063426209634,19.806525392830977,2.875017918619462,0.19728825880224393,0.36751393188552,0.09321895575984451,0.028581769988562523,3.561620835055633,76.85715965492732,Sélection automatique par sortie,False
402,28.782391897891934,408.7922357244604,16.87,26.737070916221125,1.99,26.518998152957025,54.57446718775649,18.90653465928649,1.1751354322088265,0.07867031110077155,0.13039796455842975,0.02623118324307932,0.012928321801128054,1.423363212912235,73.48100184704298,Sélection automatique par sortie,False
403,24.10780331584232,505.0119938195145,29.503922031274517,19.9932476291255,2.36,22.87159245712992,57.54369225291482,19.58471528995527,2.4860788387130817,0.16055773611213897,0.3238840546537236,0.07229666805506532,0.018709701450086276,3.0615269989840956,77.1284075428701,Sélection automatique par sortie,False
404,45.536117375009354,408.81688367560366,21.388807557937152,16.257557199105158,3.19,29.54665502660152,52.75513052804845,17.69821444535003,1.2743503460658197,0.08642233746529757,0.15744865080127804,0.028597805210303192,0.014678948353854158,1.5614980878965523,70.45334497339847,Sélection automatique par sortie,False
405,21.780754086729274,507.7996318146236,17.079624482893056,17.352943971137258,3.65,23.843816023476172,56.92988356895214,19.226300407571696,2.2232711917038834,0.1478087710135426,0.2934585215854203,0.06862214503109054,0.02584988313776861,2.759010512471706,76.15618397652383,Sélection automatique par sortie,False
406,63.67277802836956,435.2830151435756,18.574416635062665,22.01,3.39,28.872207369217815,52.66279776869276,18.46499486208941,1.7279243457263882,0.1177790375493358,0.20215285993955917,0.04661696904535753,0.020301920810429953,2.1147751330710705,71.12779263078217,Sélection automatique par sortie,False
407,53.76632317854839,487.61,16.2,22.61255771315414,1.82,24.99122577163363,55.448424886869795,19.56034934149658,2.413674733731996,0.16359353843181407,0.2846273294314159,0.07392548312350286,0.025247071792859666,2.961068156511588,75.00877422836638,Sélection automatique par sortie,False
408,56.78342759698779,382.99217262388123,25.855059045977498,6.999799517879826,3.1578091539554736,32.48833351719092,51.24620322115967,16.26546326164942,0.9245277950861364,0.06438185155059481,0.11120433241106445,0.0147858045789203,0.014512954323668968,1.1294127379503849,67.51166648280909,Sélection automatique par sortie,False
409,43.182223628989554,401.81609141781945,12.19,12.289614058128219,2.9036227836391686,29.935876734746973,53.2767763463705,16.78734691888252,1.225797609199304,0.08667187554907996,0.14055543287082622,0.02606303546049247,0.013408929307008904,1.4924968823867115,70.06412326525302,Sélection automatique par sortie,False
410,71.11764806128677,511.76365861844,15.429666939221212,19.71881268770004,2.42,25.34334551858932,55.114996781812685,19.541657699598012,2.9985296181978827,0.2060307126019447,0.3450622304376192,0.09717753923005956,0.03137556805312835,3.6781756685206344,74.6566544814107,Sélection automatique par sortie,False
411,65.96553361559262,514.4957646852395,24.56013724241262,12.144227384375853,2.25467644571621,26.02390085167474,55.379355702274026,18.596743446051235,3.016499840617797,0.20826811578126414,0.3764084252435257,0.10187173383242566,0.03219015988111715,3.7352382753561297,73.97609914832526,Sélection automatique par sortie,False
412,39.38488090673428,414.92055499666026,13.524254404575476,19.702004639870584,4.15143865864737,28.846792743278307,53.0451130429639,18.1080942137578,1.2886944362279729,0.08751762050421619,0.1632850566825303,0.028127208022095052,0.014494496421556615,1.582118817858371,71.1532072567217,Sélection automatique par sortie,False
413,32.9921809076725,461.60766188822976,14.18039475855487,26.374643938287367,2.66,24.75658617544671,55.60636778213648,19.637046042416806,1.7592316900238805,0.11728429522709635,0.2202341774855231,0.04844929695643917,0.020296267879672734,2.165495727572612,75.24341382455329,Sélection automatique par sortie,False
414,39.828862509887884,447.45570685680684,19.043287761230637,18.956218972818505,2.1796704117020713,26.690036185380972,54.77713231019474,18.532831504424284,1.743672904991346,0.11740064004843997,0.21732339723392272,0.04787655311161409,0.018788079086103877,2.145061574471426,73.30996381461902,Sélection automatique par sortie,False
415,35.191786737827094,397.20211303213677,20.018297657197785,21.656830254902058,3.74196044266575,29.04969532322774,53.06732149307528,17.882983183696975,1.0691346170312341,0.07186416341243733,0.11700323821584754,0.020389383467444393,0.013116924656463181,1.2915083267834264,70.95030467677226,Sélection automatique par sortie,False
416,57.572522286514484,527.940091687659,24.2,18.693014671134932,2.82,24.25344194990033,56.076364700684834,19.67019334941484,3.107547392903526,0.21123914908245445,0.3890214898247219,0.10310838815102848,0.03325821333921787,3.8441746333009483,75.74655805009968,Sélection automatique par sortie,False
417,42.05971815094679,382.7080531376744,21.78783263531608,24.798619629674203,2.83,29.25831396749682,52.72027146675383,18.021414565749357,0.9351423152743745,0.06444943044355175,0.10321574880195802,0.01707416215993958,0.012292879640371726,1.1321745363201954,70.74168603250318,Sélection automatique par sortie,False
418,52.88847264441621,488.87468544399064,22.16102871361436,17.961159900141897,1.361857035029407,25.437537420781137,55.63207205187147,18.93039052734739,2.49282262457924,0.1707927471319672,0.315488912143675,0.07824907643438501,0.024694367281192443,3.0820477275704596,74.56246257921886,Sélection automatique par sortie,False
419,58.207791180562104,509.06078591672315,14.8932498113368,25.71513484928092,1.51,23.737581572795257,55.93255268954941,20.329865737655332,2.788651148862054,0.1881625534607928,0.3183116405172498,0.08700034779882206,0.02899283154445121,3.41111852218337,76.26241842720475,Sélection automatique par sortie,False
420,28.251155049388426,405.78108175138505,14.587041312522688,19.74145603416375,0.9680379942721334,27.19438557706474,54.513382923551646,18.29223149938362,1.2187650949701037,0.0853300973081275,0.14824901651648734,0.026627644397732644,0.012538844383611492,1.4915106975760626,72.80561442293526,Sélection automatique par sortie,False
421,61.74201327164325,502.6015487967723,27.243910817568704,18.237599411832264,3.07,25.99302287729614,54.94500363369694,19.061973489006906,2.7667349120518687,0.1898319080062521,0.3377003084088983,0.08952327903926977,0.031083519392141667,3.4148739268984305,74.00697712270384,Sélection automatique par sortie,False
422,61.80608474288387,466.2751880809769,24.87488444314767,14.420968391359589,3.4,28.229834689673453,53.444281690484246,18.3258836198423,2.166575446040257,0.14971749966303377,0.26316517456855665,0.065931923820473,0.026481558697495952,2.6718716027898166,71.77016531032655,Sélection automatique par sortie,False
423,47.94,502.2077881551119,24.78579166566984,20.834945210531874,0.7245103726584188,24.185163199015104,56.77050536518047,19.04433143580444,2.717453856776178,0.189449429668119,0.3312819725551826,0.0848435222438764,0.024970860553247005,3.347999641796603,75.8148368009849,Sélection automatique par sortie,False
424,28.10495630480236,527.2421103780888,20.82,23.58368322266502,2.22,21.399495155689355,58.09404227826977,20.50646256604088,2.61669931184147,0.17387082584531677,0.32961846709321085,0.08320452569194112,0.024394382523413513,3.227787512995352,78.60050484431065,Sélection automatique par sortie,False
425,23.267751420852623,520.9557451615578,25.59,21.8734114719381,2.3679575445434717,21.7131061965805,58.11874481973714,20.168148983682357,2.5833604753886945,0.1686810040509784,0.32996709467766244,0.07908537388903704,0.021342304739474287,3.182436252745847,78.2868938034195,Sélection automatique par sortie,False
426,47.94,489.41660841094216,22.527305848824202,18.26,3.5,25.937997719989735,55.075814123958196,18.986188156052066,2.3734868818393435,0.1601552291266385,0.2873246982018998,0.0727162778022531,0.02527673987745308,2.918959826847588,74.06200228001026,Sélection automatique par sortie,False
427,50.310247402685874,488.80108370676095,15.88364273413988,14.311178791199927,2.99,26.19605050099088,55.12808545396112,18.675864045048016,2.3661274086824537,0.16326670610617533,0.2862762508709578,0.07424831305072241,0.02538676222749523,2.9153054409378045,73.80394949900914,Sélection automatique par sortie,False
428,56.62,505.4041277063991,14.651165191712904,12.29,3.3,26.02857033204567,55.32929433609419,18.64213533186015,2.6717074128296665,0.18724327650744785,0.321246886816546,0.08757665524362372,0.02938237409778986,3.2971566054950734,73.97142966795434,Sélection automatique par sortie,False
429,33.51714032777823,495.71382806394155,13.49635760293775,27.81303404611073,2.58,22.887919811898485,56.69064771037275,20.421432477728764,2.149952961003146,0.1435030822946247,0.2646171685038646,0.06404542526461578,0.02370161830953611,2.645820255375787,77.11208018810152,Sélection automatique par sortie,False
430,25.325594261054228,402.7754728342783,18.050319206474196,21.300069721752433,1.9486439034157212,27.392669522092934,54.514512655132016,18.092817822775068,1.128479536519523,0.07541387897070556,0.12875600485049693,0.023456690666787516,0.01205000069214805,1.368156111699661,72.60733047790708,Sélection automatique par sortie,False
431,47.36726617925589,404.2941721402049,20.988948793696796,14.594047427554328,3.66,30.2428160979736,52.26604944589612,17.49113445613029,1.2138839291640475,0.08283091941817655,0.14988635299417938,0.025918272747826807,0.014103792488917261,1.4866232668131478,69.75718390202641,Sélection automatique par sortie,False
432,61.16365509467062,465.1629207997503,23.50657896509666,15.9770873630313,2.58,27.764019892026383,54.020435803417826,18.2155443045558,2.1665179916756956,0.14938171163371278,0.26697993184226926,0.06608098807317495,0.025518628477719008,2.6744792517025715,72.23598010797363,Sélection automatique par sortie,False
433,55.69028776754058,456.7053760833621,26.515160973277208,15.421379989784574,0.95,27.58695374594766,54.6159302327719,17.797116021280445,2.100010834723739,0.14630280830366182,0.2705121744526064,0.061952371786330236,0.023474854575269696,2.6022530438416074,72.41304625405235,Sélection automatique par sortie,False
434,22.264581726830496,477.25318448191416,21.725303981984144,24.370661309544307,3.26,23.80027782509496,56.49928453639515,19.70043763850989,1.9099512354689345,0.1259793206996315,0.23968456054624568,0.05367563254258381,0.01837139668578254,2.347662145943178,76.19972217490505,Sélection automatique par sortie,True
435,22.336540220837126,468.50771425445276,16.9,25.371198893560756,1.31,23.316073000263685,57.16299978776105,19.520927211975266,1.7868454491364292,0.12152108407146692,0.23319439814657655,0.0507093556790098,0.017769827740327124,2.21004011477381,76.68392699973631,Sélection automatique par sortie,True
436,66.02918258555471,382.70177491747626,27.42750113994943,14.74,2.687066866579938,31.787925271053673,50.8157424462501,17.39633228269622,0.9172892637876024,0.06833523076899783,0.11701066970487756,0.01865295910895806,0.018169122855320817,1.1394572462257568,68.21207472894632,Sélection automatique par sortie,False
437,24.729481238516637,538.4152451789396,15.624208749691535,9.56628358226009,2.143592092783992,23.312002131140975,58.501522000246865,18.186475868612153,2.7110708458960437,0.18476986477339913,0.36790582830544705,0.0925485176423857,0.030836166767122357,3.3871312233843978,76.68799786885901,Sélection automatique par sortie,False
438,47.33420221540955,423.61887268421015,26.09502698074284,19.322983624039235,1.95,28.208501631909545,53.87371581716021,17.917782550930244,1.5131686537477598,0.10391328964160054,0.18345478011160224,0.03889653321713915,0.01758704611240803,1.85702030283051,71.79149836809046,Sélection automatique par sortie,False
439,47.96255346345119,480.0441571298212,25.177095045619104,23.48630738368336,1.37,24.803302018961507,55.89119103742247,19.305506943616027,2.3247594781112046,0.15928796965743858,0.2985404448965468,0.0706556956449275,0.02183748581356855,2.875081074123686,75.1966979810385,Sélection automatique par sortie,False
440,55.66993218011115,435.94382574391227,19.51,12.083746184823848,1.46,28.684429673755336,53.781492870227915,17.534077456016753,1.7522515794465956,0.12198074763181013,0.21510268930449766,0.04912784603567081,0.018988916615263685,2.157451779033838,71.31557032624467,Sélection automatique par sortie,False
441,49.57768355037726,444.78125051293347,23.689475726287014,14.55349081346793,3.65,28.60207991961797,53.237767039266764,18.160153041115272,1.7663404042937831,0.1198443056294275,0.21754020919266182,0.04810247256681679,0.020306650363364792,2.172134042046054,71.39792008038204,Sélection automatique par sortie,False
442,50.69694148103268,391.0057776426513,26.69,23.35208906619267,2.18,29.411323393815955,52.718315897252054,17.870360708932,1.067069522574232,0.07678774878434835,0.13111468332209236,0.02353940581170965,0.015069552662108143,1.3135809131544902,70.58867660618405,Sélection automatique par sortie,False
443,42.492475920589456,396.047267511061,17.598080174679616,24.730781825211146,2.85,28.669522833520052,52.908737616970086,18.42173954950986,1.1011451591367494,0.07348691786030329,0.12362048585212485,0.02243492963705785,0.013713109515410335,1.3344006020016457,71.33047716647994,Sélection automatique par sortie,False
444,53.8,437.68499431936016,20.308669380590427,9.4,2.41,29.22595783051189,53.569040551392526,17.20500161809558,1.7266191407627032,0.11930641070803687,0.1981901253328359,0.048051400547601875,0.019237534298934305,2.111404611650112,70.7740421694881,Sélection automatique par sortie,False
445,29.01408454077869,509.06655533332787,17.421764973810774,8.865509828477443,2.2,25.075190668983023,57.31569518750869,17.609114143508293,2.4414734566548404,0.16471010014874335,0.30656054171465436,0.07873859614856003,0.026364672515593972,3.0178473671823918,74.92480933101697,Sélection automatique par sortie,False
446,52.80937896258073,473.3919698801423,19.54,16.61,3.8277673339730653,27.319273736715395,54.242815888056576,18.437910375228032,2.168258909392497,0.14812312269817055,0.2686413868799463,0.06488361429687141,0.024346860355463937,2.6742538936229496,72.68072626328461,Sélection automatique par sortie,False
447,47.57207692838649,445.035464422428,16.350640066842367,13.763672520911978,3.3486853223124275,28.364619096822853,53.826774566748256,17.8086063364289,1.749194329026615,0.12045933726074373,0.212933352941552,0.048150276985392225,0.018654057463622125,2.1493913536779248,71.63538090317715,Sélection automatique par sortie,False
448,54.224522498480965,466.27771650124566,13.085921191670263,20.685525842825264,2.5959836585130223,26.436717654152954,54.408100370548794,19.155181975298245,2.0985914716122696,0.1427798107076387,0.25377827297243993,0.060564821006766925,0.02378597487306019,2.5795003511721752,73.56328234584704,Sélection automatique par sortie,False
449,48.19412053234189,422.1214785304798,24.153533306110802,15.75,2.93,29.08563121129491,53.03223407045305,17.882134718252036,1.4665491446595276,0.09963410942427739,0.17937351642599852,0.036410052530447476,0.016837275955975207,1.7988040989962262,70.91436878870509,Sélection automatique par sortie,False
450,68.77637047099819,513.0524841760351,30.22015012129187,13.499840140683535,3.12,26.548354004160643,54.62274931744748,18.828896678391878,3.0284831565092496,0.20906983060643827,0.36437144130241284,0.10152773685800975,0.03386770036158434,3.7373198656376942,73.45164599583936,Sélection automatique par sortie,False
451,28.38427623284267,416.2678491394671,26.3077698926582,18.79047010623929,2.559641047717339,27.7089622101121,54.552591819062435,17.738445970825474,1.3423362483712353,0.08810205560635295,0.1674772707052749,0.028954280742575302,0.013014452756846233,1.639884308182285,72.29103778988791,Sélection automatique par sortie,False
452,54.87085125330597,538.940788748766,13.061134098907093,8.46,2.5,24.44812876569158,57.11682170667522,18.43504952763321,3.1607486277760413,0.22537308472453516,0.40716217377334984,0.11132949406041937,0.03479274317704536,3.939406123511391,75.55187123430844,Sélection automatique par sortie,False
453,49.015308212446364,453.17816883859706,13.15159211698884,13.87005028144597,1.57,27.057735198495912,54.577071706845395,18.365193094658707,1.9262727446772063,0.13533461874492686,0.23544819664220543,0.05572301573460564,0.020186091783779284,2.372964667582724,72.94226480150411,Sélection automatique par sortie,False
454,60.8425847649054,459.1720963645204,19.0,17.03948023125474,1.5372171599967654,27.346807793825754,54.19361618774591,18.45957601842833,2.1153894487120244,0.14620133719307307,0.27084229445504243,0.06345870692847289,0.02246058400070557,2.6183523712893186,72.65319220617424,Sélection automatique par sortie,False
455,36.62651119644229,390.61571038680444,20.474699389102547,13.022788429035566,1.6996363846374725,29.861977643339944,53.628946375147514,16.509075981512538,1.0864977824838022,0.07264495752406605,0.11662181783909895,0.020162397603620708,0.012379635323169533,1.3083065907737574,70.13802235666006,Sélection automatique par sortie,False
456,63.86468002881473,430.5911797789127,19.0,11.334307181784437,2.39,29.621409049660937,52.8480562092763,17.530534741062766,1.6825304518386317,0.11850857028788662,0.18239642295840652,0.047049402589424125,0.020942399032762984,2.051427246707112,70.37859095033906,Sélection automatique par sortie,False
457,60.522496291851205,477.6260617423724,11.689497724703333,20.83,1.85,25.817228435628444,54.57785450137572,19.604917062995852,2.365387479129884,0.16176357817637485,0.27925675182821513,0.07012440811079837,0.025826013534766008,2.902358230780038,74.18277156437156,Sélection automatique par sortie,False
458,51.517477810303596,405.4669880289325,14.254285453704297,11.705083356361666,2.9764103201363423,30.2464842131415,52.76314362723203,16.990372159626478,1.2956536085614299,0.09135856811352044,0.1462348053507525,0.0293811995699734,0.01438661308997001,1.577014794685646,69.75351578685851,Sélection automatique par sortie,False
459,52.59558036375875,517.9328416029808,27.207112123245984,15.996587938021825,2.26,24.656275726603845,56.135334152912336,19.20839012048382,2.9485946147431967,0.19884848359069102,0.36275468638100594,0.09606344733366975,0.030294078475342906,3.636555310523906,75.34372427339616,Sélection automatique par sortie,False
460,29.835167311036482,366.39547066931823,29.24092074439026,12.945920838689567,2.6,30.96405625703681,52.68553778008999,16.350405962873214,0.7913086081288903,0.049184385854224646,0.0931848139681909,0.0040907949972997515,0.008516130770241964,0.9462847337188476,69.0359437429632,Sélection automatique par sortie,False
461,63.51,448.20746747882646,13.534116529477712,8.532586456257896,1.95,28.69095683106021,54.02061469543516,17.28842847350463,1.9810189779329392,0.14319984044228,0.23445251383913002,0.05915944223372859,0.022262083231621148,2.4400928576796987,71.30904316893978,Sélection automatique par sortie,False
462,49.965864722126035,457.0801792495713,17.8940749277906,17.597948764992573,2.49,27.09002519333826,54.35683738476819,18.553137421893545,1.9453683979077114,0.1325195944772951,0.2505570371250075,0.05620129004321192,0.02160966191935972,2.4062559814725857,72.90997480666174,Sélection automatique par sortie,False
463,39.689884075836304,440.866742739162,19.634942558799022,23.600571846872953,2.24,26.395657891797313,54.779961251182,18.82438085702068,1.6441615614754421,0.11048958586408716,0.19104829089451214,0.04397125460764897,0.01801572586094487,2.0076864187026353,73.60434210820269,Sélection automatique par sortie,False
464,56.61,491.3581474988213,17.61,8.152719351492086,1.9805830775777957,26.814261038267563,55.437912155378974,17.747826806353462,2.5297210987337713,0.1774521424576277,0.3128425566160533,0.08292447341319298,0.026133777937564794,3.1290740491582096,73.18573896173244,Sélection automatique par sortie,False
465,60.07,374.3758422942191,25.26,12.13,2.2561328695261,31.89363502533305,51.147231337984486,16.95913363668246,0.836075202573362,0.060224509473826876,0.10376844628112003,0.013615636988289367,0.014699826920890524,1.0283836222374887,68.10636497466695,Sélection automatique par sortie,False
466,21.818540563860353,536.8436213618577,20.478040676406767,10.254408937677875,1.72,23.068616133842486,58.67611803450333,18.25526583165418,2.7639077047013867,0.181779908435258,0.37543675352889894,0.09050990112710285,0.027362763351868335,3.4389970311445146,76.93138386615752,Sélection automatique par sortie,False
467,52.353239357912706,429.81435931306805,15.13246530845781,19.085120967441043,2.36,28.111580549593228,53.41465113959534,18.473768310811415,1.6106171911527694,0.10959980700847642,0.1880204180062972,0.04191650685850428,0.018120192252183018,1.9682741152782304,71.88841945040676,Sélection automatique par sortie,False
468,54.45308816950803,505.51445272329676,12.54,19.782002162488446,3.2730929220719474,24.971437020377227,55.41107794510192,19.61748503452084,2.61619560856249,0.17958268470086333,0.2968636586763896,0.08201963087090917,0.029190893130877964,3.20385247594153,75.02856297962276,Sélection automatique par sortie,False
469,45.25301076130866,427.2225997397514,27.800858581677605,17.78316121236436,1.74,28.083446726714758,54.14561154224339,17.770941731041866,1.5724033721940092,0.1073242552479087,0.18223311390996977,0.04032884091161885,0.01780050456732589,1.9200900868308326,71.91655327328525,Sélection automatique par sortie,False
470,48.74061063343955,426.2446722120802,14.285842819523076,15.18606706672831,3.1802972249350274,28.89995541656916,53.293355064925095,17.806689518505745,1.5241736264050403,0.10540437781956014,0.18125690002078565,0.0384746054344829,0.016523802232673395,1.8658333119125423,71.10004458343084,Sélection automatique par sortie,False
471,47.52190932310228,527.9443871263833,24.66,14.57290443636757,3.4,24.596817438921413,56.25487272461201,19.148309836466577,2.981119885235753,0.19961517962238864,0.366724680376659,0.09751591990657793,0.03137117942622077,3.6763468445675995,75.40318256107858,Sélection automatique par sortie,False
472,35.75707275322308,487.64029200649884,28.644088161728973,16.271912735503786,3.6918828112000983,25.70560470980482,55.34477345356292,18.949621836632254,2.319294042845271,0.1512814361160118,0.29403604329100685,0.06665862357651434,0.022093110865339508,2.8533632566941436,74.29439529019518,Sélection automatique par sortie,False
473,24.404507274942443,405.5982317015175,16.954539333262694,19.287313156459245,1.11,27.199759494733083,54.884611714656245,17.915628790610672,1.19361039227697,0.08207664875956516,0.14086832294272134,0.025612728407095366,0.011800951328846305,1.4539690437151984,72.80024050526691,Sélection automatique par sortie,False
474,47.624194224254666,490.9418899536146,12.113630247531198,25.34436934454561,3.9700489186046677,24.996782820299632,55.03470161953892,19.96851556016144,2.278327964052453,0.15291981945339403,0.2647810378804179,0.06638258959834879,0.02717907562365956,2.7895904866082732,75.00321717970036,Sélection automatique par sortie,False
475,24.489327977775762,404.1216126660341,20.24179593322198,27.93,1.8115949336368817,26.153812909213194,55.0637112387872,18.782475851999614,1.1167270969788716,0.07626323635863298,0.11993428986474561,0.024476208695974264,0.011872882696276277,1.3492737145945006,73.84618709078681,Sélection automatique par sortie,True
476,21.807269794954024,448.5746545051036,13.43,15.63,2.34,26.28960276889425,55.862757290310206,17.847639940795528,1.568821154028809,0.10722538859407194,0.19619039404913063,0.04217218016360655,0.017132282710435966,1.931541399546054,73.71039723110573,Sélection automatique par sortie,False
477,32.71417963387248,462.3446866524784,28.21482872741479,14.541279309330434,2.72,26.650336386299834,55.22249722537217,18.12716638832799,1.979155753844968,0.1275635288701396,0.2524908693657534,0.052721663683727965,0.018897487001601723,2.430829302766191,73.34966361370016,Sélection automatique par sortie,False
478,59.8742432796216,389.50390087283193,24.892510009913185,17.876326713604982,2.58,30.84784473053986,51.73432789283402,17.417827376626118,1.0482107688809292,0.07488522188010743,0.12799304111484017,0.02253870062105201,0.01630527601180516,1.2899330085087342,69.15215526946014,Sélection automatique par sortie,False
479,24.95865632326075,511.62777437128216,26.144481719180778,24.54,2.3616811800233153,21.754019619117066,57.956326346067705,20.289654034815225,2.475302502527898,0.16329023973039497,0.3119134156522063,0.07481016961178265,0.019710385682564214,3.0450267132048463,78.24598038088293,Sélection automatique par sortie,False
480,48.98,411.9082824638379,20.21,20.517531366568104,1.9548894902141716,28.55468739305168,53.3117340971871,18.133578509761215,1.3599048546693695,0.09261605555555452,0.1752289456112094,0.033065598276525776,0.01571452201697407,1.6765299761296335,71.4453126069483,Sélection automatique par sortie,False
481,43.53,362.50772684578993,20.044377507204487,10.655631769329831,3.33,32.20155683840405,51.52597426872471,16.272468892871235,0.7187219658399293,0.0488084960770622,0.08655500679239075,0.0051069019044329145,0.009966809104369633,0.8691591797181848,67.79844316159594,Sélection automatique par sortie,False
482,59.15749717881435,502.7108978777989,24.007404456087677,13.703748885529475,2.52,26.153634860553336,55.280501634010285,18.56586350543638,2.738790207327738,0.18737382512943226,0.3284769106079516,0.08935869153947171,0.029233106544026367,3.37323274114862,73.84636513944666,Sélection automatique par sortie,False
483,57.066099007082215,446.8704988414667,28.13,13.12,1.4,28.416000333111477,53.892709900442505,17.691289766446026,1.9247110452252696,0.13279744815013939,0.23794785427022452,0.05554681905416158,0.023773171481229285,2.3747763381810243,71.58399966688853,Sélection automatique par sortie,False
484,28.247765489990183,506.2134920517886,25.958026182989343,16.19220095524943,1.1145035260562899,23.413543233917736,57.6298958977606,18.956560868321667,2.545920247173214,0.16863953533946868,0.32603537003501637,0.07669517308871698,0.020030677875328053,3.1373210035117443,76.58645676608226,Sélection automatique par sortie,False
485,46.52617314388515,494.6100798024815,19.36542214316955,13.15,1.2438965238463686,25.338868392212614,56.01142420610128,18.649707401686108,2.50218909587692,0.17233220356049658,0.30970010149394067,0.0795491804592599,0.02494995445107213,3.0887205358416896,74.66113160778738,Sélection automatique par sortie,False
486,26.215269092366245,392.68194074150324,17.73125933826323,15.522322417165734,2.577650739426125,29.273816397155112,54.0953460100516,16.630837592793288,1.0414584611168556,0.06875911172971365,0.12232847895642046,0.018439010854303793,0.011551491320448887,1.2625365539777424,70.72618360284488,Sélection automatique par sortie,False
487,57.19,439.0055753047874,17.914352463623356,22.76,2.1879591854351297,27.61449489642669,53.507799191425974,18.87770591214732,1.7671324776978357,0.1194447071800615,0.20696102140666137,0.04838137317673791,0.019817182070777338,2.1617367615320737,72.3855051035733,Sélection automatique par sortie,False
488,53.39187312321852,476.99765011028126,27.451411224826348,16.607733953251902,2.31,26.609883830065165,54.80657162060626,18.583544549328565,2.3169616172115726,0.15749155864135805,0.28408550736711974,0.0707427610628576,0.025514009929765366,2.854795454212673,73.39011616993483,Sélection automatique par sortie,False
489,64.5,425.2132273183455,25.700821711015408,12.06,2.6308728289803898,30.124262575848487,52.22941246990365,17.646324954247866,1.5656928174998002,0.11021005304498357,0.1810653261817189,0.042922752900847155,0.022723307698146074,1.922614257325496,69.87573742415151,Sélection automatique par sortie,False
490,35.76521565815196,366.97620074200967,18.64594305046887,21.392612761205783,2.17,29.609715767109435,52.697273924018695,17.693010308871887,0.7806323122000365,0.05248627152888451,0.09448994840885752,0.010084184817460297,0.010587104586778522,0.9482798215420173,70.39028423289058,Sélection automatique par sortie,False
491,68.58717902068219,466.5538805684259,22.917752447105073,13.58,1.99,28.13662043954207,53.94429395459918,17.91908560585875,2.2647626163131767,0.15831286591317945,0.2926244570165644,0.07130125604372729,0.02661808817845226,2.8136192834651,71.86337956045793,Sélection automatique par sortie,False
492,45.66639754303003,543.6064021702607,14.202031544297482,19.685186178147177,3.08,22.577191981153682,57.09363538528615,20.32917263356017,3.0166791350741757,0.20610628845043227,0.3660740668219397,0.10080488661719883,0.03288130385103254,3.722545680814779,77.42280801884633,Sélection automatique par sortie,False
493,44.736667843251624,483.80079561473013,14.829129037356964,20.83,0.7419259411854631,24.617766251343504,56.057004583749745,19.325229164906766,2.320575135882519,0.16310423080203662,0.2923825129206159,0.06970737947003014,0.026152449290244417,2.871921708365446,75.38223374865652,Sélection automatique par sortie,False
494,52.24865211149957,401.50786842942296,22.0047780708993,15.088562306644445,2.88,30.213681485531364,52.25100371087957,17.535314803589056,1.2065196844846855,0.08307864831871026,0.140928199546303,0.02670915142605613,0.01429741231938041,1.4715330960951354,69.78631851446863,Sélection automatique par sortie,False
495,28.198867611095395,414.00702889746634,21.36,17.95,2.23,27.82563146041929,54.60932014595053,17.5650483936302,1.2919235089702048,0.08515397291650914,0.1624669692234144,0.028475353128511915,0.013090579599515829,1.5811103838381562,72.17436853958073,Sélection automatique par sortie,False
496,24.681308103995722,484.44405415522726,14.26,10.736659104642468,2.69,25.871473699715917,56.6987868778817,17.429739422402367,2.023063641942033,0.13854490932220065,0.2583183794214739,0.0618096633729402,0.02427965403503928,2.506016248093687,74.12852630028407,Sélection automatique par sortie,False
497,59.457906124047454,451.4344451613166,16.75,21.411839327769506,3.49,27.933198346935885,53.37688688383159,18.689914769232516,1.9224533502375731,0.13048350272182976,0.21936235384790043,0.053727947041657266,0.021365226042178834,2.34739237989114,72.0668016530641,Sélection automatique par sortie,False
498,35.19979273918583,496.8984581415762,18.892308418351877,12.003995759876483,1.8972187520200077,25.184532633317524,56.623308138396624,18.192159228285856,2.370966003802745,0.15992368057068618,0.29073244386304425,0.07445306283337112,0.0241280774571813,2.9202032685270276,74.81546736668248,Sélection automatique par sortie,False
499,65.50258683939077,413.60814626661687,29.343425625527736,11.7,2.137111519535141,30.65948412877218,51.923453615190944,17.417062256036886,1.3878776819163756,0.09903723469825716,0.18632094429178617,0.03644366653731031,0.02229795457957334,1.7319774820233025,69.34051587122784,Sélection automatique par sortie,False
500,25.545759028478848,469.6706409588217,22.306234142313386,19.020369246900522,2.45,24.941788782376374,56.11622723086987,18.941983986753762,1.9197777422206088,0.1258611057222934,0.25286505796424397,0.05351722663750327,0.018586287847472592,2.370607420392122,75.05821121762364,Sélection automatique par sortie,False
501,63.123460796930466,528.1833603930338,29.62588338608482,21.65939109234542,3.4,24.45249698880402,55.55939599468181,19.98810701651417,3.2226363273263487,0.2213475988567883,0.3936398728564818,0.10694446987196192,0.03615166575150683,3.980719934663087,75.54750301119597,Sélection automatique par sortie,False
502,38.61418509760989,506.1904366540807,13.894976916647009,16.16087702240276,1.4122530485066498,23.803434070177367,56.75143872018762,19.445127209635018,2.47418956272202,0.17197273942635072,0.324478871534091,0.07960659393366519,0.02706917358133141,3.0773169411974584,76.19656592982264,Sélection automatique par sortie,False
503,57.29062630953559,472.84481045592963,17.977265897443136,7.985996838644786,1.96,27.707308631308436,54.81045276391014,17.48223860478143,2.267879453387054,0.1592768505853144,0.2801399798093158,0.07170646534441062,0.02363109531173241,2.802633844437827,72.29269136869158,Sélection automatique par sortie,False
504,55.252228919196895,536.7207063512432,15.4712104676037,15.15,1.8766859805171372,23.519941985746307,56.83613774316679,19.64392027108691,3.157554845458305,0.21908370367718966,0.40916642753715604,0.10763920373812746,0.03358689715354962,3.9270310775643282,76.4800580142537,Sélection automatique par sortie,False
505,30.16455615177924,396.39445588435683,26.28,24.917761876803805,0.59,27.078796525324496,54.90896233917448,18.01224113550101,1.192637339247965,0.08989495462821409,0.12042334632055013,0.02473111547728038,0.010624523083229956,1.4383112787572399,72.9212034746755,Sélection automatique par sortie,False
506,44.62789622224329,534.4766565315693,24.26657704755038,13.328992097180654,3.13,24.18464183789865,56.64146923662775,19.173888925473598,3.050135300493592,0.20334924392395187,0.3738096938107695,0.10064027996866079,0.03146875418365267,3.7594032723806268,75.81535816210135,Sélection automatique par sortie,False
507,47.45,434.33314196340376,22.976546458031336,17.82564256929893,3.16,28.3908489007273,53.56475470067069,18.044396398602014,1.6159064219506392,0.10962610112627469,0.20515103063272094,0.042417806190115884,0.018414074740583656,1.9915154346403343,71.60915109927271,Sélection automatique par sortie,False
508,51.35577801520544,415.4054271520681,25.912972174511882,17.185853187283538,1.37,28.94195688580726,53.52978106070013,17.528262053492615,1.4434597170341221,0.10032299339906334,0.174673238386247,0.03640461116545083,0.016745864549549166,1.7716064245344323,71.05804311419274,Sélection automatique par sortie,False
509,39.277361904894434,470.79401675020057,15.84,9.44074157328591,1.04,26.60427653628975,56.01855421504599,17.377169248664252,2.108532559747223,0.14862261665138224,0.2639461851551183,0.06390623692798113,0.022770648764377264,2.607778247246082,73.39572346371024,Sélection automatique par sortie,False
510,31.52402199823193,485.164479139872,25.7,13.61,2.74,25.72055980041401,55.97736083935438,18.302079360231602,2.244679613228825,0.14511287505975767,0.2800079307516871,0.06469823971930269,0.019598142688166904,2.7540968014477394,74.27944019958599,Sélection automatique par sortie,False
511,44.03791590961964,370.6800940854728,13.8552525022705,21.232966789672073,2.83,30.09651301229218,51.88502042969542,18.018466558012392,0.8517889872154383,0.05650838055241818,0.10902836477015981,0.01129514637004981,0.010611794333784104,1.0392326732418502,69.90348698770782,Sélection automatique par sortie,False
512,38.94660417619349,377.0502439143112,14.679044603007029,15.02,2.8651932055594544,30.502158120619832,52.60905289348936,16.888788985890812,0.9134037730684659,0.06241737750000795,0.11681294206708145,0.013545405816699996,0.010972546059067343,1.1171520445113226,69.49784187938018,Sélection automatique par sortie,False
513,54.13,516.9642917809587,27.191229690632053,26.33859050223151,1.77,23.050768872234773,56.577222964832075,20.372008162933145,2.948383987378472,0.20183061067257332,0.36337043313824663,0.09522512527360466,0.029589918960654202,3.638400075423551,76.94923112776522,Sélection automatique par sortie,False
514,21.086935097577985,426.75556440521063,25.61,21.188140752143024,1.4202044619131975,25.847723670188046,55.94434500536362,18.207931324448328,1.4530626388909869,0.09687192530257391,0.18071058148674857,0.03362506035787469,0.013031753956192209,1.777301959994376,74.15227632981195,Sélection automatique par sortie,False
515,47.360513457326675,455.3290670495964,19.94632352218013,26.367090200083357,2.0106589185274593,25.762430860427525,54.88226284540087,19.3553062941716,1.900015630986913,0.12807088431195743,0.22836399334323002,0.05392649360121762,0.019755255502943478,2.330132257746262,74.23756913957247,Sélection automatique par sortie,False
516,49.28428301399437,463.0662974482875,14.68,22.94,1.77,25.751529917832105,54.85539158319323,19.393078498974653,2.022777639695284,0.13665274552929677,0.2591937728563761,0.05803826573135088,0.022740082684278677,2.4994025064965864,74.24847008216788,Sélection automatique par sortie,False
517,49.17621625549024,509.4046533201816,12.695187667037917,15.367391248038944,1.36,24.2034969057031,56.36326890318568,19.433234191111225,2.675082850881058,0.1880175302011231,0.34140654390315295,0.08718903724430017,0.02928733025870774,3.3209832924883416,75.7965030942969,Sélection automatique par sortie,False
518,45.46958853313349,444.97722845639413,17.61418511837836,15.560639790293266,1.76,27.3548211908762,54.47501378133281,18.170165027790976,1.7793222977173273,0.12172618096206331,0.21335632931116216,0.0496496624930779,0.019109219685540385,2.1831636901691707,72.64517880912379,Sélection automatique par sortie,False
519,56.79,488.84994237978015,25.18652594767228,23.55156332223224,2.26,25.237442134612188,55.18053354328907,19.58202432209874,2.504819000618817,0.17137630238301937,0.29102968174884775,0.0784177746486622,0.026359571933160207,3.072002331332506,74.7625578653878,Sélection automatique par sortie,False
520,21.94268944612325,457.11910659679154,17.61,19.977882295585545,2.23,25.075466885453245,56.07979178806152,18.844741326485238,1.6759933167944252,0.11145472681294225,0.22279576257511147,0.04564157110326175,0.0176444316246165,2.0735298089103575,74.92453311454676,Sélection automatique par sortie,False
521,42.72068589233329,458.89124448277954,27.96198740914445,11.73,2.08,27.51571355404077,54.67248390865422,17.811802537305017,2.0090274615660686,0.13210638052238555,0.2508561006937224,0.055747933295247395,0.02100167317692568,2.46873954925435,72.48428644595924,Sélection automatique par sortie,False
522,51.70763896276497,511.93363100704676,19.36,24.530533967305985,3.8586159762030876,24.332957047394515,55.53674325299968,20.130299699605814,2.686620842393638,0.1809924171431276,0.29462347461494576,0.0842767384287261,0.028923006152976424,3.275436478733414,75.6670429526055,Sélection automatique par sortie,False
523,64.16650365782128,439.18570157023726,20.508312154578363,8.27352397294616,4.042188562910727,30.32411056481245,52.2830028848551,17.39288655033244,1.752814424251916,0.12444160943609553,0.19960543617755994,0.049750701805071296,0.022832885153091852,2.1494450568237347,69.67588943518754,Sélection automatique par sortie,False
524,21.70628766240217,394.6118238374288,20.151252087813628,17.310836406907747,1.84,28.358988157482525,54.80766760252571,16.833344239991774,1.0687373381460454,0.07008083265244487,0.12763288297305914,0.019310708642228815,0.010582285149877696,1.296344047563656,71.64101184251749,Sélection automatique par sortie,False
525,34.19322090833761,545.6308978035257,17.786695156812,23.940904712485153,1.98,20.72282059656013,58.39315086627597,20.884028537163903,2.9032352186160235,0.19507361560150324,0.36178775527605,0.09575975832510888,0.028392573446408987,3.5842489212650945,79.27717940343987,Sélection automatique par sortie,False
526,70.83663364817615,454.1891682477829,20.57495447255007,21.966270497583963,2.65,28.133763262698988,53.061362015792426,18.804874721508575,2.0813349513575568,0.14314229259823572,0.25115193680369946,0.0616951779127193,0.02487973743765683,2.5622040961098684,71.866236737301,Sélection automatique par sortie,False
527,69.46953876402746,427.3601228694389,14.993512765859348,23.39,3.89,29.563558126169845,51.787938471746976,18.648503402083186,1.6754943720486697,0.11225435265421237,0.1838570208014872,0.04182943210461605,0.018691862227797885,2.0321270398367832,70.43644187383016,Sélection automatique par sortie,False
528,21.61082654276002,451.3711936519538,22.57,9.327916197798427,1.74,27.255756810548284,56.003536971687474,16.74070621776425,1.7671808835858245,0.11236887211523194,0.20605930225491487,0.044709699959361006,0.015434019162820233,2.1457527770781524,72.74424318945172,Sélection automatique par sortie,False
529,24.06,476.4863040667145,12.079635979815993,6.770061798770794,1.8,26.42162954853236,56.98626757701596,16.59210287445168,1.9602797094493194,0.13926001404560318,0.23585134759513626,0.060428482659624146,0.021636134744176836,2.4174556884938596,73.57837045146763,Sélection automatique par sortie,False
530,59.4978580707216,410.9618151511922,24.320341857358123,16.170233727352272,2.21,29.948739787051377,52.55991248601946,17.49134772692917,1.3668891989533283,0.09566797974184896,0.1726851624313941,0.03454293945155147,0.01832575055631085,1.6881110311344336,70.05126021294863,Sélection automatique par sortie,False
531,60.59536265103816,520.3799212419041,15.162084521743385,14.71996449173019,1.99,24.665996246363548,56.069885415322396,19.26411833831407,2.9912182050282694,0.20843651954626455,0.3813168438414085,0.1002404058214965,0.03181112254045007,3.713023096777889,75.33400375363647,Sélection automatique par sortie,False
532,24.01,484.3432462024954,17.27,14.383354872338698,1.99,24.87200116289831,56.85978808984974,18.268210747251967,2.0479086605126873,0.13713759163192962,0.2688907759470886,0.061328306630162234,0.022039381286236153,2.537304716008104,75.1279988371017,Sélection automatique par sortie,False
533,33.66368228290448,488.51039212380914,22.93,13.194865218133684,2.49,25.638290251887227,56.167009263302255,18.19470048481051,2.275236544682389,0.1494794504264332,0.28502177176445653,0.06796563776938422,0.02109487323781609,2.798798277880479,74.36170974811276,Sélection automatique par sortie,False
534,57.34,438.1583684764982,16.090231720127036,20.882709787813823,1.49,27.524977407477266,53.615026051793926,18.859996540728794,1.7951656175776776,0.1222737473515628,0.22663094856281976,0.04913075687963231,0.01968804661927875,2.212889116990971,72.47502259252272,Sélection automatique par sortie,False
535,46.380846173335534,461.2020699573227,27.05828003745057,16.60384566633818,2.6927545084978384,27.096030156673855,54.54604921074834,18.357920632577795,2.0211405748874705,0.13582817350718837,0.2577234540735255,0.05778112318213888,0.023016360289745783,2.495489685940069,72.90396984332614,Sélection automatique par sortie,False
536,63.540151275610704,543.5475075970196,23.139329824381672,9.47,3.4,25.184043700729358,55.80304003493975,19.012916264330894,3.428019503034968,0.2362362151043288,0.43314058461986915,0.11959164330192017,0.03731049162228603,4.254298437683372,74.81595629927064,Sélection automatique par sortie,False
537,67.43697506223734,425.9475085607181,17.61,6.856072383841443,3.25,30.67767731775234,52.37471466565368,16.947608016593993,1.610138606500226,0.11686077095185379,0.17796530466435534,0.0446046656665909,0.02137745869537356,1.9709468064784,69.32232268224767,Sélection automatique par sortie,False
538,32.72,504.81608697664984,20.360862561572404,25.17,3.57,23.171002707827405,56.55373754447963,20.27525974769296,2.339343129197628,0.15568469427682521,0.28711968661317866,0.07112715054997973,0.02335394898554956,2.876628609623161,76.82899729217259,Sélection automatique par sortie,False
539,48.18007192350219,438.38279496796264,30.1684799456564,17.667246087078606,2.320805785717925,27.99550220187698,54.02915209438773,17.97534570373529,1.728440292869101,0.11812836614542824,0.2079649661401446,0.04639178531571341,0.021763247684083938,2.122688658154471,72.00449779812303,Sélection automatique par sortie,False
540,22.377057690800093,414.10088782998713,21.27,15.554131357129139,3.89,28.658310636614868,53.998142608502974,17.343546754882155,1.2429705534121167,0.07997566381321675,0.15431645964260243,0.02444612997820115,0.01253021477830361,1.5142390216244406,71.34168936338513,Sélection automatique par sortie,False
541,58.76594370362487,368.45772075223283,27.18747928260575,11.367522340406408,1.73,32.040873242794305,51.18359676576805,16.77552999143765,0.7592338077521232,0.055016780737887516,0.10039927341788055,0.010408460916077465,0.013700390599993515,0.9387587134239623,67.9591267572057,Sélection automatique par sortie,False
542,61.520451526460114,449.828951302919,22.175482918808665,8.450305930190195,2.07,29.047855778116492,53.60620182212785,17.345942399755646,1.9538295113917759,0.1363272735516204,0.2384719633444907,0.058423104043191905,0.023870635714903107,2.4109224880459816,70.9521442218835,Sélection automatique par sortie,False
543,52.602626749073195,459.3084485409728,22.27,16.284010996111984,3.6,27.914445343045777,53.789547629843014,18.296007027111212,1.9838369288532636,0.13527834516442785,0.2628888328057292,0.057396480618874327,0.02333137131135949,2.4627319587536545,72.08555465695423,Sélection automatique par sortie,False
544,32.28297725735144,424.28293501888015,13.350269802226398,23.330633598808916,2.82,26.878614770824445,54.27129102851258,18.85009420066297,1.349531377447624,0.09038160093502873,0.15347621715467014,0.03188215542361148,0.0154296951469046,1.640701046107839,73.12138522917554,Sélection automatique par sortie,False
545,43.51351915084755,472.83110631825764,14.818193028524721,10.656879316516559,2.8147667587525733,27.115934451649863,55.28317050112598,17.600895047224164,2.0902890722197354,0.1455076217923248,0.2540098212718109,0.0636378288902736,0.023081293128396366,2.576525637302541,72.88406554835015,Sélection automatique par sortie,False
546,47.88323399960668,404.19307906182496,23.18493491564102,9.524151452424322,3.45,30.930370990391136,52.23874373480065,16.830885274808217,1.2221808337308881,0.08261663096298,0.14132462548710711,0.025481921388840582,0.013804434596821825,1.4854084461666375,69.06962900960886,Sélection automatique par sortie,False
547,47.78898355282211,401.8903454289406,12.478332206813537,13.151829635461638,2.2,29.571491070693575,53.04613242378779,17.38237650551865,1.268495300680231,0.08933544870806491,0.14341018872562677,0.027980262998166982,0.013896106327473946,1.5431173074395634,70.42850892930645,Sélection automatique par sortie,False
548,48.50315501506887,364.88596819842365,27.615598206246737,18.282858332569187,1.34,30.77770277196362,52.23807422916704,16.98422299886933,0.7583467562198289,0.05561158016514631,0.09880872146986633,0.0103657086487937,0.011252877684294527,0.9343856441879298,69.22229722803637,Sélection automatique par sortie,False
549,54.26858261799472,399.27462214896144,22.105545573148444,9.365519460303737,2.23,30.896088225776495,52.42624373610112,16.677668038122384,1.2022201908771488,0.08323140434578524,0.12629643856854605,0.026497226032302215,0.01465155176899137,1.4528968115927738,69.1039117742235,Sélection automatique par sortie,False
550,40.95862985742644,447.79055260112204,22.97281345697798,10.971664247620335,3.11,28.40799937501355,54.087302673849784,17.50469795113667,1.7820129547535302,0.1181626435417138,0.21498402747490875,0.047755147793958536,0.018251036295690384,2.1811658098598015,71.59200062498645,Sélection automatique par sortie,False
551,68.02709604795146,466.678819479199,26.2,24.791761409740797,3.17,27.332323707214673,53.399005962110095,19.26867033067521,2.2352658439423365,0.1561656005155907,0.26951720938042084,0.06875972629317596,0.028534041928773422,2.7582424220602975,72.6676762927853,Sélection automatique par sortie,False
552,58.34884785744051,521.2408512681025,22.22002578439792,15.224565805022673,1.49,24.55541806278768,56.23870957505916,19.205872362153155,3.0507040230778677,0.2096841037559292,0.3869829308021856,0.10199172534136895,0.03178816730810349,3.7811509502854554,75.44458193721232,Sélection automatique par sortie,False
553,23.660287700378515,443.9909706920169,28.770452259794215,25.340712077797,4.09,25.530459950517802,55.3511578602364,19.118382189245803,1.6128302289470433,0.10856773217735974,0.18306705304215154,0.03921292698737683,0.016357457150767404,1.960035398304699,74.4695400494822,Sélection automatique par sortie,False
554,51.35828918853526,511.47413466993714,16.649998460560827,8.030223486955661,3.2988963707089973,26.20902644482896,55.759404773069534,18.031568782101484,2.714603061853858,0.18957948336261848,0.32238388854016914,0.09088619959426072,0.029497674377911808,3.3469503077288185,73.79097355517102,Sélection automatique par sortie,False
555,59.1830326243057,548.7989592452682,12.286667413233486,7.6857046655317545,3.98,24.758552385993326,56.59989368243243,18.641553931574236,3.336139278506221,0.24013957130452124,0.4231364181371305,0.11868381643873022,0.038053463609266105,4.156152547995869,75.24144761400666,Sélection automatique par sortie,False
556,54.95964623991286,467.30272105427775,20.262725307478867,10.87479012192046,2.97,27.97547845699095,54.12060572257144,17.9039158204376,2.13486647964744,0.1471219306482826,0.2589440205164049,0.06485423293234233,0.02338290820507874,2.629169571949549,72.02452154300904,Sélection automatique par sortie,False
557,63.637128193426534,490.33360808741725,27.782553175084928,15.464344927867472,1.93,26.62157883480003,54.831411918684566,18.5470092465154,2.626058010145721,0.18118968032563765,0.33795241616781735,0.08481078926989688,0.028793552510762342,3.258804448419835,73.37842116519997,Sélection automatique par sortie,False
558,38.29313165816844,365.8581098662895,21.232224719963494,16.7,1.86,30.462908769337044,52.73083072401406,16.806260506648897,0.7857884538436124,0.053053740172900474,0.09366602289195514,0.009324750142524381,0.010500034033198448,0.9523330010841908,69.53709123066295,Sélection automatique par sortie,False
559,47.9782917453123,456.72149655955525,13.102740828859558,11.867851968732662,0.6583830822240307,27.015264816347106,54.83706657894946,18.147668604703426,2.05350993374581,0.15019559145695321,0.2549322840427432,0.05969616308429024,0.023652983675550972,2.541986956005348,72.98473518365289,Sélection automatique par sortie,False
560,39.68,504.47933818902254,26.668217177290572,18.04125651219695,3.93,24.986511200633714,55.77919380542519,19.2342949939411,2.549257330210156,0.16880836921861486,0.31236930174362176,0.07756675669017658,0.02538189053873973,3.133383648401309,75.01348879936629,Sélection automatique par sortie,False
561,62.75849903948391,454.3273968636211,13.439356125805746,18.0,2.21,27.531425453339292,53.71306465614482,18.75550989051587,2.0487779552283154,0.14114074693871306,0.25525388630372015,0.058805426244617584,0.022590913168344242,2.5265689278837105,72.46857454666069,Sélection automatique par sortie,False
562,21.340331064401802,382.78301289260224,15.65948487033867,16.56493991074397,1.03,28.503617123299865,54.58867511414154,16.90770776255859,0.9717286653032098,0.06767698511577258,0.10932324495282983,0.01609302266630456,0.009806497613621889,1.1746284156517386,71.49638287670012,Sélection automatique par sortie,True
563,47.199122175393626,489.4053192340035,18.177332411361565,12.82887644593379,1.7124647934442236,25.75331087960079,55.68752629256893,18.559162827830274,2.4021793116098236,0.16512696504574292,0.3034254058098512,0.07602188837691018,0.024571086308122072,2.9713246571504497,74.24668912039921,Sélection automatique par sortie,False
564,25.51986800696329,418.8976849629984,17.08224342745304,12.290529820228763,2.7045129596661344,28.62492761894829,54.62687196086052,16.748200420191175,1.325572354561665,0.0879646387667393,0.1606307213485767,0.029804209152271336,0.013886632730516112,1.6178585565597683,71.3750723810517,Sélection automatique par sortie,False
565,61.49272185198858,406.20598656911125,17.628950202633494,20.632146665933604,3.6480654867000215,30.26404497065987,51.79457555446304,17.941379474877085,1.3085412547431132,0.08940665885324228,0.15912249543994064,0.029898079645275685,0.015578810034208608,1.6025472987157805,69.73595502934012,Sélection automatique par sortie,False
566,23.8420577623545,426.327288956834,28.230447477527655,9.490358723241977,1.26,28.32004681010395,55.27695226259046,16.403000927305598,1.567184984652061,0.09699893150638017,0.16435233126472826,0.03229466155221669,0.011892436300360154,1.872723345275746,71.67995318989605,Sélection automatique par sortie,False
567,26.65800106660597,469.04267568944846,26.369280560590283,8.328894435689673,2.111202833218346,26.98212907381014,55.76444816208611,17.25342276410375,2.0605639633880513,0.12886103412758476,0.24825819818844685,0.05475041558269838,0.017373964576662147,2.5098075758634435,73.01787092618986,Sélection automatique par sortie,False
568,45.80036644934801,436.5861077398432,13.187598302855031,13.58,2.099922122887313,27.958999551109113,54.19786969677934,17.843130752111527,1.668103344848277,0.11662058088368554,0.19806242397819093,0.04505973583041283,0.017859256784076755,2.045705342324643,72.04100044889087,Sélection automatique par sortie,False
569,23.109486385705548,443.5981326606906,17.927807477716673,14.525798134245775,2.35,26.912901123161003,55.695134022492546,17.391964854346465,1.578248747939646,0.10431459835177703,0.20109144421218855,0.0406516157476522,0.015997937144944036,1.940304343396208,73.08709887683901,Sélection automatique par sortie,False
570,30.964439082344775,474.24554239748915,22.314963878621338,12.731591457621402,2.6,26.30156493195975,55.82197796388954,17.87645710415071,2.0578054090681737,0.13452664583520255,0.26718260651720555,0.058819847370914426,0.019693304267959486,2.5380278130594554,73.69843506804025,Sélection automatique par sortie,False
571,67.53527505541568,473.61583830844575,20.488974047688053,17.41387156632937,1.9625571976282459,27.213023752274243,54.18129102964358,18.60568521808217,2.3737145264622286,0.16431544383051938,0.29364993017135577,0.07436303710320234,0.02610124778581592,2.932144185353122,72.78697624772575,Sélection automatique par sortie,False
572,46.96128119505437,424.05366256454636,11.361686043435089,10.928316897132659,2.403736165975924,28.99219670993895,53.98161962096846,17.026183669092603,1.5310541222212715,0.10979578576650897,0.1664136467260502,0.039150237278514424,0.016188929705537827,1.8626027216978829,71.00780329006106,Sélection automatique par sortie,False
573,48.29848231821285,526.1812260162011,23.855796882451653,8.414807027253902,1.11,24.83645509991963,56.924315663676424,18.23922923640396,3.0664279913896477,0.20896532934538536,0.3705310703327881,0.10223174889991976,0.029884359643140422,3.7780404996108814,75.16354490008038,Sélection automatique par sortie,False
574,28.263635902528808,423.6270157490097,23.998116364244503,16.094979372809,1.49,27.47251465152983,55.21514306710108,17.31234228136908,1.458434816690982,0.09602577326081296,0.17697479634250912,0.03375176772051369,0.013505397406449042,1.7786925514212666,72.52748534847017,Sélection automatique par sortie,False
575,32.439793382431816,437.83848176099264,15.482269791537393,26.334375527265657,0.7828288288285883,25.139378908068753,55.50496952641464,19.35565156551662,1.5836828564110317,0.11075000444468658,0.20754719025564267,0.04085800575742745,0.01607005305009077,1.9589081099188792,74.86062109193126,Sélection automatique par sortie,False
576,48.14,457.301921023902,19.417221345090105,20.40506278506319,1.2580542986064973,26.249686121087404,55.00663841024069,18.743675468671896,1.9844040982361149,0.13587300322821283,0.25630378920710944,0.057394763716135194,0.020703822685296108,2.4546794770728684,73.75031387891258,Sélection automatique par sortie,False
577,43.22740699428122,505.7376151512371,15.692539250934013,17.66348180825477,4.05,25.11604772417174,55.58935430459322,19.294597971235042,2.463009638273532,0.1679578794835559,0.29532087676693525,0.07744923992076415,0.028412078779319887,3.0321497132241073,74.88395227582826,Sélection automatique par sortie,False
578,49.95,433.4730398617941,28.506419488778675,10.922048273481018,1.59,28.973371016360264,53.67216053594885,17.354468447690888,1.6939552066289405,0.11402823540629331,0.198165826091256,0.04442689976681575,0.01967898442129459,2.0702551523146,71.02662898363974,Sélection automatique par sortie,False
579,26.8026811462722,510.76679844012403,16.172611077234766,11.58,1.55,24.047898250132814,57.662840442733355,18.289261307133845,2.416451298481893,0.16515294846229672,0.31201867123262506,0.07818517932430567,0.026124074759215247,2.9979321722603354,75.9521017498672,Sélection automatique par sortie,False
580,35.197361586700275,449.72386968720605,22.046787149996995,20.49073812540951,0.96,25.788389725438357,55.819278423783096,18.392331850778536,1.8110435101823663,0.12456380628646281,0.21717865728164334,0.04946553685897773,0.017712645707836067,2.2199641563172863,74.21161027456164,Sélection automatique par sortie,False
581,49.21929194904978,451.4988178578872,26.35,9.52,0.95,28.22902162702253,54.526980602508324,17.24399777046916,1.9932032966130409,0.136109773349562,0.23166504923828649,0.05610692302537822,0.01986254930543064,2.4369475915316983,71.77097837297748,Sélection automatique par sortie,False
582,25.764413124714164,451.37012302933516,16.574356716407536,19.435776809344333,3.650018377340859,26.2987244470566,55.00972919431422,18.69154635862917,1.6061890697128627,0.10714713016940773,0.18880577299168402,0.04221729328265333,0.017842313870524772,1.9622015800271326,73.70127555294339,Sélection automatique par sortie,False
583,53.14541667393805,396.80146492344954,23.938385793823795,16.742363755408665,2.54,30.23396901229759,52.334084643648794,17.431946344053603,1.147344579197795,0.07967327247300608,0.13453549476808724,0.025019432346425674,0.014430988807984216,1.4010037675932983,69.7660309877024,Sélection automatique par sortie,False
584,61.43412248291377,473.26701227904584,25.796172223482934,12.23,3.44121236987202,28.126236422039018,53.45506178669073,18.418701791270262,2.274948085064496,0.1566969003359658,0.26924176957262175,0.07031236795348501,0.027072153449941475,2.7982712763765103,71.87376357796099,Sélection automatique par sortie,False
585,33.17139415884473,463.02306660349535,19.05,14.049406907467393,3.5811811386466434,27.087127647981063,54.99232715476347,17.92054519725547,1.8660652415805574,0.12439806551085185,0.244331542714933,0.05209228400967164,0.020013731601149984,2.306900865417164,72.91287235201895,Sélection automatique par sortie,False
586,40.77520686835073,471.9598215107702,18.36183907373693,11.08223098245825,2.77,27.080669251542485,55.23226710483048,17.68706364362704,2.074222864715827,0.14078879230619112,0.25640501677344407,0.06194485490832648,0.02191230600140945,2.555273834705198,72.91933074845753,Sélection automatique par sortie,False
587,23.40286627657478,440.77722827785533,19.56,19.11,2.45,26.200276605945152,55.48983793063844,18.309885463416418,1.5329698708893267,0.10099769858155509,0.1851576469244411,0.03877705006980132,0.015807284707458923,1.873709551172583,73.79972339405485,Sélection automatique par sortie,False
588,69.24918818217583,384.1464313506091,22.732378325867117,17.18282013459268,3.736895687845156,32.06616194057801,50.462374889641296,17.47146316978069,0.9638807946401586,0.07040279363753332,0.13313619733517595,0.019296373071612978,0.016909197478937182,1.203625356163418,67.93383805942199,Sélection automatique par sortie,False
589,39.978435955828566,454.09468926139573,21.803029489329507,21.141831334413457,1.6348583129790732,25.921714592827094,55.35113273711598,18.727152670056906,1.8604399928524156,0.1257919658048674,0.24351318140469655,0.05233117269508885,0.019539465610915525,2.3016157783679843,74.07828540717288,Sélection automatique par sortie,False
590,47.17333371843272,421.65613342468606,16.97,25.22142886774941,2.23,27.473993253080767,53.57424538765197,18.95176135926726,1.4561352552909257,0.09714093493338719,0.1678825212971788,0.0360586332309594,0.016681303431011228,1.7738986481834622,72.52600674691922,Sélection automatique par sortie,False
591,31.827486573859368,498.80164921551244,28.57,15.56,2.3468437028204776,24.52710353660872,56.58714221554588,18.885754247845394,2.481510340037805,0.16043015771217117,0.308867216880177,0.07309699113579482,0.020283156493643154,3.0441878622595913,75.47289646339128,Sélection automatique par sortie,False
592,25.577651595382793,464.1578799501461,19.7,16.352997856499925,2.47,25.758680900792523,55.97475059994695,18.266568499260522,1.8353357332969598,0.12089852242648541,0.24428771098811117,0.05094187212930078,0.018619125422343473,2.2700829642632003,74.24131909920747,Sélection automatique par sortie,False
593,64.81805280852308,483.12990036540765,19.315667639006325,22.19175390756877,3.73,26.84484343602837,53.96833205605502,19.186824507916608,2.434944756902902,0.16611706379788907,0.2826542680491752,0.07448320501627985,0.027556307185420566,2.9857556009516664,73.15515656397163,Sélection automatique par sortie,False
594,50.686213014891614,430.55683061570755,24.012418742820298,12.276066646273613,3.387502817688111,29.508944835970336,52.861847922966504,17.62920724106316,1.5835161679100016,0.1076158054990525,0.1826335597486134,0.04084202245668865,0.01836943170552033,1.9329769873198763,70.49105516402966,Sélection automatique par sortie,False
595,46.70431477708556,472.0965669992786,13.44,13.290203974423326,1.43,26.126925628436823,55.26952554842308,18.603548823140095,2.153296779085106,0.15156038467929903,0.27150758615948917,0.06568772706216723,0.023786859417899195,2.6658393364039608,73.87307437156318,Sélection automatique par sortie,False
596,31.311079457854945,484.42033986297304,24.747262367394104,17.349611422415567,2.21,24.774175402454134,56.284078916324155,18.94174568122172,2.2119111886174676,0.14516204070434954,0.2846851134202231,0.06454232979320947,0.018765820428038236,2.725066492963288,75.22582459754588,Sélection automatique par sortie,False
597,57.49607771714406,516.9812334793406,12.331311079696782,16.51315413330801,3.49,25.0136483342825,55.59944272232528,19.38690894339222,2.828137397409224,0.19704626252376817,0.3305695221657667,0.09195697810718695,0.030910255184306675,3.4786204153902527,74.9863516657175,Sélection automatique par sortie,False
598,29.185617644284356,525.9055652740047,26.549902921364406,10.950504970038164,2.73,24.205978399942083,57.24983857732787,18.544183022730046,2.811930604171959,0.1796434957226634,0.344992630954584,0.08734617640887588,0.025039303322395224,3.4489522105804777,75.79402160005792,Sélection automatique par sortie,False
599,30.907897818491293,430.2525152721546,20.977449185795965,20.933381923762695,3.6,27.31564770214207,54.24924505273467,18.435107245123255,1.438546991130469,0.09561585051838331,0.15735260535897816,0.034540870113605265,0.01566044236878842,1.741716759490224,72.68435229785793,Sélection automatique par sortie,False
600,24.599774222656123,442.81715362873183,14.60182345713977,16.144470106560888,1.4194401657446505,26.219786532144354,55.91517766170634,17.865035806149308,1.5716425804169727,0.10809719057549269,0.1985068291786351,0.04174984058823847,0.01625501269569174,1.9362514534550306,73.78021346785565,Sélection automatique par sortie,False
601,23.95581445382423,448.08916180467486,18.041999611642268,24.933732671510352,0.72,24.322817768173483,56.64363714551812,19.0335450863084,1.6421351097126193,0.11648350948809591,0.2094585280022361,0.04342572898776052,0.015651606914828007,2.0271544831055395,75.67718223182652,Sélection automatique par sortie,False
602,44.28668784081749,479.89109583226997,16.940291976254652,15.58,1.79,25.647179091195884,55.51177693963814,18.84104396916597,2.2182835226026967,0.15194154279049815,0.27725938476606476,0.06803779426242652,0.023481041029509177,2.739003285451195,74.3528209088041,Sélection automatique par sortie,False
603,55.63,451.58770100773717,20.865972177710873,8.368852108094226,2.7776024055295157,28.976962365836783,53.69751976190211,17.32551787226112,1.9226189748083125,0.13299621469202733,0.21920925711226288,0.05631696900410245,0.02178811734454221,2.352929532961247,71.02303763416323,Sélection automatique par sortie,False
604,35.93594877150637,473.680463622853,12.97,23.380545555147506,3.14,24.94401857979644,55.398650960996264,19.657330459207298,1.93204304329544,0.130212288987613,0.23724239811691503,0.05518448463493529,0.023313560171454237,2.3779957752063576,75.05598142020357,Sélection automatique par sortie,False
605,63.59231176570072,393.52898437323023,23.98331010455692,19.370857193952418,2.8706546790808103,30.87529724290939,51.58899801598246,17.535704741108148,1.1094865602117645,0.07929808205300165,0.13805794947933703,0.02518961494150189,0.017005913759596467,1.3690381204452013,69.1247027570906,Sélection automatique par sortie,False
606,39.68,461.65045931888585,17.898482802738673,14.093681033550357,3.1398740659145505,27.20886055612941,54.85026902801152,17.94087041585908,1.9060122117472762,0.12899050338542706,0.254079018143192,0.05454321931620128,0.02047444878720431,2.3640994013793013,72.7911394438706,Sélection automatique par sortie,False
607,70.72807787497888,509.0770247859059,27.0336086129814,18.10114804661429,3.79,26.607549989018537,54.46400523110537,18.92844477987608,2.944643636015065,0.20447305952026307,0.3503214991284551,0.09745547296876139,0.03447197298898286,3.631365640621528,73.39245001098145,Sélection automatique par sortie,False
608,22.035179633353334,382.71018032284724,27.04028512645342,24.230257624863416,1.57,27.378402832051336,54.881934799047556,17.739662368901108,0.9578503435189853,0.06719103835117883,0.1154708664007914,0.015998921773117715,0.00935029710635497,1.1658614671504284,72.62159716794866,Sélection automatique par sortie,True
609,25.99243241824016,451.1328602828167,16.97,16.80182300535833,1.8020467672881852,25.97174800973243,55.86577457772517,18.162477412542394,1.6763412884989095,0.11271784772063863,0.20742831358581365,0.045548275646205394,0.017281897510717806,2.059317622962285,74.02825199026756,Sélection automatique par sortie,False
610,45.98376441106061,456.5660962770347,29.06632001195595,21.75809486493015,2.06,26.242815237585784,54.97717750158579,18.78000726082842,1.9761343901921617,0.13546750563868004,0.25705268398207093,0.05655063465158751,0.022674744980875797,2.447879959445376,73.75718476241421,Sélection automatique par sortie,False
611,63.87552989304141,471.3221109953067,23.30574324493252,14.827994858529733,2.43,27.70265111080675,54.14821897664555,18.149129912547703,2.2872442809647646,0.15830114950138366,0.2788195026604301,0.07141492488288331,0.026085541249707803,2.8218653992591696,72.29734888919326,Sélection automatique par sortie,False
612,32.77362717133433,442.409522312041,24.358811745806264,22.94,1.79,25.755578303075445,55.529869229800134,18.71455246712443,1.6668403191655483,0.11241402571993633,0.2059882564228289,0.044076565180793184,0.017021753651416442,2.046340920140523,74.24442169692456,Sélection automatique par sortie,False
613,49.728816462776464,441.75003008421675,11.458570317611711,10.72,2.3445397376611505,28.29599066310334,54.346629331864754,17.35738000503191,1.7708486185243049,0.12700112882312753,0.1981444900621217,0.049462846172028334,0.01837838238841382,2.1638354659699957,71.70400933689666,Sélection automatique par sortie,False
614,30.385236186403237,490.34,16.68,18.26370607009809,1.5863874890932332,23.966151620224274,56.735644313018774,19.298204066756966,2.17468179808246,0.14759890806468606,0.28235381555210687,0.06654745323882083,0.022700875101209574,2.6938828500392837,76.03384837977575,Sélection automatique par sortie,False
615,48.54461765623044,518.1057205335504,20.8285378540952,16.841218661580548,3.08,24.556770481380916,56.08387290128807,19.35935661733103,2.7942845287822102,0.1889857373290676,0.34203328863025395,0.0908644216800469,0.029822296385091814,3.4459902728066703,75.44322951861909,Sélection automatique par sortie,False
616,55.480962176994225,475.99234009892353,18.03299145126581,18.45701137763134,3.1,26.708892349674922,54.47001370895846,18.821093941366634,2.242208441929162,0.15308521417551835,0.27477364617554756,0.0679053011953276,0.024359012789746642,2.762331616265302,73.2911076503251,Sélection automatique par sortie,False
617,47.41586268534722,520.5356930235081,16.2,19.608702554167525,3.05,23.87137179773997,56.27068123589825,19.857946966361776,2.7491445956709613,0.18683734027085735,0.3177083682781362,0.0890654820840661,0.02974662424575496,3.372502410549776,76.12862820226003,Sélection automatique par sortie,False
618,48.14742999133744,485.89644281011533,28.530733309897244,9.881915077624628,3.51,27.419491212706383,54.413802782590686,18.16670600470293,2.40523482310297,0.1588316815821357,0.2813057804304001,0.07208245208585704,0.02553860962616286,2.942993346827526,72.58050878729361,Sélection automatique par sortie,False
619,42.53968772503225,359.87408313729117,24.711156174684074,21.33,2.18,30.458061653620554,52.2608666986271,17.28107164775235,0.6797787320391888,0.048621912610116114,0.0832492015583984,0.0073539712801494045,0.010426633788873098,0.8294304512767259,69.54193834637945,Sélection automatique par sortie,False
620,42.7495982584194,479.00294871534254,21.363057049746267,8.786297714546267,0.87,26.69651992701896,55.95942854245736,17.344051530523668,2.313777381915706,0.1598355257079959,0.2844811739168834,0.07025573455308246,0.022901465320304817,2.851251281413973,73.30348007298103,Sélection automatique par sortie,False
621,59.94656242336048,391.96836930541815,18.04,9.412674199677385,2.96,31.515924782907813,51.783866368180504,16.700208848911696,1.1186283117544067,0.07996453863846617,0.12556463940648896,0.023412772672423206,0.014614122968251535,1.3621843854400364,68.4840752170922,Sélection automatique par sortie,False
622,42.53593906187533,367.99354014097224,16.785905698577057,15.9,2.93,30.97176529927856,51.988840399286325,17.039394301435117,0.8039431738457228,0.05459005860956953,0.10799452653171179,0.009582106956000723,0.010443697326222,0.9865535632692268,69.02823470072144,Sélection automatique par sortie,False
623,28.037962750749163,401.91872714140345,12.338518349785689,18.89925184253339,2.4178071156807732,28.041734183195874,53.99387623473073,17.964389582073395,1.1218935868940278,0.07659557187755767,0.12800048934536115,0.022800100456529734,0.012810210104591605,1.3620999586780682,71.95826581680413,Sélection automatique par sortie,False
624,48.65920125441084,396.7705251674319,19.514319520941676,14.01,3.516613928807434,30.612209621534124,52.1060282986423,17.28176207982356,1.130677061810522,0.07761435907359746,0.13700814542541595,0.022744772475465448,0.013429348329415601,1.3814736871144164,69.38779037846587,Sélection automatique par sortie,False
625,49.95,490.9196775416218,28.620871792003527,24.659780849153123,2.23,24.45046790955498,55.78523338227433,19.764298708170706,2.499271263781586,0.1712340676781146,0.2965183819292555,0.07747735263526045,0.024874060352753,3.06937512637697,75.54953209044504,Sélection automatique par sortie,False
626,41.75741029304659,477.08047803831585,20.77418645555847,17.832481971057636,0.78,25.350582333990772,56.18390563044716,18.465512035562064,2.2483674732435426,0.1564983161143373,0.28527437819880014,0.06697609742136695,0.022574090538680775,2.7796903555167276,74.64941766600921,Sélection automatique par sortie,False
627,29.163161517549156,473.13003839264456,22.39443172109833,14.09,1.43,25.554140458735265,56.468899894350834,17.9769596469139,2.0618765705337494,0.1364677721405893,0.2588188345607049,0.05895688530873706,0.018958451052232733,2.5350785135960137,74.44585954126474,Sélection automatique par sortie,False
628,33.29,450.7894050081868,24.97,24.406597386513642,1.93,25.194244884858723,55.76784101985997,19.03791409528131,1.7697728640703054,0.11963143874618841,0.20676003873112833,0.0482447056135607,0.017732799109603466,2.1621418462707864,74.80575511514128,Sélection automatique par sortie,False
629,58.65158589477793,485.7760405126769,18.632635198716024,23.41,1.8,25.343894186131745,55.13558900966578,19.520516804202465,2.461195154733779,0.1669886429307694,0.2871029295123057,0.07584763703771684,0.025099020665845555,3.0162333848804166,74.65610581386824,Sélection automatique par sortie,False
630,60.967864146884395,518.6363299964404,15.459410353964547,22.04397216371278,2.22,24.075475655489964,55.8466664514681,20.07785789304193,2.9510214432476474,0.20076458810388048,0.34995993078348997,0.09519772738496624,0.030756399555017508,3.6277000890750015,75.92452434451003,Sélection automatique par sortie,False
631,56.614605141052465,541.2244268028275,24.473543231094354,27.57077772302527,2.4267822228432623,22.064633774389662,56.90198734886715,21.033378876743196,3.305185792174211,0.22396359723757087,0.3897729048520928,0.10888062930532569,0.03366720238997811,4.061470125959178,77.93536622561035,Sélection automatique par sortie,False
632,45.76687804396232,360.24315228775754,22.751965427327043,7.959878740088594,3.32,32.817567729505704,51.219702373126644,15.962729897367664,0.6722530755925342,0.04516666078925066,0.07636263237992574,0.0026205598019075696,0.00981049293069867,0.806213421494317,67.1824322704943,Sélection automatique par sortie,False
633,66.13958136548572,441.6166864120464,19.121555742910108,11.467340479973824,4.2,29.928813521985077,52.135670582387874,17.935515895627052,1.8048547910373427,0.12790395715076433,0.20978970864730473,0.0513619564668948,0.022998018262823397,2.2169084315651304,70.07118647801492,Sélection automatique par sortie,False
634,62.58448074775884,534.3349538552105,26.69,10.65,3.194265223881365,25.449952956384973,55.47203583656258,19.078011207052466,3.3025753921661707,0.22532966709545105,0.40999735368230406,0.11281729015419556,0.035544972733307416,4.086264675831429,74.55004704361505,Sélection automatique par sortie,False
635,44.940693520249255,511.9874295331345,18.5199209208529,23.41,3.4,23.811971223819658,56.05207376361191,20.135955012568434,2.5947400877819247,0.17432352937868523,0.2944943436366256,0.08148898626889656,0.026994864176626283,3.1720418112427584,76.18802877618035,Sélection automatique par sortie,False
636,50.57060455739676,498.40750209931235,22.68035661843868,17.294396821493073,3.55,25.831018876820572,55.203352245888325,18.96562887729111,2.535094409446163,0.17153433588598654,0.29824511102819906,0.07951409262348066,0.027388190600422826,3.111776139584252,74.16898112317944,Sélection automatique par sortie,False
637,24.45600541140687,540.6917786232702,22.630657761712026,12.01,1.960747094644807,22.719888747081267,58.486462911499416,18.79364834141931,2.8794660336348663,0.18755828386188278,0.387899711667291,0.09361823018937049,0.02661093541575459,3.5751531947691646,77.28011125291873,Sélection automatique par sortie,False
638,34.76227631413248,485.8932687469655,14.91,23.41,2.072218359040416,23.851601931515034,56.37204104585152,19.776357022633448,2.1084232875722138,0.14213440810008948,0.25690668806529765,0.06311496183936732,0.022838132903365258,2.5934174784803337,76.14839806848497,Sélection automatique par sortie,False
639,63.689532458619716,484.2365644318147,17.24425264560483,22.641867498049773,2.54599216452043,26.060845061748665,54.471154426729925,19.468000511521417,2.4695267341281104,0.16745339121280103,0.28469833658317834,0.07565620142973001,0.026208310033077935,3.0235429733868977,73.93915493825133,Sélection automatique par sortie,False
640,47.491084952588864,423.5588352742984,16.469341741638814,20.94,1.3,27.547528055891803,53.829680470156816,18.622791473951366,1.534217636345488,0.10466940936067082,0.19420046157218385,0.03910659371692227,0.017117868832598686,1.8893119698278635,72.45247194410818,Sélection automatique par sortie,False
641,59.971785377950546,368.2928399749573,18.343669761037084,17.355525520291756,2.201978266083877,31.37189131579266,51.18670709058093,17.44140159362641,0.8364413744879029,0.0580456225266027,0.11082143184818538,0.01268038355803823,0.011781311876042335,1.0297701242967716,68.62810868420735,Sélection automatique par sortie,False
642,67.66314849917788,401.1254422223749,13.68631446537224,14.945001396476446,3.21,30.84454365957629,51.620504615652486,17.53495172477121,1.3194315398169412,0.09273660518687894,0.1540073264821148,0.0294835546392791,0.016084132843278566,1.6117431589684927,69.1554563404237,Sélection automatique par sortie,False
643,49.379720944484,425.9748003579705,15.707372371017957,13.541891752400428,2.08,28.720489990654475,53.696341912382515,17.58316809696301,1.5579496825863366,0.10795538833938398,0.17699575948285456,0.04063719003354246,0.016849595003748084,1.9003876154458659,71.27951000934553,Sélection automatique par sortie,False
644,21.496147634912095,497.6203005091426,29.73439811845615,16.040025444950434,2.414989449966541,23.98310664079975,57.27891438100545,18.73797897819479,2.397391514906457,0.15094039072114823,0.3110438463661015,0.06700620839460916,0.017933361384865253,2.944315321773181,76.01689335920024,Sélection automatique par sortie,True
645,41.25514414096497,368.52907049814974,21.65,19.616945980695228,1.6,29.940321626205613,52.62840135503214,17.43127701876226,0.8196747240014597,0.05645698404272767,0.10303495499020829,0.01180683691572855,0.011113741650235438,1.0020872416003597,70.0596783737944,Sélection automatique par sortie,False
646,64.47750237602513,516.4151288776653,23.45,21.652057868590774,0.70239042678449,24.522407743662786,56.01213630480743,19.46545595152979,3.149423575985165,0.22065719229981576,0.3916846150153643,0.10253083907108927,0.03352342739924837,3.8978196497706823,75.47759225633722,Sélection automatique par sortie,False
647,70.10953106138743,430.04439691481133,24.79,17.83984594724131,2.8328531968083985,29.862485406769828,52.40758974049814,17.729924852732033,1.6678274803589659,0.11824866741296738,0.19286390194545194,0.04758986990935385,0.02459681621153054,2.05112673583827,70.13751459323018,Sélection automatique par sortie,False
648,24.573643288829174,456.6912805079055,15.29697683183955,14.11,0.7837848916615652,25.81687065924631,56.57226836813195,17.610860972621758,1.7820061212334195,0.12664859363519076,0.23264283502956187,0.04946825204226528,0.01778486305317352,2.208550664993611,74.18312934075371,Sélection automatique par sortie,False
649,71.05560291322233,473.7533478205705,24.68342971607016,19.637636710929534,1.55,27.186288018478365,54.06945863184723,18.744253349674416,2.4325466835943317,0.16983270261030844,0.30173997069421765,0.07730875898717905,0.028319731830507296,3.0097478477165445,72.81371198152165,Sélection automatique par sortie,False
650,51.49279645477841,465.4718717401361,14.953954364807966,11.483758342743958,1.17,26.90281907779353,54.93313004277758,18.164050879428892,2.1438751121151562,0.15181469002621148,0.2708181004207354,0.0652023959727965,0.023373413973345546,2.6550837125082456,73.09718092220646,Sélection automatique par sortie,False
651,64.55940825525055,363.4912630789164,14.192673604190142,12.511821699318737,1.04,31.52782547041247,51.06336216436758,17.408812365219944,0.9040678397841924,0.06504682605129249,0.10717423131913775,0.013410881390644586,0.012525232143472146,1.1022250106887395,68.47217452958753,Sélection automatique par sortie,False
652,63.8311245172308,433.1295578742511,23.45,17.48,2.2499966578814394,29.073115097712822,53.01945589915711,17.90742900313006,1.711114731376564,0.11932451550613543,0.2066054455738296,0.04839035020040143,0.022858483135656627,2.108293525792587,70.92688490228717,Sélection automatique par sortie,False
653,59.440275298806775,466.57228134355904,20.62200098487459,14.026582015773815,2.81,27.8163697871505,54.03462874797043,18.149001464879078,2.162633395276521,0.14924768112852033,0.2623300561089326,0.0659031455350288,0.02432129423017975,2.6644355722791824,72.18363021284951,Sélection automatique par sortie,False
654,41.11048259241712,440.27379312115494,14.084696300498079,8.058129769314046,2.24,28.56138792447708,54.73951071124062,16.699101364282303,1.689356271266999,0.11909825309092777,0.18925985462217554,0.04674563539132275,0.01732510886724472,2.0617851232386695,71.43861207552293,Sélection automatique par sortie,False
655,48.011960131149756,400.80810662562254,12.913921220406495,16.089652666174743,2.23,29.245966334183453,52.751560098549824,18.002473567266712,1.2468581665007519,0.08613902634488799,0.14654810701589255,0.026949425090384567,0.01384700829571389,1.5203417332476308,70.75403366581654,Sélection automatique par sortie,False
656,63.51,521.5333403639042,14.706285615305621,15.622113373154344,2.66,24.920701558149194,55.7826712929484,19.29662714890242,3.0252223001898386,0.21044617419374256,0.36879866976216447,0.10086600895563604,0.032492019987222676,3.7378251730886043,75.07929844185082,Sélection automatique par sortie,False
657,36.018906806561084,374.07139703746145,23.4785959006392,7.595241726455049,2.8945288829463935,31.79264102485521,52.24534598007912,15.962012995065663,0.8714607676924875,0.05510956049851111,0.0932326661097149,0.008459998428073677,0.010063199874208579,1.0383261926029959,68.20735897514479,Sélection automatique par sortie,False
658,53.3389265423731,472.0524129230305,15.401791233401024,15.146528565147772,1.8714945411598594,26.50897408764871,54.87077844619705,18.62024746615425,2.2049797894998853,0.1527914661112692,0.2746568789207711,0.06729397550275279,0.023693944903190566,2.7234160549378688,73.4910259123513,Sélection automatique par sortie,False
659,48.27601270509237,520.5497931188073,20.21294473738319,15.537166317885307,3.55,24.834132686129276,55.989045249362775,19.176822064507956,2.81130318022135,0.19055540500218465,0.3419935291233097,0.0918122312501279,0.030885850934395005,3.466550196531367,75.16586731387073,Sélection automatique par sortie,False
660,50.70994778072553,476.08486522562805,20.198678483449466,27.951635065591535,3.9775492053132577,25.64834411513434,54.47579842764442,19.875857457221244,2.159084552666245,0.14521299444940303,0.2440828062908463,0.06281173374047386,0.023407529689003316,2.6345996168359718,74.35165588486566,Sélection automatique par sortie,False
661,35.829881056528336,529.1707672557819,14.690915640589253,15.024986882242292,2.18,23.0571930891265,57.29890522623057,19.64390168464292,2.71213459225205,0.18635814906106427,0.3543590855038333,0.0907074841768894,0.029939796035831866,3.373499107029669,76.94280691087349,Sélection automatique par sortie,False
662,58.83581079191136,511.2153582432773,28.05418952748168,13.92249221113923,4.09,26.38156407453955,54.5778919593388,19.040543966121653,2.8637396044269168,0.19477334085445364,0.34228611397528674,0.09275301410592926,0.03205555443054802,3.5256076277931343,73.61843592546046,Sélection automatique par sortie,False
663,26.439851305149904,491.82,19.51,10.36811067999437,2.02,25.479376818227234,56.94829651587574,17.572326665897037,2.2267021203754918,0.14727827183791087,0.2764805222714216,0.06761129063777965,0.022623828886815453,2.740696034009419,74.52062318177278,Sélection automatique par sortie,False
664,35.73,496.22336519478137,24.934820874795584,12.351631622649476,2.6128004045734223,25.572516057106775,56.115273928243376,18.312210014649835,2.4292208663322703,0.15872666118931317,0.2958448542423193,0.07338748539324286,0.02203470642214688,2.9792145735792923,74.42748394289322,Sélection automatique par sortie,False
665,46.8376549083203,508.96128077708147,17.214858732860918,17.13,2.24,24.38810007335375,56.17322775253162,19.43867217411463,2.6242250338922113,0.17897819359118064,0.3237521479267734,0.08469209204193248,0.027206554648103856,3.2388540221002016,75.61189992664626,Sélection automatique par sortie,False
666,56.120598172778536,530.6592741968288,17.73,17.48,1.5405729325600512,23.54795446220295,56.674937968449676,19.77710756934736,3.1127479063071997,0.21430302873695178,0.39558559198864096,0.10438799016402608,0.032012101289396876,3.859036618486215,76.45204553779703,Sélection automatique par sortie,False
667,26.04651749296226,404.1952083700376,30.363961582576643,21.370219402541277,0.95,27.027622271111927,55.40376164664705,17.568616082241036,1.2795016826879926,0.08967931182627008,0.1448537421340201,0.025731389885669892,0.010742225683550079,1.5505083522175027,72.97237772888809,Sélection automatique par sortie,False
668,31.086278878519856,371.96307277999796,24.57398240590853,22.971620750606508,2.23,28.993023513596142,53.47278531034797,17.534191176055863,0.8186112698032681,0.05685612351035181,0.09228282738175786,0.011665130259103408,0.009791013517781576,0.9892063644722628,71.00697648640383,Sélection automatique par sortie,False
669,50.06648783994202,452.02342557410935,24.76860296405509,15.53,1.5558755591975866,27.44447174154737,54.54516320479342,18.010365053659196,1.9429116627006568,0.13249287807870022,0.23522804042741047,0.05577971427243166,0.021618101091627064,2.3880303965708265,72.55552825845261,Sélection automatique par sortie,False
670,25.97,397.617557573482,30.284636774220683,24.1384059799846,1.2617466520119194,26.84668203275584,55.25134193452159,17.901976032722573,1.1680402312652054,0.08319122834896461,0.13274518792653767,0.023372821191332688,0.010719412764564078,1.4180688814966045,73.15331796724416,Sélection automatique par sortie,False
671,40.171848210375444,477.52864844952734,26.232355882410044,22.76,2.791744853298795,24.988220342239128,55.626878394345894,19.384901263414967,2.1752636045124736,0.14627193867916186,0.26689429725938657,0.06381607479485205,0.020688640629007438,2.672934555874882,75.01177965776085,Sélection automatique par sortie,False
672,43.658177075897726,459.3296389759573,17.80942810515273,16.43,3.063245744791892,27.060228217444482,54.491401632063585,18.448370150491947,1.9042077259861356,0.12914025002115842,0.24946837966896013,0.0543962385097006,0.020784263061597384,2.357996857247552,72.93977178255554,Sélection automatique par sortie,False
673,52.59815757346033,413.6172635291478,21.01,19.857640364332255,2.4,28.997664798815865,53.01666165411063,17.985673547073514,1.3828764767961754,0.094626016288196,0.17408835715035448,0.03412462026745726,0.016042776008833592,1.7017582465110166,71.00233520118414,Sélection automatique par sortie,False
674,26.00830048748392,490.6741264399227,26.648240206582344,20.00237854647134,1.5016686724772874,23.395536113205956,57.36848609791496,19.235977788879087,2.2855752880278235,0.1506766208123211,0.3000040826951907,0.06632156590757275,0.017072644011145322,2.819650201454053,76.60446388679405,Sélection automatique par sortie,False
675,51.538867791515734,509.3745068009517,23.41,10.623582026371317,1.7357073596001424,25.56290211986484,56.06811615187735,18.36898172825782,2.794173183670517,0.1898439084632498,0.3472111451782647,0.09153588164704221,0.028018029145942494,3.450782148105016,74.43709788013517,Sélection automatique par sortie,False
676,56.69271883538346,415.4435588340969,13.935377080721308,9.646265609487546,1.43,29.561220604135542,53.34280456906889,17.095974826795572,1.5131424205928485,0.10883727573106623,0.17296286221559526,0.03893013042189581,0.016643893472100685,1.8505165824335066,70.43877939586446,Sélection automatique par sortie,False
677,61.80247673579819,465.24639829947847,13.429076242529257,13.35,1.76,27.27204898361589,54.40396652477404,18.32398449161009,2.212891929512427,0.15614320388692798,0.2747873406895231,0.06733102049865637,0.023702061190682307,2.734855555778217,72.72795101638414,Sélection automatique par sortie,False
678,51.90667093090425,473.71501595547863,11.563045724295757,25.01192812624605,2.14,25.207556267844456,54.82321431230118,19.96922941985436,2.171776548247747,0.14552964353933198,0.2586228546067641,0.061886883709226174,0.024815850306839624,2.6626317804099084,74.79244373215555,Sélection automatique par sortie,False
679,26.920804951507137,480.2140199058836,16.408695999829472,20.83,3.641424023357355,24.749561426077143,55.78224848109303,19.46819009282984,1.9320077780685212,0.1291212173733364,0.24172743000258132,0.05591009811689502,0.02280381008750363,2.381570333648837,75.25043857392286,Sélection automatique par sortie,False
680,42.29724579024381,485.4964225987612,15.312348719038182,12.13,1.88,25.823937659383674,55.91706894550684,18.258993395109492,2.26782539388179,0.15721696591335063,0.281097527675591,0.07117634074207461,0.0244239489911488,2.801740177203955,74.17606234061634,Sélection automatique par sortie,False
681,51.4714394262084,520.463470489317,18.038894217351082,23.62068809231248,1.79,23.105716931584457,56.655337067465126,20.23894600095043,2.86027200102398,0.19365110838064903,0.33918643119462105,0.09221641421519208,0.028615379411529227,3.5139413342259713,76.89428306841556,Sélection automatique par sortie,False
682,31.66052302618814,423.5999375151839,16.91,12.29,3.14,28.82858537369854,54.1746135444958,16.996801081805653,1.3975492909309994,0.0939228444160927,0.16589667059479685,0.032983813893247727,0.014733523581456989,1.7050861434165936,71.17141462630146,Sélection automatique par sortie,False
683,39.68172610902487,451.64320408432036,27.85251105168948,23.801802138994045,2.1038279908608506,25.731360404152216,55.31178593885621,18.95685365699157,1.8507409613539947,0.12642557614565894,0.21940199856374495,0.05137306944591758,0.019913577066715357,2.2678551825760316,74.26863959584779,Sélection automatique par sortie,False
684,54.602583767151486,462.27896259997976,14.13,6.930578275038738,2.85,28.35678454561667,54.474244373490926,17.168971080892415,2.065831444428956,0.14814641395636277,0.25094397513898,0.06329753608156323,0.021565178098888922,2.5497845477047507,71.64321545438334,Sélection automatique par sortie,False
685,62.75454658967594,477.0226003981107,14.177415124495136,9.595255775589129,2.83,27.63535792366462,54.46761467190766,17.89702740442773,2.3507985503380433,0.16780073153448435,0.2786484073971715,0.07465369864044843,0.025608808605260904,2.8975101965154084,72.3646420763354,Sélection automatique par sortie,False
686,67.79559850174772,446.4373188063876,22.70642089112021,13.830292219718638,1.51,28.821476230069347,53.474174114875744,17.70434965505488,1.9693469137248496,0.13839328244623073,0.24317638175355216,0.05919952204422226,0.02486586082761816,2.4349819607964727,71.17852376993062,Sélection automatique par sortie,False
687,56.02387136001979,413.2881785055998,14.08,14.09876203237559,3.4850191054586506,30.016209471622457,52.41751289063125,17.566277637746307,1.4033442164273693,0.09832968067189161,0.17566050387112714,0.03325926997693521,0.01586577909995202,1.7264594500472754,69.98379052837755,Sélection automatique par sortie,False
688,53.81790916211799,361.3,24.693502240207767,12.07305263365214,2.21,32.11322478896384,51.182598851274555,16.7041763597616,0.6791281362356436,0.048119589043011876,0.07757434805759461,0.006214064200850043,0.010796884321014591,0.8218330218581147,67.88677521103615,Sélection automatique par sortie,False
689,46.26153722926201,409.3462197486751,24.775090598375144,9.530389139395776,2.53,30.31705788956354,52.87351628156631,16.809425828870143,1.3127594578971813,0.08751595566939507,0.15888438191670717,0.02891874607397532,0.014420192089730931,1.6024987336469896,69.68294211043646,Sélection automatique par sortie,False
690,48.136305050935924,429.0944109663905,26.960284349558325,11.18,3.2094470783004136,29.60659196346831,52.93432820461206,17.459079831919638,1.567497386298155,0.10480625112609389,0.1794583442476998,0.0389852396525663,0.018396917317741,1.9091441386422559,70.3934080365317,Sélection automatique par sortie,False
691,53.8,477.46466436359924,20.374783499078802,20.129748888148818,2.97,26.313891188858776,54.629110213107396,19.05699859803384,2.2561480671665337,0.15326627528464,0.2741647508034286,0.06837640237591129,0.024471932658901588,2.7764274282894155,73.68610881114124,Sélection automatique par sortie,False
692,48.71979128859333,437.5734817336558,24.32574807258575,8.460861487177606,3.07,29.559172823329178,53.30142168530018,17.13940549137064,1.6895031348922172,0.1133577577675158,0.19581121255545247,0.044541288958743264,0.018561783126647056,2.061775177300576,70.44082717667081,Sélection automatique par sortie,False
693,63.83892431867941,443.8914344789567,24.28775242764637,13.807679136589796,2.45,29.027897469037015,53.101441445079075,17.87066108588391,1.8612238764315123,0.1297469328342716,0.22235868473092107,0.05450542305642312,0.02475687128352158,2.2925917883366496,70.97210253096299,Sélection automatique par sortie,False
694,43.91959978090828,541.1707937926765,26.213462631221496,9.4,1.255303107757741,23.84900779577816,57.555261321083364,18.595730883138483,3.2674816529112913,0.2183457583371371,0.40812500134066787,0.10886278938562724,0.030321445728063154,4.033136647702787,76.15099220422185,Sélection automatique par sortie,False
695,39.84624002759955,494.42466930465906,12.519595130344328,11.336234842693159,0.64,25.02542969381112,56.56162290733115,18.412947398857735,2.4319508866667183,0.1788982432607478,0.3005589318752647,0.07696480159936886,0.028896570506361356,3.017269433908461,74.97457030618888,Sélection automatique par sortie,False
696,45.16445043195342,503.94364537721447,26.089742595627893,18.166949290456245,1.5,24.285441027837575,56.50060624553967,19.213952726622754,2.6653986099399236,0.1798230633214879,0.3358556060846621,0.08383162000166902,0.024572145103959955,3.2894810444517026,75.71455897216242,Sélection automatique par sortie,False
697,64.72167813007394,359.769087020696,27.088634055059376,23.917057306675744,1.6299168068186616,31.40371302075866,50.853227214161706,17.743059765079632,0.6569832136122351,0.05251472180443317,0.09214846054659179,0.011207887006133753,0.014769447447155908,0.8276237304165497,68.59628697924134,Sélection automatique par sortie,False
698,26.175346930089137,511.0779236419975,24.281619016819004,7.621912583525621,1.97,25.107127173905795,57.21186784629786,17.68100497979635,2.5773948635596886,0.16482476241170124,0.31136997289819257,0.07873284595559252,0.02264057014778621,3.1549630149729615,74.8928728260942,Sélection automatique par sortie,False
699,63.01269560771077,490.3639278066121,18.643437680291484,22.9,2.540458307241695,25.71171919068841,54.690250289474584,19.598030519837007,2.5558382187016577,0.1734995616280961,0.29340557279159085,0.07950221579416922,0.027238580707411766,3.1294841496229258,74.28828080931159,Sélection automatique par sortie,False
700,30.231133853757335,504.3533082940591,15.906863873490362,17.83,1.8619793631704546,23.42762336154773,56.97897113951047,19.593405498941788,2.3242760041725754,0.15777629802347082,0.30214240986498936,0.07335857233530413,0.0248289100598314,2.8823821944561714,76.57237663845225,Sélection automatique par sortie,False
701,39.460861448904474,486.83183647226923,12.615838625797611,14.331987644576309,3.69,26.049098348866217,55.42734851493508,18.523553136198693,2.1686971405897535,0.15099059707673718,0.27007261045913117,0.0664751567012803,0.026009902735048104,2.6822454075619504,73.95090165113378,Sélection automatique par sortie,False
702,50.18975347127912,384.8324428263051,19.04675861637823,8.46,0.95,30.909548321849787,52.64516114961603,16.445290528534194,1.09964067726373,0.07817017894376074,0.11884875821340346,0.021214511878287975,0.01291652992641831,1.3307906562256004,69.09045167815023,Sélection automatique par sortie,False
703,59.1542561531054,451.5284160949963,24.206549452374574,15.46,2.26123276600979,28.22717617835083,53.79997267824608,17.972851143403076,1.9586468754323312,0.1350794305212835,0.23087355088947856,0.05769083875957745,0.024220382900842552,2.406511078503513,71.77282382164915,Sélection automatique par sortie,False
704,35.92990881561659,400.837678647939,16.38934247759128,18.317815653610566,3.51,29.233482547934948,53.10692462966725,17.6595928223978,1.1287266217034775,0.07593458752053414,0.12951673330567165,0.02239392849940553,0.013323052348443783,1.3698949233775326,70.76651745206505,Sélection automatique par sortie,False
705,31.05204332188344,515.9247656757597,28.268528485029574,10.85181797467934,0.9,24.23788283877992,57.783922092867606,17.978195068352466,2.806809525554678,0.18443013397561303,0.34762212681481997,0.08506559967192456,0.02107906693683558,3.445006452953871,75.76211716122008,Sélection automatique par sortie,False
706,25.534751609349644,439.38590436919225,16.42,13.166525656215473,3.4,27.88473817453708,54.90746446815605,17.207797357306863,1.5190519611168893,0.10153167315469516,0.18648488718697526,0.03818614925167754,0.016358345045025476,1.8616130157552628,72.11526182546291,Sélection automatique par sortie,False
707,35.686743505496004,525.026851924404,25.25251597542344,23.803192558689812,0.84,21.596284488543215,58.432909555867106,19.970805955589686,2.8621941120934373,0.1967066132317328,0.3741207759641685,0.09017533191587265,0.023584129877514196,3.546780963082725,78.4037155114568,Sélection automatique par sortie,False
708,23.34559718938163,512.8876123253962,26.125535682082713,16.02157332220527,2.1,23.207025816786242,57.67264909199886,19.120325091214887,2.544421267724357,0.163470440486703,0.3325837468816297,0.07638859808430921,0.020382995355009762,3.1372470485320085,76.79297418321374,Sélection automatique par sortie,False
709,53.21768612807685,503.155270159925,14.186293206119053,17.343260109689453,2.8,25.133496431697267,55.54680186325528,19.319701705047446,2.5918482015160453,0.17858973873474127,0.30227252214983136,0.08266096263261956,0.028159011128893463,3.183530436162131,74.86650356830273,Sélection automatique par sortie,False
710,65.30820505531153,550.2320751540489,16.2,9.231577113804136,1.4283617983088324,23.91897035563879,57.07869516303401,19.002334481327196,3.580009266662416,0.25399019145769514,0.44789339610874923,0.1277589965792642,0.03783341714399409,4.447485267952119,76.08102964436121,Sélection automatique par sortie,False
711,62.5557269618179,423.7411036927372,20.790620786707937,16.790424802491085,2.64,29.598136298210147,52.725160217232364,17.676703484557486,1.5635707189407668,0.10859810767167025,0.18380560105833,0.04183027473541886,0.01990222532028069,1.9177069277264667,70.40186370178985,Sélection automatique par sortie,False
712,61.52506844233129,415.13656816693674,18.166505562092045,17.953488002780283,1.54,29.1700705448862,52.67670502820793,18.153224426905876,1.4990920953826423,0.10353608878897039,0.1860880631663742,0.038548084079065556,0.017076786480002083,1.8443411178970546,70.8299294551138,Sélection automatique par sortie,False
713,46.27037371642055,502.83039049059937,27.423638503220495,11.713225058825044,2.65,25.873067696904563,55.58924109974271,18.53769120335274,2.654455148337431,0.1757436981579663,0.3152706453753229,0.08298367056847751,0.025803332411437438,3.254256494850635,74.12693230309544,Sélection automatique par sortie,False
714,56.71628806155169,456.9368777519193,20.51660406071519,10.72,2.25,28.260153127317853,54.04200570262954,17.697841170052605,2.021598005682072,0.1398526063097785,0.25035629008404237,0.06051430819969775,0.022893894115717243,2.4952151043913084,71.73984687268214,Sélection automatique par sortie,False
715,53.87,539.4824131993286,15.226243332756981,24.0469532243352,1.98,22.25952995795686,57.02954062640346,20.710929415639683,3.1394087330276,0.2126662401861705,0.36828564733924585,0.10299268655331614,0.03193313641915419,3.8552864435254866,77.74047004204314,Sélection automatique par sortie,False
716,48.98,497.26930325709185,17.9582690302041,24.351319359872278,0.84,23.86016309139532,56.37515771304122,19.764679195563463,2.560125460089279,0.17683036516726866,0.3190268835108587,0.07885904999355059,0.026464225527872372,3.161305984288829,76.13983690860468,Sélection automatique par sortie,False
717,24.37870642830843,417.780892509437,17.433392664666794,9.69,3.2767236009804432,29.280992552012734,54.20364877785104,16.515358670136223,1.312692159198075,0.08638790946389102,0.15661040501534448,0.028276350473191488,0.01317194532883794,1.59713876947934,70.71900744798727,Sélection automatique par sortie,False
718,59.76567183593868,417.45360229050067,26.2,15.887597970775124,2.44,29.801529569682742,52.5353600151053,17.663110415211953,1.4466750832232,0.1014508837465141,0.17559236228648079,0.03774540796073658,0.0204220671678633,1.7818858043847947,70.19847043031726,Sélection automatique par sortie,False
719,55.66,389.5703787226907,18.36,14.876889179842719,2.44,30.594392825824464,51.947337711318994,17.458269462856535,1.0930455390788287,0.07578451300837619,0.1315179531168447,0.022271399282032818,0.013575259020504812,1.3361946635065873,69.40560717417553,Sélection automatique par sortie,False
720,27.627526228610286,487.4651759471426,24.687681868892643,14.83,3.4253461257274673,25.505955860243965,56.01566736385242,18.47837677590361,2.201284792600976,0.14193098168548746,0.2843371246009753,0.06289661531932651,0.020165489626413912,2.7106150038331793,74.49404413975603,Sélection automatique par sortie,False
721,37.885648271972435,418.5391429774699,25.269984613007704,17.811074382104355,2.486635708845572,28.279401513306453,53.964293692793156,17.75630479390039,1.3971075892369451,0.09335209218842358,0.17259048668320995,0.03259479268952961,0.014955023551875822,1.7105999843499842,71.72059848669355,Sélection automatique par sortie,False
722,67.27,447.0840257306832,22.695605002672384,16.367804264516618,1.1,28.3908239682975,53.47847009469354,18.130705937008955,2.0124208036996705,0.1415397112076379,0.24588996875643668,0.060120845695591264,0.023984793129730845,2.4839561224890674,71.6091760317025,Sélection automatique par sortie,False
723,50.243296458933045,521.1235118932832,16.43918275431754,25.01,2.36,23.008126276836002,56.51232461137686,20.479549111787144,2.805949157706714,0.18880211055914553,0.31109680368083714,0.08951352178550627,0.02882821664061768,3.42418981037282,76.991873723164,Sélection automatique par sortie,False
724,62.82796467720817,508.966559471986,17.867430521728863,21.122398349811,2.4601951921615672,24.935055400307576,55.35407409908263,19.710870500609797,2.837556465885397,0.19342728011192342,0.3307690084700166,0.09131564191574379,0.029987201342104426,3.4830555977251856,75.06494459969242,Sélection automatique par sortie,False
725,49.89555528618592,543.5849246633926,19.03042661215571,16.61633737370846,1.26,22.65193483720615,57.48303761998835,19.865027542805507,3.243289452271222,0.22309262600620333,0.4193230135319125,0.11006465836178035,0.03239368078955219,4.02816343096067,77.34806516279386,Sélection automatique par sortie,False
726,49.445705288404184,368.79916671744934,15.68213103595541,20.83071868859812,1.26,29.93823322477557,51.98700219547829,18.07476457974614,0.8946086399666908,0.06049817912804392,0.12539245724252748,0.013807464308722033,0.011150645702823784,1.1054573863488082,70.06176677522443,Sélection automatique par sortie,False
727,64.01986766455187,477.13029608194086,19.223908574619987,16.86398656420963,2.205686354966724,26.955684906468576,54.41220190989131,18.632113183640115,2.381802904093132,0.16437309804521905,0.29941925709808004,0.07447072670017235,0.025756912524573985,2.945822898461177,73.04431509353142,Sélection automatique par sortie,False
728,31.884892836732803,424.411324350754,24.445972741004564,24.06,1.99,26.42692084245971,55.05157345448531,18.521505703054984,1.4301623393818192,0.09705552940666026,0.1651603730898769,0.03513066330449333,0.01463983394436523,1.742148739127215,73.57307915754029,Sélection automatique par sortie,False
729,55.4692744885515,458.7280331244457,18.473708012955914,21.999698592986867,2.21,26.736054929055157,54.30002214385707,18.963922927087783,2.0231365098213563,0.13713979088270595,0.25094209924145316,0.058775693825639366,0.021933776389766645,2.491927870160921,73.26394507094486,Sélection automatique par sortie,False
730,67.22578913665757,497.49889942027676,20.15,17.29,1.81,25.998026348326476,54.994699831742075,19.007273819931452,2.753189794665355,0.19032212490811118,0.3457644505635172,0.0896297554875458,0.029403029664388604,3.4083091552889178,74.00197365167352,Sélection automatique par sortie,False
731,68.2495782902555,473.77928728402026,23.851075170160506,17.471121691281688,3.07,27.829217908916,53.7667293779806,18.404052713103404,2.3434952159555906,0.1628396411896187,0.2849201848283032,0.07349351438931462,0.027505775526785094,2.8922543318896126,72.170782091084,Sélection automatique par sortie,False
732,56.600358591184765,384.71039379462127,27.5403671287448,19.504525422511325,3.7345444966069126,31.152273060813137,51.21112627399391,17.63660066519296,0.9337310618242465,0.06872258272085656,0.12604211277463473,0.017797185238313425,0.01604618312450623,1.1623391256825575,68.84772693918687,Sélection automatique par sortie,False
733,58.988336392974446,498.5580260857626,25.698913926776896,16.823130087721644,1.86,25.673375991887678,55.352282589814266,18.974341418298067,2.7063526447620907,0.18534198728043433,0.33694047840565344,0.08737039165037262,0.028454511693023266,3.3444600137915748,74.32662400811233,Sélection automatique par sortie,False
734,58.72751550370756,463.1374158976266,23.37452238073876,12.86326419044217,2.641705111098023,28.024800796887764,53.8161089811902,18.15909022192205,2.116910148811093,0.14563055498343935,0.2642868716234757,0.0640664663458696,0.025093485487907307,2.615987527251785,71.97519920311225,Sélection automatique par sortie,False
735,47.62626358922066,476.36,23.378172089597836,17.93396289013167,2.83,26.271895913068356,54.92147267385953,18.80663141307211,2.2102899876827657,0.1491177263954882,0.28038049632875855,0.06628888069732201,0.022894769147824255,2.7289718602521584,73.72810408693164,Sélection automatique par sortie,False
736,42.569847236979584,425.684035955101,19.02696352953972,8.375817312813066,2.44,29.454098996826033,53.84013304169582,16.705767961478152,1.516019303195629,0.10304574412593684,0.16714810998457835,0.038201374427185686,0.01590837543038427,1.8403229071637144,70.54590100317398,Sélection automatique par sortie,False
737,41.01066539404415,441.2737881033149,19.003023621948444,11.48,3.814168102006132,28.845948438395393,53.69474735002346,17.459304211581145,1.658011346407008,0.11220331612359159,0.20262510325425753,0.04354015773961002,0.017561890214395876,2.033941813738863,71.1540515616046,Sélection automatique par sortie,False
738,54.20924813281685,445.7606799067822,25.76,14.196911910148339,1.08,28.12838088255027,54.29945745461786,17.572161662831878,1.9134889987465973,0.1325804013176808,0.2345126738094664,0.05461819611119694,0.02142886680237747,2.3566291367873196,71.87161911744974,Sélection automatique par sortie,False
739,39.722129800856834,538.5332398006561,18.703974982335144,9.219793433146117,0.7752253091519938,23.548989564679488,57.92124168174865,18.529768753571858,3.084574383368029,0.21639105577656179,0.3890782693770449,0.1045309298806236,0.031240162143270384,3.8258148005455292,76.45101043532051,Sélection automatique par sortie,False
740,52.05840273093669,414.13570754086453,22.50804331445824,8.279419446257783,3.493803307823664,30.83561629004638,52.32069598054089,16.84368772941273,1.3631007591113913,0.09346483662681387,0.16001542613916248,0.03194861108449994,0.015763209788564443,1.664292842750432,69.16438370995363,Sélection automatique par sortie,False
741,31.434882489826602,357.2408478301987,14.305951322125429,12.13,3.07,31.48479746324067,52.421001262895764,16.094201273863547,0.7048678951859437,0.04825440932371286,0.08220835126276277,0.004134566857020593,0.008434690649768735,0.8478999132792088,68.51520253675932,Sélection automatique par sortie,False
742,69.37101639738964,485.4632922156895,25.9203749545925,23.3,2.49,26.390026747271005,54.164901826526254,19.445071426202738,2.5729832787949407,0.1785965866843957,0.3061938372027201,0.08221547613040384,0.030322937075802203,3.1703121158882626,73.60997325272899,Sélection automatique par sortie,False
743,50.501695644746825,437.7426258672372,20.053529903506558,9.15633691861601,1.57,28.83421075605928,54.11218785612084,17.05360138781988,1.7447027753121043,0.12052004175319514,0.2105078491246426,0.048482776809385744,0.01831020026692422,2.142523643266252,71.16578924394072,Sélection automatique par sortie,False
744,56.49381717245571,430.8597281238261,15.082472395506173,8.62833992435502,2.21,29.40300003841728,53.63598102359616,16.96101893798658,1.6715643864764016,0.11923563547036466,0.17661743837075833,0.04614651466687497,0.018225058534568947,2.031789033518969,70.59699996158274,Sélection automatique par sortie,False
745,55.53427016050072,484.4569879661183,21.545187609376026,14.605996685577852,3.65,27.098472212289565,54.34835850794024,18.553169279770202,2.3730715474569566,0.16238698281528255,0.2806378149390562,0.07371102543499501,0.026419992673966115,2.9162273633202567,72.90152778771045,Sélection automatique par sortie,False
746,64.75240986437078,376.5267145259877,25.50709087212288,14.436045414199768,2.310896282984203,31.768020869697125,50.847706832021125,17.384272298281743,0.8597371921680717,0.063301334600409,0.11713740534504566,0.015926087195322798,0.016126386337142216,1.0722284056459912,68.23197913030288,Sélection automatique par sortie,False
747,48.87559156796092,452.546814172061,27.341489777011017,13.568335326603316,0.59,27.831171626382616,54.879465875977175,17.289362497640223,2.062639419100384,0.14543585332012784,0.2364279554493178,0.05746377225942703,0.019421255916203032,2.52138825604546,72.1688283736174,Sélection automatique par sortie,False
748,51.578332093339625,509.64958500954447,25.029651336717148,18.415223062382683,2.41,24.65374936760466,55.91077956765896,19.435471064736372,2.77036196180461,0.18731543575979118,0.3396370964645275,0.08902657689098642,0.028108791333282097,3.4144498622531976,75.34625063239534,Sélection automatique par sortie,False
749,54.48324141815554,361.01866232647893,13.396146123665535,25.17,1.0036067370740829,30.0151054272756,51.315507814795616,18.669386757928784,0.8698246377446432,0.056134809801249935,0.12292199694407717,0.011245468993531994,0.010011944380497892,1.070138857864,69.9848945727244,Sélection automatique par sortie,False
750,56.5955324487695,523.8007612320919,30.461617200534207,19.65,1.498500243455027,23.820246241069473,56.52300552951716,19.65674822941337,3.1574431192123242,0.21595226497173167,0.3987089426625612,0.10381364141583888,0.03201528608347662,3.9079332543459326,76.17975375893053,Sélection automatique par sortie,False
751,59.23229053342794,444.3133876755133,18.57,9.755367061320227,2.51,29.055607447626617,53.52271655467953,17.421675997693846,1.8499506465793003,0.1297220956790768,0.2158779418652336,0.05374937424916979,0.02094363434748708,2.270243692720267,70.94439255237339,Sélection automatique par sortie,False
752,51.50868522760931,529.4554718759913,15.353854514612099,27.920623111822973,2.73,22.4622911699628,56.61170560298427,20.92600322705291,2.9129378226765423,0.1945276485855287,0.3208145500273392,0.09228333281088967,0.0304344364750248,3.5509977905753245,77.53770883003719,Sélection automatique par sortie,False
753,28.702380535394663,433.21217144386736,13.69784882210808,24.1195699456034,3.332220869245201,26.422705779281905,54.60307640800274,18.974217812715338,1.3948766289475754,0.09330894611094198,0.15813467452166208,0.03388367367968669,0.016157682180385,1.696361605440251,73.57729422071807,Sélection automatique par sortie,False
754,44.409531578299564,402.5084153126081,24.588516616886444,19.67,2.54,29.153984993473266,53.20469514091188,17.64131986561485,1.2018876705380612,0.08236498759671382,0.14456176001952925,0.026492956867664216,0.014346543761382252,1.4696539187833508,70.84601500652673,Sélection automatique par sortie,False
755,54.450619493668576,435.5227398701184,12.752704714350903,15.883583705289658,3.14,28.58863917141761,53.3434833929048,18.067877435677584,1.6930299756711191,0.11771489883114208,0.20104777927765322,0.04470890041602053,0.018469603032644794,2.0749711572285796,71.41136082858239,Sélection automatique par sortie,False
756,46.37673602446263,376.5026096668942,18.67549313774973,17.60639450739348,3.19,30.742472309872134,51.82720459484539,17.43032309528247,0.8857986855254567,0.060356543183829034,0.12376341461861594,0.013391748506896402,0.01156864577592438,1.0948790376107222,69.25752769012786,Sélection automatique par sortie,False
757,61.27,472.22667353439823,22.28604659207082,19.512165658965575,3.28,27.29020735865471,53.97765821271805,18.73213442862724,2.2509058510268436,0.1545466310237862,0.273886692077703,0.06857215176048712,0.025789500440140688,2.77370082632896,72.70979264134529,Sélection automatique par sortie,False
758,43.16,536.0691094750412,27.150169671376993,14.485252579268163,2.89915719900304,23.772169829123815,56.8843005183237,19.34352965255249,3.108242386305648,0.20534602054125176,0.39906150978561833,0.10128812671954762,0.03069496955662727,3.844633012908693,76.22783017087619,Sélection automatique par sortie,False
759,48.67762840492442,464.65501249230323,25.69077903157413,9.221023634513388,1.51,27.703518123498064,54.77705702777286,17.51942484872907,2.1370252113347403,0.14370870538454666,0.268458992917858,0.0628033292061915,0.022632122817792928,2.6346283616611292,72.29648187650193,Sélection automatique par sortie,False
760,66.95188336925705,457.0817032275722,19.79958688206211,13.723248008285557,1.42,28.13559303972476,53.88585043533333,17.978556524941908,2.1418150676918453,0.15021535444277082,0.2755920466043451,0.06556238960716253,0.023939092291254703,2.6571239506373785,71.86440696027523,Sélection automatique par sortie,False
761,46.2407426554346,360.736149627083,21.122167415345128,24.796947802952996,3.8965082698865525,31.008510912357043,51.36512773284459,17.62636135479835,0.6579206117671761,0.046339687244386085,0.07788809255368775,0.006237670255652368,0.010055638085464967,0.7984416999063673,68.99148908764295,Sélection automatique par sortie,False
762,65.74169951604509,473.63477941162745,12.064124983786366,14.191932680148375,1.37,26.73995270608537,54.48393959864936,18.776107695265285,2.407880075939914,0.17065364453685739,0.2949656972435094,0.07413201569292112,0.025550201690390982,2.973181635103593,73.26004729391464,Sélection automatique par sortie,False
763,50.473570217682514,464.8506509266173,22.47493075422544,14.11,1.79,27.059275289077313,54.744029471826835,18.196695239095853,2.109031332997628,0.14364837825288335,0.2716494083269134,0.06296711292269684,0.022631056762486258,2.6099272892626084,72.9407247109227,Sélection automatique par sortie,False
764,27.412090229695625,470.30221440307884,18.265635311154146,8.08226473381081,1.2206358992544128,26.60087849032664,56.61505767914716,16.784063830526215,2.006951545606413,0.1360629519205512,0.23765127182551848,0.058375841817991415,0.019166894686633552,2.4582085058571077,73.39912150967336,Sélection automatique par sortie,False
765,43.35227046438306,428.33468809586833,27.72,20.425900603603843,3.28,28.122801063778486,53.69693479092402,18.180264145297492,1.5267169363939475,0.10439327713507948,0.18361638645462344,0.038274465394371265,0.018505352691893004,1.8715064180699146,71.8771989362215,Sélection automatique par sortie,False
766,59.10464262515621,519.7286669090391,20.15,18.278071761193864,2.2235003317999307,24.473983209615135,55.96232958435757,19.5636872060273,2.97861811745911,0.20366472312443862,0.37651573586934617,0.09848336840446592,0.031795210620409645,3.6890771554777704,75.52601679038487,Sélection automatique par sortie,False
767,39.87678663512364,398.68454455176317,18.36,16.16,0.6708745197588317,28.81322891079907,53.60661036011882,17.580160729082102,1.2599143193781552,0.08999498650123108,0.13377804113734532,0.026854495569760772,0.013457882125502856,1.5239997247119952,71.18677108920093,Sélection automatique par sortie,False
768,45.05660167225512,390.4980348089691,19.65996843174131,14.582626315344823,0.78,29.67211137062482,53.034026843269096,17.29386178610609,1.1671159110856388,0.08258966789360878,0.12651405491242634,0.023677469283845606,0.01309477277371863,1.4129918759492384,70.32788862937518,Sélection automatique par sortie,False
769,42.241498427506606,376.67337244938125,20.335283414988993,10.729267763202087,3.5266865882518528,31.651572709874376,51.861815641024194,16.48661164910144,0.8799535628762971,0.059353101061964564,0.10753778745243892,0.011304734696722801,0.011076134077268252,1.0692253201646915,68.34842729012564,Sélection automatique par sortie,False
770,55.599283992747274,391.8417363357983,23.18356622232217,12.92833293317007,2.16,30.79164448461213,52.05323661942457,17.15511889596329,1.099315688549539,0.07659605253047007,0.12668126058510715,0.023053849996640133,0.014162916260886099,1.3398097679226424,69.20835551538786,Sélection automatique par sortie,False
771,44.76,434.6399868547536,22.95,15.7849133287606,2.093321937023693,28.03956679395722,54.099492536895546,17.86094066914723,1.6428186777799751,0.11085852798729255,0.20504981783460094,0.04344625811261525,0.017947941319704605,2.0201212230341885,71.96043320604278,Sélection automatique par sortie,False
772,52.187104349435096,498.9492167718077,16.45,25.65249844486865,1.04,23.786096185287974,56.13008494068812,20.083818874023898,2.5934428574176795,0.17689232713246028,0.311036581965349,0.07983250929555132,0.02691400409015752,3.1881182799011976,76.21390381471201,Sélection automatique par sortie,False
773,32.706130237165645,499.6145870880965,18.39579293813914,26.69389221725118,1.189766305276181,22.280541836241305,57.62957928245359,20.089878881305108,2.3120171068251745,0.1572313767941268,0.28954286664277457,0.07059416588920128,0.021858759344962193,2.8512442754962395,77.7194581637587,Sélection automatique par sortie,False
774,38.87602888641317,438.33661397925295,14.042863323726023,15.748542490170085,1.7569672173678401,27.170567003732966,54.65064373397559,18.178789262291446,1.63478474749132,0.1128174724965689,0.19926234642160257,0.043819180132336086,0.017961973533910363,2.0086457200757377,72.82943299626703,Sélection automatique par sortie,False
775,34.09577264874791,430.55000950358135,17.386602404239188,18.61361169430966,1.36,26.84386812032069,54.90940039359991,18.24673148607939,1.521572102506413,0.10361022072612139,0.17724370785191773,0.038919939615092186,0.016102391753860038,1.8574483624534044,73.1561318796793,Sélection automatique par sortie,False
776,60.05543152518052,439.71889209554456,16.232350978336445,19.983371632002385,3.3114728679174616,28.5570032766432,53.081149135189705,18.36184758816709,1.772496137376916,0.12079888561999254,0.20768398587859294,0.047939637255656115,0.0197854740685245,2.168704120199682,71.4429967233568,Sélection automatique par sortie,False
777,46.092948566503566,374.7550253134109,17.2,17.969955848241213,1.491160810878739,29.96006613733568,52.37399581494388,17.66593804772044,0.9315100505569351,0.06364607602389881,0.12781604715078088,0.01551163835192873,0.011776492764476669,1.15026030484802,70.03993386266433,Sélection automatique par sortie,False
778,24.427737027652352,491.84604929412023,13.967585285461396,24.545063735408522,3.05,23.16701573355996,56.696274155103005,20.136710111337035,1.982760500145558,0.1330888802584774,0.25275600125199504,0.05897371144934853,0.023256407023227812,2.450835500128607,76.83298426644004,Sélection automatique par sortie,False
779,22.919321266276885,458.5938911866626,14.087789552340533,15.63,4.030410977497595,26.752398531388902,55.40645335929444,17.841148109316656,1.650322103444647,0.11202712631803545,0.2183340830220464,0.04467808120858881,0.02022216856144999,2.045583562554768,73.2476014686111,Sélection automatique par sortie,False
780,59.92203044843418,483.3031830717371,16.87,14.74138372528846,3.81,27.32321627796408,54.25968616341746,18.41709755861845,2.379631582197155,0.16512906656830345,0.279132760703406,0.07403697850531427,0.02683090934929633,2.9247612973234753,72.6767837220359,Sélection automatique par sortie,False
781,47.24990118703464,467.17517913611084,17.457421047240523,9.183407631815893,3.1253615661591345,27.906165377782646,54.592442404943576,17.501392217273786,2.0594525817968075,0.14231033364528325,0.24943133138588644,0.06188502114456837,0.021454357024810553,2.534533624997356,72.09383462221736,Sélection automatique par sortie,False
782,26.24570659143823,379.95767001412656,16.838298527860715,8.87762949397318,1.16,30.26029728374536,54.21179744780275,15.527905268451892,0.9961339015881232,0.06789688628250275,0.08859044220865467,0.015109279507866641,0.010141488763935785,1.177871998351083,69.73970271625464,Sélection automatique par sortie,False
783,61.21,510.0912144488599,24.2904413266864,21.443185376382644,1.2001786800630698,24.498439350724055,55.96590026498725,19.535660384288686,2.9414475983710844,0.20286283234052807,0.3738984267680818,0.09578097352983658,0.030257360920214034,3.644247191929745,75.50156064927593,Sélection automatique par sortie,False
784,64.14121081495371,372.47141744056574,18.955637999218716,13.96464596603203,3.88,32.3776737090982,50.27594555066889,17.346380740232927,0.8326046623052645,0.06010700907906329,0.12112779260132342,0.012075315467711956,0.012938076690537302,1.0388528561439005,67.62232629090181,Sélection automatique par sortie,False
785,31.315193670892846,517.9644120196342,22.27,16.686523499901117,1.75,23.070774597292722,57.430551827656444,19.498673575050834,2.6335214281270263,0.1748065351834616,0.3478935966192908,0.0834291485353177,0.024097802012738912,3.263748510477835,76.92922540270727,Sélection automatique par sortie,False
786,53.06499142971855,433.0581306017296,26.24955103573801,12.776255537701294,3.884727067649667,29.675948898206084,52.45746630943514,17.866584792358772,1.616316880009054,0.11040507892326955,0.19062792357351777,0.041987986604891336,0.020638125797365566,1.9799759949080982,70.32405110179391,Sélection automatique par sortie,False
787,32.86728622475931,418.98404490224783,22.93,19.710961703613318,1.82,27.379019039479264,54.64664678955544,17.9743341709653,1.3847324951021558,0.09274162571481007,0.16815210093194832,0.032685352014033206,0.014339901971567627,1.692651475734515,72.62098096052074,Sélection automatique par sortie,False
788,69.729943323361,389.4589336763452,19.593410541545325,19.398667135777245,2.43,31.002444359348537,51.136425691739944,17.861129948911525,1.1238110047051701,0.07840985096559128,0.15060705234523797,0.0247499958091027,0.015736109946017568,1.3933140137711195,68.99755564065147,Sélection automatique par sortie,False
789,66.22208541631201,471.18087750446927,15.717701126678353,26.823616152599584,2.6487813858825917,26.42502306157405,53.71398801168902,19.860988926736933,2.306157206871155,0.15333554692149554,0.26321329292128076,0.06676440044254064,0.02521598902220088,2.8146864361786728,73.57497693842595,Sélection automatique par sortie,False
790,45.37838586755666,428.63936091906686,12.183280182370622,25.014657789852137,3.41,27.505439840800733,53.33721283204149,19.157347327157776,1.499839970723042,0.09938986749434783,0.1672430348445718,0.0355426669870923,0.016857492200984425,1.8188730322500382,72.49456015919927,Sélection automatique par sortie,False
791,44.89060164200547,373.9818855608159,23.21435341815384,11.479847316477946,3.084955132853029,31.646545683428805,51.76320748957767,16.59024682699354,0.8427928599365533,0.056793679042217826,0.10657888698049786,0.010331992895475067,0.01109198725568096,1.027589406110425,68.3534543165712,Sélection automatique par sortie,False
792,32.409006446503945,458.8220035739782,14.091517547792495,15.49,2.41,26.292659222492567,55.38966377568499,18.317677001822446,1.7898088335926885,0.12257774979139816,0.2344611358128189,0.05078863530489407,0.02025322228250596,2.2178895767843056,73.70734077750743,Sélection automatique par sortie,False
793,66.5436955639506,448.3109910200923,22.825883500964906,16.709969952664455,2.64,28.784177081796077,53.238945089431596,17.976877828772324,1.9440408598045962,0.1354572640751052,0.2292376607013452,0.057643822797228406,0.02543099428862798,2.3918106016669025,71.21582291820391,Sélection automatique par sortie,False
794,26.742230338871263,371.5918719812877,13.446310860959443,13.56,1.74,29.94122006773791,53.77513260298305,16.283647329279038,0.8706244823673155,0.06016213598492086,0.10349610461068628,0.01177749844088348,0.009695055166357767,1.0557552765701637,70.05877993226208,Sélection automatique par sortie,False
795,42.6079783942865,463.61857734120275,27.07563912513577,24.379761612586748,0.8543344450874343,25.045306728759037,56.08045804338642,18.874235227854534,2.100753392172968,0.14742130053582428,0.28084041866853054,0.0606863902240255,0.018415213340607934,2.608116714941956,74.95469327124096,Sélection automatique par sortie,False
796,21.86506203675574,448.6969725699417,23.153368865567018,24.27600769087727,2.1152108071933227,24.617541183169816,56.30061199023997,19.08184682659021,1.629704868183215,0.10839970729313698,0.19698697580020394,0.04248816794088712,0.0164579325710918,1.9940376517885348,75.38245881683018,Sélection automatique par sortie,True
797,21.14112363507988,400.07946540902395,12.943645828049625,18.777206345814637,2.02,27.70063056837294,54.65767578775581,17.641693643871243,1.0728536204935688,0.07329411677383893,0.12560157409632988,0.021388790064390623,0.011918864887771847,1.3050569663159002,72.29936943162704,Sélection automatique par sortie,True
798,34.85587954754498,479.0289472312656,15.441547509904575,15.175163192105176,1.5602903222431928,25.17574396203142,56.10545469993715,18.718801338031433,2.098312826042589,0.14424533570094542,0.2701278369702042,0.06364425533082693,0.023038261823856997,2.5993685158684223,74.82425603796858,Sélection automatique par sortie,False
799,54.57778786138839,514.2759670612892,28.212951084290136,24.9863439710467,2.93,23.842272019424914,55.88443879312547,20.273289187449617,2.884919655001503,0.19708072829428253,0.32302224776661925,0.09263203480929089,0.030418011131693158,3.5280726770033883,76.15772798057509,Sélection automatique par sortie,False
800,39.09935652856114,494.92717726443976,25.69342078521832,18.098377666770926,3.0381848110246232,24.953679869411168,55.83540910905824,19.2109110215306,2.4144403096022713,0.16005238822009316,0.2941413096807911,0.07293716958433821,0.022792394873610042,2.964363571961104,75.04632013058884,Sélection automatique par sortie,False
801,59.117070123209785,469.5633980157634,23.39696290923647,23.73511095005153,1.36,26.049658392226394,54.76630072297814,19.184040884795458,2.2686988417744223,0.15639512757122712,0.28409928999100026,0.06906889253084042,0.024160101533982837,2.802422253401473,73.9503416077736,Sélection automatique par sortie,False
802,50.218772520260906,505.28721358581146,19.829378046223077,11.19350028396196,2.0,25.613720469866458,56.05934315723087,18.32693637290268,2.669594560057509,0.1829408257275137,0.32988127140863266,0.08739585593149131,0.027368659527293466,3.29718117265244,74.38627953013355,Sélection automatique par sortie,False
803,60.211212445798424,426.4712613241861,21.3859592274658,10.191310450571436,1.94,29.730984429370196,53.03356269652133,17.235452874108482,1.6118137228339005,0.11272920351581005,0.19081062125572446,0.04412603627255304,0.019470099302640365,1.9789496831806284,70.26901557062982,Sélection automatique par sortie,False
804,54.64835795542199,361.95015336813316,17.253195317739227,8.790111333740871,2.52,32.342958206109046,51.371489157849126,16.28555263604182,0.7510204002566345,0.05391832108856025,0.08039817153053361,0.007862612319304692,0.011068912283734925,0.9042684174787681,67.65704179389095,Sélection automatique par sortie,False
805,34.92862463463213,507.59151257241183,25.948870744846403,21.359754385384857,2.69,23.361165167060868,56.81670975566509,19.82212507727405,2.545319289708467,0.16863281126882476,0.3139898989263714,0.07803086853728658,0.02265084895008603,3.1286237173910356,76.63883483293914,Sélection automatique par sortie,False
806,32.401509819546966,416.03966271022205,21.05317640523742,17.958540531892023,1.1627975871774576,27.517055284416234,54.73204359593766,17.7509011196461,1.3756040721965923,0.093502660509183,0.1651598637142062,0.0321061824592198,0.013606672929485792,1.679979451808687,72.48294471558376,Sélection automatique par sortie,False
807,50.27324364171927,533.7201551109911,12.039649472060397,22.14593213486469,2.8393094351646297,22.841179971959217,56.674534958888934,20.484285069151856,2.9371797529871393,0.20051927597230526,0.33602253950132793,0.09534704708010863,0.03250906518033469,3.6015776807212156,77.1588200280408,Sélection automatique par sortie,False
808,41.29538893141813,432.3417590109992,23.645501169368508,12.044521983229956,2.76,28.800891899941707,53.788006243206496,17.41110185685179,1.5896396912657662,0.10539242081041075,0.18697998106378805,0.03994570711615976,0.016776444252321894,1.9387342445084466,71.19910810005828,Sélection automatique par sortie,False
809,48.50965835983512,477.4177268245755,15.270830892572558,17.773079143123375,1.88,25.695314024647946,55.26218726500949,19.042498710342564,2.2140256586224876,0.151900791411359,0.2750221312768542,0.06728299363112233,0.024389452590005675,2.732621027531829,74.30468597535204,Sélection automatique par sortie,False
810,66.33079539462854,464.26465856700923,15.582260427671693,18.190401654404024,2.7107224463537842,27.63442959156513,53.773620435773196,18.59194997266166,2.201546260745852,0.15158050124800218,0.2751285521504797,0.06554824876695965,0.02408529222294862,2.717888855134242,72.36557040843485,Sélection automatique par sortie,False
811,58.59,478.8133435337461,20.2,8.09278735904543,3.02,27.963802235706638,54.308642748016155,17.727555016277215,2.3356049877380136,0.1624827426237629,0.2784836917218136,0.07409948642071981,0.02513226146037007,2.8758031699646796,72.03619776429338,Sélection automatique par sortie,False
812,52.62160705935137,457.5068860002959,29.84945121239361,12.516419624185772,1.91,27.884954852655255,54.06939282489616,18.04565232244858,2.0498333680917447,0.13839976551813338,0.26523925335173676,0.059154153150544155,0.025220746732501097,2.53784728684466,72.11504514734474,Sélection automatique par sortie,False
813,21.660395337534258,494.58130972968183,18.51464991260355,18.709087930817173,1.88,23.356836238196518,57.29070951497281,19.35245424683069,2.128871453530902,0.14166782862838836,0.2812964473927656,0.06431107244373707,0.02135184948035681,2.6374986514761503,76.64316376180349,Sélection automatique par sortie,True
814,21.643235093987546,430.55816939910545,19.94,18.68491643470988,1.07,26.126341950600736,55.98448934332177,17.88916870607749,1.4669546886249436,0.09957182346600249,0.17166116928140346,0.03561047916768316,0.01355625625680193,1.7873544167968347,73.87365804939927,Sélection automatique par sortie,False
815,65.46261126268254,497.71282640867975,24.868565106236712,26.0228696209869,2.81,25.307864874817668,54.69750093191281,19.994634193269523,2.7184826561766595,0.18668980601178498,0.3018586531571509,0.08662453980125746,0.030619349127627125,3.3242750042744795,74.69213512518233,Sélection automatique par sortie,False
816,39.51815368561861,456.7801403182694,29.523670801193745,11.502674759325108,2.65,27.73283940990282,54.45048428078925,17.81667630930794,1.9628140485601213,0.12680858513037901,0.24641433654133202,0.05215101264963163,0.020309199328368492,2.4084971822098327,72.26716059009719,Sélection automatique par sortie,False
817,59.15053793843483,488.9321923394375,13.723748230137776,20.923395782430223,1.3030921124642252,25.16483970976149,55.213728377211865,19.62143191302665,2.5334533095019216,0.17401276989271322,0.30922790607343664,0.07783916247816142,0.02757305401669132,3.1221062019629247,74.83516029023852,Sélection automatique par sortie,False
818,51.568980133433904,455.6796158548833,14.896707102228834,12.00921199521634,3.45,28.24839679822341,53.966670391170744,17.78493281060584,1.9229053574365826,0.13453954386608039,0.241039918431947,0.05568034252023322,0.02076123867312425,2.3749264009279676,71.75160320177659,Sélection automatique par sortie,False
819,46.17462056337219,484.2078060723605,20.03,23.103594811787577,2.58,24.939956718390146,55.48093748073522,19.579105800874633,2.267847034488058,0.15266652432894467,0.2679679200027885,0.06857689112657722,0.02275522837298156,2.77981359831935,75.06004328160985,Sélection automatique par sortie,False
820,27.350015382806767,471.77348707653977,23.158478813331204,9.53,0.84,26.33184068533425,56.75398159778033,16.914177716885433,2.107722467930882,0.14103612431174012,0.2533409449136996,0.058661194350706845,0.01746635299575726,2.5782270845027857,73.66815931466576,Sélection automatique par sortie,False
821,60.01972395649663,465.24164678431987,18.316866149618846,17.72549138298611,2.740119652239521,27.398731723728456,54.05776990474763,18.543498371523913,2.146237353686944,0.14733896264494403,0.2695914202547087,0.06433789582646197,0.023574909874113377,2.6510805422871724,72.60126827627154,Sélection automatique par sortie,False
822,55.674439805602894,521.1341687864292,15.180327992642246,25.187247380039754,1.85,23.149651568360873,56.42563225040999,20.424716181229115,2.9061027361408076,0.19610389000131812,0.33021032956275476,0.09258416365695932,0.030099340253043207,3.5551004596148834,76.8503484316391,Sélection automatique par sortie,False
823,64.15159645381705,363.32844203061853,17.06480597767734,11.603755486374856,2.65,32.316951405234214,50.659769457408125,17.023279137357655,0.7676070738844136,0.055679450167893496,0.10055935595114979,0.009497852178122865,0.012274523223355059,0.9456182554049347,67.68304859476578,Sélection automatique par sortie,False
824,69.39949970918707,458.0641463603304,20.056594723179526,7.104301370335381,2.13,29.034548255141136,53.6011436110525,17.364308133806365,2.1289516908662445,0.15181445047694553,0.27656801466258996,0.06702773140405847,0.02560540908642501,2.6499672964962633,70.96545174485887,Sélection automatique par sortie,False
825,70.67781596633327,399.30082777284156,20.746554955567174,21.915442351064748,3.6671967562448766,31.100737369943687,50.994244832178396,17.90501779787791,1.2247832518123434,0.08577020945153477,0.1481214145141402,0.028401544474843173,0.017366827243258935,1.5044432474961205,68.89926263005631,Sélection automatique par sortie,False
826,35.59569467925803,525.8478136903741,29.0016587295694,13.744614714159365,1.96,23.61407127054063,57.28285354591437,19.103075183545005,2.9372400813894184,0.1907785858087066,0.357679175358077,0.09203739687354787,0.025102811172590115,3.60283805060234,76.38592872945938,Sélection automatique par sortie,False
827,28.1573229418955,408.31275051846785,27.350474565309952,14.278859089290531,3.6958420654261066,29.266147042376247,53.35070050014994,17.383152457473813,1.2495063562795803,0.07917883912031787,0.1545088068532906,0.02239009925297978,0.012058610513030572,1.517642712019199,70.73385295762375,Sélection automatique par sortie,False
828,43.79209797228083,489.72152079282955,18.26854301294964,8.91,2.504025253336737,26.587058036310893,55.744166829918754,17.66877513377036,2.3560688611931124,0.16128107040051734,0.28390091822462277,0.07459405592104056,0.023885703913966962,2.89973060965326,73.41294196368912,Sélection automatique par sortie,False
829,29.525228512499325,494.253414305807,17.37914849164243,22.504719254058752,2.5573573196309143,23.46772505271428,56.67713348492347,19.855141462362262,2.1600213105289057,0.1443408651371812,0.27089218820357575,0.0654026401194863,0.022451383589119318,2.6631083875782684,76.53227494728574,Sélection automatique par sortie,False
830,25.5640738247332,535.5448735933791,17.06213823965686,23.49,2.25,20.87645718960947,58.38176069925425,20.741782111136274,2.5992225475248887,0.17391036091496861,0.3303813448824384,0.08439488367700056,0.026909672580311902,3.2148188095796084,79.12354281039052,Sélection automatique par sortie,True
831,50.195240321436636,463.22408889708254,15.3,12.403116221886513,3.16,27.709824532193917,54.40152533525696,17.88865013254912,2.017278819342067,0.1403738760838747,0.2540273308432393,0.05979142313946695,0.02218096446570637,2.4936524138743548,72.29017546780608,Sélection automatique par sortie,False
832,46.82854043294299,374.6848826783022,29.328962220602506,13.24232340692887,1.67,31.08312157177576,52.28762285206032,16.62925557616391,0.8692311530682153,0.05994629786844986,0.11374294640877491,0.012064512993385755,0.012095305838459067,1.067080216177285,68.91687842822424,Sélection automatique par sortie,False
833,38.39495157953748,550.7511895615985,28.783786925984685,20.682168163956902,3.07,21.667431058216927,57.79182050919503,20.54074843258805,3.2700106217350444,0.21586791688664497,0.3984664253897028,0.10610916982084645,0.030429498916698515,4.020883632748937,78.33256894178308,Sélection automatique par sortie,False
834,23.061342018950132,403.601225705038,19.269450257085563,13.155676249110899,2.52,29.01798880061669,54.452778009259056,16.52923319012424,1.1666328354548074,0.0755419645956323,0.132875784083401,0.02228446143512087,0.011796909492693781,1.4091319550616555,70.9820111993833,Sélection automatique par sortie,False
835,60.34063949086788,455.78954447247776,18.59,10.528256823139223,4.136027296200241,29.149203126421956,52.96177070464754,17.88902616893051,1.9774046139264425,0.1388841769313193,0.24361341052014526,0.05823983024975773,0.023310988332992146,2.4414530199606572,70.85079687357805,Sélection automatique par sortie,False
836,63.67787477318264,521.5268771467889,11.671503654685202,17.93,1.01,24.027720513311657,56.16254985929324,19.809729627395104,3.109845215785194,0.2187803858128064,0.38338948345813695,0.10136467873338267,0.033423004351658195,3.846802768141178,75.97227948668835,Sélection automatique par sortie,False
837,25.52224755042072,497.93902532537027,23.831407241886303,17.799734904939214,3.3,24.208288869374865,56.516348722267544,19.2753624083576,2.2822756280403786,0.14818611464570908,0.29237995591982685,0.0670946596475162,0.02111764966265238,2.8110540079160833,75.79171113062515,Sélection automatique par sortie,False
838,48.086921070028126,457.42256974256907,25.36217877266304,13.174043354033014,1.51,27.407845301218195,54.71589831081194,17.876256387969867,2.0183301593417755,0.13657370659308168,0.25807473398913955,0.05821442920652894,0.021635135282208225,2.492828164412734,72.5921546987818,Sélection automatique par sortie,False
839,39.50274199675199,373.8740507810823,21.71,23.546847856459674,4.2,30.343304361842247,52.09627659153751,17.560419046620247,0.7968555719834933,0.05533253304159538,0.09672178984890803,0.010519111273199419,0.011294911046304045,0.9707239171935002,69.65669563815776,Sélection automatique par sortie,False
840,58.39983838772113,455.2813611749972,18.061074122374432,11.932983598763002,1.5521505254277363,27.922378116844648,54.2378986400796,17.839723243075753,2.0405302215686243,0.1426947544454928,0.2615990015327197,0.06122798990251033,0.021992629680556583,2.5280445971299037,72.07762188315536,Sélection automatique par sortie,False
841,48.511528507266384,521.0526497401148,22.362585251802066,14.334203551778616,3.832568861827316,25.15383737387004,55.76047944406549,19.085683182064464,2.8465183325201595,0.19208728848034973,0.34490924826819935,0.09269605217539695,0.031359704520675484,3.5075706259647808,74.84616262612995,Sélection automatique par sortie,False
842,40.38703615164673,366.42142581943585,20.907301844357974,22.1331933906856,2.8,30.174351497292385,52.26981755825597,17.55583094445163,0.7521629571667985,0.051519975766937884,0.09528615693618384,0.00937224476084695,0.010716438445899845,0.919057773076667,69.8256485027076,Sélection automatique par sortie,False
843,55.3880386357909,409.04,22.268719785959384,24.1641679573355,3.354486433696792,29.338693131947817,52.418988885762815,18.242317982289375,1.3006789390946722,0.08994388855609524,0.15423670485886576,0.031192174343970012,0.01640351414176234,1.5924552209953657,70.6613068680522,Sélection automatique par sortie,False
844,53.25042857272312,431.05517165520297,18.875964182923404,12.420439681996443,1.3445422345236766,28.6686888175473,53.76257571534362,17.56873546710908,1.6787353603603032,0.11686229414003349,0.19246812349972806,0.04583071093811411,0.01829905667412542,2.052195545612304,71.33131118245271,Sélection automatique par sortie,False
845,58.848454110335794,393.02800487115485,21.25861108172581,21.8679790934477,2.1284468012303637,29.902447523727442,52.036060345338214,18.061492130934337,1.1396550878522453,0.07891766710897198,0.15283041505519543,0.02550367666541109,0.014681571530271895,1.4115884182120957,70.09755247627255,Sélection automatique par sortie,False
846,38.52452658590815,448.1485231471969,16.9,17.83,2.89,26.988484523058535,54.4751005678291,18.536414909112374,1.7132328717711236,0.11562401681909698,0.20553688186573377,0.04660661606826806,0.01914620126971689,2.1001465877939394,73.01151547694147,Sélection automatique par sortie,False
847,33.590441617167635,406.69201865289506,18.732105254961283,23.780565110088148,1.210342647074428,27.070775201459142,54.413474430953926,18.51575036758695,1.2375679636942918,0.08473019497171747,0.14853215977811685,0.028072007372584955,0.01318634149620339,1.5120886673129144,72.92922479854087,Sélection automatique par sortie,False
848,59.484110343878385,377.53351994330603,22.71632748814881,17.29,3.89,31.836489473885752,50.71389492826446,17.449615597849796,0.8631044810431105,0.06201223169419909,0.12358778543657506,0.014089390472098971,0.013756595601340254,1.076550484247324,68.16351052611425,Sélection automatique par sortie,False
849,67.39792219074204,425.0139696862026,14.030206285163215,24.817835588431432,2.79,28.78637323427036,52.049710354665955,19.16391641106368,1.6670278351396308,0.1098165284454416,0.1790036351644603,0.04119311752885678,0.018486182208350743,2.0155272984867403,71.21362676572963,Sélection automatique par sortie,False
850,47.74886830091428,382.97673631466864,14.330557657122545,14.62163716622389,3.11,30.725931403083734,52.10536353553852,17.168705061377747,1.0029859404191046,0.06948074279859832,0.13183984243920652,0.01707374231440894,0.012002631264984883,1.2333828992363032,69.27406859691627,Sélection automatique par sortie,False
851,33.08326335296809,548.7742482033992,28.183999454841143,21.445199664181562,2.35,20.97848698360281,58.44147511952747,20.580037896869715,3.167500047101409,0.2084403446131626,0.40177019168900807,0.1019989738614177,0.02778902623242378,3.907498583497421,79.02151301639718,Sélection automatique par sortie,False
852,46.89511051630972,451.8033781457925,25.76,9.044362842642808,1.45,28.214612447966502,54.498594567180994,17.286792984852504,1.9464919115399195,0.13042426892490364,0.2280935687750199,0.05453651057489489,0.019895776839758517,2.3794420366544964,71.7853875520335,Sélection automatique par sortie,False
853,64.70573502583613,476.3656116915328,20.509407331327754,24.427420624271107,1.93,26.144150936394805,54.38607072100223,19.469778342602964,2.391312040919684,0.16283488986655023,0.2876314095037244,0.07325175428347847,0.02598832833727367,2.941018422910711,73.85584906360519,Sélection automatique par sortie,False
854,53.23000735905941,497.2794488989158,27.66945921150127,19.07517895199456,2.08,25.161241607347545,55.60207890145854,19.236679491193918,2.6353765633183563,0.17920090597618488,0.32449247278270826,0.08333155175157639,0.026736542759148493,3.2491380365879743,74.83875839265247,Sélection automatique par sortie,False
855,51.034257759320376,467.92292338212417,22.78,23.5,1.83,25.732644099910196,55.08971454355845,19.177641356531353,2.1385397214830784,0.1456802685856354,0.2702727076322569,0.06373054735790788,0.02137145261742106,2.6395946976763,74.2673559000898,Sélection automatique par sortie,False
856,60.07584015974207,465.6308313621857,18.81327676377659,17.04943352931688,0.95,26.918503919105177,54.50989856978605,18.571597511108774,2.2511472780612625,0.15722273555046287,0.2811202858157755,0.06814206762259116,0.02466573259248165,2.7822980996425732,73.08149608089482,Sélection automatique par sortie,False
857,61.69154344655192,422.5824512187065,22.61,10.638988158133758,1.4377110345330861,29.788180516136933,52.90125386573036,17.3105656181327,1.582153803584104,0.11122003201542832,0.19231161342610684,0.04303475544296201,0.019749929155200106,1.9484701336238015,70.21181948386305,Sélection automatique par sortie,False
858,62.80205890241486,520.6535708723226,25.845434983177274,10.507546060163188,3.86,26.385869070868203,54.69734126512204,18.91678966400976,3.0477155870431485,0.20887339792643803,0.3733796532722215,0.10222734756241983,0.03385439997507515,3.766050385779303,73.6141309291318,Sélection automatique par sortie,False
859,52.09418752923922,495.05323854332585,27.014583994744196,24.224913130781555,0.65,24.369975705256138,56.36001924542354,19.27000504932034,2.6905377933021084,0.19024834303053406,0.3309397658934992,0.08330077022414295,0.02603576499659256,3.3210624374468773,75.63002429474388,Sélection automatique par sortie,False
860,52.53505892126776,550.6240916160797,19.022707491205743,11.577985501955206,1.92,23.346389742448338,57.32694186583357,19.3266683917181,3.37573102100919,0.23248425146957244,0.42184594948170084,0.11791466225726008,0.035465122294374866,4.183441006512099,76.65361025755166,Sélection automatique par sortie,False
861,63.83240099545518,357.28578978091144,18.617902599256738,9.294416599612703,2.65,32.88553747997784,50.58050911961002,16.53395340041214,0.6596162383362489,0.04900954930032428,0.08160038775750869,0.005622869765893199,0.012162686674402998,0.8080117318343781,67.11446252002216,Sélection automatique par sortie,False
862,49.88589317191411,413.92634177345803,30.441122290542694,17.93257305761449,1.41,28.912293457224443,53.66600495130656,17.42170159146899,1.4187028178435919,0.0997572171629052,0.1713801974764047,0.035108056660664355,0.018098060462224508,1.7430463496057904,71.08770654277555,Sélection automatique par sortie,False
863,69.23647088990523,470.62460928373935,13.17,25.01,3.26,27.01578837187908,53.33748775853459,19.646723869586335,2.3272135998670533,0.1551105920253284,0.26271644766735913,0.06603957794079854,0.025458573750843386,2.8365387912513826,72.98421162812093,Sélection automatique par sortie,False
864,38.54819669231379,503.9868674888574,15.871344159607078,7.419134926043826,2.28,25.82144610548151,56.6926988667205,17.485855027797996,2.478447281442658,0.17162979584747357,0.2973289746564447,0.0813549691677496,0.026281363077488382,3.0550423841918146,74.1785538945185,Sélection automatique par sortie,False
865,42.40902751910715,412.5204319104042,20.03,9.52004276822325,2.8531122177953785,30.043540790661,53.217095490113465,16.739363719225533,1.3363410458683007,0.09009862473353816,0.1601121454860921,0.030313196135962978,0.01443897575560565,1.6313039879794997,69.956459209339,Sélection automatique par sortie,False
866,58.5792572037312,382.7186685253712,25.479358579155157,20.85206302781363,3.79,31.29284036306302,51.173881714214986,17.533277922721997,0.9185884117554441,0.06720971531058632,0.1278306242637263,0.017413320759009733,0.015598680781543885,1.1466407528703102,68.70715963693698,Sélection automatique par sortie,False
867,33.02,363.23625353762293,23.907334077503993,14.14390208466466,3.0759860535129167,31.206465440554467,52.279877148591034,16.5136574108545,0.7277253313797223,0.04720992632463977,0.08773831789688005,0.00443644647093297,0.009397135347389595,0.8765071574195646,68.79353455944553,Sélection automatique par sortie,False
868,56.63207611227611,546.8651327201401,23.883521950389426,11.752015065026791,2.6,24.153779082867636,56.7096339059855,19.136587011146872,3.4190108607492773,0.23248393014196447,0.4381907994580556,0.11790573352892565,0.035872934712967874,4.2434642585911915,75.84622091713237,Sélection automatique par sortie,False
869,57.492351732765215,444.9434313698342,24.105172626307834,9.236177580401746,2.69,29.307617469451525,53.279250294945676,17.413132235602795,1.8387636235474236,0.12641772034425308,0.21638258022631607,0.05258521717706565,0.022195596637659205,2.256344737932718,70.69238253054847,Sélection automatique par sortie,False
870,48.43186212404438,524.0208957410122,20.81056190724179,22.03359771627165,2.64,23.27348011841195,56.5108755348893,20.215644346698753,2.8735509086123923,0.1936797640125263,0.3326242159309581,0.09315027815602417,0.029188190945792936,3.522193357657694,76.72651988158805,Sélection automatique par sortie,False
871,60.8511473619628,469.60041767451025,28.753886976212627,25.974256743312583,1.45,25.91009757175887,54.76712617842888,19.322776249812264,2.3003975372028123,0.16202256528523648,0.29287413132831375,0.07137758910611831,0.02665500434035735,2.853326827262838,74.08990242824115,Sélection automatique par sortie,False
872,35.74590984514963,389.2165819897567,18.14504197883986,9.840718316337439,2.96,30.731365472626184,52.94668030898388,16.321954218389944,1.0428426967237665,0.06985055804556782,0.11143031701405431,0.017717015103500003,0.011671664296407392,1.253512251183296,69.26863452737382,Sélection automatique par sortie,False
873,59.09,449.8518150916277,19.96789116563182,22.252437102732006,1.99,27.275955672235668,53.85828555524867,18.865758772515672,1.9409268273269038,0.13229226141738873,0.23137003461793915,0.055897895053113274,0.02173159591244672,2.382218614327792,72.72404432776435,Sélection automatique par sortie,False
874,51.8000776326257,443.321190028178,18.954272964664256,23.643424617372624,2.46,27.14060035666208,53.96490096328868,18.894498680049253,1.7683350621603149,0.11928796803775346,0.2026040706217068,0.04861555336061957,0.020049353995501253,2.1588920081758958,72.85939964333792,Sélection automatique par sortie,False
875,44.67047633527025,460.3952738323496,19.72581138355876,9.359598630693853,3.05,28.13686792692056,54.4309983455226,17.432133727556838,1.9605497877839542,0.13316209808299434,0.2440319937618789,0.056853955695299725,0.019984916326968697,2.4145827516510954,71.86313207307944,Sélection automatique par sortie,False
876,52.47770139387299,395.3176193578562,26.00305429199347,20.832018000494916,3.043989877012401,30.071103800307338,52.344792008363655,17.58410419132902,1.1036305796782564,0.07828549445674982,0.1370650313505224,0.023986574802222084,0.015470993713015685,1.3584386740007666,69.92889619969267,Sélection automatique par sortie,False
877,57.83904657987615,545.3867846509505,15.2,18.623535104312758,4.115937336150537,23.837478941718054,56.25554563300545,19.906975425276507,3.25161954716813,0.22350571464912544,0.38988036492292855,0.1090314920086723,0.03632865544593986,4.0103657741947965,76.16252105828195,Sélection automatique par sortie,False
878,42.142454031366775,491.6358771623114,19.670312770373677,14.109433012816961,2.31,25.524919416599218,55.803628129196696,18.671452454204083,2.3628638489869935,0.15964486756510682,0.2931395293803607,0.0736766117217199,0.023540506766758833,2.91286536442094,74.47508058340078,Sélection automatique par sortie,False
879,24.26327966783703,464.2345272213756,22.688930091950997,18.374929478377126,1.58,24.89749986379075,56.45642961783843,18.646070518370816,1.8816447925663184,0.12415182927898544,0.25857767565353806,0.05167488180424836,0.017893995413718493,2.3339431747168087,75.10250013620924,Sélection automatique par sortie,False
880,63.64502611126853,355.5610946700841,24.039662888562898,18.33,1.82,32.10219968311554,50.74928481020477,17.148515506679686,0.6128392968745913,0.046115396625976135,0.0922927486282836,0.006926693529684655,0.012461973360844848,0.7706361090193806,67.89780031688446,Sélection automatique par sortie,True
881,28.724580818801673,496.03103925288224,16.2644966413923,18.96274526057899,0.6502731253143377,23.418481483723045,57.61921460576112,18.962303910515832,2.2806217081232227,0.16249422970761807,0.30082253905279127,0.06935753903709,0.024197718397265228,2.8374937343179876,76.58151851627696,Sélection automatique par sortie,False
882,40.77832699180887,382.8634572702401,15.060977262851921,15.394088024477151,1.99,29.855330797032543,52.90010888254087,17.244560320426594,1.0055948144763927,0.06880258644865964,0.12685624414402402,0.01773940465470194,0.011890190886427216,1.2308832406102055,70.14466920296746,Sélection automatique par sortie,False
883,38.36453268075989,490.58893866678443,14.716317719324623,13.056452196180205,4.19,26.382262233438908,55.41080171953558,18.206936047025515,2.2127955217141544,0.15258392527216624,0.27732027441830653,0.0681676079667468,0.026390356727448452,2.7372576860988223,73.61773776656109,Sélection automatique par sortie,False
884,60.38882209328348,421.53103517244045,21.868824377779745,25.99611151125075,2.92,28.67037893806684,52.5823726355884,18.747248426344754,1.5131095287572034,0.10393473361935136,0.16708777744431627,0.039569094220910817,0.01876134751545012,1.8424624815572321,71.32962106193315,Sélection automatique par sortie,False
885,56.88909074360705,407.8299865041066,22.345693032086878,8.91,3.28,31.107181285948624,52.01600006764215,16.876818646409216,1.2900622137223015,0.08995880771606188,0.14752483211892034,0.030016293788130366,0.016771227029444884,1.5743333743748589,68.89281871405137,Sélection automatique par sortie,False
886,31.64677799053772,440.7995724632154,17.163057983488766,21.599937855506887,2.0861430970187937,26.084965933863867,55.184539405991806,18.730494660144316,1.5735717593033827,0.10552649656031503,0.1854436209775753,0.041354522263058816,0.01702212339328128,1.9229185224976133,73.91503406613612,Sélection automatique par sortie,False
887,67.67246436074585,475.85075658351917,20.389945505839194,11.087505220659667,2.65,27.939409766676814,53.87832160535313,18.182268627970043,2.378690057852892,0.16683166816044007,0.2930365271513686,0.07611855193786159,0.02635171804378087,2.9410285231463433,72.06059023332317,Sélection automatique par sortie,False
888,55.74908852751923,429.2270752491559,23.85,15.46,1.44,28.77070155175469,53.61665938642402,17.612639061821298,1.6522319610671705,0.114485137306222,0.1964532519885948,0.04506209469538644,0.01934778507797767,2.027580230135351,71.22929844824532,Sélection automatique par sortie,False
889,62.3814871699677,488.60991906440626,19.400026100939346,13.057469439761181,1.0596480535257187,26.44972760035654,55.14475466458063,18.40551773506283,2.610403000001745,0.18317816089225006,0.3278776049487771,0.08419822033988097,0.027315938983040133,3.232972925165693,73.55027239964346,Sélection automatique par sortie,False
890,49.78285560585478,517.4559252137461,13.97409714289644,18.481338086883934,2.25,23.860387344112873,56.33839611949042,19.801216536396705,2.751581187744728,0.18913061936035186,0.33352086303712764,0.08954227215816353,0.029710638285162357,3.393485580585533,76.13961265588712,Sélection automatique par sortie,False
891,35.581565873999686,390.8013295788549,30.077219580011867,19.948649028791472,3.3804050543422304,29.34936933750874,52.95566754105613,17.69496312143514,1.034134578204478,0.0714295727527038,0.12786700997677286,0.01757444341475288,0.012361449342323078,1.2633670536910306,70.65063066249127,Sélection automatique par sortie,False
892,46.56295526241517,424.30557772924374,13.62568845951934,14.814408076947183,0.87,27.963292402769472,53.88168992748651,18.155017669744016,1.5944904057589764,0.11358124094350111,0.18913902328078633,0.0408772968245171,0.016555240148420983,1.9546432069562019,72.03670759723053,Sélection automatique par sortie,False
893,40.19683429482867,458.5983286960644,18.19800223512255,18.397902238804274,2.67,26.44737611268664,54.808675420625995,18.743948466687364,1.8688007247025804,0.1258889509979233,0.2430708042589571,0.052939226974984974,0.020418822061530312,2.311118528995976,73.55262388731336,Sélection automatique par sortie,False
894,25.76754680359691,407.316375191845,12.87,17.23171701655749,1.46598380742795,27.57514501437017,54.70263363311179,17.72222135251804,1.2014144998055356,0.0833849923180814,0.14920325381650146,0.026277878778633558,0.01296246929267328,1.4732430940114254,72.42485498562982,Sélection automatique par sortie,False
895,30.91822380496723,491.82,20.60126049902911,14.09,3.23,25.522436545018664,56.17018749335638,18.30737596162496,2.232065963433667,0.1473505302443525,0.2936000773709696,0.06702048296033321,0.022975626847824712,2.763012680857147,74.47756345498134,Sélection automatique par sortie,False
896,50.241827478732034,436.4814968746585,26.753056906314708,14.264693734865336,1.787001276740276,28.409728171072476,53.8503686767943,17.73990315213323,1.7197727808131296,0.11696397847889348,0.20853771932124174,0.046532755426465386,0.020293367121835885,2.1121006011615657,71.59027182892753,Sélection automatique par sortie,False
897,52.61,428.1182222048952,14.153467376375394,19.67,2.8508705143359876,28.327960923825085,53.17597741088762,18.496061665287286,1.5787658270772453,0.10719415944388176,0.18114790494062674,0.040012449617101174,0.017752769643904338,1.9248731107227595,71.67203907617491,Sélection automatique par sortie,False
898,47.27,361.23308253611333,15.811436255306711,22.94818857113631,2.8,30.559688905931615,51.47813754818721,17.96217354588116,0.7371198921969888,0.04853487099545285,0.09033550408319935,0.007748469187917863,0.010019140761864444,0.8937578772254233,69.44031109406838,Sélection automatique par sortie,False
899,34.79761284075252,520.3434054505962,17.66,11.786988584314011,2.4342971009370706,24.30383349409328,57.205178768049564,18.490987737857157,2.639133627068965,0.178696845584115,0.3340875218661146,0.086843910828248,0.028137869747372455,3.266899775094815,75.69616650590672,Sélection automatique par sortie,False
900,60.48228496591072,529.2090972787714,25.18,12.993043837647757,2.11,24.906411247815317,56.20390580825075,18.88968294393393,3.2093093098489653,0.21928122746490986,0.41220907851797395,0.10884391858947476,0.033959869063351716,3.983603403484676,75.09358875218469,Sélection automatique par sortie,False
901,68.70727598899944,528.8079112018781,17.443613470144992,12.160733046649032,1.99,25.05438180565518,56.049415262915105,18.896202931429723,3.258579898555194,0.2285644361437688,0.4072413464072342,0.11252609067049055,0.03478569354963559,4.041697465326323,74.94561819434483,Sélection automatique par sortie,False
902,23.027447550492393,531.9753941692088,16.901723581422633,18.697877902525203,0.65,21.344676066846002,59.07929700744264,19.57602692571136,2.6373254668663755,0.18708579938055583,0.35906610575322273,0.08499146416839588,0.027391621617910217,3.29586045778646,78.655323933154,Sélection automatique par sortie,True
903,57.01055332849971,468.12204225114306,25.30704840115911,20.033668209914968,2.7213643582810847,26.91214833486629,54.24079855978491,18.847053105348785,2.179346457783279,0.1495359536904881,0.27516475338919766,0.06582483941530079,0.02552803882899591,2.6954000431072616,73.0878516651337,Sélection automatique par sortie,False
904,49.42009616927115,397.8891054055402,27.23,10.209775352109055,2.06,30.71838268098454,52.50800773862335,16.77360958039212,1.1705782636042557,0.07884230343298951,0.13157858000506167,0.023693922202315476,0.01451043526419784,1.4192035045088203,69.28161731901547,Sélection automatique par sortie,False
905,47.274996506671215,395.5802168672577,23.407603347475472,17.89479595727833,3.0938181481365836,30.024239311653933,52.4010213314899,17.574739356856167,1.1067168313760467,0.07596525130474097,0.13642022553785738,0.022539357945960584,0.013506894073226602,1.3551485602378324,69.97576068834607,Sélection automatique par sortie,False
906,45.090687000314944,434.213905633678,25.18995240703829,20.83,3.8064454738856397,28.1380658238645,53.49807689741108,18.363857278724417,1.5877377011192562,0.10830075531679641,0.19408013810817373,0.040858784769166316,0.019066983608628532,1.9500443629220214,71.86193417613549,Sélection automatique par sortie,False
907,34.837490503844336,366.40065678545926,24.480117006453977,10.956651476436607,2.6,31.459964669683224,52.36324952243888,16.17678580787791,0.7813034810757149,0.049719620520046054,0.08439556810135002,0.005676589936922771,0.009732040394288573,0.9308273000283223,68.54003533031678,Sélection automatique par sortie,False
908,69.23083281847872,550.3620076904936,14.99,19.14428047307905,2.6,23.412601973595198,56.45641241400347,20.130985612401325,3.5777473639878217,0.24659222523848734,0.42041841357640786,0.1216046293883127,0.03761752222980909,4.403980154420838,76.5873980264048,Sélection automatique par sortie,False
909,27.798113769564317,372.66101728714705,27.446678780191206,22.28600167419941,1.3986525708583117,28.496916602175528,54.12649005526564,17.37659334255885,0.866248524729706,0.061346525618945436,0.11063272214079614,0.012433117876874109,0.00901552877420205,1.0596764191405237,71.5030833978245,Sélection automatique par sortie,False
910,38.85642870357484,390.112405762709,20.854337270537425,17.915944311163408,2.2707406808665254,29.42806135673306,53.177348319610644,17.394590323656292,1.0495965239045866,0.07060798546418758,0.12604028603581674,0.019862059525556926,0.012772434031398843,1.2788792889615468,70.57193864326693,Sélection automatique par sortie,False
911,45.07983615708198,517.7837559366446,15.79012942851648,12.794548351567249,1.268274037968301,24.058841885628908,56.768034996219704,19.173123118151395,2.7699953380376834,0.19334674927344864,0.35498995813647677,0.0921868415725982,0.02990902146534792,3.440427908485555,75.94115811437109,Sélection automatique par sortie,False
912,67.41666567990991,361.1545300985799,24.447905982773296,10.905474324806775,3.17,33.242829464286785,50.026672765152085,16.730497770561122,0.6089152871613417,0.04701428628630461,0.0861349253375972,0.005614442560093046,0.014990806474504282,0.7626697478198406,66.75717053571321,Sélection automatique par sortie,False
913,51.141718944529536,478.20536350822334,20.76264420290956,25.694639647333563,3.0977120823451276,25.453178843568512,54.856163048308176,19.690658108123316,2.225137472683035,0.15005598911505472,0.25456506448738786,0.06630146549281737,0.02320634033827516,2.71926633211657,74.54682115643149,Sélection automatique par sortie,False
914,53.701920009666864,383.3429008013952,17.39970699057718,21.22,3.69,30.71390394414434,51.48082339026588,17.805272665589765,0.9804550722145509,0.06647576364778261,0.1274232203952313,0.016987389176661295,0.012301710925688823,1.2036431563599148,69.28609605585565,Sélection automatique par sortie,False
915,51.28788874084926,467.8305772588938,20.070257114708493,17.081576905375705,1.51,26.438422955260968,54.99693724568814,18.56463979905091,2.154005591600632,0.1475632024488871,0.2730692902281944,0.06480087757309921,0.02230755414180708,2.6617465159926197,73.56157704473904,Sélection automatique par sortie,False
916,55.710098569955655,459.0911552208731,14.792959785397748,24.79,1.5615651227633554,26.04529348994145,54.329480804194425,19.62522570586412,2.0538751668470874,0.1379123661195911,0.2587400057640985,0.05816562858797097,0.02312941464769754,2.5318225819664453,73.95470651005854,Sélection automatique par sortie,False
917,40.921969023224314,390.81633843022524,14.903709448930753,12.875063279344564,0.6559625993580903,29.424936834539814,53.18809367199161,17.386969493468584,1.1967655634200067,0.08733301728800755,0.12929441243304404,0.02392620605725094,0.012469287840053231,1.4497884870383624,70.5750631654602,Sélection automatique par sortie,False
918,63.02682264102069,411.0204068178727,24.565591469020674,23.43,1.13,28.975932664862842,52.560435997615464,18.463631337521697,1.4465380480894865,0.10297715137365746,0.17946767491870572,0.03837542574863966,0.01838366097608217,1.7857419611065715,71.02406733513716,Sélection automatique par sortie,False
919,30.15394657755334,420.839450746222,26.60798891399423,12.06,2.36,28.70228441087051,54.27992250744777,17.017793081681717,1.4421673112203908,0.09135971856482536,0.16837648894305676,0.030762810092528188,0.013345001891474948,1.746011330712276,71.2977155891295,Sélection automatique par sortie,False
920,51.17042742046515,550.5220666474285,14.82438472089426,20.41,1.6750828063633048,21.852403676356303,57.56197632082342,20.585620002820278,3.2725617477967246,0.22452279016142526,0.4043620942424194,0.11060315185464184,0.03336586501936361,4.045415649074575,78.1475963236437,Sélection automatique par sortie,False
921,63.7094455279744,544.3789141279224,25.043185774868096,26.05472900188417,2.5,22.64329455473672,56.45560216953893,20.90110327572435,3.4769142513229765,0.23689251562488045,0.40822478625497105,0.11620052162498234,0.036768076993445156,4.2750001518212555,77.35670544526327,Sélection automatique par sortie,False
922,44.38471401122447,476.36,14.876416590431615,8.275401929836658,1.69,26.875170337157925,55.87411210051456,17.25071756232753,2.1933422255157216,0.15450749035445696,0.27137201372375136,0.068673361764764,0.02318600775560003,2.7110810991142937,73.12482966284209,Sélection automatique par sortie,False
923,44.76,435.581144685953,13.51,14.180078586584514,0.8446098742656142,27.467352565487438,54.34907164817942,18.183575786333133,1.7208364837162708,0.12312045353200791,0.21222902988295056,0.0462399275860739,0.017795104370899387,2.120220999088203,72.53264743451255,Sélection automatique par sortie,False
924,71.16679693932039,412.6064659499996,27.055568580601584,20.11170193775695,1.77,30.038186982248774,52.009858977629634,17.951954040121603,1.4320642137034123,0.10410705699623649,0.18081601497098945,0.03984848745151173,0.022742475873291604,1.7795782489954417,69.96181301775124,Sélection automatique par sortie,False
925,41.704504727951665,459.96943192270237,11.641476685681786,26.46013368086345,1.54,24.807784306010973,55.20473374205962,19.987481951929414,1.880390198803326,0.12627021699613672,0.24388666380964405,0.051440877438764604,0.02140996181411868,2.32339791886199,75.19221569398903,Sélection automatique par sortie,False
926,67.09957308017447,365.60487315353686,14.68,20.198339222992857,1.77,31.240483150911032,50.6656641341288,18.093852714960168,0.8933256027868388,0.05935847124432543,0.1318025798142363,0.013024523827805987,0.011987805531595763,1.1094989832048023,68.75951684908897,Sélection automatique par sortie,False
927,62.100654716465726,426.4449348669369,19.94,20.461747592301716,3.24961531634728,29.31522786145846,52.57258881840798,18.11218332013355,1.5881242371420414,0.10918411851529898,0.18662316007743676,0.04192285510969998,0.01945208980315471,1.945306460647632,70.68477213854153,Sélection automatique par sortie,False
928,63.185166577881155,402.86340222138216,25.26,20.60057915125611,1.8,29.870458391748386,52.224871391943985,17.904670216307647,1.2763018369686288,0.09114287607115283,0.15350037369479003,0.032292763465068534,0.01860115356570402,1.571839003765344,70.12954160825163,Sélection automatique par sortie,False
929,62.456446467093976,418.55565967335536,20.103282644526473,16.2146493101961,1.7,29.40318220771334,52.748982641645945,17.847835150640716,1.5296870857999056,0.10649146329754583,0.18143980934289775,0.04054970275694087,0.018466121023789434,1.8766341822210795,70.59681779228666,Sélection automatique par sortie,False
930,47.63,526.1778010315703,24.99335994570207,17.862113533925836,2.52,23.735103206552722,56.585696864506595,19.679199928940683,2.973547100469694,0.19960677887058206,0.36348077022237846,0.09700481800745309,0.029937036336851373,3.6635765039069583,76.26489679344728,Sélection automatique par sortie,False
931,62.28088858181893,511.862421217511,12.77,16.918086622935828,2.11,24.853724439571092,55.69524992920858,19.451025631220332,2.8737207223417016,0.1999877965368395,0.35808819318373114,0.09351946933737085,0.029805798200593935,3.555121979600237,75.1462755604289,Sélection automatique par sortie,False
932,57.65702146916549,474.74866985784615,22.264866170630125,20.445428713960393,3.26,26.811011990503648,54.24080862432681,18.948179385169553,2.255180343203808,0.15403502524305013,0.27810608459824243,0.0684053531795338,0.025558597444639376,2.7812854036692736,73.18898800949637,Sélection automatique par sortie,False
933,50.37750176123364,359.1049478117889,24.463612243464066,11.93850823780757,1.9598825203813333,31.987006033999336,51.470992754998406,16.54200121100226,0.6711468157202782,0.04676555925601984,0.07759518718413658,0.005230478824619009,0.010410602154077846,0.8111486431391316,68.01299396600066,Sélection automatique par sortie,False
934,47.42,452.06831778231646,25.3,20.720953804662667,3.17,27.1706729460352,54.155017341836356,18.674309712128448,1.8631659773022156,0.12669115660066504,0.2200574539222055,0.05218346523081213,0.021822441088369348,2.283920494144267,72.8293270539648,Sélection automatique par sortie,False
935,22.402946651344866,386.0137455036555,19.581879724032113,26.00552165829888,1.76,27.089342275189217,54.54970096155777,18.360956763253018,0.9317381000739877,0.0635753226826255,0.10302635405277366,0.01700082071864701,0.010128992127082365,1.1254695896551161,72.91065772481079,Sélection automatique par sortie,True
936,66.28991120650629,380.6907094814746,22.49466390018422,14.939245952973327,3.65,32.127180894446475,50.45088972371223,17.421929381841288,0.9120196943192971,0.06651002339927059,0.12286633464917698,0.016757943401315714,0.01581942938912195,1.1339734251581821,67.87281910555352,Sélection automatique par sortie,False
937,23.405429179408248,369.85525212744074,17.207959535957357,8.125070787019276,0.78,30.589310716653284,54.14253583716823,15.268153446178475,0.9229385470209375,0.06454348319887543,0.07082987136512636,0.010710688677101891,0.008918686700657551,1.0779412769626986,69.41068928334671,Sélection automatique par sortie,False
938,36.28209982169265,494.4766640855136,19.012552332345898,11.702212171804085,3.21,25.986512360111192,55.93892119922016,18.07456644066864,2.3158064487164793,0.15549873222034757,0.2811924883888202,0.0717256425678357,0.024757077328708334,2.8489803892221914,74.01348763988881,Sélection automatique par sortie,False
939,59.06865293572313,409.0412612394218,16.97,18.537734163009414,0.9651776748103928,29.07397921010344,52.65704361453277,18.268977175363794,1.4567849828723398,0.10125051954070016,0.1799642605842225,0.03579422298062766,0.016283501272660768,1.7900774872505507,70.92602078989657,Sélection automatique par sortie,False
940,41.878848342702916,451.54595545611653,20.215309975107594,17.486028897852606,2.34,26.899664773550153,54.65698491181765,18.443350314632184,1.819159665296927,0.12249714435353581,0.22526321774607205,0.05079578730278925,0.019522279826341585,2.2372380945256656,73.10033522644983,Sélection automatique par sortie,False
941,64.49657498535527,473.4584409660083,24.899138339473424,17.255850935747926,1.73,27.098268485677167,54.338070610505014,18.563660903817826,2.3594600345604926,0.16360263185592655,0.2992036621629137,0.07416656391692815,0.02637537773376044,2.9228082702300218,72.90173151432285,Sélection automatique par sortie,False
942,34.680033755228585,425.79463886935997,29.22,12.708085861706767,2.81,28.73674079440582,53.81804890704286,17.445210298551316,1.5174346291039056,0.09701402333046066,0.17504705133048087,0.033539871930691245,0.014583039931775225,1.8376186156273135,71.26325920559418,Sélection automatique par sortie,False
943,23.20674315384876,398.73345096964005,11.87441556226854,16.94696325296467,4.19,29.255889112316734,53.70891708056461,17.035193807118652,1.03158975143872,0.07130984397955194,0.12048279281104873,0.018199496133615996,0.011655190015677186,1.2532370743786139,70.74411088768326,Sélection automatique par sortie,False
944,23.73116416441637,421.78155996369856,29.22,23.91,3.33,26.48462740613424,54.99560666668456,18.519765927181204,1.3777253261120728,0.0929132683024772,0.15355099491824242,0.030154880754083162,0.013426060006440223,1.6677705300933157,73.51537259386576,Sélection automatique par sortie,False
945,48.764604237332634,537.0609257562885,22.674173961813654,26.39,2.16,21.80641475142706,57.34373151062341,20.849853737949545,3.100284738481708,0.20891443884808375,0.36414306372403915,0.10120569043114683,0.03016444922657808,3.804712380711556,78.19358524857296,Sélection automatique par sortie,False
946,23.022763114858364,411.1329912869002,19.736987317767493,17.134205190067032,2.89,28.175244619610584,54.62954811920184,17.195207261187576,1.2146354831780783,0.07924565010980128,0.15007310608533275,0.025013624606373484,0.01245809834229339,1.4814259623218795,71.82475538038942,Sélection automatique par sortie,False
947,68.10880873393721,515.918844673819,14.82,16.08532933754712,1.4523727053280393,24.943504007023947,55.733875572261184,19.322620420714866,3.0645354105674247,0.21414601204781997,0.3770608963179205,0.10168275773238242,0.031639460770787636,3.789064537436335,75.05649599297605,Sélection automatique par sortie,False
948,31.814597857191433,504.01645166351204,29.518476204762344,22.154385045678705,2.8454208605803286,23.207793108268834,56.959485522609384,19.832721369121767,2.520339328994072,0.16626314848078103,0.31004786739325835,0.075070779818178,0.021282719044165704,3.093003843730455,76.79220689173115,Sélection automatique par sortie,False
949,47.394951122943645,437.847675181887,28.085159515065875,13.887446563792727,3.32,28.81352036263928,53.188176238302944,17.99830339905776,1.6861739014863928,0.11316040080865493,0.2041616479241008,0.04370543622464824,0.020428096448116388,2.067629482891913,71.1864796373607,Sélection automatique par sortie,False
950,46.20129214594911,485.1545470637882,12.01,12.59684697247986,1.36,25.48553471078877,55.737081540871685,18.77738374833954,2.318479746969002,0.1650681814265179,0.2916969469836344,0.0729922944530474,0.02579721860999076,2.874034388442193,74.51446528921122,Sélection automatique par sortie,False
951,53.95520744821948,395.30797059895417,23.746519410744167,14.210449683941855,2.47,30.545724594731084,52.11271578241122,17.341559622857684,1.1315321818794573,0.0784802427109218,0.1302463701641735,0.02414712426685852,0.014273670737474134,1.3786795897588855,69.4542754052689,Sélection automatique par sortie,False
952,63.561240274747846,542.5450612846356,11.751405025595462,16.7,3.5073093447668815,24.00572501447409,56.21141834523864,19.782856640287264,3.3086149583086444,0.23126581723915812,0.40300658308211085,0.11135959695374058,0.035904167085322077,4.090151122668976,75.9942749855259,Sélection automatique par sortie,False
953,34.031249744308525,494.4068415117285,14.494112995015847,17.78,2.4324193682719786,24.309166740952836,56.212081950286795,19.47875130876037,2.219439399232902,0.15127908623265274,0.28050749773952505,0.06881243994538408,0.025054122048193374,2.745092545198657,75.69083325904717,Sélection automatique par sortie,False
954,44.959255179927105,405.1350881467854,20.43,18.31365655908041,3.3690090893217755,29.537783988699953,52.76641121611036,17.695804795189687,1.218013958787148,0.08263363513164942,0.15051410413359262,0.02647324144060309,0.014349090446575216,1.4919840299395684,70.46221601130006,Sélection automatique par sortie,False
955,23.848618228971283,372.18953670693685,25.144721396884677,12.617476544394345,2.77,30.56958880045258,53.192564949359344,16.237846250188078,0.8595088633975572,0.05258104926589775,0.10122147633087267,0.006858712343922886,0.008690535310483466,1.028860636648734,69.43041119954742,Sélection automatique par sortie,False
956,56.47100655116482,502.4738786507921,28.780018349695528,23.10323012551226,1.77,24.423744732528423,55.85564943301565,19.720605834455913,2.7681448936124706,0.19046258976259275,0.3491696484757044,0.08871390715990207,0.02833552390017762,3.4248265629108476,75.57625526747157,Sélection automatique par sortie,False
957,70.60158955476953,407.27729623729573,24.067697108329728,18.110137768038072,3.45,31.079052353090876,51.34758675524245,17.57336089166667,1.3064261673517021,0.0940447980750064,0.1554921450583926,0.033223073967383485,0.020664824618926464,1.609851009071411,68.92094764690913,Sélection automatique par sortie,False
958,52.61,449.6750245950213,16.7271476974316,11.80636806438204,2.32,28.192017960758115,54.19532253690926,17.612659502332637,1.8841573781746395,0.13099926757330096,0.21496304465464128,0.05455612775462548,0.020216250046762654,2.30489206820397,71.80798203924189,Sélection automatique par sortie,False
959,45.24772934377604,465.7556590112567,20.16058143688802,10.725043492334114,0.9495444534722475,27.040964045985174,55.40107183257175,17.557964121443074,2.1297736490743793,0.14784968697540216,0.2656159227490096,0.06329635167170217,0.021786326047229944,2.628321936517723,72.95903595401482,Sélection automatique par sortie,False
960,52.85915063302799,531.6574294612386,16.414850031545672,22.603975253994122,3.300392439896186,23.372108648520616,56.31246172090272,20.31542963057664,2.9814990930186682,0.20177332375629922,0.328151022463318,0.09698944992687639,0.03173955895613658,3.6401524481212983,76.62789135147936,Sélection automatique par sortie,False
961,61.59228369029587,415.0576488127253,18.34527539749596,24.066802105383353,2.2459040111734763,28.849584822648396,52.40704060060775,18.743374576743864,1.4687515255664865,0.0990206055562581,0.18324703913049561,0.036792860832711105,0.016831981538067416,1.8046440126240186,71.15041517735162,Sélection automatique par sortie,False
962,23.147288974729392,382.2119676068579,18.496656973673442,12.521565911435726,2.84,30.1401961292228,53.649253665517136,16.21055020526005,0.9406951165780038,0.060728410711403724,0.10848270034531493,0.012833710721560754,0.01020034523055074,1.1329402835868339,69.85980387077718,Sélection automatique par sortie,False
963,71.23,423.6470321025753,24.820084544186646,17.13,2.808841618510618,30.25219709524488,52.11324445979441,17.63455844496069,1.5710351914785405,0.11209290760264894,0.1862915520142989,0.04407179194869974,0.023936984991215632,1.9374284280354037,69.7478029047551,Sélection automatique par sortie,False
964,22.332548844695143,425.0467771782691,23.495862075501055,15.583230813092177,3.7816185710975705,28.109854838129277,54.337051410296695,17.553093751574018,1.3866057541812564,0.08838300923894743,0.1725365003880149,0.029278554447960625,0.013385923161725348,1.6901897414179046,71.89014516187072,Sélection automatique par sortie,False
965,62.87845213714482,476.36,25.014107168093915,7.851430506424966,3.29,28.56532616052418,53.64476534578983,17.78990849368599,2.3349249856674423,0.16136256930488788,0.28174170978206003,0.0736494130383277,0.02684721990056125,2.878525897693279,71.43467383947582,Sélection automatique par sortie,False
966,57.19585830033847,482.42751507814364,15.151083300177595,12.762526260681128,3.0201477448095613,26.9788687503309,54.684427138702965,18.336704110966128,2.3575350177982437,0.1648451073321221,0.27777979248560336,0.07404212628413802,0.025753832996770875,2.899955876896878,73.0211312496691,Sélection automatique par sortie,False
967,49.57318756749455,381.84165312304543,28.418943083424722,13.304537441300143,1.72,30.89939095303055,52.28623981539275,16.814369231576695,0.9600816189796326,0.06654741576440364,0.11947028201394863,0.016373268290528785,0.01326468643327635,1.1757372714817902,69.10060904696944,Sélection automatique par sortie,False
968,54.29342470227133,464.7490354618499,15.147163478096754,14.40487733144774,1.89,26.971802063237377,54.6103474579881,18.417850478774522,2.1158075105176732,0.14715005308310158,0.26771315724183337,0.06367803154618193,0.022885276153408247,2.6172340285421987,73.02819793676262,Sélection automatique par sortie,False
969,58.48258231594218,423.35372360852506,29.916903769298983,10.327629430313097,0.97,29.87812421813868,52.97875458384178,17.14312119801956,1.6049528086219889,0.1122893061918321,0.19874264050505847,0.0421440866717259,0.020259250328110236,1.9783880923187158,70.12187578186133,Sélection automatique par sortie,False
970,53.316565190458554,541.8135139478305,16.68,14.68,0.599262873775874,23.347699657120412,57.51253277413233,19.139767568747246,3.3412933625455308,0.2389854891649426,0.41429901634591193,0.1126899039934262,0.03647808305021108,4.143745855100023,76.65230034287958,Sélection automatique par sortie,False
971,53.8002231263245,427.4777263293554,11.9244148852919,20.470248216377907,1.52,27.620911473283762,53.38671283250393,18.992375694212313,1.643309035011846,0.11198868953487331,0.20096808183900255,0.041573107700740186,0.017735471831396857,2.015574385917859,72.37908852671625,Sélection automatique par sortie,False
972,58.789261168195154,506.2709075413454,23.82535943359894,19.51,0.6063512793407493,25.00806690437722,56.04115184505698,18.950781250565804,2.936937216522457,0.20731104235133696,0.35983291375092924,0.09374674948475825,0.030670704292318912,3.6284986264018,74.99193309562278,Sélection automatique par sortie,False
973,24.56464636598004,366.925682345673,29.465840210289475,22.359947434626253,2.11,28.7678699846936,53.973360686302286,17.258769329004114,0.7887335763912198,0.05564001672510917,0.09756199037938149,0.008478745745752858,0.008221364173641289,0.9586356934151046,71.2321300153064,Sélection automatique par sortie,True
974,28.576017799283562,410.02657350612054,20.014751564727078,19.65,1.8522673274967918,27.522662437728897,54.57988212921074,17.89745543306037,1.244291348482402,0.08302341514582343,0.1560248082158921,0.027443334753748307,0.012874649092198275,1.5236575556900642,72.4773375622711,Sélection automatique par sortie,False
975,37.01715280781222,384.47310696634503,23.008473753474842,19.46,2.44,29.4689725855209,53.17520423543944,17.355823179039657,0.9702808956145825,0.0656089543395434,0.1148190714456758,0.016799893638247985,0.01182638703166343,1.1793352020697134,70.5310274144791,Sélection automatique par sortie,False
976,44.75977769397183,494.17162342571885,16.2,10.915956997529547,1.6517727476674477,25.6637581095034,56.16423438465593,18.172007505840668,2.4335055668960854,0.1690828922090878,0.29612985789817736,0.07826356656345418,0.02535074875018249,3.002332632316987,74.3362418904966,Sélection automatique par sortie,False
977,25.534031962070358,477.7255789103479,25.468112446461188,12.180741545665217,2.24,25.88455797351364,56.35963012030367,17.755811906182693,2.1212109248555264,0.1349426978800421,0.27108529623286476,0.058711214388664675,0.01845381664363399,2.604403950000732,74.11544202648636,Sélection automatique par sortie,False
978,55.760122282428,473.53510467369256,15.456216207524982,8.91,1.54,27.263897210836284,55.199035754925525,17.537067034238177,2.2794747274054457,0.1617956485039588,0.2798460416843317,0.07199020884468359,0.023583093301785974,2.8166897197402054,72.73610278916371,Sélection automatique par sortie,False
979,63.05046243016266,496.70459824759655,26.47,12.29,2.591639498670414,26.841178851425017,54.620731675085196,18.538089473489773,2.693035633737963,0.18496636879326062,0.3331795221642976,0.0878162452975029,0.029299798856481093,3.328297568849505,73.15882114857497,Sélection automatique par sortie,False
980,31.66,433.7019551780082,12.87,21.10443512555992,1.57,26.129149817651733,54.96916899165495,18.90168119069332,1.4949797877889974,0.10231695813000405,0.17856672416008057,0.038167039027951086,0.016392177032811543,1.8304226861398447,73.87085018234828,Sélection automatique par sortie,False
981,48.378104513240366,410.9478751801713,27.753674540764024,10.288306633656719,3.672265190903931,30.74704542323122,52.10980114212186,17.143153434646926,1.3043332465230373,0.08722521141868425,0.16227233317262768,0.027853775124925748,0.016029796403599868,1.5977143626428747,69.25295457676879,Sélection automatique par sortie,False
982,47.21790718319372,439.9734670162474,22.017099913209112,19.58759106277721,1.9849930862940675,27.373404273317135,54.29855462649612,18.328041100186734,1.7200556789034591,0.11685164141374756,0.21238428770695358,0.04711542124801889,0.018812673097795073,2.115219702369974,72.62659572668285,Sélection automatique par sortie,False
983,50.5928339459272,502.57258929792886,19.996524405519725,22.611413879764463,2.41,24.310665909063637,55.84033378158789,19.849000309348472,2.5878748899543083,0.17480186587093027,0.2951874539817825,0.08149202316191245,0.025762933384866703,3.1651191663538,75.68933409093636,Sélection automatique par sortie,False
984,51.24237611511068,468.6376159200352,12.77,19.05758181899919,2.6289216200210057,26.332880694072745,54.62468447193567,19.04243483399157,2.0960488355837112,0.14371263427733721,0.2549582406625207,0.06118844717920941,0.023968323393713343,2.5798764810964916,73.66711930592724,Sélection automatique par sortie,False
985,24.01,520.2994921530606,24.68,22.344494300824913,2.9649556870299194,21.983345254548873,57.76746922248602,20.249185522965092,2.543751913934494,0.16629419016054103,0.32170838169204574,0.07788894874239398,0.02227427831409059,3.1319177128435656,78.01665474545112,Sélection automatique par sortie,False
986,47.22,397.8301159617488,14.13,19.015754779929342,3.07,29.511820837189727,52.44661403701885,18.041565125791433,1.168437933599764,0.07915566871573879,0.13852016879815476,0.02367615292603887,0.013465249047961635,1.4232551730876581,70.48817916281028,Sélection automatique par sortie,False
987,39.98593409041551,491.50495349010424,24.678503938599327,17.89,1.7279270397339723,24.673864636508444,56.27980238248247,19.04633298100908,2.4040093701355487,0.16088737290819283,0.30408540780414134,0.07330785130902051,0.021145701110670174,2.9634357032675736,75.32613536349155,Sélection automatique par sortie,False
988,52.92,463.161630856505,19.490341471777963,11.73,3.6272811523097506,28.21810760761161,53.79043871811121,17.991453674277174,2.038650382478794,0.1403916704324401,0.256099610184406,0.060344305478000806,0.022570062410152403,2.5180560309837934,71.78189239238839,Sélection automatique par sortie,False
989,39.84259841294966,521.3753845355419,18.53486379718613,11.078453249009266,3.07,24.89077202564228,56.705835618715106,18.4033923556426,2.720643266033568,0.18438204296777183,0.3349068556940059,0.08977817943860343,0.029183329144412254,3.3588936732783616,75.10922797435771,Sélection automatique par sortie,False
990,49.51188946981616,391.88961407351235,20.091497777025097,26.36231830438443,2.5022534626527944,28.976143509446576,52.511215371070406,18.51264111948301,1.0834325838346948,0.07352923235567085,0.12116985495064675,0.022851266364766323,0.01366168048939401,1.314644617995173,71.02385649055341,Sélection automatique par sortie,False
991,25.117736656020583,480.6747454864167,23.545645782376834,11.94,2.47,25.856000237643016,56.35940090165107,17.784598860705906,2.1182400784017705,0.13576096472898924,0.2737771875482424,0.059881074636421075,0.01900952472683597,2.606668830042259,74.14399976235697,Sélection automatique par sortie,False
992,25.97,502.3091169344538,18.36,22.531539867422463,2.1099389262130335,22.658299685021138,57.3693757477525,19.972324567226345,2.2373779547920503,0.14930415059179208,0.28012691573791176,0.06868492668562601,0.02215887852615965,2.75765282633354,77.34170031497885,Sélection automatique par sortie,False
993,50.66093149368981,518.9423121475781,26.86288825695301,9.53,2.62,25.647533228915915,55.86333685189641,18.48912991918767,2.9446723761021674,0.19647503378842737,0.357188576291984,0.09621696193723031,0.030152652940105364,3.624705601059915,74.35246677108408,Sélection automatique par sortie,False
994,56.92943191595691,452.2655518446743,23.848054317568035,16.526283295601193,1.652676407759268,27.70060582596384,54.16328089993328,18.13611327410289,1.9808939290091792,0.13650690384127992,0.24102806727767495,0.05828566679950663,0.023255317297048626,2.439969884224689,72.29939417403617,Sélection automatique par sortie,False
995,64.80206279334199,419.4779326348351,25.18,21.364456756395107,3.6370087112772045,29.98409385782066,52.03696384536168,17.978942296817653,1.467100192203136,0.10423123006065278,0.18269221738501581,0.038863009496446985,0.022127256347609106,1.8150139054928607,70.01590614217933,Sélection automatique par sortie,False
996,24.096827674559393,449.86591927315084,24.016811972930913,14.300864352029116,4.034997186109445,27.421279772923743,54.71134713292279,17.867373094153475,1.6903271694883237,0.10778821139539642,0.21327005520155332,0.041158179183046595,0.016465636762625115,2.069009252030945,72.57872022707626,Sélection automatique par sortie,False
997,60.86627874281422,491.9052952357057,18.751977005937896,17.609762444482552,2.52,26.105994847019666,54.914895712237566,18.979109440742782,2.557403060897596,0.1755595904555043,0.3041965773743988,0.08126836358777251,0.02726016716080242,3.145687759476074,73.89400515298036,Sélection automatique par sortie,False
998,29.20610338151812,484.4986657978008,13.963557593264689,9.69354758251914,2.8629235608623196,26.26911308377877,56.409344105373684,17.321542810847554,2.075375925272623,0.1434387017326621,0.25850290999474035,0.06404658520707876,0.02450620213241823,2.5658703243395222,73.73088691622124,Sélection automatique par sortie,False
999,47.93834751175088,484.10315419884154,17.33,20.928644914496722,2.8,25.402531128169944,55.19517437860718,19.40229449322288,2.2669625646413083,0.15325624113762665,0.2699234226259147,0.06872233424889634,0.02433001113470018,2.783194573788446,74.59746887183006,Sélection automatique par sortie,False
1000,52.92,432.2455575741096,16.141651539532003,17.51840133515656,2.759223421610393,28.47072686841206,53.407957170491535,18.12131596109641,1.6331591219238781,0.11172513930359562,0.192385174491438,0.043140337465887094,0.018374216694830206,1.9987839898796291,71.52927313158794,Sélection automatique par sortie,False
1001,24.063111870877393,452.61640954760844,20.898681443495697,9.018085284448528,2.07,27.429578894496156,55.71825049730522,16.852170608198612,1.7659734802272105,0.1139346732157385,0.21105990547721976,0.04614107489308707,0.016352213119310247,2.153461346932566,72.57042110550384,Sélection automatique par sortie,False
1002,45.81458440395461,439.8203451647354,15.989833181071758,8.238991564066245,3.43,29.258696957257722,53.75966272904489,16.98164031369737,1.6828531634972004,0.11760542283941547,0.191635427269922,0.0458317997464293,0.017471311229764246,2.0553971245827314,70.74130304274226,Sélection automatique par sortie,False
1003,46.106855865624865,486.71500636545346,15.305216135105333,18.312553672602025,3.54,25.826850522396615,55.07156605247106,19.101583425132322,2.2551500563097004,0.1538388395473554,0.2702772677826482,0.06854622168802478,0.02591092722484656,2.7737233125525753,74.17314947760339,Sélection automatique par sortie,False
1004,66.02429089774263,457.5194530267461,12.87,13.849547494021605,1.65,27.658475956402903,53.931517629421215,18.41000641417587,2.1572302990694743,0.15243259668127696,0.2678742184225535,0.0642801910372117,0.023019184280322888,2.6648364894908387,72.34152404359709,Sélection automatique par sortie,False
1005,56.497685541144456,441.41239269954616,14.905777097323389,27.38729263093621,2.356487121520152,26.95564918941718,53.43647873416197,19.60787207642084,1.790177454800835,0.11778820856042894,0.19733923651341517,0.047117684045194064,0.019796797187055893,2.172219381106929,73.04435081058281,Sélection automatique par sortie,False
1006,31.67278204193244,497.5770029264512,14.722732474986115,18.43,2.76,24.09814434941966,56.31350111130049,19.588354539279848,2.21473614260837,0.15025616792813123,0.2776177901664644,0.06861617939469397,0.0253284426108368,2.736554722708496,75.90185565058033,Sélection automatique par sortie,False
1007,59.08272970068842,449.4913346723276,23.792996248403888,15.672563486373098,0.7511029748161221,28.01479515236659,54.07262318730825,17.912581660325156,2.0375502475391745,0.14404233977058326,0.2458527486360557,0.05945228575817021,0.021861503200309232,2.508759124904293,71.98520484763341,Sélection automatique par sortie,False
1008,53.27027680287347,383.8039735020174,30.085340511480414,8.351263355812963,1.86,31.775850522862864,51.8649786099682,16.359170867168938,0.9647462291698881,0.06553418945584974,0.11942827639937689,0.015582962829559267,0.014394476107560495,1.1796861339622342,68.22414947713713,Sélection automatique par sortie,False
1009,28.051745499254363,484.26411592118245,22.369859050834194,9.457979042718213,2.59,26.30167308957356,56.13856103546349,17.559765874962967,2.182092902768453,0.1411067116790749,0.26935189123981235,0.06347322465816627,0.020420661165385733,2.6764453915108923,73.69832691042646,Sélection automatique par sortie,False
1010,42.33710504496047,524.5946139819288,23.13394324971458,23.274015943237366,2.23,22.502650176330896,57.17514774047233,20.32220208319677,2.836677856412442,0.19032922721634404,0.32970446149246024,0.09114013635723207,0.026784703544713896,3.4746363850231923,77.49734982366911,Sélection automatique par sortie,False
1011,50.41397729260836,409.5632353227322,26.130906700348262,12.617640249112505,1.841626643573252,29.826078407274068,52.97046742884167,17.203454163884263,1.340114511254268,0.09139979664411838,0.16789677523693003,0.03140876191846302,0.015842067266990466,1.6466619123207702,70.17392159272593,Sélection automatique par sortie,False
1012,70.17894310038818,509.00998752769704,20.757270538451234,20.03949028907863,1.57,25.260788888075556,55.22927886858196,19.50993224334248,2.993003228250953,0.2063746298231754,0.3689143021524364,0.09839872296613561,0.03197084961449202,3.6986617328071922,74.73921111192443,Sélection automatique par sortie,False
1013,25.01688097289533,497.2823774725317,14.726253936727064,11.435065088148631,3.73,25.669615180106927,56.573438879327966,17.75694594056509,2.1501374923415777,0.1464528832593814,0.28039449362267493,0.0668053744621069,0.02717139371904731,2.670961637404788,74.33038481989306,Sélection automatique par sortie,False
1014,55.33,359.6776709575412,24.14467285982246,26.39,3.24,31.164248947735132,51.01706259484993,17.818688457414947,0.6400785664615722,0.048138103868217666,0.07790849328054536,0.008142702858365443,0.0106286451693688,0.7848965116380696,68.83575105226488,Sélection automatique par sortie,True
1015,53.28,535.6009946946207,22.2,14.42,2.43,24.041399787887528,56.63816764488078,19.320432567231695,3.1683944053360724,0.21528872931147552,0.39275383729861946,0.10704825877976501,0.03327943869699666,3.9167646694229292,75.95860021211247,Sélection automatique par sortie,False
1016,32.72,466.7030257191983,13.704776675416303,13.12,2.309678271480468,26.305309468124413,55.76446321530796,17.930227316567617,1.8981598724301934,0.13119825719166514,0.24605123879092475,0.0557898526306094,0.02171256242110181,2.3529117834644944,73.69469053187558,Sélection automatique par sortie,False
1017,33.02,418.95098965954685,16.432405804705706,15.624285734112279,3.77,28.85912753226951,53.7167458386811,17.424126629049393,1.3201844931978726,0.08897766402954171,0.15810549128534765,0.029824075614480326,0.014881825317918297,1.6119735494451606,71.14087246773049,Sélection automatique par sortie,False
1018,32.46019521674008,426.2426553820609,22.068297242964878,11.170777664177608,0.5780420771903588,28.33248746003248,55.174586627204626,16.49292591276291,1.5961372096782533,0.11236221121813025,0.1676782731062422,0.037599802022907414,0.013861696547282823,1.927639192572816,71.66751253996753,Sélection automatique par sortie,False
1019,59.95330785999655,411.68410029777095,14.681797959420939,11.766862396896908,0.87,29.503563346420755,52.768381910542324,17.72805474303692,1.5270678697748326,0.11000219434713743,0.19192590265428564,0.038519542163859,0.016535517713637263,1.8840510266537518,70.49643665357925,Sélection automatique par sortie,False
1020,27.596294081834476,515.2817292339662,27.1273930958885,22.196123095882406,1.4334336133254166,21.839125154450038,58.235854330794176,19.925020514755783,2.626865801338951,0.1745280662639045,0.35098953329490135,0.08023778260498247,0.019848446373779218,3.252469629876519,78.16087484554996,Sélection automatique par sortie,False
1021,52.462994618456534,516.8450489874588,22.536989932662102,9.908388724078153,2.41,25.573624071394324,56.004342482562656,18.42203344604301,2.884677156277295,0.1961570245756203,0.3546450499594262,0.09594936258205086,0.03016851211277692,3.5615971055071687,74.42637592860567,Sélection automatique par sortie,False
1022,54.27514228119365,517.0228170554602,12.44,16.963055584601705,2.77,24.459279291618863,55.97077020862921,19.569950499751933,2.7962975810006228,0.19420278517678957,0.33608586897300374,0.0911676909897992,0.03058904564523939,3.448342971785455,75.54072070838114,Sélection automatique par sortie,False
1023,50.925585664982016,549.3956894332439,24.399775990297098,17.57,1.31,22.399680492688926,57.65452099487033,19.945798512440742,3.426381376567109,0.23305194267925813,0.4309823616469887,0.11582391742480508,0.03335518501797439,4.239594783336136,77.60031950731107,Sélection automatique par sortie,False
1024,44.476956890152664,497.7829282317639,18.283317134671947,13.066126671381706,2.66,25.65601383088197,55.84202770344164,18.501958465676378,2.4526586647273336,0.1671013500834575,0.29556140754562704,0.07803394667418509,0.02551808548395589,3.0188734545145595,74.34398616911801,Sélection automatique par sortie,False
1025,22.25913548638595,503.38363339140795,19.03484416109102,17.93,1.66,23.025819991632098,57.604151483719654,19.370028524648248,2.263757605958955,0.15090092898155585,0.298502982950864,0.0696962999650651,0.022174463741941684,2.8050322815983817,76.97418000836791,Sélection automatique par sortie,True
1026,33.793096713205564,362.4587267999897,19.56495747402203,8.26257927781213,1.3592118590309148,31.415028340554652,52.998904470669345,15.586067188776,0.8028448164038204,0.05329412603230679,0.06913307013831227,0.007045683126990394,0.009480561360413722,0.9417982570618436,68.58497165944534,Sélection automatique par sortie,False
1027,30.389288723485073,442.855244017601,14.985524065055577,21.075566754528754,2.41,26.08928285670288,55.08729585113387,18.82342129216325,1.5636428350788316,0.10520277612065505,0.19012459912379853,0.041087990493924795,0.017289615211169444,1.9173478160283794,73.91071714329712,Sélection automatique par sortie,False
1028,45.25812185271488,485.87085704576737,22.941427725297938,20.247326764821107,2.32,25.106916293749833,55.6218810587285,19.271202647521662,2.3267392423047886,0.15674719908404855,0.28614406909251855,0.07097933022363664,0.022417740194818233,2.8630275808998107,74.89308370625017,Sélection automatique par sortie,False
1029,59.58232046981232,375.24770896224715,17.61,15.397511838720767,3.77,31.84880416388369,50.714218553987344,17.436977282128968,0.8861802640602403,0.06239088058482463,0.12508766400733284,0.013431585453614218,0.0125859942981639,1.099676388404176,68.15119583611632,Sélection automatique par sortie,False
1030,70.69544407314994,429.5928010566645,15.055542995083663,11.321577963244787,1.71,29.494080363271426,52.90297916329368,17.60294047343488,1.7703760969877294,0.1266672495257559,0.20435093328081952,0.04992860911826719,0.021017328924170648,2.1723402178367426,70.50591963672856,Sélection automatique par sortie,False
1031,55.046798312510674,400.8309117373977,23.597816873011748,20.240132034749376,3.84,30.372190355448016,51.92163423191101,17.70617541264098,1.1712639336276813,0.08214587324448955,0.14271841639604527,0.025887114128098826,0.01552945782133578,1.4375447952176508,69.62780964455199,Sélection automatique par sortie,False
1032,29.804125341773787,439.5762690418518,19.09,16.509302468346124,2.8958657732901703,27.264368903240026,54.84911821744629,17.886512879313678,1.5649374922545383,0.10370854551394407,0.1890956542302168,0.039863507488091116,0.01674394681416767,1.9143491463009579,72.73563109675996,Sélection automatique par sortie,False
1033,30.952536378961558,505.3669780230318,27.965356597500474,22.670327057825133,2.99,23.075879665361757,56.98358013378535,19.94054020085289,2.4933109885062885,0.1645281328215636,0.3105218575104544,0.07464216352539264,0.021474221631498654,3.0644773639951977,76.92412033463825,Sélection automatique par sortie,False
1034,43.31683874345132,448.0801810359402,19.7,19.756564861649114,1.87,26.65999816658418,54.78883503292516,18.551166800490662,1.7920346747605302,0.12121733834616251,0.2210839245987418,0.04988393136780496,0.019309534372756277,2.203529403445996,73.34000183341581,Sélection automatique par sortie,False
1035,36.11973699369202,410.7892148103337,25.261489298760072,14.710512041624568,2.25,28.93940594576637,53.861089617295114,17.1995044369385,1.3130220305788711,0.08635277982827125,0.16528542509315491,0.0282335989923785,0.01377647198416585,1.6066703064768417,71.06059405423362,Sélection automatique par sortie,False
1036,35.99368691743058,464.54828553728595,19.296170415403573,24.234805237414818,3.18,25.337788253466126,55.262290337766736,19.399921408767128,1.8710432330030413,0.12499037889905718,0.2248790130959173,0.05260095980980645,0.019904084871185466,2.2934176696790076,74.66221174653387,Sélection automatique par sortie,False
1037,65.79336303205189,458.1772797567625,23.766471460263848,13.818198680770449,3.17,28.742531247633444,53.11666966747333,18.140799084893224,2.0714609641641744,0.14445777457821377,0.25631192279701576,0.06284656552051515,0.026422255019293635,2.561499482079213,71.25746875236655,Sélection automatique par sortie,False
1038,31.682988045764166,457.5601618499318,22.14009549139107,9.197604610842104,2.58,27.673718786049037,55.131983492686444,17.194297721264526,1.8707097740743561,0.12163254413070088,0.23453422985298633,0.05064022184604293,0.018262915610975237,2.295779685515061,72.32628121395098,Sélection automatique par sortie,False
1039,48.749250959509695,448.71266465546273,16.88630337683703,14.570644570261146,3.65,28.281700611098934,53.67774265602331,18.040556732877757,1.7972356951119448,0.12351181035974605,0.21764522094744532,0.049907462590699656,0.019438068382804173,2.20773825739264,71.71829938890107,Sélection automatique par sortie,False
1040,53.420556726212666,485.9368287459593,30.03302333682953,14.745812868828716,1.9301813256562228,26.370357026552888,55.16336888416947,18.466274089277647,2.494276595090508,0.16872619493013247,0.3093729410718019,0.07716943457389519,0.0263524325501355,3.075897598216473,73.62964297344712,Sélection automatique par sortie,False
1041,62.408402668373334,367.9644999206469,13.133857250735955,25.29776063611142,2.28,30.6255563054218,50.72313503844828,18.651308656129917,0.9192721460675828,0.057513616280514365,0.11867970336893796,0.01243593093714055,0.01123657115908958,1.1191379678132651,69.37444369457819,Sélection automatique par sortie,False
1042,42.157584488976184,433.5800935032614,15.889601827271234,25.657086618360566,1.51,26.24178959558049,54.4838353729914,19.274375031428114,1.584915562092779,0.10641168632946175,0.19138514696357564,0.041101454003977335,0.017319416296927983,1.9411332656867217,73.75821040441951,Sélection automatique par sortie,False
1043,46.49483119111746,449.969925449992,16.315831992419927,18.734039883322687,1.5821855066363473,26.689087233587593,54.68395142433863,18.6269613420738,1.8482447371040112,0.12632459195332346,0.23010934388635035,0.0521084782778453,0.02013637514668925,2.2769235263682193,73.31091276641243,Sélection automatique par sortie,False
1044,47.51081003092707,488.98279999852275,24.230557752328558,11.469838947907075,2.81,26.63243010394534,55.11517306822304,18.252396827831614,2.418224059911438,0.16205505022131925,0.288828599550413,0.07477744714217235,0.024599572140521598,2.968484728965864,73.36756989605465,Sélection automatique par sortie,False
1045,59.92698255102477,499.6307277506145,19.74908409314743,12.785521090141268,1.98,26.074885962919897,55.39284370000566,18.532270337074443,2.6936209896947076,0.18644848599049807,0.3320565004951449,0.08838361189706243,0.02833709502433479,3.3288466831017476,73.9251140370801,Sélection automatique par sortie,False
1046,68.38818416195524,399.44157882426606,29.28924809634221,25.942372652378026,2.23,29.97718747624515,51.686163682166246,18.336648841588612,1.2020269578081453,0.09141494336753513,0.1468814615173673,0.03243589030796003,0.02239358719458706,1.4951528401955947,70.02281252375485,Sélection automatique par sortie,False
1047,23.487080460008926,472.15351893393137,25.73,9.424735789562602,1.44,26.304699727023635,56.58938204792676,17.105918225049585,2.0877548737686435,0.1321599458311718,0.24558197488606168,0.0560344270488002,0.01696068723190272,2.53849190876658,73.69530027297634,Sélection automatique par sortie,False
1048,33.500082595829014,461.05900092888714,13.874645071874967,20.49921988817175,2.7325362800855135,25.607968138974115,55.236049019213375,19.155982841812495,1.7882539417632655,0.12106520584453992,0.22661568112084962,0.05011242432131233,0.021127942814493577,2.2071751958644605,74.39203186102587,Sélection automatique par sortie,False
1049,23.194773581368867,441.0557981744177,25.59,17.39575486717618,1.8453919349561847,26.263694202373657,55.88240193009211,17.853903867534243,1.6374719260763895,0.10597663700442331,0.20631604550580504,0.03988397990689532,0.01492778927723782,2.004576377770751,73.73630579762636,Sélection automatique par sortie,False
1050,34.82585032776321,477.1996172219363,23.47067405972827,18.327264628375293,2.92,25.45317500818882,55.576382416015846,18.970442575795335,2.1050602707646946,0.13925529165500372,0.27014971489038025,0.060920372264897334,0.01960268698535653,2.5949883365603323,74.54682499181118,Sélection automatique par sortie,False
1051,47.83810650950484,429.3023692118472,14.33,21.455325472839814,1.93,27.397164010596384,53.76743291363529,18.83540307576833,1.579371340354847,0.10660688918407746,0.18518355532530328,0.040436009030403036,0.017524702149616173,1.9291224960442468,72.60283598940362,Sélection automatique par sortie,False
1052,61.85683635923216,398.63114589006375,23.370300111688106,16.95,2.8261519506951913,30.72683370610363,51.776667175676124,17.496499118220243,1.18149962212226,0.08352695436658797,0.1405799492706408,0.027366043907692282,0.017058179835144033,1.4500307495023252,69.27316629389637,Sélection automatique par sortie,False
1053,31.48258474047365,407.2309209668286,13.795574101879414,16.852993832346712,2.89,28.623752458199526,53.888897712176835,17.48734982962364,1.1955140577270558,0.0813454469258482,0.13784531651684587,0.02540345451699992,0.013402596638618501,1.453510872325368,71.37624754180047,Sélection automatique par sortie,False
1054,26.820890487388613,487.0524649538197,26.2,22.684320185085003,3.215960610569117,23.834052405675894,56.536236247585705,19.62971134673841,2.169024884800596,0.14263763223719822,0.26354395386847385,0.06204625566997256,0.018058670969872664,2.655311397546113,76.16594759432411,Sélection automatique par sortie,False
1055,36.82948922864587,402.93493957991154,14.91,17.027282926186555,2.81,28.997300607993253,53.42098712062297,17.581712271383772,1.1802190045320406,0.08003182026681441,0.13432575783235867,0.024705381299929066,0.013523257404247292,1.4328052213353901,71.00269939200675,Sélection automatique par sortie,False
1056,23.074583832309646,514.0086594451719,18.04512098288276,26.34410775408448,1.682778131041596,21.07306230129539,58.390604058971654,20.536333639732966,2.312479782793327,0.15518545400996042,0.2952367089973591,0.07199638657516894,0.02227288470609638,2.857171217081912,78.92693769870462,Sélection automatique par sortie,True
1057,36.50701339015891,438.9499383340514,17.96822057672722,18.95064188995378,2.58,27.038318699953045,54.5141063387304,18.447574961316548,1.5952400074868862,0.1070547977035414,0.1877794607405901,0.04180086543674337,0.017733031995914427,1.9496081633636755,72.96168130004695,Sélection automatique par sortie,False
1058,36.945682416556835,366.1488939215194,24.058315341595392,10.489477225323517,3.62,32.01431883716899,51.65105675449406,16.334624408336943,0.7496365875470805,0.04826506520102071,0.08549339209057105,0.004217671507061052,0.009608804231371317,0.8972215205771047,67.985681162831,Sélection automatique par sortie,False
1059,61.068171110624235,475.72836819591834,13.94,9.697796954365591,3.19,27.762153590589502,54.34390728606118,17.893939123349327,2.304005888402253,0.16443823201929664,0.27233392780312365,0.07248071491426025,0.02536316094914968,2.8386219240880837,72.23784640941051,Sélection automatique par sortie,False
1060,69.06910043184288,400.20361108358867,19.94,22.84469865766485,2.4448970365660037,30.221037744453934,51.426713708403426,18.352248547142644,1.279016216826018,0.08793450657100241,0.15730564581457135,0.030557942729402834,0.01654774065793995,1.5713620525989347,69.77896225554608,Sélection automatique par sortie,False
1061,24.153629489999705,441.6664470590951,22.545219772798,18.33,2.57,26.41131733887568,55.45247922289522,18.136203438229085,1.5845641789385585,0.10326210665944627,0.20123575867995813,0.039450191750895605,0.015705594776696776,1.9442178308055555,73.58868266112431,Sélection automatique par sortie,False
1062,34.91789820397915,549.7998631485209,16.41111721061669,11.099122037057175,2.81,23.1444107929155,58.03494327672655,18.820645930357934,3.0074873230838985,0.20528985311363857,0.3889475849575714,0.10406967562148296,0.03258972507738824,3.73838416185398,76.85558920708448,Sélection automatique par sortie,False
1063,30.364848662728207,548.6624060820817,26.198395229343216,25.965944627339972,2.92,20.211471468486288,58.60952910777971,21.178999423734005,3.0299020835438024,0.20048900198145417,0.3685341498596706,0.0971340873905206,0.027357483819036958,3.723416806594485,79.78852853151372,Sélection automatique par sortie,True
1064,40.75,543.8458490085839,26.628546643301913,19.69620955785541,1.5908947259484223,21.78313557579272,58.05711574714957,20.159748677057724,3.2064095070282694,0.2144262911586498,0.41818922166890515,0.10511085676468193,0.028819324412048687,3.972955201032555,78.21686442420729,Sélection automatique par sortie,False
1065,24.422874429537718,403.1124387557965,20.381635963765273,19.29,2.1176514853912347,27.824717077640937,54.64596078259008,17.52932213976898,1.1474239058031188,0.0757461180618001,0.13177953227280328,0.023123609361113566,0.011748990282410074,1.389822155781246,72.17528292235906,Sélection automatique par sortie,False
1066,38.38024253578017,390.52246770477575,13.20397908412482,11.116654546029707,2.39,30.196188906765737,53.3830990143796,16.420712078854653,1.0913526384294545,0.07664040669106298,0.11498188995493511,0.020745265531197418,0.012123371132414507,1.3158435717390646,69.80381109323426,Sélection automatique par sortie,False
1067,39.701514272046055,534.8155421876662,26.290201326675533,15.200031837484596,2.48,23.300810330769806,57.165579807939075,19.533609861291115,3.0394127889231304,0.20045719405250476,0.38491910455846934,0.09861419254079035,0.028465946062494907,3.75186922613739,76.6991896692302,Sélection automatique par sortie,False
1068,58.328545576760426,384.7966092780931,18.26051976271445,12.96124317150986,3.07,31.389178017612327,51.445931474513124,17.164890507874556,1.0179071297940292,0.07169088873375108,0.12746607705087137,0.019139435106817322,0.01359449281846598,1.2497980235039348,68.61082198238768,Sélection automatique par sortie,False
1069,68.93199026998344,484.1639362803449,17.832069750250962,9.902605220711921,2.67,27.608373397854372,54.212537398883555,18.17908920326208,2.521713112231868,0.17848324236971685,0.301330858860191,0.08233784545965994,0.027370004244620112,3.1112350631660557,72.39162660214564,Sélection automatique par sortie,False
1070,42.4650531714054,449.7127205176038,13.970408323215096,16.537026852478988,2.35,26.941846465721405,54.51475923360786,18.54339430067074,1.7791560191906926,0.1222463504842218,0.2163498115165572,0.049553733717442996,0.01945537422095395,2.1867612891298687,73.0581535342786,Sélection automatique par sortie,False
1071,54.08307007087324,463.4858968990171,23.843442883970845,22.94,3.9227560164893296,27.11487344514677,53.84975421017177,19.03537234468146,2.044805754313948,0.13993782407665942,0.2495800624840409,0.05945433899536825,0.024246800049989012,2.518024779920006,72.88512655485323,Sélection automatique par sortie,False
1072,48.1721299177756,529.174151088338,15.201396558838132,24.83,3.08,22.789521247432695,56.56725486032089,20.64322389224643,2.8491911042515095,0.19168533291238105,0.3207615129976908,0.09126878794273569,0.03039028014679361,3.4832970182511103,77.21047875256731,Sélection automatique par sortie,False
1073,44.73238125045521,517.6550983667472,19.373205867067902,20.986975422584088,1.0025505203529046,23.04581390277407,57.26285819101226,19.69132790621367,2.791735667076253,0.19195283570539554,0.36518475442042075,0.08971215606898914,0.027732886921704402,3.4663183001927633,76.95418609722593,Sélection automatique par sortie,False
1074,61.06642357977891,476.36,16.91,21.844621263049962,3.7863975750117413,26.954601967169626,53.95110988028452,19.094288152545843,2.2860863915056924,0.15532848682470776,0.2672420148267267,0.06798969854321002,0.02562357608524041,2.8022701677855766,73.04539803283036,Sélection automatique par sortie,False
1075,43.17219513219786,488.69250138478986,24.896986501737256,17.59,1.743567238523446,25.05429569516438,55.99597146383721,18.949732840998404,2.398675351589543,0.16116086453282663,0.30097753018502454,0.07332584169106819,0.021696364260783085,2.9558359522592452,74.94570430483562,Sélection automatique par sortie,False
1076,52.41609605358631,437.7724637889209,28.82326957763414,17.59,1.2143778298310426,27.984618417063388,54.23657184646567,17.778809736470933,1.7818048578696137,0.12409315088872812,0.22071355230735895,0.049395082849086586,0.021787891841839137,2.197794535756627,72.01538158293661,Sélection automatique par sortie,False
1077,22.241469478299475,457.09327148352355,24.351616894616033,16.16,1.77,25.701625046143917,56.39325701114337,17.90511794271271,1.8148651452599671,0.1172665214441074,0.24533687725781236,0.04731938729220156,0.016563916697897745,2.2413518479519863,74.29837495385608,Sélection automatique par sortie,False
1078,59.106851019428525,426.3860206322239,20.64075929038578,17.13,2.0,28.933832775253098,53.12973557871383,17.936431646033064,1.6071860001527871,0.11099948442891615,0.1923354068048452,0.04341899545453656,0.01864890976458631,1.9725887966056714,71.06616722474689,Sélection automatique par sortie,False
1079,26.209316263685,456.67241284139385,24.733845710247024,17.949047453650806,2.83,25.99303994970817,55.59434883708317,18.412611213208674,1.799554485032453,0.1167997090720766,0.2369414559908309,0.04709069763585915,0.017568211838695405,2.2179545595699146,74.00696005029184,Sélection automatique par sortie,False
1080,23.00277658633697,422.50978620311304,28.23,10.728044860786577,2.64,28.665347621544917,54.46307566932166,16.871576709133414,1.4670931673226661,0.08873608119285331,0.16977713913449363,0.028438078481469644,0.012089435830655632,1.7661339019621383,71.33465237845508,Sélection automatique par sortie,False
1081,61.40726652247154,497.37447535106224,19.949268552017383,22.9401482690504,2.43,25.230400548047832,55.04420871524555,19.7253907367066,2.6507219703764546,0.18012505802941312,0.3023259380194073,0.08367576001773622,0.028071475057511862,3.244920201500523,74.76959945195216,Sélection automatique par sortie,False
1082,22.809329371645653,408.773851929489,29.728909919898985,19.0399991058951,1.1447706362809527,27.082385035480073,55.46802690546281,17.449588059057135,1.3232068120895568,0.08852138794785604,0.14817710998473643,0.02597015201063789,0.010620885304472796,1.59649634733726,72.91761496451994,Sélection automatique par sortie,False
1083,38.74737343005419,483.22272766698455,28.57,19.549884492241613,1.55,24.67644862195949,56.34328260731949,18.98026877072101,2.329847446003879,0.156232780681189,0.29921651256768106,0.06883499173022639,0.020581184403532,2.8747129153865076,75.32355137804049,Sélection automatique par sortie,False
1084,26.84172792443491,490.14466919279937,24.523089531005503,20.0450116336965,3.025090071523347,24.10660709682639,56.484433898266076,19.408959004907526,2.200531303100166,0.14383738127916232,0.2778125224681587,0.06384071660064274,0.019337356593072143,2.705359280041202,75.8933929031736,Sélection automatique par sortie,False
1085,59.47861476374197,426.53077665207303,21.144952854746606,8.435850623317803,3.77,30.60955108197665,52.24092992437566,17.149518993647693,1.553237504065245,0.10912444284134333,0.1754744138542023,0.04098577112337218,0.019492555821319493,1.8983146877054824,69.39044891802335,Sélection automatique par sortie,False
1086,53.12547289184181,499.8272988324998,21.064260437068203,17.938864197084794,3.49,25.759184797914614,55.165594557338935,19.075220644746455,2.56997966884474,0.17465345639599233,0.29906434752099087,0.08121599282402106,0.028206452970179555,3.1531199185559236,74.24081520208539,Sélection automatique par sortie,False
1087,36.57442678300912,434.83165161302566,18.719438508212722,7.643734345768973,2.77,29.0893635404413,54.23588695297134,16.674749506587343,1.5936481462495096,0.10705928630436688,0.17594707028800635,0.04084548495213846,0.016169210977809916,1.9336691987718313,70.91063645955869,Sélection automatique par sortie,False
1088,53.655362556606974,367.9361941379313,17.34647241336327,18.518551314176925,2.5,31.02555620226855,51.43412543560092,17.540318362130517,0.8247148725769751,0.0562264780658438,0.11508938558985485,0.011504650088710516,0.011082311285766509,1.0186176976071508,68.97444379773144,Sélection automatique par sortie,False
1089,43.53,359.24365478621957,14.078395537886438,11.21131837109025,4.079769198678334,32.37958924936444,51.32715318383633,16.293257566799237,0.7131879670665988,0.05076900991252563,0.08983200532184293,0.004232292624660447,0.0093456446776949,0.8673669196033228,67.62041075063557,Sélection automatique par sortie,False
1090,62.03567815658797,488.92150337434794,22.03470043433101,8.424074251339135,1.4755045937003057,27.1209518301645,54.99931460351399,17.879733566321505,2.5884822506479956,0.18050616125603922,0.3286668673582556,0.08474767355210618,0.02650824623413188,3.2089111990485284,72.8790481698355,Sélection automatique par sortie,False
1091,58.809008496217515,404.2372861906599,11.579471767927368,18.43,1.32,28.972188128227135,52.42076925514548,18.60704261662738,1.4126976603168995,0.09709063286192543,0.1701612130367247,0.031886437332998306,0.015343169103246086,1.7271791126517941,71.02781187177285,Sélection automatique par sortie,False
1092,56.531713543489246,398.17050535362756,21.93115791619837,14.50714960539705,3.6865034061289466,30.948543394428906,51.48304604484989,17.568410560721205,1.149268459474674,0.08036347789979631,0.13838325922887507,0.024477838039167213,0.015337028841097111,1.4078300634836096,69.0514566055711,Sélection automatique par sortie,False
1093,39.948965288155975,505.45312714771615,16.26810440691259,18.143192550715476,3.595964270834446,24.667878197715964,55.89473953178615,19.4373822704979,2.4281591651756975,0.16461560011728954,0.2960306589251758,0.07627704007965894,0.02706391794354316,2.9921463822413648,75.33212180228405,Sélection automatique par sortie,False
1094,61.19402083351788,465.97315110003535,24.946414227718574,19.962095045811807,3.40494481005238,27.625066164827963,53.72285047352473,18.652083361647318,2.1580100165566143,0.1490220943399699,0.2721039790823995,0.06508930773476905,0.0262975923200586,2.670522990033812,72.37493383517204,Sélection automatique par sortie,False
1095,26.434723443448366,366.4726083636879,14.082284056960873,16.536838321006414,1.91,29.72697374337734,53.47643947550082,16.79658678112183,0.7982833997523804,0.05422777801782368,0.10193386027912779,0.009374891692471729,0.009480504310299129,0.9733004340521026,70.27302625662264,Sélection automatique par sortie,False
1096,28.171087889100672,492.5397675804121,14.87,13.35,2.32,24.930676699198294,56.73438320349243,18.334940097309275,2.157255724982931,0.1473014599916342,0.2842879875528873,0.06715617779761503,0.024820874152475414,2.6808222244775433,75.0693233008017,Sélection automatique par sortie,False
1097,31.318885839636966,415.73629095697083,26.573594680852047,23.27465219671845,1.98,26.88352999150335,54.85856583914536,18.257904169351285,1.343391519247604,0.09166507686384638,0.1627259730138439,0.031172891936577737,0.013472733813501293,1.6424281948753732,73.11647000849665,Sélection automatique par sortie,False
1098,54.746699382255244,501.03725339590795,22.358363274536618,22.148464513806324,1.16,24.405682471535407,56.1190949529223,19.4752225755423,2.704374463073,0.18571881553227496,0.3367623953782672,0.0858794610059896,0.026596791894005264,3.339331926883537,75.5943175284646,Sélection automatique par sortie,False
1099,23.71439203951504,523.896140621598,21.914833686938902,13.272301041549257,4.01290616398639,24.198848564638016,57.10751470149095,18.69363673387103,2.5712377888825335,0.16666179347495483,0.3285902785437511,0.08004680418755364,0.02697345704578156,3.173510122134575,75.80115143536199,Sélection automatique par sortie,False
1100,43.35,437.9314894266539,19.22827083456853,21.464709081936633,2.31,27.075320012284745,54.35534270398107,18.56933728373417,1.6398294307462709,0.11049500845417075,0.1982613260427404,0.043734967538046676,0.018262980611708283,2.010583713392937,72.92467998771525,Sélection automatique par sortie,False
1101,31.51508058459178,459.587696734332,22.51,18.70113279617739,3.08,26.10128796077794,55.18034458770887,18.71836745151319,1.8345517544269707,0.1210458310422276,0.24179298490731777,0.050000932158203455,0.018928117357600648,2.2663196198923203,73.89871203922206,Sélection automatique par sortie,False
1102,43.47642568740228,453.45811244453176,21.240775411021865,14.89,1.9844837278326646,27.141711828424793,54.700171653313596,18.15811651826161,1.8832063930015017,0.12708497673926672,0.23661480103024607,0.053347762629625026,0.019999141104723363,2.3202530745053624,72.85828817157521,Sélection automatique par sortie,False
1103,53.27711597613075,531.4100807972965,13.582545825475185,13.308934147700807,2.67,24.14417804065168,56.49503447185233,19.360787487495998,3.0072371142437513,0.21045793440646943,0.3742690861529407,0.10227454043522252,0.032938393232357796,3.7271770684707417,75.85582195934833,Sélection automatique par sortie,False
1104,47.42,491.7624707931014,24.779747174143253,14.42,1.77,25.63369104159118,55.69937650622718,18.666932452181637,2.491280197239571,0.1678473659871401,0.30557532848729424,0.07764574408922062,0.023734470613402434,3.0660831064166287,74.36630895840882,Sélection automatique par sortie,False
1105,35.65472735206517,361.3,23.62188488702554,16.557198714776078,1.76,30.548400898456496,52.84449749842398,16.60710160311951,0.7333498502948994,0.04942882110066618,0.07886997425884182,0.006715457817251309,0.009766282740039307,0.878130386211698,69.4515991015435,Sélection automatique par sortie,False
1106,28.298457414464814,419.2903441442178,29.615430360970706,17.316491668511357,2.24,27.706732117059378,54.79053122543994,17.502736657500673,1.424553016340999,0.09245663455820644,0.17370936082624144,0.030309911208956368,0.012952608997012947,1.7339815319314162,72.29326788294061,Sélection automatique par sortie,False
1107,65.53272285099929,531.4858929814735,18.239386587520265,15.389923946682746,1.0857822938826904,24.23612841603078,56.363383720422355,19.400487863546854,3.3175139220486756,0.23192891494804568,0.4141553761107601,0.11276011731349336,0.03501418081706847,4.111372511238043,75.7638715839692,Sélection automatique par sortie,False
1108,55.57836215066553,422.3132189210715,21.459684527113698,16.303700820407283,3.72,29.730975858848037,52.38910623650639,17.879917904645573,1.4781363402939711,0.1020702029318894,0.18111118168096435,0.037371848261712345,0.017982698016798693,1.8166722711853358,70.26902414115196,Sélection automatique par sortie,False
1109,53.87,485.9060248104893,21.19925604992057,15.012469711449938,1.0713239825508747,25.97231179371738,55.5258142189078,18.50187398737481,2.481558992036821,0.17182927342150048,0.3077577948885191,0.07800478295801537,0.025022188022780726,3.0641730313276363,74.0276882062826,Sélection automatique par sortie,False
1110,30.71971525426118,426.37,26.764761129924295,14.113968229330926,2.5212086801829243,28.19202794269962,54.43688215083097,17.371089906469397,1.4989460448153387,0.09619056029800413,0.17668607378345408,0.03372994886700048,0.014089890718985547,1.819642518482783,71.80797205730036,Sélection automatique par sortie,False
1111,61.84908453217459,441.48373812786696,17.61702952161262,24.06,2.43,27.747542635770493,53.18030008551397,19.072157278715547,1.8341836890357095,0.12347984234985393,0.20589924423079242,0.05046843772916146,0.020736180885291354,2.2347673942308086,72.25245736422951,Sélection automatique par sortie,False
1112,30.41926473617512,373.1552241659354,20.29429752043953,18.1,1.194503229117401,29.210619078124715,53.6068190455042,17.18256187637109,0.8873014433062327,0.06054089519057411,0.10237531701811275,0.01293392618544903,0.00989797984589285,1.0730495615462616,70.78938092187529,Sélection automatique par sortie,False
1113,30.843280708181798,476.1884636282073,14.635762600008253,9.47,1.5190170973017973,26.151387296166813,56.55568234157487,17.29293036225832,2.047382002980854,0.14253381462651726,0.25524745516276814,0.06244721601326043,0.022642861875455684,2.5302533506588554,73.8486127038332,Sélection automatique par sortie,False
1114,32.3204842671234,452.5362978719943,24.53,16.027605195969258,2.89,26.906347611019598,55.02222955988689,18.071422829093507,1.7932732697244655,0.1172110329703515,0.222523549907925,0.04723957564071436,0.017827530377838113,2.198074958621295,73.09365238898039,Sélection automatique par sortie,False
1115,51.33136629941785,500.03428946616526,27.393471189658126,22.62,2.83,24.659690477775015,55.59486369974844,19.745445822476547,2.6241006293120286,0.1783878841302729,0.30304680190289013,0.08235465594599252,0.026983885527714645,3.214873856818899,75.34030952222498,Sélection automatique par sortie,False
1116,50.947530117914184,453.48338094193053,24.544893127445942,14.624969729788498,2.5,27.842712486413724,54.0449836962172,18.112303817369067,1.9321153150132564,0.13105714686117867,0.24177094557244033,0.05539234848116092,0.022950840369776546,2.3832865962978125,72.15728751358627,Sélection automatique par sortie,False
1117,67.27465936733955,430.6816758303151,15.688105819010707,14.244867978218695,3.0,29.694792358346014,52.69182342772806,17.61338421392593,1.7109826070924834,0.12020154753181786,0.18710324220273306,0.04665259817849985,0.020624397573047973,2.0855643925785823,70.305207641654,Sélection automatique par sortie,False
1118,45.811184813873105,496.8310418352624,21.233926225045185,14.988955744170765,2.1584765400882855,25.290638693644333,55.819646362819725,18.88971494353594,2.4935198907820766,0.1685164688367682,0.30501223924233034,0.07871115387324654,0.024879983152548496,3.0706397358869704,74.70936130635566,Sélection automatique par sortie,False
1119,57.315957998319334,368.40125639674574,23.201366733855167,24.764770970231716,2.97,30.971673682793465,51.18294238751043,17.845383929696098,0.7684100445436761,0.05555182521525642,0.09874398224699463,0.012344154097937689,0.011368070334075808,0.9464180764379407,69.02832631720653,Sélection automatique par sortie,False
1120,54.2715219313026,391.429795827732,30.345423452288962,13.57,1.7074807612264822,30.714403380584802,52.20039072845168,17.08520589096351,1.0796624052019206,0.07619308721227863,0.1303736397950245,0.022064314837213356,0.0162220862219056,1.3245155332683427,69.28559661941519,Sélection automatique par sortie,False
1121,29.154675377971525,467.6002724571668,22.606873713286962,9.548464778916953,1.77,26.77014360644368,56.009282764882194,17.220573628674124,2.0088726928215164,0.13066110791117808,0.24605819231383289,0.056090178589294916,0.018367909068116327,2.460050080703939,73.22985639355632,Sélection automatique par sortie,False
1122,58.72256201328895,422.40626336693623,14.813857284026176,20.285954077289723,2.86,28.877569196599016,52.63275972919364,18.48967107420735,1.549037082752593,0.1049309747292429,0.1810748364669472,0.038647536727333606,0.017334701048817514,1.891025131724934,71.12243080340099,Sélection automatique par sortie,False
1123,63.31,452.57024426105204,16.16287405912716,13.527650673437245,2.18,28.248927780442404,53.80334672064978,17.947725498907825,2.017938994607015,0.14126475567494834,0.24624370218437186,0.059850673382122375,0.02278136270881144,2.4880794885572692,71.7510722195576,Sélection automatique par sortie,False
1124,49.781249164908786,422.8334782306646,26.488749146654424,17.162752969560266,3.3144186577688175,29.165395786266224,52.839553683389944,17.995050530343825,1.4720490000124866,0.1009732905224126,0.17932089343719365,0.03668430729677982,0.01856783679934812,1.8075953280682207,70.83460421373377,Sélection automatique par sortie,False
1125,28.18769732223946,539.2953388485556,21.83,19.476755971063533,2.17,21.50136258282266,58.225465795455506,20.27317162172184,2.8309087712532195,0.1871670736960406,0.3772306964654694,0.09190138625167646,0.02603586410213772,3.5132437917685433,78.49863741717735,Sélection automatique par sortie,False
1126,25.354518550997195,424.11173035042805,17.55856214340839,17.42,2.62,27.4655002334836,54.866065779997975,17.66843398651842,1.3538535872373412,0.08981217969563704,0.16000197941445848,0.03173095133713763,0.014314318735181391,1.6497130164197555,72.53449976651639,Sélection automatique par sortie,False
1127,49.00219553209831,383.8698952377914,20.008625049028513,24.107806723156894,2.79,29.70087491963252,52.19324964447073,18.10587543589674,0.976626966405318,0.06650266129095446,0.11776116697451836,0.018412513284145282,0.01271577385937917,1.1920190818143155,70.29912508036747,Sélection automatique par sortie,False
1128,61.96222266642588,518.0155299147665,21.97683257267832,13.12,2.05,25.37516731115579,55.84414033119698,18.780692357647236,3.017531430349269,0.2079868464189692,0.3883749002865612,0.10164378169189728,0.03243620431324239,3.747973163059939,74.62483268884422,Sélection automatique par sortie,False
1129,40.91611159191423,543.6008381397077,16.353611164053333,10.082706882701563,2.68,23.79012794775486,57.65954178802464,18.55033026422049,3.0283048703469113,0.20846776241053158,0.3908061586098169,0.10488587879128151,0.03302474967052642,3.7654894198290676,76.20987205224513,Sélection automatique par sortie,False
1130,22.46241540906138,452.8896449156765,20.81849418908051,27.93,1.74,23.72195906943878,56.762860964015566,19.515179966545663,1.6352610356831654,0.11038551620640964,0.19682815669239567,0.04421128438014519,0.01613970018950718,2.0028256931516233,76.27804093056123,Sélection automatique par sortie,True
1131,64.5,418.76861562330305,16.921825293792136,23.373121589325045,2.571576618274688,29.03050690846037,52.21150483390731,18.757988257632327,1.5376166927300667,0.10326472291581162,0.1784913731362341,0.03862724554999769,0.01815928441809146,1.8761593187502017,70.96949309153965,Sélection automatique par sortie,False
1132,55.516488365947005,360.43529231065156,22.99462849817561,14.566310053601262,1.5,31.60599369158448,51.30887031118402,17.08513599723149,0.7128493965922362,0.05101934885465309,0.09026869049737449,0.008393348818605671,0.010930411916437623,0.8734611966793071,68.39400630841551,Sélection automatique par sortie,False
1133,61.37958201612908,431.7305531760741,20.04590913143725,12.099689194755845,2.7635217497920856,29.567803629817956,52.77375063145433,17.65844573872773,1.6691323676355005,0.1166823739626624,0.186788636588686,0.04618084353709333,0.02034077652827869,2.0391249982522206,70.43219637018206,Sélection automatique par sortie,False
1134,67.24965500495738,499.7420599448584,21.65,10.066093879666754,2.93,27.08201645089759,54.46350350003023,18.45448004907218,2.7489153034347535,0.1919096491237745,0.3322076464531612,0.09164558869661352,0.030052391813054122,3.3947305795213567,72.91798354910242,Sélection automatique par sortie,False
1135,54.26147502190878,500.99829619302557,27.561772317745508,14.810305952126942,3.62,26.314919698933505,54.81033139816948,18.87474890289701,2.66295035392101,0.17999750360026268,0.31437506674556565,0.08416862897370822,0.02904031776999323,3.2705318710105398,73.68508030106649,Sélection automatique par sortie,False
1136,23.136011875043145,429.19172928112965,26.822135212588275,17.986705518163568,2.41,26.932322472921147,55.3549084955923,17.71276903148655,1.492597325415307,0.09603402345726963,0.18031283257975514,0.03351389466802765,0.013655527887082422,1.816113604007442,73.06767752707884,Sélection automatique par sortie,False
1137,24.550222584456783,477.0369458353354,22.19,8.076702880908956,3.544085972991253,27.152290978299746,55.49350372656265,17.3542052951376,2.047482422771899,0.1305593774625128,0.2625574330834749,0.05675858638428523,0.019187869681961747,2.5165456893841336,72.84770902170025,Sélection automatique par sortie,False
1138,25.45,529.627314118833,21.35354120064131,14.774752954320144,2.79,23.069178883038187,57.711050426918284,19.219770690043532,2.6721387169970736,0.1749100385307566,0.35245236583882567,0.08551428212721882,0.02642726823498391,3.3114426717288588,76.93082111696182,Sélection automatique par sortie,False
1139,54.2430946834582,419.0756311649864,24.3088859473647,18.52101482093014,2.57,29.164765891098156,53.02806131558743,17.807172793314418,1.4536830137820271,0.10049961043623493,0.17766419529505806,0.03724256505568205,0.018639749664780523,1.7877291342337829,70.83523410890184,Sélection automatique par sortie,False
1140,67.19623515419127,428.84638470527875,19.5272627307899,8.79944394193515,2.7840472887401333,30.2680213742971,52.504293316445846,17.22768530925707,1.653662962180048,0.11811886417316937,0.18514862674027321,0.04652807081580802,0.022052292599012178,2.025510816508311,69.73197862570291,Sélection automatique par sortie,False
1141,47.816765534455236,496.09142714245513,19.55627547252221,13.17,1.0698809168426422,25.332971416430567,56.078088575154595,18.58894000841484,2.5535238354520606,0.17680029716380913,0.31547604391732254,0.08140423754775623,0.025628552932903118,3.1528329670138517,74.66702858356943,Sélection automatique par sortie,False
1142,21.80340385600518,485.2602141260651,17.61,13.163032923716797,1.12,24.66832818273206,57.448494646261615,17.88317717100632,2.084047984496516,0.14193566975717373,0.2653408331056977,0.06227176183038757,0.02155541854887265,2.575151667738648,75.33167181726793,Sélection automatique par sortie,True
1143,47.45,521.7327751540643,17.219350799077343,19.715124935718677,1.44,23.18248940980389,56.94305534726955,19.87445524292656,2.8375214594068527,0.19415056641839032,0.365312588559328,0.09268976631659219,0.028970926394880275,3.5186453070960435,76.81751059019611,Sélection automatique par sortie,False
1144,47.847739497340584,520.6150767910792,18.85287289889408,11.648380684089407,3.7292553872182395,25.412965807986787,55.88431259411539,18.70272159789781,2.800180565693662,0.19142689013680714,0.33985181978393453,0.09264697371689845,0.03128610591663774,3.4553923552479398,74.5870341920132,Sélection automatique par sortie,False
1145,47.7,386.35223117243453,16.99697843155175,24.64619500994014,3.19,29.581105725753062,52.11360844436244,18.305285829884507,1.0060790729384332,0.0668987938531415,0.11872798938598966,0.018320639575138117,0.012582844848689274,1.2226093406013918,70.41889427424695,Sélection automatique par sortie,False
1146,60.2618021639775,465.19111277881143,13.977091646809079,17.468703696488177,1.3905862861560199,26.684638526920537,54.373805222869336,18.94155625021012,2.211404112157765,0.15346715472023176,0.2743020544792532,0.06591428402612426,0.024458043692678014,2.729545649076052,73.31536147307946,Sélection automatique par sortie,False
1147,28.50626415583442,518.7144119009168,19.94,12.448256981692804,2.0233308960581637,23.854071394352577,57.57100853149128,18.57492007415615,2.5821013668231703,0.17150201894446931,0.3394978120793428,0.08291624095995773,0.025910044562151378,3.2019274833690914,76.14592860564743,Sélection automatique par sortie,False
1148,38.52651853834407,423.54895527014406,22.04,26.427067637797165,4.049657646497216,27.52792056712564,53.68916958447301,18.782909848401346,1.377860284675043,0.0937492367332541,0.14867635567101747,0.033028191713989144,0.01599367706085893,1.6693077458541628,72.47207943287435,Sélection automatique par sortie,False
1149,62.55,438.99244754233877,19.050478047333325,14.89,1.6892738826306728,28.61627390522084,53.43536893499415,17.948357159785,1.8276553587096107,0.12723874416950204,0.21990647000215924,0.05236485333920774,0.021192137516698302,2.2483575637371778,71.38372609477915,Sélection automatique par sortie,False
1150,57.49923633246288,433.5036641113778,18.52828266013389,16.062581183918788,1.63,28.418007921223133,53.52185402282783,18.06013805594904,1.7204977731430866,0.11893300626533691,0.19849924938407237,0.047550955230841914,0.019045616291091416,2.1045266003144287,71.58199207877686,Sélection automatique par sortie,False
1151,45.95,526.3537486233035,18.451649055970293,19.194377631933893,2.06,23.14491886629157,56.860149320328496,19.994931813379942,2.868949629651519,0.1945831789248737,0.3568386972040353,0.09428186344176684,0.028867223836838124,3.543520593059033,76.85508113370844,Sélection automatique par sortie,False
1152,27.27,391.89,30.31362913544935,9.463036349503799,0.7345716570747381,29.931433188691162,54.30071958347987,15.767847227828971,1.2058970325282004,0.07720421603633741,0.11005684730220966,0.01643645751790744,0.008721748738415979,1.4183163021230707,70.06856681130884,Sélection automatique par sortie,False
1153,49.86281155835688,492.27999916101464,28.129945083159104,12.379584906653347,3.77,26.88383843200354,54.45203613757671,18.664125430419755,2.4981697924640947,0.16672254161493819,0.2955729153041821,0.07641363313395781,0.02623301485968784,3.0631118973768605,73.11616156799647,Sélection automatique par sortie,False
1154,35.71932967779592,392.2506139317574,23.913994495294595,13.12,2.21,29.948047080179364,53.3546602532149,16.69729266660573,1.0890064401885164,0.07124947077822864,0.1183602142055519,0.019202581078351502,0.01215624083061514,1.3099749470812638,70.05195291982064,Sélection automatique par sortie,False
1155,38.94872937297003,486.87513306663635,25.745253264940715,17.44423358166533,1.99,25.007665183119993,56.06239656120749,18.929938255672514,2.3354197016520097,0.1552954089318071,0.29124340035004026,0.06999406389472115,0.02041198056842461,2.8723645553970027,74.99233481688,Sélection automatique par sortie,False
1156,53.27394091869792,394.77470086459516,22.909453739455873,13.52073365191004,1.46,30.252536771071075,52.54964304613497,17.197820182793947,1.1696154176098,0.08132697197470691,0.13187592362157316,0.025534499630085215,0.013898844931935972,1.4222516577681013,69.74746322892892,Sélection automatique par sortie,False
1157,69.27724492193617,430.57947733934026,18.78310526628836,21.389688528946895,2.1,28.839501693206095,52.49530542984045,18.66519287695345,1.7417698980655139,0.1192345516779747,0.21246086953664386,0.04795540136986813,0.02074251792969681,2.142163238579697,71.1604983067939,Sélection automatique par sortie,False
1158,35.14,475.95480474715447,22.188546781741607,9.208551572228144,3.1648578122417494,27.22190993898507,55.20522481474556,17.572865246269362,2.1154731010945382,0.13886994370206687,0.2636957590759046,0.061283230902140835,0.020425931919167115,2.5997479666938177,72.77809006101492,Sélection automatique par sortie,False
1159,26.75978304891352,511.9512251052419,22.51003155123513,12.635974454835702,1.16,23.798438674221163,57.842661456700625,18.358899869078193,2.558482153288617,0.17002072197186305,0.32218077904883746,0.07942012735216009,0.02280575432811535,3.1529095359895933,76.20156132577881,Sélection automatique par sortie,False
1160,21.509551436178384,405.6150948584806,17.326777354282495,23.48309302525268,2.16,26.78265031632091,54.83282690975858,18.38452277392052,1.112171028154278,0.07429338074281801,0.12768662464100677,0.02338187953139107,0.011925710354042942,1.3494586234235368,73.2173496836791,Sélection automatique par sortie,True
1161,61.174431687440304,410.21457913744183,18.018396124060416,16.000106110303513,3.07,30.25073875606324,52.20657153232236,17.542689711614386,1.37088909972468,0.09522401977832212,0.1750895451425325,0.033238124749592306,0.016183533226786652,1.6906243226219135,69.74926124393674,Sélection automatique par sortie,False
1162,60.51027051441691,426.37,13.368723900159454,18.51229717593671,3.54,29.287288779681436,52.57628679567838,18.136424424640175,1.6076585324873716,0.11026990466335601,0.18484201632842437,0.040230657672375464,0.01754552446807215,1.9605466356195995,70.71271122031855,Sélection automatique par sortie,False
1163,44.78992854137921,448.05225848494086,19.987246873606015,10.650891976550257,2.032343344897405,28.111618161884298,54.55437390420518,17.334007933910527,1.8256641757395689,0.12408775144938185,0.20956034925426,0.05134995062157784,0.018850914564503666,2.2295131416292926,71.8883818381157,Sélection automatique par sortie,False
1164,59.65894576510307,540.1705473760044,13.823828440908935,20.05349371618989,1.74,22.900732785799896,56.79747978429196,20.301787429908156,3.2668136089014936,0.22491299021168873,0.41721971631153965,0.10909108023280581,0.03348462434863546,4.051522020006163,77.09926721420011,Sélection automatique par sortie,False
1165,40.09920950532808,516.1035440942183,16.97,21.64318362072489,0.72,22.775982370269865,57.66249339942803,19.56152423030212,2.6960551136884243,0.1889441222952275,0.3539570557714895,0.08536270983565848,0.02770158869451489,3.352020590285315,77.22401762973016,Sélection automatique par sortie,False
1166,42.71316812564336,430.70749616902225,27.741315626781027,16.58961621955038,2.28,28.125139588369084,54.049773995852796,17.825086415778102,1.5946312116055115,0.10708043136847753,0.18811462700286855,0.04032496691436825,0.01783545100919297,1.9479866879004186,71.87486041163089,Sélection automatique par sortie,False
1167,60.933639578911276,429.8547958055858,18.713751021443557,16.595707362877643,0.9,28.584504333412095,53.25171633505368,18.163779331534226,1.7518800860189936,0.12305342420145417,0.2058872624850722,0.04808092480859281,0.018872934065059774,2.147774631579173,71.4154956665879,Sélection automatique par sortie,False
1168,66.16934936504384,498.1034250534476,20.290274346067854,24.07015320090716,2.52,25.4254578059774,54.75812006796496,19.81642212605765,2.721639775706844,0.18508582201745716,0.30433113153678404,0.08611239950025544,0.029487263348323873,3.3266563921096646,74.57454219402261,Sélection automatique par sortie,False
1169,60.38,409.03052527024573,28.76659964123341,20.396863420476535,2.22,29.71366257138584,52.58675748640026,17.6995799422139,1.326961336077218,0.09593965435500935,0.15965291258374653,0.034391959808669034,0.02097055828063533,1.6379164211052781,70.28633742861416,Sélection automatique par sortie,False
1170,55.50073792849275,430.56744418469856,22.95,17.383189285931987,2.93,28.996735394307738,53.14125971814183,17.86200488755042,1.6113950566194806,0.11088774837424473,0.19030595491481023,0.043203966839339934,0.01974047240114481,1.9755331991490204,71.00326460569225,Sélection automatique par sortie,False
1171,58.59,496.24134272085945,22.27,16.420471246774913,2.1309924332344,25.848322833183182,55.25060525915686,18.90107190765996,2.6307673449177402,0.18019371970502568,0.328326298924735,0.08464626595324687,0.02794047919485342,3.251874108695601,74.15167716681682,Sélection automatique par sortie,False
1172,44.29583372288811,420.0894666927355,15.238856491364055,19.691360563620503,1.04,27.556198708077734,53.92602004126359,18.517781250658675,1.4911693521201046,0.10306622727970108,0.1845574657464213,0.037026207047134885,0.016436522067197284,1.8322557742605594,72.44380129192227,Sélection automatique par sortie,False
1173,43.443219576066845,470.36197172339683,12.875940854113619,14.155232331134597,2.44,26.369722326078637,55.130681972075536,18.49959570184582,2.047923142070631,0.14278207921746688,0.26075850908812287,0.06132938958988538,0.023299293129173882,2.53609241309528,73.63027767392136,Sélection automatique par sortie,False
1174,28.2847776975916,452.3663719628717,15.3,17.143755243908426,3.2437038686784345,26.58013554109176,55.11175272629613,18.308111732612126,1.6534967838707808,0.11147170913783655,0.19494041647884744,0.04456134053315053,0.018278232982023017,2.0227484830026383,73.41986445890825,Sélection automatique par sortie,False
1175,39.265019681150214,368.19017363703114,27.02171631238711,12.840545120061941,3.090026674119232,31.490058350790058,51.84038795242445,16.66955369678548,0.7688316630884917,0.050584683403261485,0.09619687091584453,0.006020464755485518,0.010126958977013635,0.9317606411400969,68.50994164920994,Sélection automatique par sortie,False
1176,64.20241905466524,414.0757847905263,20.570436931902744,22.576082611797975,1.9155977015360348,29.135819720335384,52.360424864436766,18.503755415227843,1.4684925127476485,0.10097208053059782,0.19089474008776094,0.03801964900974703,0.017627855851764566,1.816006838227519,70.86418027966461,Sélection automatique par sortie,False
1177,43.80505483012127,459.4596299179625,28.1496169801891,14.890713813747617,1.74,26.955505685137233,55.00567405780621,18.03882025705656,2.028197862608088,0.1354836521952531,0.2591533722082227,0.0572294024288595,0.021492344893922013,2.501556634334346,73.04449431486277,Sélection automatique par sortie,False
1178,56.08976970631715,549.3843608089862,28.73555424907342,27.587807413555478,2.21,21.432143227484953,57.36259443889411,21.20526233362094,3.504426588967268,0.23909209746733168,0.42086460411041193,0.11669548528066698,0.03538161471941358,4.3164603905450925,78.56785677251504,Sélection automatique par sortie,False
1179,51.57646795186773,369.80570058273264,18.525804529313064,9.967874179838418,4.087623822328926,32.5520004280091,50.97325030894226,16.474749263048647,0.7940856778863392,0.05631185866975598,0.10157528499671775,0.00864778056967292,0.011099947201461234,0.9717205493239471,67.4479995719909,Sélection automatique par sortie,False
1180,58.96572546411495,411.5053706260876,24.165279251703986,17.951474357931573,2.04,29.629704997259317,52.71058335507584,17.659711647664846,1.3815479951921161,0.09662377900553279,0.17974983944999906,0.035199302476432506,0.018195912455447594,1.7113168285795282,70.37029500274069,Sélection automatique par sortie,False
1181,23.086849496635786,428.5024059801651,18.58157328624948,12.8,2.738317177806064,28.06579311936327,55.00453342112135,16.929673459515385,1.4223833544867208,0.09295435187691684,0.17096640734745244,0.033232947049954595,0.014361958104856274,1.733899018865901,71.93420688063674,Sélection automatique par sortie,False
1182,62.55,370.6861604504305,18.963603396869168,23.3,2.6571959665488647,31.103088942211382,50.87424208116446,18.022668976624153,0.857283126022302,0.05834561531920403,0.10935920365149879,0.013927037526878842,0.01218880415040616,1.0511037866702897,68.89691105778861,Sélection automatique par sortie,False
1183,56.44859783837085,389.4034831724893,14.502207551925602,18.97,2.3062864847577447,29.99664486523524,51.908279140488574,18.095075994276197,1.1336015985896948,0.07677355334604748,0.14011506891828435,0.022493398656762705,0.013357624795067656,1.3863412443058571,70.00335513476477,Sélection automatique par sortie,False
1184,31.59362227486328,535.3851386750733,27.209519439697644,14.896568053507622,2.13,22.743942106985227,57.726631740662576,19.5294261523522,2.979714006114201,0.19341296229124919,0.383302147047343,0.09461088994599821,0.02592345830130975,3.6769634637001016,77.25605789301477,Sélection automatique par sortie,False
1185,55.37599853515299,430.9055084782165,12.77,23.43,2.34,27.65854887572981,53.15805206426651,19.18339906000368,1.6572136709661456,0.11039677136199574,0.18217932005673543,0.04172342340271093,0.018225628404969475,2.009738814192557,72.3414511242702,Sélection automatique par sortie,False
1186,68.36570166784887,400.8008885659043,28.828341610306254,9.272936853151869,1.95,31.595900559380492,51.53850792641034,16.86559151420918,1.1913560237221619,0.08638484201281779,0.1543169533470713,0.029244443800124337,0.02128561856695794,1.4825878814491331,68.40409944061952,Sélection automatique par sortie,False
1187,47.94,478.6877207397582,24.423248846058964,17.5424515193703,2.92,26.296250930911324,54.938357573126126,18.76539149596255,2.2537758175029556,0.1519302484058856,0.2819911041090117,0.06783774428555804,0.02339593490886303,2.778930849212274,73.70374906908867,Sélection automatique par sortie,False
1188,27.85343687516589,369.7366136173908,27.793217374767377,18.960019766951614,1.47,29.309396686744726,53.97238303438506,16.718220278870223,0.8450202578963784,0.05762450356881536,0.09799682560359624,0.009841899680573613,0.008706787494991987,1.0191902742443555,70.69060331325528,Sélection automatique par sortie,False
1189,44.84024414478047,453.4699235631353,12.344835009865665,23.52084825001962,3.403536735385387,26.541417342889044,54.212622596535844,19.245960060575126,1.7936947660751057,0.12048538215858412,0.21743170268164988,0.04785773278808968,0.021101636215521778,2.200571219918951,73.45858265711097,Sélection automatique par sortie,False
1190,25.013408224771005,479.64682856627115,23.572806082327833,16.155444111184185,0.6824091291320958,24.50086453250379,57.275606311761685,18.223529155734536,2.1651039943027497,0.1488588335531647,0.27513501920958394,0.0609942088765063,0.018468765276449646,2.6685608212184544,75.49913546749622,Sélection automatique par sortie,False
1191,33.29,364.5182948974786,23.62,11.85708569696717,2.34,31.24660123830252,52.64799816331949,16.10540059837798,0.768986873458753,0.04917789324382177,0.08357037419563454,0.005621967830308307,0.009523506547023827,0.9168806152755415,68.75339876169747,Sélection automatique par sortie,False
1192,43.59754324424096,466.7973185857044,17.807209722767986,12.461966990843576,2.61,27.144223108119977,55.040439126565374,17.81533776531465,2.027633971010599,0.1383820212233996,0.2544968043061528,0.06013051955580112,0.021486315420395037,2.5021296315163473,72.85577689188003,Sélection automatique par sortie,False
1193,37.71369579235423,370.35405328167474,23.06596321785128,15.9,2.06,30.482125704307155,52.80465061859939,16.713223677093467,0.827623717871911,0.05549005608970098,0.0918877486035572,0.010403481942483021,0.010735717492910978,0.9961407220005631,69.51787429569285,Sélection automatique par sortie,False
1194,34.98236975483175,381.25400538258333,28.752300890476846,27.76124101109394,1.5461252683597422,27.7393161813071,54.08850649826835,18.17217732042455,0.9449794043669943,0.07129867451979241,0.10813172969651136,0.0189071589244443,0.011067221508573753,1.154384189016316,72.2606838186929,Sélection automatique par sortie,False
1195,58.22785224699127,496.46686022317573,13.512041968230777,18.33,3.14,25.748750175977467,55.009488081584145,19.24176174243839,2.5547862954554814,0.17599442762279113,0.28634377479558343,0.07987390198758185,0.027659825292304416,3.1246582251537425,74.25124982402254,Sélection automatique par sortie,False
1196,55.602379612185246,407.2943450321434,25.151925141111324,22.268051668893413,0.78,28.808975849107124,53.00542575966357,18.1855983912293,1.4016844073990473,0.10118756274046095,0.16859376380782132,0.03528333551221524,0.016470315805429327,1.7232193852649742,71.19102415089287,Sélection automatique par sortie,False
1197,45.95,447.24628201824044,16.37132877482747,15.02,2.45,27.572263977364614,54.24441717499718,18.183318847638205,1.7861995086840683,0.12237953304243686,0.21870450791566473,0.04993971559256773,0.019211934089489457,2.196435199324227,72.42773602263539,Sélection automatique par sortie,False
1198,57.4858787979054,545.9868848115862,15.319936183849148,15.691358598047849,2.93,23.557394339587137,56.715783273673004,19.72682238673986,3.295051873530154,0.22804052797137825,0.4249086563303836,0.11295686202833995,0.03578042710498429,4.09673834696524,76.44260566041287,Sélection automatique par sortie,False
1199,59.12860434623412,517.4299718241417,24.97,12.532882935928459,3.77,26.06351011102269,54.93067785790579,19.00581203107152,2.948138910399527,0.20116079625363809,0.36421109740810975,0.09745188370137468,0.03238125010542648,3.643343937868076,73.93648988897732,Sélection automatique par sortie,False
1200,26.403302262260006,439.2722805435048,27.137060776296263,15.7,1.43,26.72581885288547,55.806637204262266,17.467543942852274,1.676337859659012,0.10888818670473019,0.19972441397020183,0.0404908280057511,0.014752873144959922,2.040194161484655,73.27418114711455,Sélection automatique par sortie,False
1201,56.87730008255974,504.0654666374136,19.250253912794978,7.837554121203857,2.06,26.377879112834147,55.70530778965278,17.916813097513064,2.728092766911178,0.1899315696666147,0.335727733913595,0.09121279378565497,0.028278795434222653,3.3732436597112656,73.62212088716583,Sélection automatique par sortie,False
1202,27.301353930223183,388.90583104979675,20.600133425364326,25.359704074570207,2.89,27.959076941105277,53.91414817328156,18.12677488561317,0.9558247047022423,0.06461783847970792,0.09930673583305266,0.01724051565646055,0.011069883508788342,1.1480596781802517,72.04092305889473,Sélection automatique par sortie,False
1203,68.73211371529685,498.07696393832686,26.47,17.04300537469909,2.11,26.37762626215721,54.777255794654394,18.8451179431884,2.7872959851249117,0.19329797571662805,0.3483517715488325,0.09180224014895931,0.03130862238679603,3.4520565949261277,73.62237373784279,Sélection automatique par sortie,False
1204,52.60115105495196,393.6035634156014,17.27,18.077133683699326,2.15,29.788807203648453,52.375970804647004,17.835221991704532,1.1514415906413007,0.07856758865040009,0.1446633730359269,0.02431371212914784,0.013623610751990612,1.4126098752087661,70.21119279635154,Sélection automatique par sortie,False
1205,28.223819889265464,474.76101352577075,14.91,17.968897965956437,1.07,24.46250929032104,56.63062584980079,18.90686485987817,1.9716725632757341,0.1370426836930938,0.26332041332350603,0.058156295710909744,0.02170815332033075,2.4519001093235744,75.53749070967896,Sélection automatique par sortie,False
1206,47.361449292642945,422.62196958303525,15.514575249754111,9.558229473667598,2.8405059778649364,29.62289893107162,53.50772037279545,16.869380696132936,1.4885462861500098,0.10427723491887214,0.16457332292125526,0.03776368366564482,0.016057000706340304,1.8112175283621224,70.37710106892838,Sélection automatique par sortie,False
1207,63.4611715328395,471.3798739881655,14.168987851499052,23.920179404822804,3.14,26.720898723457996,53.828494304623135,19.45060697191887,2.2622469215447887,0.15186253157843196,0.25524300709216563,0.06530250312056424,0.02519166524692098,2.7598466285828716,73.27910127654201,Sélection automatique par sortie,False
1208,69.21722616977631,426.37730967970424,12.174517476452465,9.10511369643723,2.74,29.94526797478018,52.80878360880656,17.245948416413267,1.7024956646159333,0.12463723391731604,0.1773986957151643,0.04637877012178086,0.020362567448815986,2.0712729318190104,70.05473202521982,Sélection automatique par sortie,False
1209,51.8207857282444,517.2536798281124,17.337447199108514,22.605980487342425,2.6,23.707429623829395,56.134550857844665,20.158019518325943,2.7851742416995844,0.18827057878638337,0.31835649038393987,0.08932741109457622,0.028577376574744965,3.4097060985392287,76.2925703761706,Sélection automatique par sortie,False
1210,52.17395747859059,479.7156643709347,26.075875108171317,13.12835438639888,2.68,26.982287157494287,54.568787427173135,18.448925415332578,2.332841807286903,0.1574524485077558,0.28115188363739985,0.07134844700037346,0.02521068805049881,2.868005274482931,73.01771284250572,Sélection automatique par sortie,False
1211,23.169400447752583,434.320249504903,15.0454151742948,17.105194528849257,2.5321053928882007,26.8677782645617,55.29901634940441,17.833205386033892,1.431211746858886,0.09628947591168424,0.17604616294923497,0.03571971542579236,0.015694188690348734,1.7549612898359466,73.1322217354383,Sélection automatique par sortie,False
1212,40.934321263575235,550.9536687184232,30.63077374040604,11.7334579788312,1.4968158925848032,22.90216113784538,57.883098749853296,19.214740112301325,3.4478070462517114,0.225498194701579,0.4175076602082657,0.11281149463048419,0.0301013787137158,4.233725774505755,77.09783886215462,Sélection automatique par sortie,False
1213,34.70865333083334,436.2173376668345,16.587089577724598,25.839458118605585,1.53,25.628648205044644,55.140946000059834,19.23040579489553,1.5452208168269157,0.10409398638749572,0.18348670316629376,0.040207134952595876,0.016767667521159865,1.8897763088544608,74.37135179495536,Sélection automatique par sortie,False
1214,53.85,488.8623721236351,29.565705884725325,24.910903213257487,3.66,25.388121793702904,54.81943423765679,19.792443968640303,2.4711178363092023,0.1706684542211876,0.2851634723019795,0.07620739180654738,0.02762360675520486,3.0307807613941216,74.61187820629709,Sélection automatique par sortie,False
1215,50.38588354264399,461.289012161333,24.942407199693545,21.425099366400808,3.3,26.8768922054187,54.20645525832283,18.916652536258468,2.007709127376328,0.1368602375328366,0.2535962019847771,0.058117640001320726,0.023501873536953724,2.479785080432216,73.1231077945813,Sélection automatique par sortie,False
1216,48.498643611672335,450.51030714160277,21.89089961790304,16.398211524976613,2.4521086260389975,27.552626236420217,54.21940970504541,18.227964058534365,1.8619003142558888,0.12624762526010597,0.225179337729582,0.052699163252102055,0.020402230047858814,2.2864286705455377,72.44737376357978,Sélection automatique par sortie,False
1217,37.20439787963341,542.3240491624384,12.819654163279775,9.731844641519146,2.31,23.427811671634327,57.98525805935378,18.586930269011894,2.9102902501288215,0.20478643190939333,0.3836114677959491,0.10186466088199592,0.03285562752166358,3.6334084382378236,76.57218832836568,Sélection automatique par sortie,False
1218,67.17960244685672,422.2710920129506,16.13,23.627410332047713,0.97,28.490887395440346,52.39754301217028,19.111569592389372,1.7076871272424137,0.11564458741791196,0.20676932535853382,0.0441494281682941,0.018857157445732523,2.093107625632886,71.50911260455965,Sélection automatique par sortie,False
1219,68.7545231317578,438.35340893019696,12.585694581329655,20.18184156818393,2.36,28.35007435819564,52.67831166797599,18.97161397382837,1.8891112256224873,0.1282849301152595,0.22531502010001148,0.05047740794099738,0.02055199272024769,2.3137405764990033,71.64992564180436,Sélection automatique par sortie,False
1220,32.96,498.5849579804002,18.079635586437522,14.057185978849255,0.68,24.333019710260636,57.167476804617685,18.49950348512167,2.4252698040188228,0.17117187894544952,0.30017926385063115,0.07510611148339502,0.025204890562066887,2.996931948860365,75.66698028973936,Sélection automatique par sortie,False
1221,38.33682484764592,505.1952935186094,29.509646555945245,19.042595936413285,2.16,23.872703528495162,56.71628069017423,19.411015781330605,2.6361839114250856,0.17453834145857894,0.3354718439466158,0.0804723125346021,0.02277489086991076,3.249441300234793,76.12729647150483,Sélection automatique par sortie,False
1222,50.30820284076524,429.45741985214164,20.445529748785244,19.65,3.3,28.570464035178528,53.24948928768301,18.18004667713847,1.5559174810434584,0.10587557594130731,0.17922787570332718,0.04023553366023936,0.01774336736765931,1.8989998337159915,71.42953596482148,Sélection automatique par sortie,False
1223,59.35913569767722,397.39435971419715,14.720787710396813,11.495300666841336,3.17,30.964165741572792,51.960164817681274,17.075669440745926,1.217618665140333,0.0868280014350633,0.13554951090053843,0.02636490039304979,0.014783320303261367,1.4811443981722459,69.0358342584272,Sélection automatique par sortie,False
1224,52.390577234147415,460.6456026455725,16.398908439398838,16.387787634530593,2.916962794868615,27.35622727251017,54.216647585609735,18.42712514188008,2.0029822661766237,0.13746074526385346,0.2572730514960204,0.0584840609360792,0.02222514650272455,2.4784252703753014,72.64377272748982,Sélection automatique par sortie,False
1225,36.71770594252494,407.49299573201273,24.954030229311172,13.778727439836802,4.100985358060032,29.964123309546682,52.614035300869205,17.421841389584124,1.227838679772007,0.08064117686452413,0.15317579736658754,0.02375939568377835,0.013539069758545677,1.4989541194454423,70.03587669045334,Sélection automatique par sortie,False
1226,52.29,422.2985373939347,23.09850847655766,16.5593246925895,2.59,29.114777543337556,53.145936157604844,17.739286299057607,1.492651555007647,0.10230797209979225,0.17754743382707888,0.03828342383749836,0.017510260467603986,1.8283006452396204,70.88522245666245,Sélection automatique par sortie,False
1227,67.01031533226096,390.8355621768644,20.034085159452765,23.39,3.94,31.204547610742466,50.80190312853163,17.993549260725892,1.0951969800857224,0.07592998615082305,0.1326636291136798,0.022722080269064665,0.014713733606574636,1.3412264092258646,68.79545238925752,Sélection automatique par sortie,False
1228,70.9244717662274,436.8106237666258,25.314166797241352,10.00307827689822,2.167236325589037,29.970822583645898,52.48957477739706,17.539602638957042,1.78065291389091,0.12663584551166387,0.22683042615318208,0.05289943633382954,0.025935969060165,2.2129545909497503,70.0291774163541,Sélection automatique par sortie,False
1229,60.67139356307932,466.4525367498951,25.59579719180935,24.62603216127636,1.86,26.34554943031703,54.45703440461917,19.19741616506381,2.2151272838241383,0.1534312476644375,0.27646506264049353,0.06762765239922731,0.02515485547134197,2.737806101999639,73.65445056968298,Sélection automatique par sortie,False
1230,46.03859066205116,473.7606338952389,24.79951771517985,12.23,3.88,27.599801882625087,54.14273532245815,18.257462794916773,2.161525445178191,0.14442065935048004,0.2637502072062231,0.06316873693702613,0.023548299345527275,2.656413348017448,72.40019811737493,Sélection automatique par sortie,False
1231,27.211262830287122,516.4364094512482,27.35168679919232,20.42183754012476,1.5417830616994457,22.133653637018906,58.1060355106017,19.76031085237939,2.6502957711880684,0.1745664999821815,0.3569898757994189,0.08084278797597311,0.020252845990378958,3.2829477809360204,77.86634636298109,Sélection automatique par sortie,False
1232,53.52494269490607,474.4533918436122,29.021352287511586,19.97024292031538,2.45,26.308413268162028,54.77053632107831,18.921050410759662,2.2811290049887964,0.15633342816263163,0.2869092366991791,0.0692505512716181,0.026006406315874545,2.8196286274380995,73.69158673183797,Sélection automatique par sortie,False
1233,37.1131812353538,441.5177574775012,14.07,23.50711760454946,1.8875433717710746,25.956246887389046,54.873051552005805,19.170701560605142,1.6155083352313868,0.10873161599866994,0.19140827556556392,0.04257495474402216,0.017918336558711216,1.9761415180983541,74.04375311261094,Sélection automatique par sortie,False
1234,57.13980181121286,533.4572732746889,15.852568733462162,16.773203685177634,0.5811129545623311,23.706568927282508,57.00019977969882,19.293231293018685,3.2745621860668415,0.23401305173044895,0.4117318124530762,0.10845593391367764,0.03678962472380496,4.065552608887849,76.29343107271751,Sélection automatique par sortie,False
1235,60.91638389503398,390.4892120424272,15.828511835666202,26.3569572634115,2.4102627158805694,29.657411448666437,51.51957536017912,18.82301319115445,1.1555009181816704,0.07512303897444224,0.1284731144309229,0.023256608202463516,0.013800989542970862,1.39615466933247,70.34258855133356,Sélection automatique par sortie,False
1236,20.978048694524347,507.30858086395835,27.573331733628454,17.849679517012742,1.7477360734673255,22.777611645832398,57.8857008091669,19.336687545000718,2.476801855610579,0.15931839405564682,0.3308133510456341,0.07248648957866058,0.018092570384304393,3.0575126606748246,77.22238835416762,Sélection automatique par sortie,True
1237,25.961237914141126,443.4075699115357,27.594746511188575,12.71426182016842,2.9438871592574016,27.615484496520473,54.85145066720342,17.53306483627611,1.7015560473152311,0.10642192437090871,0.20939224155001226,0.03977800997091198,0.015127156050637521,2.072275379257702,72.38451550347953,Sélection automatique par sortie,False
1238,48.85819957110118,473.2256685560768,13.182334152497623,22.219228028674998,2.46,25.583561905872553,54.97136632384723,19.445071770280215,2.1220931226921325,0.14359184456353646,0.2550959015395626,0.06181777657055806,0.024399997203406583,2.606998642569196,74.41643809412744,Sélection automatique par sortie,False
1239,68.4,355.43702794555173,20.15,8.398487858192297,1.8,32.92636426104778,50.48491730139323,16.588718437558995,0.6326785810975977,0.048115002845694976,0.08814019004479254,0.005876485379449563,0.013428446087858373,0.7882387054553931,67.07363573895222,Sélection automatique par sortie,False
1240,38.56867667524304,465.1300122328165,19.626497041665008,10.808996149147546,3.410607848474049,27.639136649247092,54.72915906837235,17.63170428238058,1.961651226018554,0.13167566237253048,0.2499127479018941,0.05625467850776173,0.020124454844236833,2.4196187696449774,72.36086335075292,Sélection automatique par sortie,False
1241,65.49152236309125,400.99160832106594,18.055498993334773,15.150790475755231,1.76,30.30532898473915,52.005708067049504,17.688962948211337,1.308154552105278,0.09166774882864363,0.15245559344629503,0.03146259029801102,0.015956110168629606,1.5996965948468573,69.69467101526084,Sélection automatique par sortie,False
1242,66.79818481343976,532.1439618357633,18.868425770894707,20.429647776288036,3.21,24.467455412146943,55.676024412644445,19.856520175208626,3.2455766379164297,0.22206551925882662,0.37763932596711935,0.10797902508464763,0.035526363066315236,3.9887868712933385,75.53254458785307,Sélection automatique par sortie,False
1243,21.748109492506824,476.99159121206696,16.425142536777646,13.57,3.62,26.093428916430277,56.18483522656113,17.72173585700859,1.8918741676303588,0.12614014545752875,0.25010492211482493,0.05445294344428405,0.02236659828941278,2.344938776936409,73.90657108356972,Sélection automatique par sortie,False
1244,22.604692259372356,484.3601422450971,23.52068424251673,20.544127550091964,3.43,24.23087640956847,56.37175058267261,19.397373007758926,2.0550008753507605,0.1338026466680761,0.25850418574693795,0.058030496163289556,0.01916862155897544,2.52450682548804,75.76912359043153,Sélection automatique par sortie,False
1245,55.63,478.7338145503701,16.910730044113734,12.45384497921849,2.192088352505702,26.830353911011027,54.880600351002585,18.289045737986374,2.318527400631624,0.16118200717266096,0.28196250379820176,0.07278408350980994,0.024505889481283606,2.8589618845935805,73.16964608898896,Sélection automatique par sortie,False
1246,26.302503290789797,515.9142893742056,19.407755525206767,19.289777488262953,1.9943999941809967,22.51081882186826,57.62483216859135,19.864349009540387,2.4565616151736016,0.16354750250823386,0.32404503268003604,0.0775526896588506,0.023989347529180027,3.0456961875499022,77.48918117813173,Sélection automatique par sortie,False
1247,25.055758587602504,445.07363209369146,24.29848865105348,16.08106546604211,2.6204245883603474,26.803330906816946,55.50469491378998,17.69197417939307,1.664110544285259,0.10712838446583954,0.21222589761544564,0.041297104619795556,0.015755913504954984,2.040517844491295,73.19666909318306,Sélection automatique par sortie,False
1248,21.437180252817686,393.47888394552854,17.841097946872974,26.553849779832888,3.45,27.46966356686288,54.1537874601369,18.376548973000226,0.9443002891898917,0.06326284066667631,0.10169759169506332,0.016881070487665538,0.01115925247777165,1.1373010445170686,72.53033643313712,Sélection automatique par sortie,True
1249,47.430613445392346,507.68603395413555,21.75942221355442,16.302801685269543,0.6327422153416774,24.582279606474355,56.805844642489504,18.611875751036152,2.7883101367135668,0.1960583326489696,0.3414472481136075,0.08834287827211008,0.02813899616182273,3.4422975919100764,75.41772039352566,Sélection automatique par sortie,False
1250,70.58633221030865,529.9472309297496,26.192693586008797,11.086083811396074,2.0499149435038,25.610091510080565,55.67766284466072,18.71224564525871,3.3527736007003655,0.2322830097646376,0.42323070517491534,0.11640209233492688,0.036149790613072934,4.160839198587919,74.38990848991943,Sélection automatique par sortie,False
1251,39.74407049859022,401.4272935346182,17.4143052089393,9.765013260079673,1.89242347999067,29.938510495182715,53.65393826401658,16.407551240800686,1.2256097945549556,0.08383275580641039,0.12830384354644592,0.026241616525392607,0.013327798573996722,1.4773158090072014,70.06148950481727,Sélection automatique par sortie,False
1252,68.60074506855557,451.0147816244271,15.369313498700295,15.469599434940196,2.492493883459071,28.50224858909958,53.41498260431335,18.08276880658706,2.03611761569222,0.14204789616633814,0.23556403977762613,0.05962904121606744,0.023149170127195112,2.496507762979447,71.4977514109004,Sélection automatique par sortie,False
1253,60.86716117425755,399.3595925282541,19.684818382671185,16.178129759526403,3.84,31.02084281666181,51.40423615776589,17.574921025572294,1.188212953962708,0.0832657124457892,0.1491540704950815,0.026002935893639396,0.015384194447807488,1.4620198672450255,68.97915718333817,Sélection automatique par sortie,False
1254,54.40398307132754,473.6387133390767,16.187992396513277,17.061245294779603,1.81,26.285518740012122,54.8806186704433,18.833862589544587,2.23912754223368,0.1541282209444164,0.27754166967396254,0.06824818079392174,0.023944671657319713,2.762990285303301,73.71448125998788,Sélection automatique par sortie,False
1255,55.66,373.90571015109384,17.26917370312156,12.54,3.56,31.95503464866427,51.117378230896264,16.92758712043945,0.871684086736711,0.06167482437174146,0.1176399416273726,0.012531886593941693,0.011749847897590872,1.0752805872273576,68.04496535133572,Sélection automatique par sortie,False
1256,32.775803341814594,490.25058133700577,16.927519226479212,25.10984949225034,3.18,23.755366291371928,56.21073089638834,20.03390281223972,2.1161539840141654,0.14118686429738977,0.25119493717510044,0.06288984423179701,0.022887684334238007,2.594313314052691,76.24463370862806,Sélection automatique par sortie,False
1257,39.988729689036035,459.49861490687425,19.0,25.44866609624161,2.8219045694496785,25.520792144174326,55.09282458781633,19.38638326800934,1.8506956882637569,0.1238477251174185,0.2262348906196444,0.051845194258918995,0.019435707163160895,2.2720592054228996,74.47920785582568,Sélection automatique par sortie,False
1258,61.47576576979608,464.5285642509532,14.442940046538157,13.15,1.4027617461541648,27.253140210130766,54.42856920801511,18.318290581854125,2.2163437954172007,0.15647337315024143,0.2765620650064568,0.06765150819731652,0.023908189640874992,2.7409389314120904,72.74685978986923,Sélection automatique par sortie,False
1259,56.475042400771,498.0524470999729,21.268203024691662,8.095034332513798,1.0105467468340708,26.429219521381395,55.68881959532058,17.88196088329803,2.7104116814320247,0.18954884042444223,0.33512340975322324,0.08888080139421016,0.027362892885384158,3.3513276258892843,73.57078047861862,Sélection automatique par sortie,False
1260,55.320215781624725,485.694398253058,23.214811709712208,15.80729400918925,3.393273650012734,26.84674859355712,54.605976755945406,18.547274650497478,2.404499968258757,0.16393273439341616,0.2859968632560509,0.0747464084112564,0.02656815275544154,2.9557441270749223,73.15325140644288,Sélection automatique par sortie,False
1261,68.4,509.5807748247656,19.25823728689853,12.06,3.77,26.74720666672335,54.51881525981487,18.733978073461785,2.8906309173318476,0.20229930241250346,0.3467861850953334,0.0966134019656453,0.03222936387243237,3.568559170677762,73.25279333327666,Sélection automatique par sortie,False
1262,39.68,478.7820644523072,25.21,13.228438917830136,0.5751402979137015,26.084600957076706,56.2925535136841,17.622845529239207,2.3531360494511118,0.16437383677110884,0.2833430880680618,0.06830008003612895,0.021876105507596853,2.891029159834008,73.9153990429233,Sélection automatique par sortie,False
1263,52.95620575257841,435.42407903066743,22.38186899448436,19.29,2.0291643842852127,27.99736094525758,53.813827523708845,18.18881153103358,1.6938019584873487,0.11598637422022812,0.20714765946673758,0.046518584397747476,0.01968776045257324,2.083142337024635,72.00263905474242,Sélection automatique par sortie,False
1264,23.17700345111893,391.3057434220724,12.556601121261538,19.217659599197024,1.2863121715882393,27.695378703093567,54.386793779894504,17.917827517011922,1.026965819662069,0.07168968309533269,0.12895511991479874,0.01932768907543609,0.011133572204409428,1.258071883952046,72.30462129690642,Sélection automatique par sortie,False
1265,66.7038157273124,360.52388136585415,19.958396891701994,20.891855731345593,1.6039391036000237,31.586393892482043,50.629581771930724,17.78402433558724,0.7525996512880837,0.05269430634785538,0.11180406612143981,0.01096850284692736,0.011811264440992083,0.9398777910452983,68.41360610751796,Sélection automatique par sortie,False
1266,34.477163597411476,489.91111147584337,20.269412408944547,22.175335740433887,2.41,23.97781619271112,56.37797249396984,19.64421131331903,2.216833641116733,0.14801489795049047,0.2803708801753283,0.0667963714526094,0.02141905881178345,2.733434849506944,76.02218380728887,Sélection automatique par sortie,False
1267,60.36066212469452,441.4360436422114,18.228186661407086,21.82257616341779,2.72,28.05054628436567,53.237711601429616,18.711742114204714,1.8091082022008942,0.12284545090007873,0.2087249901699118,0.050049569900214065,0.02020643239109876,2.210934645562198,71.94945371563433,Sélection automatique par sortie,False
1268,62.71799165692131,485.9864370844575,18.59149875692875,14.843912014646408,1.06,26.37361105674858,55.08285461823355,18.54353432501788,2.5714123620426044,0.18004235976763777,0.31953936610285916,0.082032163348458,0.026945994794602288,3.179972246056162,73.62638894325143,Sélection automatique par sortie,False
1269,38.77778102310948,497.928562662175,24.194872710761125,18.26,2.88,24.680863691800827,56.00041533740169,19.318720970797482,2.4350264961571306,0.16174880842622147,0.29602471401249825,0.0744209988565258,0.023021853815787884,2.9902428712681637,75.31913630819918,Sélection automatique par sortie,False
1270,38.085465051491596,515.0422541114713,18.36,14.04371578271726,2.81,24.448539407720546,56.59140837479666,18.960052217482787,2.5994387102592302,0.17549957290523427,0.32893571080348977,0.08417450083207154,0.026924112381596855,3.2149726071816223,75.55146059227944,Sélection automatique par sortie,False
1271,38.91567858022727,427.2888870234964,22.1533455875494,11.571397681330062,3.23,29.168528731360308,53.574149284291195,17.2573219843485,1.498250265704756,0.09920257794250313,0.17446544609572884,0.036034782152460504,0.015714401012086824,1.8236674729075355,70.83147126863969,Sélection automatique par sortie,False
1272,23.642479765746995,445.00882677017864,18.07263266602151,13.546081871505738,2.62,27.189824647309084,55.58916762612369,17.22100772656722,1.5987021383145374,0.1054133735819662,0.20032022751123016,0.04123638538492462,0.01622560032644177,1.9618977251191003,72.8101753526909,Sélection automatique par sortie,False
1273,37.012740752549995,383.393450667625,16.528976253725247,16.52517993874815,1.51,29.345296002172066,53.25416267261415,17.400541325213776,1.0085604692537768,0.06874334405564414,0.11854837605008536,0.018044887098356444,0.01195700352091036,1.2258540799787734,70.65470399782792,Sélection automatique par sortie,False
1274,23.14240761959606,426.2310175793537,22.149417765247176,18.435688227379032,2.75,27.15301865615651,55.059489804365825,17.787491539477664,1.394988881342758,0.09076555359566287,0.1626250078487175,0.03181963870761005,0.01375442491171507,1.6939535064064632,72.84698134384348,Sélection automatique par sortie,False
1275,46.91361351947472,434.71156392356846,21.749289010345134,20.108611002150283,2.44,27.701594220881343,53.97539423379205,18.3230115453266,1.6303307513441498,0.1105551055806278,0.19896708959149972,0.043466579336750924,0.018337124752759976,2.0016566506057885,72.29840577911865,Sélection automatique par sortie,False
1276,35.14,457.2151394314196,26.160134556566536,11.994159033001086,0.9753474274753486,26.952479623406262,55.793581199970326,17.25393917662341,1.9854344448520624,0.13235152826246338,0.24629985971076945,0.053605527678887877,0.01771615636137997,2.435407516865563,73.04752037659374,Sélection automatique par sortie,False
1277,65.90199867963909,426.0474064532105,27.18401564344105,18.73,2.81,29.708353176312006,52.471846345956145,17.819800477731828,1.5816380321332912,0.11271571455771667,0.18444153746511188,0.04422064692592729,0.024376792592256197,1.9473927236743032,70.29164682368797,Sélection automatique par sortie,False
1278,30.48383740416204,463.48978060776363,16.280344113979762,14.610826760246304,3.43,26.764875880375307,55.3426185916433,17.89250552798138,1.8210280176077829,0.12277056477419088,0.23700190098092455,0.05127636366155166,0.020894515593781658,2.2529713626182315,73.23512411962469,Sélection automatique par sortie,False
1279,26.322045940355714,386.1645237061023,23.89561915624087,17.399172086054936,0.6306349316338486,28.51516905757401,54.442702713116134,17.04212822930985,1.081606191160355,0.07727280440103017,0.10215675055697299,0.01782381613512595,0.009160329827636168,1.28801989208112,71.48483094242599,Sélection automatique par sortie,False
1280,54.50623055708235,435.0571864971917,24.53,17.46,2.76,28.670344624948555,53.36977594538139,17.959879429670053,1.6754993180847066,0.11519106243266955,0.20632046838389004,0.045740856385699316,0.021064882943867023,2.063816588230832,71.32965537505144,Sélection automatique par sortie,False
1281,52.78152830306562,547.5108342935447,28.5,21.97,2.03,22.128283658326676,57.364113710606354,20.50760263106698,3.4419103860616826,0.23293064737320268,0.4333832666965892,0.11487758438105192,0.033897099725820605,4.256998984238347,77.87171634167333,Sélection automatique par sortie,False
1282,71.18516663600595,412.5699652584773,24.83341915401347,15.53,1.45,30.35002285504768,52.108647030371856,17.541330114580475,1.4544973201013347,0.10456716034946709,0.193447361618918,0.03982264270957131,0.021497539068213837,1.8138320238475052,69.64997714495233,Sélection automatique par sortie,False
1283,42.89287778417035,478.9133247800936,18.77,16.338175828500546,1.8480391426202096,25.602289853603313,55.563351432200506,18.834358714196174,2.1987709826169124,0.1493070471966083,0.27701609700136365,0.0668256820713458,0.02243447568094299,2.714354284567173,74.39771014639668,Sélection automatique par sortie,False
1284,29.574760739372213,386.7022763835258,21.71,22.291612395248823,3.45,28.934549010034587,53.32637732344188,17.73907366652352,0.9437870507381425,0.06349219744929124,0.10566288858760386,0.015508345980489578,0.011262317934132028,1.1397128006896593,71.0654509899654,Sélection automatique par sortie,False
1285,63.68006801706305,462.7303821398665,25.060225254922543,24.31389520759956,1.31,26.614345647425278,54.23329481252857,19.152359540046163,2.2142649519942545,0.15430493404792828,0.2802079934927759,0.06756885138157416,0.02522232782030515,2.7415690587368378,73.38565435257473,Sélection automatique par sortie,False
1286,56.61430219968609,398.43511547259493,17.1350629780187,16.008074352697157,2.89,30.371482129718757,52.11693614414759,17.511581726133652,1.206623095692686,0.08335998883943244,0.14537686596747865,0.026329291570886974,0.01478689970943098,1.476476141779915,69.62851787028124,Sélection automatique par sortie,False
1287,51.19728424467124,551.1400373681175,12.97,17.187180543564583,1.9044829054705354,22.242791779601653,57.49209967378418,20.265108546614155,3.2629653165154187,0.22671673630495937,0.41381650771376344,0.11188684616437876,0.03463996235974943,4.05002536905827,77.75720822039834,Sélection automatique par sortie,False
1288,61.29141764961899,385.1301040066779,25.648412432667758,11.317688749482487,1.7224896504410248,31.42113175121451,51.5552681927515,17.023600056034,1.0046176065837504,0.07184968605795676,0.12399272919907116,0.020385293787529027,0.016121958221973782,1.2369672738502813,68.5788682487855,Sélection automatique par sortie,False
1289,64.16925045240122,442.2273403275514,16.24664054714381,19.46,3.45,28.805451757955755,52.91992141364491,18.27462682839934,1.838897190248546,0.12593007344917456,0.2170053332766833,0.050529393683887466,0.020777579088997786,2.2531395697472894,71.19454824204425,Sélection automatique par sortie,False
1290,70.83774175581615,427.3330554789585,23.788682413665448,24.257990331597593,3.776673747084043,29.765467676911804,51.81782400145645,18.416708321631745,1.6233626606309928,0.11440009769520203,0.1840541205910426,0.04469292815208682,0.02326126283129744,1.9897710699006217,70.23453232308819,Sélection automatique par sortie,False
1291,61.573184259272594,471.24134272275944,24.119328969974138,25.668385330538737,1.1796483708157008,25.865319613926637,54.67551595629502,19.459164429778337,2.334549954453416,0.16186051457884132,0.2865658217667622,0.07149572597418449,0.025315267810610918,2.8797872845838146,74.13468038607336,Sélection automatique par sortie,False
1292,43.525614175765995,411.1811766014678,19.465353180489238,24.64936991445211,1.1,27.400249814820732,53.891073584116604,18.708676601062663,1.3575853672692886,0.09337442554112584,0.1798907239270931,0.0327537562723206,0.014868691655760574,1.6784729646655885,72.59975018517926,Sélection automatique par sortie,False
1293,26.23,543.3183069108371,27.163001374007003,13.146634492980015,2.5984416351202286,22.72017315395138,58.151477949566754,19.12834889648186,3.0234939591073786,0.19288929804036417,0.3970101865779122,0.09563953128544397,0.0263880662739295,3.735421041285028,77.27982684604862,Sélection automatique par sortie,False
1294,46.13163143948188,426.37,22.884325732063434,26.12024843226638,2.12,27.09755422904621,54.101112503085524,18.801333267868262,1.5165538614082934,0.10391242871193024,0.16804621943760628,0.03972056433477259,0.016849469065223284,1.8450825429578257,72.90244577095379,Sélection automatique par sortie,False
1295,30.600706080060153,443.84861251018776,19.401111825289515,18.322182197563738,2.25,26.45702806051132,55.123982000106345,18.41898993938233,1.6306122431077545,0.10853176846258739,0.20063072164344437,0.042959406921389,0.0169917504619908,1.9997258905971662,73.54297193948868,Sélection automatique par sortie,False
1296,67.42900876441423,387.81810488186716,22.881327297161082,15.15,1.16,31.072648694211225,51.58823892577976,17.339112380009013,1.1159120927804045,0.08057032454990672,0.13424649554453041,0.025462468503062517,0.016091824224611778,1.3722832056025158,68.92735130578878,Sélection automatique par sortie,False
1297,68.35,494.14209209760963,11.65,21.97,2.23,25.54178142376524,54.60023518551364,19.85798339072112,2.6997977727343354,0.18363152286149734,0.3027768926298809,0.08207862747317145,0.027782276392678558,3.2960670920915636,74.45821857623476,Sélection automatique par sortie,False
1298,46.890847355378554,442.2657212749254,14.99,16.52,3.18,27.96096006907183,53.81881564609368,18.220224284834476,1.704801007077382,0.11688812090711069,0.2069267210135216,0.045982607351099596,0.018551971160626318,2.09315042750974,72.03903993092815,Sélection automatique par sortie,False
1299,46.72809044019727,400.89565024891164,27.048571474120216,15.181721987804718,1.93,29.718372399470464,53.00535114812719,17.27627645240235,1.2117702724495458,0.08275378685782209,0.14140585991166876,0.026128170889064092,0.014649518623140267,1.4767076087312412,70.28162760052953,Sélection automatique par sortie,False
1300,63.65722251816242,496.0137218358447,25.77984817136203,19.85795519269462,2.09,25.755343501911216,54.95859231970959,19.286064178379196,2.70155320559574,0.186086412489757,0.34078496020339116,0.08727590161492714,0.02977569652955555,3.345476176433371,74.24465649808879,Sélection automatique par sortie,False
1301,48.68418193082745,509.32281332999673,13.350679258245986,18.50068800130841,2.17,24.134664326410125,56.154584674049175,19.710750999540707,2.6207673685978063,0.18041749232017976,0.31600541401427945,0.0840731385307868,0.028701245575421818,3.229964659038474,75.86533567358988,Sélection automatique par sortie,False
1302,49.178533315833846,398.99521835219645,21.19361640225442,7.9308234792764685,1.84,30.73315980141222,52.90431704467696,16.362523153910814,1.212524869666034,0.08310324075955927,0.12411690288482666,0.026050997791987537,0.013889316060844585,1.4596853271632522,69.26684019858777,Sélection automatique par sortie,False
1303,64.14308240540113,508.4963000152941,17.981381838213032,12.526493078868999,2.373207642300431,25.964270039691804,55.427861631271256,18.60786832903694,2.8583807147642255,0.19932547570107312,0.34893576121539477,0.09551129532168437,0.030491036127293994,3.532644283129672,74.0357299603082,Sélection automatique par sortie,False
1304,55.41756848283131,446.898057471351,18.64,18.104356089915232,2.43,27.808599441699084,53.8156547141832,18.37574584411772,1.8555427990210087,0.12685246225000596,0.2271086448547293,0.05263273103640554,0.02047025046395957,2.2826068876261094,72.19140055830091,Sélection automatique par sortie,False
1305,61.23395939965329,505.6896853311844,23.87,24.879689027142632,3.0,24.82477363115764,55.108047361972424,20.06717900686993,2.783172472463704,0.1898525226032257,0.3155429397506624,0.08888857176374636,0.03028316804775589,3.4077396746290947,75.17522636884236,Sélection automatique par sortie,False
1306,47.718053720386,402.5551923264382,19.86909263873486,24.76758886631047,1.422079828783209,28.132161011753478,53.26017869403546,18.60766029421105,1.2539549681328819,0.08564019075512988,0.15413008760587363,0.029190367616739956,0.014599809021570901,1.5375154231321961,71.86783898824652,Sélection automatique par sortie,False
1307,60.34812287640972,528.5792895581701,25.877331695375506,16.935051536988727,2.48,24.520683620634944,56.061596952049804,19.41771942731525,3.1861426564210715,0.2172539862400324,0.4047790517443369,0.10677894925932696,0.034121346040860104,3.949075989705628,75.47931637936506,Sélection automatique par sortie,False
1308,39.96664299855689,481.87919712726944,26.7762659296126,17.851179468902686,4.005346280505759,26.15198922995002,55.004693302329414,18.843317467720556,2.230353126927691,0.14805812246406336,0.27976867123835286,0.06463331194087608,0.022612987792254652,2.7454262203632376,73.84801077004997,Sélection automatique par sortie,False
1309,57.532248520096914,438.7748452503281,19.774899905575868,22.89351386061991,2.24,27.70787950883034,53.514863711747815,18.77725677942184,1.7618550129334387,0.11973458543042095,0.20486024873250056,0.04872522488296227,0.01994164847450703,2.1551167204538295,72.29212049116965,Sélection automatique par sortie,False
1310,52.156188506923954,382.73606920804934,19.200464304227697,9.31188504741706,2.93,31.67506769753283,51.88019973359146,16.4447325688757,0.9799089090497137,0.06852037371061903,0.11424515580038708,0.01692453122706971,0.012525308420237859,1.1921242782080272,68.32493230246716,Sélection automatique par sortie,False
1311,53.19408038388703,438.34777518382987,15.93,22.618393443420718,3.840709930491406,28.182230687736133,53.17495850427805,18.642810807985825,1.679298551376741,0.11310014108186234,0.19418488918266252,0.04360922025053447,0.01907045537221742,2.049263257264018,71.81776931226388,Sélection automatique par sortie,False
1312,36.73297526259603,448.8122312686697,13.585937898323767,25.86632151381975,2.62,25.621535479090117,54.9111366533182,19.46732786759168,1.6585357745216578,0.11044737736614325,0.19240681525522757,0.043847843172748466,0.01857656913125141,2.0238143794470282,74.37846452090989,Sélection automatique par sortie,False
1313,20.96370073319816,452.4637991634296,16.42,15.008723513487318,1.53,25.928025350241292,56.41842699976068,17.653547649998032,1.6622600100449927,0.11228838795132941,0.2065936942219353,0.04507886827426037,0.016552955151033655,2.0427739156435516,74.07197464975872,Sélection automatique par sortie,True
1314,27.013664747468816,394.69489833507777,16.215244195896638,12.653336648274236,0.8163965763723634,28.926931107811374,54.63108355147132,16.44198534071729,1.1526344168983296,0.08158729577429716,0.10924173592047562,0.02226093119656005,0.011332882856721226,1.3770572626463835,71.07306889218862,Sélection automatique par sortie,False
1315,23.786274730260114,548.7233804842272,25.76,16.69852611302363,3.5510958599907165,21.94904104002836,58.01523504643127,20.035723913540355,2.977579332410876,0.19130635188639628,0.3786551172787401,0.0945410083825921,0.027782363077794293,3.669864173036399,78.05095895997162,Sélection automatique par sortie,False
1316,67.90321611539095,457.85826979685066,13.61492832531886,22.592883640135014,4.076221336139834,28.23295457264754,52.92831150796603,18.838733919386424,2.1000861319276316,0.1418097951173992,0.25109893863100613,0.057975560403020904,0.023960172206217663,2.5749305982852753,71.76704542735246,Sélection automatique par sortie,False
1317,46.94,392.41825297874067,27.440256295691853,18.000114440202008,2.23,29.878669469251093,52.83812735846781,17.2832031722811,1.0840677803020837,0.07552869950784434,0.1315437191511369,0.022011733257840053,0.014327836141764128,1.327479768360669,70.1213305307489,Sélection automatique par sortie,False
1318,47.944403500506375,478.69637618051803,21.16773328153168,19.2117576064258,1.11,25.423377514397057,55.76398820854949,18.812634277053448,2.300963852815317,0.1580582633269507,0.2942263063406629,0.06995795585675038,0.02276947428985411,2.8459758526295347,74.57662248560294,Sélection automatique par sortie,False
1319,46.539862877347915,513.2074047911026,20.51,20.693290244217124,2.6,23.871789533714292,56.24980292838882,19.878407537896898,2.6921481677851355,0.18144333918202613,0.3173028625638325,0.08610819886642986,0.02692739730230586,3.30392996569973,76.12821046628571,Sélection automatique par sortie,False
1320,42.73812063415185,363.83765192059366,18.401579508184767,25.01,3.5194203208018893,30.379353024038164,51.72407081271769,17.896576163244145,0.714541450548166,0.048173761867418174,0.0855524335546537,0.0077267968337864645,0.010241276725358251,0.8662357195293825,69.62064697596183,Sélection automatique par sortie,False
1321,50.35552148882479,398.7477892365416,24.83857860485811,17.419503689526714,3.26,30.171485193987696,52.13601689360296,17.692497912409348,1.1459844241114199,0.079433217550719,0.13702503199691113,0.0243221675264459,0.014660575475146369,1.4014254166606424,69.82851480601231,Sélection automatique par sortie,False
1322,36.7018986707324,442.53750214000286,19.445620934108423,24.063493939024017,0.9093037236175948,25.609743723876814,55.45815602416025,18.932100251962947,1.7038186069057568,0.11802493679127563,0.21100779830815564,0.045773164348277724,0.017200816975477214,2.0958253233289432,74.3902562761232,Sélection automatique par sortie,False
1323,59.078839005667035,472.0034546049155,17.711424450371926,27.57450669196862,1.72,25.488576646090564,54.56980668489774,19.941616669011683,2.2642479456353612,0.1517019954196049,0.2701644374054879,0.0666744063175882,0.024042825852688618,2.776831610630731,74.51142335390942,Sélection automatique par sortie,False
1324,60.07,431.4256913656391,16.509932417495996,17.94462722587089,3.72,29.35855650651876,52.72080130729148,17.92064218618975,1.647143146386852,0.11335614058308571,0.19479075308724453,0.04317144225946928,0.01845420287970939,2.016915685196361,70.64144349348123,Sélection automatique par sortie,False
1325,22.578689597441333,518.6036169108082,20.720072867863582,17.964936350801313,1.82,22.346246011525505,57.948687520468326,19.70506646800618,2.481605626751035,0.16391047223432617,0.33739806915046583,0.07793530808286916,0.023803463745478877,3.084652939964175,77.6537539884745,Sélection automatique par sortie,False
1326,62.75733675425879,383.3873626611843,24.527836674342204,18.12964240196095,1.77,30.923052774521157,51.658312436754294,17.418634788724557,0.9982790747461858,0.07199949473555926,0.1291374377977583,0.02129802495247124,0.015776826612866106,1.236490858844841,69.07694722547885,Sélection automatique par sortie,False
1327,25.295167608811916,505.06359169533897,24.571305522559282,10.171760906831222,3.32,25.42759394358168,56.48581199829101,18.08659405812731,2.440671071699039,0.1550788567345636,0.30437548167845163,0.07229476965307063,0.022568950524622728,2.994989130289748,74.57240605641832,Sélection automatique par sortie,False
1328,52.798892769816014,452.3049034203185,24.209932813566443,15.756594948370562,3.33,28.194913135206548,53.58035190141161,18.22473496338184,1.899322527222326,0.12950786763475058,0.22840580916398895,0.05402323776162178,0.022908296450771033,2.3341677382334587,71.80508686479345,Sélection automatique par sortie,False
1329,42.22217451143112,471.36431266575937,20.878100512353107,16.85493742769997,2.610163250489055,26.210800024876164,55.08145089727496,18.707749077848874,2.081547536389875,0.13988401480893495,0.2663667028683108,0.06132900058321096,0.021069525047400353,2.5701967796977323,73.78919997512384,Sélection automatique par sortie,False
1330,67.27,418.928528853415,24.563620259900585,19.46,2.86,30.00983301953554,52.18785064868745,17.80231633177702,1.4896125483906508,0.10557508430503387,0.1798445342912568,0.04026542791960944,0.022228920421623995,1.837526515328175,69.99016698046447,Sélection automatique par sortie,False
1331,49.01005903477001,402.05296073665954,14.08,20.739287063676247,1.9,28.68853696408202,52.8316877361177,18.479775299800284,1.2631914943106044,0.08505892737215721,0.15223763418955003,0.027706480577487563,0.014220481774281573,1.5424150182240806,71.31146303591798,Sélection automatique par sortie,False
1332,59.39675717576789,477.64655863134664,28.54053761615341,8.050680555786485,4.0939345853765055,28.801114293746995,53.26442818023251,17.934457526020488,2.3281031599821045,0.15820241816815325,0.27820594878032373,0.07121462083340767,0.027809742053815006,2.863535889817804,71.198885706253,Sélection automatique par sortie,False
1333,52.84511293336955,447.13813563159255,15.696151989400006,13.44,1.0815285104314392,27.593842651036713,54.30103380575692,18.10512354320636,1.9148622602324976,0.1348686623423359,0.2298971250606411,0.054995625834544745,0.02017206889465632,2.3547957423646757,72.40615734896329,Sélection automatique par sortie,False
1334,52.805329402699115,392.067815069161,11.65,16.110520391761572,0.7,29.372552944922344,52.42161213959671,18.205834915480942,1.2919423268852728,0.09278785622398916,0.15645225176824168,0.026611288895680818,0.013176955175429913,1.5809706789486144,70.62744705507765,Sélection automatique par sortie,False
1335,68.96684444896356,516.0148654149468,12.890468362460107,23.96775025357213,2.24,24.428251572388973,55.28981553857859,20.281932889032458,3.035795914340862,0.20521324988011763,0.3334488233635094,0.0954091344677484,0.030847365275887946,3.7007144873281255,75.57174842761104,Sélection automatique par sortie,False
1336,30.85812363672268,368.38790818984774,14.073795983352538,23.317177465273616,3.2124498530510084,29.397673924126398,52.535898352410136,18.066427723463477,0.7624955674824745,0.05047916311528233,0.0876746242581461,0.00855617459545005,0.009983622934355837,0.9191891523857089,70.6023260758736,Sélection automatique par sortie,False
1337,44.93376162580929,379.7393143585451,18.997653988135,15.317718127259926,2.24,30.455369693709105,52.47199899844581,17.072631307845082,0.9511048338091308,0.06471983047874452,0.1192119482490335,0.016017738206525876,0.011991699244692263,1.1630460499881268,69.5446303062909,Sélection automatique par sortie,False
1338,41.77148196371204,411.4693353712502,13.23033886515998,19.211151852120267,1.25,27.782594197268534,53.70903954110945,18.50836626162201,1.3622186063611745,0.09393544874062587,0.18144364205630448,0.03177842273991127,0.014991351842992166,1.6843674717410084,72.21740580273146,Sélection automatique par sortie,False
1339,40.911588566936416,519.8200765317159,21.450329636828812,7.138220810280152,1.4,25.067292169191905,57.13539360972685,17.79731422108125,2.834750362520969,0.1918537088020062,0.35132029531192166,0.09363289841844952,0.027218884408398068,3.498776149461744,74.9327078308081,Sélection automatique par sortie,False
1340,47.453225443097544,442.7999717649705,27.356944778088693,23.089508659649834,1.4554721898927039,26.627145971256066,54.795173983746075,18.57768004499786,1.800980819736833,0.12519615763995942,0.22571342785018272,0.05045952357653109,0.020457629308677783,2.2228075581121844,73.37285402874393,Sélection automatique par sortie,False
1341,35.34782510660704,457.23857407844923,15.254106773235966,15.18966823827189,2.5810556337959203,26.66807892125084,55.12577081648545,18.206150262263723,1.8047721412926006,0.12301283845322748,0.23214060383266047,0.0510281350614891,0.019945607460567588,2.230899326100545,73.33192107874918,Sélection automatique par sortie,False
1342,32.809551198899634,509.29530876627297,25.719333617379093,25.017283769120905,2.6372404996564978,22.46143598955592,57.259571225215794,20.27899278522828,2.520350194429211,0.1678693848973491,0.30986275410807246,0.07719621746780263,0.02186938710111924,3.0971479380035545,77.53856401044408,Sélection automatique par sortie,False
1343,39.80966710229208,395.65922541042426,20.62581991380273,12.85,2.12,29.9375718109284,53.32200804752686,16.740420141544742,1.1368612403480984,0.07616392837702611,0.1285033272092199,0.02245709202154928,0.01292461610531086,1.3769102040612047,70.0624281890716,Sélection automatique par sortie,False
1344,59.02401189350259,469.12262452944856,23.48,14.162840219985661,3.02,27.805118170411294,53.910654170184536,18.284227659404173,2.1978094358034146,0.1510632105044219,0.2668894720917364,0.06709965448414726,0.025483883984174147,2.7083456568678943,72.19488182958871,Sélection automatique par sortie,False
1345,70.7123324020156,438.9806319659986,22.4,23.793305667367672,1.1,28.16434664195711,52.82853849086274,19.00711486718015,1.9263546120783301,0.1342936576452135,0.22835369126912783,0.05599290529452826,0.023145151752881125,2.368140018040081,71.83565335804289,Sélection automatique par sortie,False
1346,53.85,379.72019553553963,21.262097842302957,13.002559075510716,1.944407402778816,31.043438985967796,51.905017084181125,17.051543929851096,0.9582117831401737,0.06674178623339529,0.11810665948653618,0.017173926770763813,0.012524036807190752,1.1727581924380597,68.95656101403222,Sélection automatique par sortie,False
1347,57.064713592574,441.58625653047704,24.967995138189448,11.189117405728284,3.281938184907418,29.42809986674588,52.8527554480424,17.71914468521171,1.7699483593035787,0.12163063017833563,0.20758636319341547,0.04933469507237283,0.022124000155061187,2.170624047902764,70.5719001332541,Sélection automatique par sortie,False
1348,52.164373376370804,464.8923732426545,12.194171546449327,20.812418574458132,0.8921939716366071,25.760545986320214,54.8135537817456,19.42590023193419,2.1497446472591726,0.1497385503462037,0.2794034905176191,0.06166018606783964,0.025605659494843846,2.666152533685679,74.23945401367979,Sélection automatique par sortie,False
1349,59.82059643139142,379.9118432194783,15.806616134358105,10.84124063262251,0.59,31.09350254782068,51.688137705362315,17.21835974681701,1.1521477543096337,0.08516530225668605,0.1542627715109527,0.022427266341696214,0.013780504986585894,1.4277835994055545,68.90649745217932,Sélection automatique par sortie,False
1350,24.542866028120358,427.7442007357055,29.38367998630728,20.161095671894717,3.19,26.919618333150318,54.89994230589992,18.18043936094976,1.4781818211634734,0.09655082581150135,0.17241919772008585,0.03245696329766369,0.01375255921516558,1.7933613672078899,73.08038166684968,Sélection automatique par sortie,False
1351,48.14,467.75733930113097,17.49021441508768,14.286567197552865,3.4,27.344074092753633,54.41231877148917,18.243607135757202,2.0532882052655568,0.14066578478825,0.26193886514613346,0.0607585221713091,0.02282291399323454,2.5394742913644843,72.65592590724637,Sélection automatique par sortie,False
1352,26.069211454012603,456.0959481737423,23.429500348656212,14.187939304698814,1.73,26.338211190629615,56.127542426244375,17.534246383126018,1.8298579200726788,0.11891790336717001,0.23995428797254306,0.04847189750205171,0.017001773534834994,2.254203782449278,73.66178880937039,Sélection automatique par sortie,False
1353,62.32614961400076,432.9649366883145,25.577818904786515,23.634803811728364,2.3336795868605247,28.346282442424567,53.11647761759132,18.537239939984122,1.6985139408508005,0.11922382433780582,0.19691002965320203,0.048174690036952225,0.02392292372932918,2.08674540860809,71.65371755757545,Sélection automatique par sortie,False
1354,56.51957746285034,394.2148765225183,16.333952135995304,19.03526137011931,0.95,29.469841822893713,52.340919928410486,18.189238248695798,1.2557728671313027,0.0869973554869999,0.14868811948187272,0.02761527180754931,0.014533886800011022,1.5336075007077357,70.53015817710629,Sélection automatique par sortie,False
1355,35.17007372498868,471.8236478666841,21.0,16.902653151578765,3.112160377190727,26.032579660773244,55.243821893669015,18.723598445557744,2.0107495047145427,0.13361201267751618,0.2548995972024695,0.057826693626161836,0.020650523957491614,2.477738332178182,73.96742033922676,Sélection automatique par sortie,False
1356,47.42,470.0924269622528,18.919049933178623,27.52114351630764,3.45,25.53255132747157,54.721944111712745,19.745504560815696,2.045004297086123,0.13684024962505245,0.23254311924097404,0.05863932276250997,0.022255943672071905,2.4952829323867314,74.46744867252843,Sélection automatique par sortie,False
1357,45.42864439824778,432.9855454053397,28.1929749978321,12.01,1.5,28.607970209414688,54.064849621110845,17.32718016947446,1.6777595135334522,0.11215269179319926,0.19635145866356224,0.042998758541625826,0.017994833186835903,2.0472572557186752,71.3920297905853,Sélection automatique par sortie,False
1358,30.06608312101071,467.43514443953734,20.816976062968287,22.006986874900875,2.92,25.034330917793806,55.72777527104532,19.23789381116086,1.8827319198489878,0.12495012929839239,0.23141324253834772,0.052880284050178326,0.018920419715624526,2.310895995451531,74.96566908220618,Sélection automatique par sortie,False
1359,27.258445773106295,511.9718083229839,22.2344030344257,23.885938576911855,2.54,22.174493530637672,57.56957079288847,20.25593567647385,2.426096424245182,0.1605704662702479,0.30691785740872835,0.07466713817321627,0.02184532835427222,2.9900972144516467,77.82550646936232,Sélection automatique par sortie,False
1360,46.93554317838255,490.34708442147115,12.51,13.467284767069398,2.44,25.646070619172814,55.562909909333854,18.79101947149334,2.348127095175411,0.16472967251458676,0.2900725710309859,0.07420494219846713,0.025928281677778324,2.903062562597229,74.3539293808272,Sélection automatique par sortie,False
1361,61.35978693704252,491.1558916657266,18.6901272481902,24.0284354416514,1.51,25.091680840399338,55.197484342394944,19.71083481720572,2.5911779396622308,0.17618548099750364,0.30104580661110464,0.08063492258982269,0.026242048957060605,3.175286198817722,74.90831915960067,Sélection automatique par sortie,False
1362,37.979368742618185,362.310008888576,25.156629788195097,14.375242407394776,3.6,31.621561023707454,51.570005554200954,16.80843342209159,0.6901564405044287,0.046021568017055633,0.08221440093193272,0.003417737717853059,0.009621775332302155,0.8314319225035721,68.37843897629254,Sélection automatique par sortie,False
1363,62.24665607438306,463.3476692747995,25.21,13.17,1.7,27.95095143012475,54.12862066914728,17.92042790072798,2.1842144486982047,0.15136258885353962,0.28126638912245183,0.06726001773646997,0.02581648016964714,2.709919924580313,72.04904856987525,Sélection automatique par sortie,False
1364,44.78427999888282,373.40021286766006,23.700372581081673,13.030761808138152,1.86,31.001242844938584,52.37513964229783,16.623617512763577,0.8696371550132225,0.059004086466703284,0.10688121844632262,0.01226187774234612,0.011246501436078776,1.0590308391046734,68.99875715506141,Sélection automatique par sortie,False
1365,58.16449352134236,516.004240572775,16.860380183079112,24.924890998577148,3.27,24.20610398850376,55.52789196484298,20.266004046653258,2.836915759304175,0.19105749543167244,0.3120792949222958,0.08964081227133072,0.029919917555320485,3.4596132794847945,75.79389601149623,Sélection automatique par sortie,False
1366,43.06067390976824,382.7479220544006,23.161729971044533,20.122755334814787,3.89,30.401128037109835,51.99644306726129,17.602428895628865,0.9174792018244713,0.0634117468523293,0.12157835933465896,0.014780950915629948,0.012041523754759757,1.1292917826818494,69.59887196289016,Sélection automatique par sortie,False
1367,47.53678624231545,398.77630487434516,17.542787138077273,16.28317813218668,0.9287702187483248,29.13928977441612,53.1014060087145,17.759304216869378,1.2652494902842606,0.088586649294436,0.13715365175857902,0.028136765855057998,0.014100152643976646,1.5332267098363102,70.86071022558387,Sélection automatique par sortie,False
1368,57.129496816545064,426.2487496878636,15.973401818832734,21.802691087468222,3.0,28.589733000179034,52.79964843610473,18.610618563716233,1.5760836350351148,0.1062416618112414,0.1811425041213383,0.039967844050893445,0.01774785687600343,1.9211835018945915,71.41026699982096,Sélection automatique par sortie,False
1369,45.39343379819874,456.22743917186085,17.54637434555399,10.553643517192052,2.28,27.812007442375144,54.77832252355083,17.409670034074022,1.9199983530005356,0.13207074965928323,0.23728171705319454,0.055931285038768916,0.019967583735539137,2.3652496884873213,72.18799255762485,Sélection automatique par sortie,False
1370,26.91892470389321,419.6392717697505,14.741777459818934,9.537337515953382,3.14,29.198489146830457,54.34998090540581,16.451529947763728,1.3355548187338355,0.09106485300254383,0.15414662282500777,0.03056585804970816,0.013549499110376315,1.6248816517214715,70.80151085316953,Sélection automatique par sortie,False
1371,24.05679822135304,534.5412027477985,22.25015219974167,13.335651439244424,3.49,23.459843624922538,57.73142731435559,18.80872906072187,2.732327179327398,0.17712630028528548,0.35165678768204783,0.08707267186844289,0.027350946588131003,3.375533885751305,76.54015637507746,Sélection automatique par sortie,False
1372,64.66912697680372,532.207552578819,20.86,17.225180146175347,2.2831965688732683,24.354421882687916,56.099152310605525,19.54642580670654,3.2621140857389905,0.22417674802024798,0.4165894147922897,0.11051792534579263,0.035135399137128834,4.04853357303445,75.64557811731207,Sélection automatique par sortie,False
1373,61.829573189203565,389.9613611649821,20.82,21.17234196685547,2.63,30.503325790526564,51.58980851986045,17.906865689613,1.092115731685519,0.07584879786872664,0.14092552458965263,0.023501957173793366,0.014433480014215235,1.3468254913319067,69.49667420947344,Sélection automatique par sortie,False
1374,57.6643581111527,536.3959037373506,28.62622745247142,13.12,3.1043182063317065,24.835693683526408,55.98453461084485,19.179771705628735,3.3047365469300676,0.22296832291891758,0.425175843555024,0.11097771026531636,0.03500677046018611,4.098865194129512,75.16430631647358,Sélection automatique par sortie,False
1375,62.53011176217406,449.7987287856225,21.01,25.419897246440694,1.4,26.957818796593745,53.73890411125966,19.303277092146594,2.001171258602881,0.13697351119826554,0.23737170212329745,0.058065754429067605,0.022316895117141775,2.4558991214706536,73.04218120340624,Sélection automatique par sortie,False
1376,59.716359392090794,482.1479373876597,16.361531837624344,18.261781249763263,3.72,26.93329435777306,54.26714368954712,18.799561952679817,2.35821287681595,0.1619509174455228,0.27443337467536216,0.07200679257005771,0.026327773725112892,2.8929317352320054,73.06670564222694,Sélection automatique par sortie,False
1377,57.83028156966036,521.6492395937115,26.391849009059445,24.42327728330013,2.8,23.74046051627414,55.926584587209994,20.332954896515865,3.0262257813304005,0.20632354559479893,0.34530278939203596,0.09858468889573979,0.0323500978678404,3.708786903080816,76.25953948372586,Sélection automatique par sortie,False
1378,49.76498944544976,366.973344139896,26.283150914841528,23.298741411384412,3.745371680787464,31.16275562703509,51.52620083668072,17.31104353628419,0.7082625210351048,0.05328891550529742,0.09357620146540432,0.009316142554627892,0.011904398785068606,0.8763481793455031,68.8372443729649,Sélection automatique par sortie,False
1379,45.835823570886376,442.9604014607782,13.366236990569876,19.79716856306701,2.54,27.110316311617385,54.11766760601879,18.772016082363816,1.7126147727635161,0.11647901503944458,0.20628618395497614,0.04585182173861406,0.018824670341087448,2.1000564638376384,72.8896836883826,Sélection automatique par sortie,False
1380,39.57794845670644,540.3379427159664,14.499402155263553,27.88168398807163,2.1813366645704493,20.854240590603386,57.949231930186635,21.196527479209998,2.8434907324810834,0.19060239938941045,0.3396205326490201,0.09165835194392263,0.029153160361558895,3.4945251768249954,79.14575940939663,Sélection automatique par sortie,False
1381,38.67343036742882,450.7787627616266,25.897844123301713,9.876880465058372,3.45,28.542808195616658,53.96514678466165,17.49204501972169,1.828491872388679,0.1186236630504721,0.2168871037584567,0.047616120689853596,0.018441886427879285,2.2300606463153407,71.45719180438334,Sélection automatique par sortie,False
1382,64.76069469413805,446.0109945954896,16.019782196372034,23.239016287981805,1.41,27.358669742609965,53.35130093206204,19.29002932532799,1.9804176424902242,0.13388328563089788,0.24066880651148798,0.05545143079805665,0.02191484429737124,2.432336009728038,72.64133025739002,Sélection automatique par sortie,False
1383,51.023695684610196,515.9684708946635,17.736116216409147,17.621009835645744,2.92,24.540026253791513,55.9860801855668,19.473893560641688,2.7647650717879557,0.18847425545760468,0.3320403534844024,0.08999900799812274,0.029419309572604618,3.40469799830069,75.45997374620849,Sélection automatique par sortie,False
1384,55.734085470787704,445.8370037816816,24.889461542762362,22.425133543578887,0.97,27.059346537497294,54.281600526395344,18.65905293610737,1.9275778029842487,0.13523677408344614,0.23953624627250664,0.05552894295227893,0.021315684334652838,2.379195450627133,72.94065346250271,Sélection automatique par sortie,False
1385,23.156829491846985,432.76860604929993,24.406619580990824,14.368460721661808,2.5,27.5275222401111,55.227756942083516,17.244720817805376,1.5260127047424719,0.09688576623210754,0.18755028121845368,0.03486617636333797,0.013991187524860145,1.8593061160812314,72.47247775988889,Sélection automatique par sortie,False
1386,49.24867230038838,524.644110497461,23.85,25.021766878688176,3.89,23.426789045777284,56.092629613806366,20.480581340416354,2.893283740319401,0.19509507482477692,0.3151678759346124,0.09238204429154862,0.030858333401850277,3.5267870687721894,76.57321095422272,Sélection automatique par sortie,False
1387,59.09743309701186,395.3964524143224,20.954279079574352,17.42,0.7478391994799682,30.00003818283835,52.26154477515288,17.738417042008766,1.2749986088396197,0.09102009560505495,0.1585157066001059,0.029356948384020976,0.015052541486956814,1.5689439009157584,69.99996181716165,Sélection automatique par sortie,False
1388,26.99103041175163,391.9238721105921,26.41099716755639,22.793041991877118,2.386846355828164,27.917295265245027,54.272532555015765,17.81017217973921,1.042632449864602,0.07109314376279322,0.11785592821761456,0.01900859004090904,0.010810208353322255,1.2614003202392412,72.08270473475497,Sélection automatique par sortie,False
1389,59.27049029335835,439.5009494168083,11.3501108796718,16.489358421843875,1.6964277525045337,27.753315204903476,53.49625051322325,18.75043428187328,1.8497314081403284,0.12912691779584173,0.21739745265813526,0.050329336591672026,0.019389974652649567,2.265975089838627,72.24668479509653,Sélection automatique par sortie,False
1390,47.3808695930073,500.79891832854605,15.949918128740062,19.271437886273866,2.86,24.780740104791974,55.706717387441905,19.512542507766142,2.4802960983479188,0.16869625956740103,0.285343436475609,0.07795603203228606,0.026872945627281687,3.039164772050497,75.21925989520804,Sélection automatique par sortie,False
1391,60.29555485299404,472.3984045234563,19.51,9.94041117750279,1.93,27.647513841547035,54.52562614430404,17.826860014148938,2.289108270157216,0.15985054636955268,0.2818261588663499,0.07220416622634328,0.024077097368751087,2.8270662389882126,72.35248615845298,Sélection automatique par sortie,False
1392,65.44074146840195,520.7421481311558,29.53828684550179,25.70445838452258,2.215455424166653,23.90693716232323,55.708843706465615,20.384219131211154,3.1587861214305737,0.21882007217443677,0.3843869730036479,0.10466238222756233,0.03514260623842023,3.901798155074641,76.09306283767677,Sélection automatique par sortie,False
1393,54.46294549485487,487.6250492207835,21.239175670530486,24.615117418335544,3.927904304754211,25.74713225773531,54.581188574055375,19.67167916820932,2.3826709469258858,0.16138551895680378,0.26691146910544844,0.0722165367044078,0.02649585503178728,2.909680326724333,74.2528677422647,Sélection automatique par sortie,False
1394,62.60691199432946,483.4821337611922,19.56,26.028545791620903,1.07,25.249818037057015,54.880976435106774,19.869205527836208,2.5288029005275354,0.17280071874310565,0.3040203940135309,0.07736085871677048,0.026408848274349906,3.1093937202752926,74.75018196294297,Sélection automatique par sortie,False
1395,32.711725323452825,505.993051530511,21.71018027205628,15.15,2.59,24.375594745749986,56.62492813344783,18.999477120802183,2.4636618809447324,0.16282467174838888,0.31825919881141096,0.07657137365581232,0.023491966092040024,3.044809091252385,75.62440525425001,Sélection automatique par sortie,False
1396,48.87262294741332,485.9006701285164,20.20066904040006,20.607683161983356,3.267161459793997,25.681437099671133,55.036268183807785,19.282294716521076,2.3122119374494785,0.15623971959458613,0.27474719854960344,0.0703693806663097,0.024433463038988926,2.8380016992989665,74.31856290032886,Sélection automatique par sortie,False
1397,30.39697563193962,534.7184150339995,27.47258050719439,23.22894554614859,1.93,21.014242821442153,58.486934855293704,20.498822323264143,2.9125408824895023,0.19276724145973229,0.3738246356159449,0.09197415767974132,0.024388102453663758,3.5954950196985846,78.98575717855785,Sélection automatique par sortie,False
1398,36.59872947361822,488.94692488900137,14.188109361199876,16.886383660124253,1.36,24.430091771107726,56.39673813190093,19.173170096991328,2.230811980894785,0.15460652586359339,0.2886535259459027,0.0690657326423039,0.024630267540412993,2.7677680328869982,75.56990822889226,Sélection automatique par sortie,False
1399,59.24928048092,391.2651718025123,28.895314540132308,20.843869078720143,1.795592379660851,30.17693626996049,52.23034784608885,17.592715883950664,1.0823881706859693,0.08012275618448628,0.13653764264805845,0.02537467147647119,0.018447615655185517,1.3428708566501708,69.82306373003951,Sélection automatique par sortie,False
1400,58.72470460980247,524.355135475987,17.66,21.832458135394976,1.72,23.553938226943828,56.33857567364153,20.10748609941464,3.038568118036456,0.20714040557884617,0.3750986074886353,0.09949154845759345,0.030870730448052178,3.7511694100095827,76.44606177305617,Sélection automatique par sortie,False
1401,61.27,489.6165515497773,12.089829588067039,10.18578897990129,2.4030173091196874,26.610434822475224,55.15071907897801,18.23884609854679,2.53342687520803,0.1817514387264431,0.3011743981781402,0.08208176085231278,0.02668683577406828,3.1251213087389944,73.3895651775248,Sélection automatique par sortie,False
1402,22.431027571826107,382.8198272950186,15.796671144051615,23.032689351393827,1.27,27.448338567664468,54.27362735415627,18.278034078179267,0.9244386707731129,0.06350215731729351,0.11502347526127496,0.016006334187638367,0.00996199956244123,1.128932637101761,72.55166143233554,Sélection automatique par sortie,False
1403,47.41240178462153,417.52683424700837,11.333812494664308,12.772340792269535,1.49,28.502564969750377,53.631388143690515,17.866046886559108,1.489128927951012,0.10642187337977163,0.1717959763490544,0.03696950777536434,0.01571745704544862,1.8200337425006512,71.49743503024962,Sélection automatique par sortie,False
1404,52.74783310971457,488.8906120002759,19.015973355433115,24.62368135755995,2.65,24.973327432012596,55.23735434799806,19.789318219989337,2.399269879829654,0.1616059650035653,0.27477397151232574,0.07326846374086252,0.024330766986088968,2.9332490470724966,75.02667256798739,Sélection automatique par sortie,False
1405,41.59616275754117,369.6881189255752,24.958970127908895,11.183808589297831,2.44,31.516030393993557,52.117498214632604,16.366471391373835,0.8074873318103997,0.05322408375683724,0.09076459308740695,0.008210496943552484,0.010507608912462343,0.9701941145106586,68.48396960600644,Sélection automatique par sortie,False
1406,27.27,441.4639066802878,13.94,17.461001363738006,2.667551901214886,26.669214248848157,55.10774544892433,18.22304030222752,1.5278827064825844,0.10377501476099164,0.18193106270086606,0.03980149374016775,0.017045860326212074,1.870436138010822,73.33078575115185,Sélection automatique par sortie,False
1407,66.30653300526504,526.4480876556166,14.09,10.352681337591877,2.81,25.36617334228648,55.90516175377116,18.72866490394236,3.1427551281211787,0.22337475975015147,0.3849675494205619,0.10833700571202048,0.034314704499554136,3.8937491475034665,74.63382665771351,Sélection automatique par sortie,False
1408,36.4192418480678,534.4092708924603,16.56993768710486,9.585413917180825,1.55,23.660656486845536,57.929752119880995,18.40959139327346,2.8791274366667476,0.19871913617323103,0.36477196051076655,0.09840127241245333,0.030289691902744623,3.5713094976659434,76.33934351315446,Sélection automatique par sortie,False
1409,53.387875970844625,406.54271373337343,17.27,12.29,2.5542111904106504,30.149959057047152,52.721956438781476,17.12808450417138,1.3096319205116442,0.09115008372869667,0.14522194799900934,0.03064818117121119,0.014992965768712375,1.5916450991792739,69.85004094295286,Sélection automatique par sortie,False
1410,52.21724566948767,487.1352354185195,18.52,13.574844157004323,0.8487514365744835,25.944564243514282,55.707733057699755,18.347702698785962,2.4931897982186744,0.1752276049480832,0.3027460921898081,0.078457181379345,0.026607287844818202,3.076227964580729,74.05543575648572,Sélection automatique par sortie,False
1411,34.055596326859465,471.97812332177466,28.276033635230345,19.04968153693057,3.68,25.88660537564999,55.23772547479517,18.875669149554835,2.07210725590109,0.13636427076814756,0.2590744285004575,0.05719977261061138,0.020905392922768128,2.545651120703074,74.11339462435001,Sélection automatique par sortie,False
1412,67.33184957308475,544.3747986869389,20.219690189777847,16.35908510416745,1.311625995729213,23.674888499876424,56.644565950888556,19.680545549235006,3.5515071103019498,0.24640095013085722,0.44768807908162256,0.12243992525803589,0.0375010076944971,4.405537072466962,76.32511150012357,Sélection automatique par sortie,False
1413,67.28744624765622,394.63998326128467,22.945798220813288,12.753379773369458,1.1,30.988110876292968,51.78344938546106,17.22843973824597,1.2146330040281348,0.08769137779736885,0.15230321119241874,0.029107344139529225,0.016912652590007106,1.500647589747459,69.01188912370704,Sélection automatique par sortie,False
1414,50.33930888810236,376.2822002623395,17.82,9.52,2.34,31.524253110613,52.08333337746605,16.392413511920946,0.927082991216315,0.06488439992824033,0.10571196864718926,0.01475667422776563,0.011980512822437391,1.1244165468419476,68.475746889387,Sélection automatique par sortie,False
1415,35.95530929844032,430.10333513069236,26.0373750443406,17.577112497047892,2.46,27.667421614705177,54.39961552373776,17.932962861557066,1.5439439215023159,0.1023740693740606,0.1832048766548222,0.037795683340716146,0.01584280170704213,1.883161352578957,72.33257838529482,Sélection automatique par sortie,False
1416,68.32683529895748,402.82779254333866,13.575805238639736,13.17,2.83,30.70928313264219,51.783357571964544,17.50735929539326,1.3557455900210507,0.096437220506819,0.1485910284300841,0.031487482235138115,0.016399756078565676,1.6486610772716572,69.2907168673578,Sélection automatique par sortie,False
1417,24.594014065510844,393.5980199715661,11.807211909732887,18.242485622340705,1.5108843947287023,27.89576135470111,54.30359033206437,17.80064831323452,1.0538069377083183,0.07348837975570453,0.1280568791686917,0.020243686617097828,0.011782312152718343,1.2873781954025307,72.10423864529889,Sélection automatique par sortie,False
1418,54.683183361095224,496.07042088757527,16.91,16.907497529348383,1.86,25.302865713298665,55.545440679036375,19.15169360766496,2.5601784292114704,0.17608473179737724,0.3213377425241448,0.08168572013277983,0.026690012339798744,3.165976636005571,74.69713428670133,Sélection automatique par sortie,False
1419,61.27,520.4183077911981,22.78,13.03,1.73,25.147742108963744,56.02736681330849,18.824891077727756,3.069239628294148,0.21139707295930726,0.39196100829331915,0.10357895645368809,0.0326466262221976,3.8088232922226597,74.85225789103625,Sélection automatique par sortie,False
1420,26.345817792396147,442.3605643350898,24.002340146816035,21.174246436348948,2.23,25.801566015085758,55.59155997269419,18.60687401222004,1.6156405662236635,0.10677685959598204,0.20362912316687487,0.041120335809466224,0.01605923928513142,1.983226124081118,74.19843398491423,Sélection automatique par sortie,False
1421,47.78557368018089,461.15,23.41700553208908,13.650208685621585,2.31,27.375892806103288,54.53505289979417,18.089054294102546,2.023544503494813,0.13651672892879402,0.25735739924565926,0.05893646783724975,0.022155305854453213,2.4985104053609697,72.62410719389672,Sélection automatique par sortie,False
1422,54.3932854612461,384.430061322326,21.445463591303508,20.688069872276355,1.1,29.790752015238585,52.29563534337551,17.9136126413859,1.0680952629268363,0.07504224462388238,0.13430715514290537,0.022262166241564678,0.01323095795400005,1.3129377868891887,70.2092479847614,Sélection automatique par sortie,False
1423,57.19955050211231,443.7513970891087,12.2131931064753,14.977575765514997,3.4879900540599196,28.576624800666323,53.372554124952984,18.050821074380686,1.8197280949500165,0.12765417114986516,0.21635946220217125,0.0496760899187986,0.01931367722399771,2.232731495444849,71.42337519933366,Sélection automatique par sortie,False
1424,60.35254425228195,541.4584340371958,30.055067706916734,18.966151328860775,1.68,23.30904759676703,56.74689563929788,19.94405676393509,3.48721598652992,0.23823464981092096,0.45506733979930614,0.11772522492738263,0.035639896417891885,4.333883097485421,76.69095240323297,Sélection automatique par sortie,False
1425,66.56955024163548,502.9007226582953,17.97,24.38661543186265,3.28,25.50163725717713,54.63562294297959,19.8627397998433,2.770559596310063,0.18749280900594678,0.29592793177262167,0.0868150595094124,0.030026761451029928,3.3708221580490743,74.49836274282289,Sélection automatique par sortie,False
1426,25.22639193165378,509.75618087497014,16.300179929282294,10.149267455918823,3.43,25.206389870441196,56.983326437716286,17.81028369184252,2.3419576464349467,0.1577565763355559,0.3065398844783856,0.07470001683654978,0.027830573295724918,2.908784697381163,74.7936101295588,Sélection automatique par sortie,False
1427,36.92709783017025,395.17852474596407,14.209061640484954,22.050388524536245,3.1543728953236996,28.764031010865864,52.96645766511738,18.269511324016765,1.0699958142823236,0.07142526412442639,0.12093635912028147,0.020241123028185398,0.012880408678611297,1.2954789692338282,71.23596898913415,Sélection automatique par sortie,False
1428,28.353306616512693,427.05494904416304,24.656656873655958,17.57,3.49,27.838935395530566,54.28004726412514,17.881017340344293,1.4393740818666034,0.09375232601540705,0.1737962329177053,0.03247547924328756,0.014493011238635615,1.7538911312816388,72.16106460446943,Sélection automatique par sortie,False
1429,27.19,442.699539430469,19.278026068909767,9.47,0.8955618160475972,27.586480031856745,56.033727613680185,16.37979235446306,1.705724608768972,0.1165624472645408,0.19108890771932951,0.04415343414155025,0.015448435638797525,2.0729778335331903,72.41351996814325,Sélection automatique par sortie,False
1430,24.545947893881173,448.08533851137946,27.747290472421813,18.3943473070864,2.89,26.22776749846187,55.50780381415556,18.264428687382587,1.722883900440368,0.11096449930222002,0.21129362756050904,0.04229166565786262,0.016188377475558603,2.103622070436518,73.77223250153814,Sélection automatique par sortie,False
1431,61.76017447104234,466.41514864628124,17.298499133903686,25.944070314611913,3.09,26.704898258249294,53.78849784807648,19.506603893674214,2.1672850570554734,0.14519553436608257,0.24672961135998436,0.06258982393439282,0.024049650170158678,2.6458496768860917,73.2951017417507,Sélection automatique par sortie,False
1432,56.618411874339934,461.15,20.898821715942322,9.169100367099213,2.17,28.254011823767787,54.21331705605825,17.53267112017397,2.0871141471763215,0.1444409628048691,0.26105711935193293,0.06338354117019257,0.023371566927853263,2.579367337431169,71.74598817623222,Sélection automatique par sortie,False
1433,63.84725569586613,397.9751121703266,19.525947247770745,15.399171455292821,1.5394281917947148,30.340382441359264,52.05612835229138,17.603489206349348,1.258244837395884,0.08834261479952457,0.1458399545415348,0.02982239980204917,0.015674778592429696,1.5379245851314223,69.65961755864073,Sélection automatique par sortie,False
1434,62.05426538072388,522.3569819611039,20.4518761012134,14.81676409884099,1.41,24.684469904118302,56.15059903574929,19.164931060132407,3.108651948686871,0.21528602202827907,0.3958257266868778,0.10478232919361613,0.03296924324022287,3.8575152698358663,75.3155300958817,Sélection automatique par sortie,False
1435,47.98301239634919,471.36094844787146,17.702763905328364,26.100185103778294,3.33892397991385,25.63705669832762,54.71135062208063,19.651592679591754,2.0681956163656623,0.1383357909258074,0.23672270558499678,0.059549827663521945,0.02293040768845898,2.525734348228448,74.36294330167239,Sélection automatique par sortie,False
1436,62.628073218608925,467.0707327592911,15.847031633738872,21.04627817003596,1.049204576022749,26.430743370875106,54.28101757518168,19.288239053943204,2.2888536600069904,0.15751275283267388,0.2829334831858876,0.0679541099373071,0.02586159838638141,2.8231156043492405,73.56925662912488,Sélection automatique par sortie,False
1437,30.529612778338887,363.21839421034974,16.45,25.447563123484827,2.718540328330578,29.114330157397138,52.74732241490566,18.138347427697187,0.7061622375466019,0.046892608144903467,0.07671444987164855,0.007671608372117077,0.009430449310861842,0.8468713532461328,70.88566984260285,Sélection automatique par sortie,True
1438,47.63,501.6562241968854,15.793412657958067,12.241596427728151,1.27,25.020230403205048,56.15572260649823,18.824046990296733,2.5851431082290546,0.18096247027214463,0.31883836406307053,0.0841744129847768,0.02742516211217711,3.1965435176612242,74.97976959679497,Sélection automatique par sortie,False
1439,67.31841417955863,398.1905162293048,13.51,8.039411841795383,3.599464360617391,31.60932018438295,51.62008735509754,16.770592460519506,1.258353986854417,0.0935812182411289,0.12990898781961013,0.028225937310079413,0.016835447360824016,1.5269055775860596,68.39067981561705,Sélection automatique par sortie,False
1440,63.6203677414975,457.3703100565391,19.017275587749445,22.778174951683624,3.3080618044839274,27.72844931921967,53.36843713759899,18.90311354318134,2.0482982562433523,0.1393486292431506,0.24240496072436457,0.059216021212848094,0.023406549225027086,2.5126744166487427,72.27155068078034,Sélection automatique par sortie,False
1441,28.17430146900418,520.3497778331604,15.07764237161589,27.767905427044393,1.11,20.75693500913594,58.6115432309091,20.631521759954953,2.4349422946504826,0.16663750886794532,0.3154280605805827,0.07642472683851491,0.025064550769854706,3.01849714170738,79.24306499086406,Sélection automatique par sortie,True
1442,58.83801614039939,488.6819727311949,20.825588857430716,8.40196252743866,2.9983971186596103,27.49943017379221,54.578983281922454,17.921586544285326,2.4896654334883084,0.1725952997678253,0.2948376138969117,0.08046837875615298,0.02651542857997048,3.064082154489169,72.50056982620778,Sélection automatique par sortie,False
1443,65.93390105340184,522.57129707158,19.09,15.578036227619162,1.03,24.72496773632572,56.06219332366636,19.212838940007913,3.191273297398922,0.2231196187146537,0.3985074245528926,0.10731840770474624,0.03388693327574328,3.954105681646958,75.27503226367426,Sélection automatique par sortie,False
1444,22.338593965924066,487.8672784595588,25.706809280717415,20.937777939244253,3.81,24.124983843759328,56.400189411288764,19.474826744951923,2.125934302522026,0.1378907775193528,0.26711357710592526,0.05947581055398058,0.018750443843210608,2.6091649115444957,75.87501615624069,Sélection automatique par sortie,False
1445,55.72145008070635,514.3521900518256,17.84986761587177,20.96,3.1158091487282253,24.556827659987142,55.661633572385114,19.781538767627733,2.7953944641199904,0.18984599793467066,0.3096178863516921,0.08983911004329243,0.029782610208212275,3.414480068657858,75.44317234001285,Sélection automatique par sortie,False
1446,67.40353069316389,386.7779448470827,16.30648829746636,22.072153395117283,1.84,30.354276619182812,51.23260406330565,18.41311931751153,1.1505413091824792,0.07698078141089457,0.15677727995822124,0.02374896382010696,0.014044602558359816,1.4220929369300617,69.64572338081717,Sélection automatique par sortie,False
1447,66.07382335671714,369.0746701162855,26.43651896022152,16.672811122337773,0.7,31.850433928325632,51.00698330499638,17.14258276667798,0.8720164099935002,0.06689501570855753,0.13238313509703525,0.01626975913195735,0.013949790921228803,1.101514110852279,68.14956607167436,Sélection automatique par sortie,False
1448,45.04779901851088,443.4684884599969,25.867630083418383,13.58,2.04,27.991724007533513,54.22444944489365,17.783826547572847,1.7846633858762777,0.1194282093259577,0.21406130043329522,0.0482438906856726,0.019229311102705315,2.185626097423909,72.0082759924665,Sélection automatique par sortie,False
1449,63.78858432822105,532.2772329730216,25.90651441511925,19.973895790822056,3.89243385402565,24.77711368933643,55.52441472396442,19.698471586699153,3.248285359275817,0.22236365943076092,0.3926290729361904,0.10824769793864764,0.03683125095684729,4.008357040538264,75.22288631066357,Sélection automatique par sortie,False
1450,68.30550045999117,437.2648346794551,15.289685869998742,11.741737652889016,1.4090699958310209,28.930698461799793,53.232431419725444,17.836870118474764,1.8815155086864872,0.13411129659177243,0.2253110383860901,0.05430149961775294,0.02121370217480007,2.316453045456903,71.06930153820021,Sélection automatique par sortie,False
1451,61.78049346685517,506.02609976661216,23.331744011441607,23.125363890331,3.1217592317719993,25.133983473721567,55.0384750824866,19.827541443791837,2.788998862460738,0.1903377410149075,0.3180643669303619,0.08939469232168021,0.030739190079827252,3.4175348528075147,74.86601652627843,Sélection automatique par sortie,False
1452,45.77287479239327,381.3791984093641,14.101296502592954,15.59,2.68,30.353602835955176,52.27509114641128,17.371306017633547,0.990121674155062,0.06807332657489241,0.1279118633962799,0.01671154368162156,0.011879163304887749,1.214697571112744,69.64639716404483,Sélection automatique par sortie,False
1453,52.54765992796537,515.4216206948366,17.363571245680966,17.647821594383746,0.7,24.153500916338253,56.71954137132106,19.126957712340676,2.9114719549678387,0.2052634271069218,0.3605484185516222,0.09419253508827813,0.031410321881540054,3.6028866575962013,75.84649908366174,Sélection automatique par sortie,False
1454,65.27352057096904,531.5067692509396,15.120423731481944,13.855121095184233,2.3644340108271926,24.59438876242732,56.159765208113136,19.24584602945956,3.2217536344195645,0.22543790115186185,0.40154762791900234,0.11010802111787314,0.034576026103295784,3.993423210711598,75.4056112375727,Sélection automatique par sortie,False
1455,66.35656961679095,503.05736031065527,12.63,23.60383832298753,3.906892064455799,25.736878840111036,54.4961980806614,19.76692307922755,2.746223674782025,0.18569321913789977,0.29530937768907667,0.08338141522662922,0.029434248002465104,3.3400419348380956,74.26312115988895,Sélection automatique par sortie,False
1456,39.26077930187934,408.76292211446975,24.675091788930583,17.430065482273594,1.68,28.55161049083644,53.975297857702515,17.473091651461054,1.304314994893737,0.08807918596345257,0.15466120399089442,0.029403007875818753,0.013951970736942935,1.5904103634608455,71.44838950916358,Sélection automatique par sortie,False
1457,54.19663174118758,468.1683697333254,25.281406154748428,10.400326440822285,1.5762917043678144,27.610039422839325,54.58174169938484,17.80821887777584,2.214714170051967,0.1509744600718728,0.2789064157672466,0.0672032257799007,0.024095381889666298,2.735893653560653,72.38996057716068,Sélection automatique par sortie,False
1458,39.685148897767185,412.2794061396112,18.533911036026357,23.816688924755894,2.93,27.96902060341613,53.61151432478625,18.419465071797614,1.2749696544671323,0.08543414539935175,0.15299547480501668,0.029200295563254368,0.014772458938022839,1.557372029172778,72.03097939658386,Sélection automatique par sortie,False
1459,30.97185028668958,526.5455970080515,13.866129645644609,15.637814477989716,2.466174179001488,22.991923590936054,57.4027053017784,19.605371107285546,2.574191504546267,0.1767047672538912,0.3365129538434386,0.08538874655170918,0.0296471490627616,3.202445121258067,77.00807640906395,Sélection automatique par sortie,False
1460,27.032622145253445,434.2352146234342,27.898289409876792,9.899269220030025,2.75,28.50311873676402,54.40816255480259,17.088718708433383,1.6146682257984404,0.09928857785421139,0.19055892887428075,0.03532340122123205,0.014235462389870205,1.9540745961380348,71.49688126323596,Sélection automatique par sortie,False
1461,52.822092272239345,474.189527570827,22.468655247359397,16.87404800410514,1.9407544911840517,26.431631057107,54.903540838562975,18.664828104330013,2.2513300279272768,0.1534986577813187,0.28024097185389707,0.0687813804138448,0.02333632934062425,2.7771873673169614,73.56836894289299,Sélection automatique par sortie,False
1462,62.291847638269076,399.8210734020465,22.056604991838224,12.035606188255189,1.76,30.64421822740908,52.020422218412385,17.335359554178527,1.2424313499169801,0.08785250938016818,0.13895452697568908,0.02962701652875979,0.0167112899453293,1.5155766927469263,69.35578177259092,Sélection automatique par sortie,False
1463,65.47032702034468,434.9951447442912,18.55546891153476,22.295378245362674,3.57,29.062749183878466,52.48891660919654,18.448334206925008,1.7330512675009768,0.11820234271690434,0.20180801775033688,0.046654385496382955,0.02053127844908713,2.120247291913688,70.93725081612155,Sélection automatique par sortie,False
1464,21.79021138785252,397.5830834414558,20.21,22.709201685856893,1.76,27.109182145005516,54.836330480662795,18.054487374331693,1.0689135992269376,0.07176493048465393,0.11612873286209083,0.02108270612563016,0.010982192519799056,1.2888721612191116,72.89081785499448,Sélection automatique par sortie,True
1465,23.013126395652233,485.5588989423293,27.06804664757579,14.57,1.83,24.758921903705417,57.09571565725632,18.14536243903827,2.2267872764315535,0.1418655386643117,0.28314415037752017,0.062094088739499134,0.01793525841822992,2.731826312631114,75.24107809629459,Sélection automatique par sortie,False
1466,42.53183289297504,519.5254883576536,18.15184402045186,24.755603502460637,3.45,23.104813102335402,56.431672547866285,20.46351434979833,2.6499362771984627,0.17754617441393847,0.30223180397276017,0.08362541589048482,0.02760167897686549,3.2409413504525117,76.89518689766462,Sélection automatique par sortie,False
1467,28.714524305170784,422.0218116588673,22.98933547508438,17.08627356359498,1.27,27.27882247577597,55.187445058994925,17.533732465229104,1.4384611426225862,0.09614207173819761,0.16607965531102098,0.03358507862606318,0.013444994162483145,1.7477129424603512,72.72117752422403,Sélection automatique par sortie,False
1468,30.089834038423824,449.5528617872635,21.5919592808754,20.96622077460871,1.1720119493387513,25.39958992756688,56.042634251539795,18.55777582089332,1.7444316325112104,0.11843976380891962,0.2131475070805562,0.04707148540255619,0.017092838034977024,2.1401832268382193,74.6004100724331,Sélection automatique par sortie,False
1469,30.955902626652513,511.7960989648552,20.807948135348155,23.492574559088585,2.76,22.608080585155836,57.16989938804079,20.222020026803367,2.443799820489752,0.16236312347023021,0.30539546494679864,0.07581220844502135,0.023214631203688302,3.0105852485554903,77.39191941484415,Sélection automatique par sortie,False
1470,33.882828778087166,478.65503999802763,19.339852942337984,13.095357594056887,1.11,25.527608212350366,56.40766701430302,18.064724773346605,2.1607194363836904,0.14749698891400928,0.2721343929668061,0.06460933609559913,0.021612446822345113,2.66657260118245,74.47239178764963,Sélection automatique par sortie,False
1471,39.34,493.7440019745021,18.79783516448414,11.508367387331711,2.76,25.973231532220687,55.99272486377753,18.03404360400178,2.3495721804648317,0.1587951281966145,0.2848116465194684,0.07355220798346526,0.024536841452061513,2.891268004616442,74.0267684677793,Sélection automatique par sortie,False
1472,43.55054985944468,423.50022571885836,17.367427898760212,8.309117559443099,1.74,29.274162055844194,54.14337371612968,16.582464228026137,1.5174341911215175,0.10503255662191324,0.16293945677452093,0.038816567980796635,0.015955555089204487,1.8401783275879526,70.72583794415581,Sélection automatique par sortie,False
1473,49.942561885019785,454.15946535214607,23.442995480905743,14.759775320751036,4.05,28.331287448616862,53.29633883040354,18.372373720979592,1.8892455302928282,0.12828834915212847,0.24286692476962352,0.052910863000033,0.022333247260893474,2.3356449144755063,71.66871255138314,Sélection automatique par sortie,False
1474,51.535372548152466,426.37,13.069196824278242,22.01451640912066,2.34,27.793954299050966,53.27839146797994,18.927654232969093,1.5647516537957946,0.10504596375995248,0.18134777897957433,0.03887312706646409,0.017139993814794217,1.90715851741658,72.20604570094903,Sélection automatique par sortie,False
1475,61.461471621674534,429.1355188836052,12.510501292617258,12.476107793668307,3.05,29.43205512640402,52.95190329006034,17.616041583535626,1.6731934012755802,0.11912111849785573,0.1809685546048285,0.04433441588489943,0.01874628808044917,2.036363778343613,70.56794487359596,Sélection automatique par sortie,False
1476,53.86491674769552,449.89529197916426,23.003215955964496,22.52653162564542,3.51,27.595352569659454,53.596854521710526,18.807792908630027,1.8553358070866712,0.12692766131564548,0.21401761065002106,0.05227471342810569,0.022778507913727934,2.2713343003941713,72.40464743034056,Sélection automatique par sortie,False
1477,36.99946366008214,529.1803306654141,16.42,9.190775178420388,3.4190539593021128,24.82271739445984,56.99361863602504,18.183663969515116,2.7580925769938505,0.18899039730361586,0.34354859464380155,0.09296630605835794,0.03073888106320717,3.414336756062833,75.17728260554016,Sélection automatique par sortie,False
1478,45.965880898441604,429.76949877542677,19.234512064152522,19.702529053681335,3.31,28.268045326543152,53.473212271979,18.258742401477836,1.5313820049596345,0.1035674325800813,0.1768215663648237,0.038993895547201084,0.01742714836298028,1.868192047814721,71.73195467345684,Sélection automatique par sortie,False
1479,52.46756212659205,452.57550528871957,25.09533573588238,16.471583860449968,3.54,28.184400010098457,53.53131648029591,18.284283509605626,1.8981591876303987,0.12946560356513961,0.2381231218321173,0.05374347740113408,0.023336270872569877,2.342827661301359,71.81559998990153,Sélection automatique par sortie,False
1480,52.304772649047855,438.3992282861754,11.324255599050574,15.7,3.288064175370689,28.34823936372762,53.47375542441635,18.17800521185601,1.7146838767038695,0.12002381425959462,0.20328169574775856,0.045206773652720356,0.018474807119873312,2.1016709674838165,71.65176063627237,Sélection automatique par sortie,False
1481,30.376435227925377,480.28642311352917,22.373879824907277,27.234292638108972,3.5734700710622724,23.85045089872088,56.1392070697972,20.010342031481915,2.0188720572276284,0.13484218482360882,0.23893971815343598,0.05794306266399365,0.01942734861000523,2.4700243714786723,76.14954910127912,Sélection automatique par sortie,False
1482,49.01158981104816,516.5904981644852,12.51,16.492233229941384,2.38,24.092127135026892,56.29250112689424,19.615371738078874,2.71970706581836,0.18901680961140271,0.3378107053440816,0.08898223711288737,0.030032324264665865,3.365549142151398,75.90787286497311,Sélection automatique par sortie,False
1483,37.909264157958134,405.0763304701005,24.68,20.13,4.178281164249605,29.224828326679877,52.77458363288639,18.00058804043373,1.176968401277555,0.0799468493701245,0.1384751536258219,0.023784438509275724,0.013835956807825288,1.4330107995906025,70.77517167332012,Sélection automatique par sortie,False
1484,45.19948881630822,444.89720835540794,24.69,27.012996174957838,2.28,26.08560251953609,54.75132624972315,19.16307123074077,1.7567248791014198,0.12067324298402457,0.20163161389938603,0.04893997979372527,0.019259609697429084,2.147229325475984,73.91439748046392,Sélection automatique par sortie,False
1485,31.94277963078539,429.75559590976536,23.966033998483663,13.78,0.9536432934211809,27.69052250978885,55.31929136464502,16.99018612556613,1.5905724318688603,0.10708986157700104,0.17214752106507186,0.03847015842602636,0.014373772013790368,1.92265374495075,72.30947749021115,Sélection automatique par sortie,False
1486,54.38686970544598,483.5160554236608,18.580313074831384,13.559472027617392,2.5839693535878077,26.668629241421936,54.9260465350213,18.40532422355675,2.3644758820833034,0.16275422577048246,0.2831350597180687,0.07427207360409663,0.025029588192741956,2.9096668293686934,73.33137075857805,Sélection automatique par sortie,False
1487,36.3376420238706,397.7731595102059,12.257241720674408,19.05,1.5226222117157946,28.120930530181813,53.50685790343446,18.37221156638373,1.1640908649226929,0.08008981992838118,0.13767785774475783,0.023987916350557074,0.013197326084661657,1.4190437850310507,71.87906946981819,Sélection automatique par sortie,False
1488,24.88529005866657,466.0471639700649,21.381769319844597,9.47,4.117590548160447,27.64513049282449,54.935224739612245,17.419644767563263,1.8825443233980645,0.120997679023113,0.2510639500583243,0.050144218109727,0.018352324961911165,2.32310249555114,72.35486950717551,Sélection automatique par sortie,False
1489,71.21480418497605,517.3903696123207,23.62,16.52,2.65,25.797476494844155,55.175538914883326,19.026984590272537,3.107465342713578,0.21512423787453283,0.37722072179392097,0.10475445235224125,0.034479519708112666,3.8390442744423856,74.20252350515587,Sélection automatique par sortie,False
1490,63.6858416178442,471.1161895863068,17.687878632279844,17.78,2.57,27.22496216411193,54.13195222339723,18.64308561249085,2.2747804989504252,0.15657313460185684,0.2734093171569393,0.0694590272432694,0.024764247224342492,2.798986225176834,72.77503783588807,Sélection automatique par sortie,False
1491,44.10652652919143,472.2341894511975,21.26,12.492954195043403,2.49,26.927927680776463,55.082918661338915,17.989153657884625,2.1322692793660036,0.14361664658356427,0.26460138795116256,0.06363107257662107,0.021399480039270523,2.6255178665166223,73.07207231922354,Sélection automatique par sortie,False
1492,22.28177151066773,545.3085255677967,29.700881754318345,11.465506515416736,2.251370822552914,22.675240034528187,58.54232380645614,18.782436159015678,3.0941808914283104,0.19286872898989682,0.3938513138723169,0.09533452676741555,0.024560693140742856,3.8007961541986823,77.32475996547181,Sélection automatique par sortie,False
1493,47.2299339582802,479.98607436139747,25.203216773511535,7.900912399883086,1.27,27.084709846174984,55.398635922057984,17.516654231767035,2.366294427230052,0.1593383140751322,0.28693612802435414,0.0720379459246738,0.022484259822232722,2.9070910750764445,72.91529015382503,Sélection automatique par sortie,False
1494,56.8504255245525,500.21404134615744,12.186958596050392,8.1,1.66,25.956535859863006,56.05212106233647,17.99134307780053,2.6615721907562415,0.19241877120702156,0.3284758535607607,0.08895789379405752,0.027720322738174256,3.299145032056256,74.04346414013699,Sélection automatique par sortie,False
1495,45.57111100179402,486.0182166051509,21.562784721625135,11.562295180435388,1.771520815007106,26.23572747899259,55.7381964872916,18.026076033715807,2.368413018312446,0.1604285742821579,0.29020332506374913,0.07367081134145001,0.022946874635494708,2.915662603635298,73.76427252100741,Sélection automatique par sortie,False
1496,58.66951623375909,543.6535120761627,19.38665482608601,21.335266918374227,2.24,22.84005429548444,56.7661602930359,20.39378541147968,3.3318550245861993,0.2266376258705518,0.41996310393304415,0.11190721934193487,0.0343784566097495,4.124741430341479,77.15994570451558,Sélection automatique par sortie,False
1497,63.03898769659257,486.1088711412581,13.559990368368146,13.56,1.58,26.298663100830236,55.03553947436345,18.665797424806303,2.535857547072247,0.17894737757582296,0.31480123178476044,0.08078340161166894,0.026361847171721256,3.136751405216221,73.70133689916976,Sélection automatique par sortie,False
1498,57.51528049875045,389.54456294040875,29.560897942443514,14.350098275319425,2.64,31.10830901714113,51.46696198480909,17.424728998049787,1.0159983891341446,0.07297246974257056,0.12321020450258442,0.02049289383607583,0.017683340994981717,1.2503572982103572,68.89169098285888,Sélection automatique par sortie,False
1499,38.30947528452055,515.566024461214,17.73,9.23973572361562,3.18,25.42737401286677,56.53349286552315,18.039133121610067,2.6172020076046754,0.17809239537123336,0.32052430002465004,0.08597270808868492,0.027825132164332467,3.2296165432535764,74.57262598713322,Sélection automatique par sortie,False
1500,60.045759256803414,394.5665629576911,28.05847460774995,17.24,1.54,30.448667613633134,52.29138077676191,17.25995160960495,1.1434565243158725,0.08284668965177067,0.13675005442143245,0.026799706120094607,0.018091171260462276,1.4079441457696327,69.55133238636687,Sélection automatique par sortie,False
1501,25.85404421884003,497.8660269895709,30.20068874902838,9.144081107074133,2.24,25.54897686253203,56.557393434803664,17.893629702664317,2.4967271248652443,0.15383936985769764,0.29192393242023906,0.06975131036775009,0.01943238697521271,3.0316741244861443,74.45102313746798,Sélection automatique par sortie,False
1502,22.089629307050117,380.6113147746351,23.63161765295483,11.383731732720213,1.55,29.936944286488206,54.255111608784844,15.807944104726964,0.9872617569027995,0.061548324259265874,0.10136037707436302,0.012185255835554791,0.008834491018843786,1.171190205090827,70.0630557135118,Sélection automatique par sortie,False
1503,57.63689316226022,398.55884657458625,24.5368770658984,12.54,3.56,31.24318145845276,51.42663304200763,17.330185499539613,1.1438359798528621,0.08035115594365336,0.13497568773342822,0.024474992904968802,0.016501386497071203,1.4001392029319837,68.75681854154725,Sélection automatique par sortie,False
1504,66.59592382347338,404.90903004739744,29.530900928862618,20.41,3.4536043984790026,30.79851305138423,51.4817937968932,17.719693151722563,1.2294369983131301,0.09179894989548013,0.15106844440153955,0.03152326585478373,0.02262334798543512,1.5264510064503687,69.20148694861577,Sélection automatique par sortie,False
1505,57.18424294126386,390.38451142825284,15.310980175103822,24.786267913328597,4.190013359033062,30.447996346470365,51.19804543410632,18.353958219423326,1.0893138918711012,0.07187905357160804,0.12351232066541407,0.01966766897067697,0.013303972715081526,1.3176769077938817,69.55200365352965,Sélection automatique par sortie,False
1506,65.0105801259572,497.54995540288496,28.82196170405693,13.618370918977897,2.449907951823989,26.78977099172555,54.68267252304124,18.527556485233212,2.7421057960026074,0.1887895516210597,0.33973172349371816,0.08969198758672677,0.03036835260710167,3.3906874113112138,73.21022900827445,Sélection automatique par sortie,False
1507,36.3743731767003,465.8760402967995,26.70342270252869,26.081141885309425,1.77,24.318063452532762,56.21833558097104,19.463600966496188,2.0089876617412887,0.13708993982752524,0.25074523834884144,0.05767775242734864,0.018424475921028673,2.472925068266033,75.68193654746723,Sélection automatique par sortie,False
1508,66.83041886194421,480.0727456313142,24.949712411658414,22.397359460533107,2.65,26.64177340802604,54.07941871819061,19.278807873783332,2.4517357416468926,0.16955018118807325,0.29121964661678706,0.07715873100232844,0.028657044994831914,3.018321345448913,73.35822659197395,Sélection automatique par sortie,False
1509,58.78570077459675,462.25979001839045,12.621596449283315,22.508092271542353,0.9,26.126018098670226,54.262884488031446,19.61109741329833,2.1977249076437255,0.1510589809457516,0.2814899935406488,0.062351291364118246,0.026095480632024513,2.718720654126269,73.87398190132978,Sélection automatique par sortie,False
1510,47.100941274126846,439.6686915335973,22.94323190553479,20.173249758232483,3.08,27.75689644754764,53.820479729681495,18.42262382277086,1.6829148200806554,0.11420763954600915,0.20275116200746607,0.04523768246863916,0.019006595495828706,2.0641178995985987,72.24310355245235,Sélection automatique par sortie,False
1511,66.88412895512329,513.2843226199126,19.43,18.47736552487692,2.86,25.487790242385604,55.19476081372129,19.3174489438931,2.957442084705186,0.20333090056119596,0.35149286979365024,0.09725816979913823,0.032036681504259236,3.64156070636343,74.51220975761439,Sélection automatique par sortie,False
1512,45.46022218073132,393.5527787478892,29.648212370466435,15.880854216328032,2.44,30.04271786840817,52.57564680878458,17.38163532280724,1.094070360326772,0.07521853959840878,0.13014978156916268,0.02102344094212688,0.01475205412520706,1.3352141765616774,69.95728213159182,Sélection automatique par sortie,False
1513,35.78845016821843,416.75252550951706,11.65,16.103855156183425,2.48,28.15388212317875,53.97166377178319,17.87445410503807,1.3427410084583324,0.09326473011942576,0.16085211363307833,0.03131521654528201,0.014676623264593607,1.642849692020712,71.84611787682127,Sélection automatique par sortie,False
1514,29.266221546185125,481.0542620155834,26.176500304748473,17.595351050867663,1.77,24.606495700410463,56.56458901485464,18.82891528473489,2.186111951894465,0.1432351025376968,0.27853024946943505,0.06256519764054318,0.01818930523541447,2.688631806777554,75.39350429958952,Sélection automatique par sortie,False
1515,68.55452496173203,454.1391772928037,13.26616290111219,18.231147561568797,3.18,28.319370057411913,53.22187468982628,18.458755252761794,2.0767322393430976,0.14319353608711538,0.25220213743738906,0.05897333532289038,0.02273658388542547,2.5538378320759176,71.68062994258807,Sélection automatique par sortie,False
1516,42.86209421413257,455.10805271648246,11.499127658510234,14.588458724647651,4.0002326197544935,27.717346576128477,54.219251387666574,18.063402036204945,1.810453061550196,0.1272195833347491,0.2261021836856478,0.050193047728894324,0.020547232677440058,2.234515108976927,72.28265342387152,Sélection automatique par sortie,False
1517,35.73,444.9930067511694,26.83983322547759,13.61517682222483,3.93,28.234506638858985,53.80271696751028,17.962776393630733,1.72179228184469,0.11185870874659042,0.21358724443512753,0.04272591799178877,0.017555434504588165,2.1075195875227846,71.76549336114101,Sélection automatique par sortie,False
1518,54.030925080670286,498.8453800319073,26.298522985916822,14.57,3.32,26.29744537619856,54.92873607867831,18.77381854512314,2.6230322516647577,0.17745079598696378,0.310375917842659,0.08303147237789824,0.028331179527291053,3.2222216173995695,73.70255462380146,Sélection automatique par sortie,False
1519,63.71939104845258,511.83277336916115,12.487620904889658,13.853580303066282,1.51,24.992802668278856,55.85123160609694,19.155965725624224,2.9293417924282252,0.2073377042326929,0.36509872506589014,0.09701455823336483,0.030256578280404078,3.6290493582405774,75.00719733172116,Sélection automatique par sortie,False
1520,39.67298071519218,534.383049114744,18.214379775167522,12.8208694954124,2.08,23.441230680555428,57.37714314352093,19.181626175923643,2.9138859673060193,0.1981406035077462,0.3734679209255497,0.09823876206740494,0.029500203271150986,3.6132334570778712,76.55876931944458,Sélection automatique par sortie,False
1521,61.26646618893658,426.47723769301456,23.94877759426241,9.4,3.2364144659530236,30.453379349226065,52.27232697268493,17.274293678089006,1.5621555641437568,0.10918246654995381,0.1784886453549443,0.04180719212719754,0.020789803557764403,1.9124236717336172,69.54662065077393,Sélection automatique par sortie,False
1522,31.85973807709652,478.9358054676851,22.93,18.49,1.43,24.589002320907056,56.52654882680698,18.88444885228596,2.1418103745474655,0.1431924141854039,0.27996786199887014,0.0626378032319756,0.018776214950678185,2.646384668914393,75.41099767909294,Sélection automatique par sortie,False
1523,62.55,489.51014256448167,25.318999165347744,18.656583446115707,1.6428481448771406,26.021965341954637,54.994465038364766,18.98356961968061,2.6044555011641712,0.17972062996810892,0.33305772239564313,0.08344234339024281,0.028076266509538293,3.2287524634277043,73.97803465804537,Sélection automatique par sortie,False
1524,52.50710058959848,487.31306526872055,13.111288543971586,11.7,2.81,26.492784258144873,55.24003295280193,18.267182789053198,2.3750105787884013,0.16759432506564376,0.28310912627913315,0.07536952694536724,0.025492589817020923,2.9265761468955658,73.50721574185513,Sélection automatique par sortie,False
1525,59.33933264028853,398.29607611042144,25.59,17.29,1.3304742558100981,30.09670019870411,52.44731364575233,17.455986155543563,1.223460835346435,0.08723817603942297,0.14186667151418153,0.029284389029395178,0.016922367142223955,1.4987724390716588,69.9032998012959,Sélection automatique par sortie,False
1526,21.457636539597903,504.2832548691592,16.75,12.13,1.939894470709283,24.24194845562848,57.63857553576583,18.119476008605705,2.2598988357076295,0.15178968764321532,0.3015980681928152,0.07116049374042255,0.02481807643185767,2.80926516171594,75.75805154437154,Sélection automatique par sortie,True
1527,36.31492682394545,448.86391566522923,20.39526206812905,12.13,2.41,27.673203185009477,54.88438874367673,17.442408071313782,1.7657134305266164,0.11759677145784306,0.21024571937995556,0.047933261456512416,0.018423821732777748,2.159913004553705,72.32679681499052,Sélection automatique par sortie,False
1528,27.950967636855154,393.50328039091687,21.78,20.41,2.618927215803126,28.452409435235644,53.92108082540034,17.626509739364007,1.0432321274867364,0.06927091549397725,0.11522501569226049,0.01908868374302127,0.011403696577526818,1.2582204389935223,71.54759056476435,Sélection automatique par sortie,False
1529,54.266336783409386,446.91680453144266,19.68,18.69,0.9567071068701227,27.264216059797327,54.268984033260125,18.46679990694256,1.9284303109157819,0.13405907538405643,0.23426805372018453,0.05497087528762609,0.02067665912762214,2.3724049744352707,72.73578394020268,Sélection automatique par sortie,False
1530,25.769931291191835,464.7387526807805,23.104154572532778,9.61658526456895,2.23,26.924670888697868,55.828350273167764,17.246978838134382,1.9417662852486948,0.12406985909036101,0.24820264900967107,0.05239631636120028,0.017660022073546895,2.3840951317834738,73.07532911130215,Sélection automatique par sortie,False
1531,47.43622010067954,442.8400818313017,16.13,16.055381806660318,2.4214636680074615,27.69907913507267,54.06910828680885,18.231812578118472,1.740029477628836,0.11914192098265056,0.2161170249970481,0.047895810845769736,0.018859772612170603,2.142044007066475,72.30092086492732,Sélection automatique par sortie,False
1532,48.408582124152645,443.39983617961786,26.77,9.450639063864292,0.5900660158982426,28.72072156803559,54.31967951955762,16.959598912406804,1.9319930304913049,0.13527893329588775,0.22393572337928377,0.05178386574495308,0.018216855802436243,2.3612084087138654,71.27927843196443,Sélection automatique par sortie,False
1533,26.37801984468859,383.59400375904926,15.93,27.218239218405742,2.8107766987720617,27.774690018135317,53.638295911158494,18.58701407070619,0.8784132564264404,0.058379017519007065,0.09853220499655044,0.014616656880657934,0.010693626695341641,1.0606347625179975,72.22530998186468,Sélection automatique par sortie,True
1534,45.95,496.3309346996226,27.589039914231954,6.976196806930583,1.04,26.457092860406664,55.88395533531047,17.65895180428287,2.646381772075446,0.1768153529987834,0.3176298725379266,0.0817967197408445,0.02325500533199165,3.245878722684992,73.54290713959334,Sélection automatique par sortie,False
1535,65.48127163940656,423.45948960718425,12.006437573832155,15.56,3.512584607035411,29.813016599241884,52.38590963779164,17.801073762966478,1.6216111387957688,0.11372396876914428,0.19039827744740268,0.04055473920727794,0.018405093238868984,1.9846932174584628,70.18698340075812,Sélection automatique par sortie,False
1536,43.67636409871572,488.9101182422563,20.615254219815178,14.863105821649983,2.68,25.793323402753465,55.48500231091209,18.72167428633445,2.337219879806556,0.1574978137352271,0.29069183520369646,0.07216519363357629,0.023312964975424334,2.8808876873544804,74.20667659724654,Sélection automatique par sortie,False
1537,46.9809412643275,461.93268125169453,17.26600118228298,22.76,1.04,25.561112385860646,55.22278325084985,19.21610436328951,2.035063894560212,0.13966326282146196,0.26772598711042334,0.058716379462208895,0.021949050081987984,2.5231185740362942,74.43888761413936,Sélection automatique par sortie,False
1538,27.017500910687012,406.9183984321959,17.89500974864771,14.83,1.14,28.17692626161591,54.92954837589731,16.89352536248678,1.2497846192399444,0.08519682509380602,0.13337066624354257,0.026854765701485553,0.012302932422370232,1.5075098087011487,71.8230737383841,Sélection automatique par sortie,False
1539,36.88136102782143,504.9414857467338,15.303164908658818,18.80749746200946,3.86,24.54109292230295,55.92709574337765,19.531811334319407,2.3570180293292164,0.15985635376754204,0.2901297475967732,0.07343981256591398,0.02747334846329675,2.9079172917227427,75.45890707769706,Sélection automatique par sortie,False
1540,48.651774128408576,395.35425650332735,29.394000666147132,11.730361527739595,2.53,30.77022142553326,52.205024454634874,17.024754119831865,1.1160204183656273,0.07534500717390484,0.1290975276224165,0.021207103768367687,0.014837428920052928,1.3565074858503692,69.22977857446674,Sélection automatique par sortie,False
1541,40.256429171885266,386.7340905914599,11.646772209232092,16.786461710304195,1.77,29.108652309760863,52.88296706575657,18.008380624482562,1.0718826714288419,0.07433397934859974,0.13501396216783168,0.019755022370151906,0.012029373792250457,1.3130150091076758,70.89134769023913,Sélection automatique par sortie,False
1542,65.45389758874063,471.367898664295,15.01256810642668,17.439548532036522,3.1,27.477835319211465,53.9279853464891,18.594179334299444,2.2857670186794348,0.15795604453593334,0.27631419333965956,0.06893081643891986,0.02503730217422349,2.814005375168171,72.52216468078855,Sélection automatique par sortie,False
1543,63.51,359.6066074639856,20.917145286011163,26.60935773430114,2.41,31.25772897468094,50.54771982451136,18.194551200807698,0.7030483689357803,0.04898093221372497,0.08926430797976134,0.009826514731408054,0.011091643186304883,0.8622117670469795,68.74227102531906,Sélection automatique par sortie,False
1544,35.84750913041572,414.74937608079875,19.7,19.103693245156123,0.7681287710839351,27.51457455510147,54.50793300250164,17.977492442396887,1.4031932006749965,0.09861048244062788,0.15697690125119507,0.033065488609844595,0.013955727669797854,1.7058018006464621,72.48542544489852,Sélection automatique par sortie,False
1545,43.65354996125056,479.16456386951637,20.4611611282061,18.132045105170477,2.24,25.571792461352377,55.43432159845066,18.993885940196968,2.2036117233447285,0.1486019165958112,0.2814947978836162,0.06651626057992818,0.0217639405131799,2.721988638917264,74.42820753864763,Sélection automatique par sortie,False
1546,36.09580064044306,424.1844232156755,24.335809330456435,19.11,3.69,28.223207358719865,53.66824641733943,18.108546223940692,1.4210018478313762,0.09491280855208307,0.17008749417445113,0.03314084803196592,0.015592727267568374,1.7347357258574447,71.77679264128012,Sélection automatique par sortie,False
1547,38.9934337499898,418.8678879722591,20.606041565351518,9.58139233758289,1.8295212620203694,29.256460509725706,54.05631689082555,16.68722259944873,1.4371277698676903,0.09621661440604452,0.1638778537347145,0.034199954070146976,0.015098637092736289,1.7465208291713328,70.74353949027429,Sélection automatique par sortie,False
1548,23.765822007974922,490.0440589211115,27.83197632038191,10.052561548779918,1.067952354743586,25.29516257978431,57.332237024076804,17.372600396138893,2.3716845734007137,0.1514433776382539,0.2804818268022558,0.0660139290369974,0.017783746759219482,2.8874074536374406,74.7048374202157,Sélection automatique par sortie,False
1549,50.65109456678836,405.4983317102909,28.97548307602215,15.56,2.58,29.8653024676416,52.44258922504831,17.69210830731009,1.2531550137031924,0.0867302818680667,0.1468801968634541,0.028239654912617467,0.01708689891941926,1.5320920462667498,70.1346975323584,Sélection automatique par sortie,False
1550,28.526044464363032,455.2237578308577,16.806777350815164,23.91,2.6,25.091452021460608,55.64129066563556,19.26725731290384,1.6752577832041968,0.11178314899593919,0.20905970292390308,0.04559918047328576,0.018397589939275736,2.0600974055366006,74.9085479785394,Sélection automatique par sortie,False
1551,47.28075447038644,521.886302708132,16.68,13.815642381024018,2.8,24.47716421309506,56.3305202647304,19.192315522174535,2.8019139975237275,0.1924528194946765,0.34823633665192594,0.0931888621621195,0.030539578519516688,3.466331594351966,75.52283578690493,Sélection automatique par sortie,False
1552,64.85032053313044,400.82301338606817,17.66,16.023555540664862,1.199006105494445,30.02207106005798,52.09472842068339,17.883200519258637,1.3447943548792503,0.09421512495565165,0.14995871867755584,0.03237512427261191,0.015933550664330873,1.6372768734494005,69.97792893994202,Sélection automatique par sortie,False
1553,26.87,467.8136674172094,27.430264309653772,24.220541556214428,3.4,24.542641278740515,56.02503665080488,19.432322070454607,1.9309606434631086,0.1283016804339641,0.23363564976505702,0.05240764211928717,0.017832233209912,2.363137848991329,75.45735872125948,Sélection automatique par sortie,False
1554,49.93092844623024,502.41,28.199422185117417,11.642714961582369,1.11,25.659683698285974,56.08445711265575,18.255859189058274,2.7610588784291803,0.18668247113090547,0.3357931191585275,0.08725565389123849,0.0255664018807669,3.396356524490619,74.34031630171403,Sélection automatique par sortie,False
1555,43.38307811153673,471.78337185279076,30.11905697484858,19.094227426683144,2.82,26.08097786753468,55.11199350186295,18.80702863060237,2.174488959329748,0.14598419683061797,0.27428270765134544,0.0627377464367013,0.023527256600889484,2.681020866849302,73.91902213246532,Sélection automatique par sortie,False
1556,67.71620437193188,534.0304091644957,12.368086099507432,24.845106412699796,2.08,23.292015324245973,56.029771243375755,20.678213432378257,3.2950400333077994,0.22269583174098306,0.3577762263015314,0.10544930904001668,0.033797832044144036,4.014759232434474,76.707984675754,Sélection automatique par sortie,False
1557,35.68358497107332,523.4050196006505,13.663140304297613,15.245000000009139,1.1549889346685427,22.887479730518553,57.50318568851895,19.609334580962507,2.6661975814297687,0.18705333800144336,0.35067871267985495,0.08840147652284631,0.029566855430030216,3.3218979640639437,77.11252026948145,Sélection automatique par sortie,False
1558,22.307371579324993,394.6517359076445,19.94,10.773454726097697,2.376834328915531,29.699011402966242,54.16973426063309,16.131254336400673,1.0938211372847864,0.06960586042777499,0.11885816407047994,0.01814979864042402,0.010890982287970776,1.311325942711436,70.30098859703376,Sélection automatique par sortie,False
1559,47.762273064884994,454.4531869779961,19.53887407379716,19.933024316841518,3.07,27.093067594521937,54.196837160009494,18.71009524546857,1.8736190798252457,0.12672311931155802,0.22980972058211832,0.052850246737879816,0.021068182277173025,2.304070348733975,72.90693240547806,Sélection automatique par sortie,False
1560,63.60526606124258,479.44474025318937,21.712692564212595,20.070080209118306,2.45,26.620455971421173,54.3568593164806,19.022684712098222,2.4079741866321474,0.16525131440325466,0.29395275647597147,0.0750971871329236,0.026630877022678575,2.9689063216669758,73.37954402857882,Sélection automatique par sortie,False
1561,55.35925764586238,434.34813756573226,21.542409248231863,8.193785454996997,1.639619803894549,29.366758364751192,53.66042803799184,16.972813597256962,1.7182219286961535,0.11917772472293803,0.21020189338146653,0.04781514728906601,0.01905541750044483,2.114472111590069,70.63324163524881,Sélection automatique par sortie,False
1562,44.82352438992219,479.549631615942,23.178799649381904,20.96,3.6,25.858811596184676,54.936891031321295,19.204297372494032,2.198119512974013,0.1479862284570949,0.2675768008684839,0.06515467676119424,0.022816322179454458,2.701653541240241,74.14118840381533,Sélection automatique par sortie,False
1563,57.11891034683447,370.6892804267607,22.126531043787054,26.428067605449957,1.09,29.913552819139113,51.682577599275916,18.403869581584985,0.8941226048457998,0.06374190600014948,0.12237946713165307,0.01709602077840977,0.011884171790884596,1.1092241705468966,70.0864471808609,Sélection automatique par sortie,False
1564,46.39506903693462,462.0663549821196,24.57688451608821,24.27038491915058,2.66,25.89356732454858,54.880229386242725,19.226203289208694,1.995980712645175,0.13573823871023974,0.2432642242057531,0.05776098061352027,0.020894490784961906,2.4536386469596496,74.10643267545142,Sélection automatique par sortie,False
1565,37.7887385072802,542.0589654438716,17.05800133813936,25.45705618517239,3.88,21.763642766690037,57.280681710206736,20.955675523103224,2.8443937640693266,0.19030887688733367,0.3344865910616666,0.09192047483687846,0.030108834105855596,3.491218540961061,78.23635723330996,Sélection automatique par sortie,False
1566,33.29714734079114,526.2392981226081,22.437809729082492,14.86572721983815,2.76,23.559903516774874,57.13530047503644,19.304796008188674,2.754234476702578,0.18169517630841397,0.34772682094757457,0.08846214968261418,0.026616039596464927,3.398734663237646,76.44009648322512,Sélection automatique par sortie,False
1567,54.13778731174967,483.59628463794945,17.825061036510068,22.01,1.2072267763850044,25.14382162807955,55.47204862731348,19.384129744606955,2.4069512525313526,0.16478315960697046,0.29823932057859726,0.07372659785503613,0.02503004158149231,2.968730372153449,74.85617837192044,Sélection automatique par sortie,False
1568,69.99617706320186,473.3,13.540976067545385,11.068358741080267,1.508498230040517,27.41343664534048,54.4631620422242,18.123401312435316,2.4342633445733237,0.17435355226761096,0.29587998904132584,0.07708929772480873,0.02576915022277613,3.007355333829845,72.58656335465952,Sélection automatique par sortie,False
1569,62.93222822842521,389.73475531551367,16.386580914619014,16.75193263724064,1.07,30.224834438560375,51.841377535433296,17.93378802600634,1.2129656672718325,0.0846351138241691,0.14427909845965825,0.026368161087767482,0.014661949769099866,1.4829099904125274,69.77516556143964,Sélection automatique par sortie,False
1570,57.274568181456864,448.62232702827635,14.975274872411386,17.59,0.7991363184351088,27.285725954952607,54.01725019953845,18.69702384550894,2.0073529716734986,0.14122187823123727,0.24057158073912654,0.056885924877297954,0.022913490625041465,2.468945846146202,72.71427404504739,Sélection automatique par sortie,False
1571,47.046705466192414,498.1823417303796,23.51557245028129,17.78,3.719707664315711,25.657846800015424,55.301695918923585,19.040457281060984,2.497262010330224,0.16802703717996614,0.29479457745880305,0.07739948702394787,0.02665514333067226,3.064138255323613,74.34215319998457,Sélection automatique par sortie,False
1572,28.32283584770506,542.2667932933481,17.66,15.035998180443585,1.32,21.821796654291308,58.46747829937258,19.710725046336112,2.8475651867219147,0.19389926258124146,0.3882467317670595,0.09558590029460476,0.028979533735008223,3.5542766150998286,78.1782033457087,Sélection automatique par sortie,False
1573,52.35,391.866564244396,19.000507779955733,9.845957094422122,2.1832696578208335,30.932216658605263,52.467034312185675,16.600749029209076,1.1212634872468303,0.0781376366356584,0.1207492481669464,0.023045601352337783,0.013537439014716775,1.3567334124164894,69.06778334139474,Sélection automatique par sortie,False
1574,66.91907688762802,480.1399907335489,23.383790871256576,8.428981746803974,1.04,27.737561642893287,54.478225898087466,17.78421245901924,2.530251237851469,0.1785141978856772,0.321212359021704,0.08217063001755227,0.027071295804470062,3.1392197205808725,72.2624383571067,Sélection automatique par sortie,False
1575,30.51176518101252,479.0603110277722,22.932290080470285,17.553422917008533,2.199888692423878,24.933124087576473,56.15559507453759,18.91128083788593,2.1070024270706584,0.13881733232889087,0.27760456248792875,0.061102279647282896,0.019040411945474737,2.603567013480236,75.06687591242351,Sélection automatique par sortie,False
1576,68.2134504985507,454.7099738024952,22.48671990064473,20.905695829872922,2.0385317610767917,27.851493391485022,53.460894682156,18.68761192635897,2.0836840013665707,0.1442897151407098,0.2666882836051076,0.06274498630661818,0.02521123343862315,2.5826182198576295,72.14850660851496,Sélection automatique par sortie,False
1577,63.28595185977538,462.1515708449125,26.53394370311281,23.199867494367037,2.982127866777189,27.330186675776606,53.632231795908304,19.037581528315087,2.1309027566920804,0.1484867409281169,0.2622668360687648,0.06457603549534423,0.027298368515881938,2.633530737700188,72.66981332422338,Sélection automatique par sortie,False
1578,42.25479035859503,393.6039318525261,14.7149784262637,16.371767296823357,1.57,29.07258395346111,53.07721476548607,17.850201281052826,1.1479048938593712,0.07892971463956297,0.1388695115918727,0.023540978826811713,0.013021608871318433,1.402266707788937,70.9274160465389,Sélection automatique par sortie,False
1579,40.75,418.4796690654796,15.431815567882953,20.378931898725515,0.587486281395743,27.411140179441805,54.119016023257814,18.46984379730037,1.5013410744359401,0.1078797332357811,0.19433499100492382,0.03608701598713336,0.015450693016764851,1.8550935076805433,72.58885982055818,Sélection automatique par sortie,False
1580,42.64624280458442,466.69472936167597,17.733982518680836,23.49,1.5,25.09774314205758,55.625033377267826,19.277223480674593,2.0165482449476895,0.13653503509270823,0.2592813298066603,0.058618011459769026,0.020765721714708363,2.4917483430215355,74.90225685794242,Sélection automatique par sortie,False
1581,69.79475909158134,550.3080983672851,17.409752554549026,15.441027760015643,1.57,23.557016302175917,56.75502178710106,19.687961910723033,3.6518016613325797,0.2544940048253184,0.4450257582631638,0.1271511673893798,0.038143280469178656,4.516615872279621,76.44298369782409,Sélection automatique par sortie,False
1582,45.03490411686268,494.9466245466979,26.35,11.352133533154477,0.9378632659753394,25.757722731591354,56.183682664775596,18.05859460363305,2.5989241462204404,0.17622430479111217,0.3148482060807765,0.08022578496064596,0.023039226825840066,3.193261668878815,74.24227726840864,Sélection automatique par sortie,False
1583,32.90931771714299,414.2650251015924,27.418298287840383,8.510344408346064,1.5,29.442368480533467,54.17812681049001,16.37950470897652,1.41468745986831,0.08921444929687877,0.15696336012132572,0.028651617203321125,0.01274358598278252,1.7022604724726178,70.55763151946653,Sélection automatique par sortie,False
1584,39.271933067817145,498.7595884079268,18.06698485647947,14.560379986549009,1.99,24.775280898351784,56.243573160669094,18.981145940979122,2.416203743214348,0.16401685423524823,0.30085371330120925,0.0764625472410511,0.024673254380096064,2.9822101123719524,75.22471910164822,Sélection automatique par sortie,False
1585,24.522093549199784,544.0270151756401,22.008872618649548,15.731326463981436,0.87,21.380672659422242,59.06545131003641,19.55387603054136,2.93423596057699,0.1988013401495041,0.39285231520854014,0.09528881150145166,0.026441348146051077,3.6476197755825375,78.61932734057777,Sélection automatique par sortie,False
1586,34.9526861673249,394.450395739342,20.266154431886335,15.152762665481305,3.3,29.88042937913768,52.98110970243076,17.138460918431562,1.0722478672897588,0.07117131822732294,0.12757118619859964,0.019331787151081956,0.01247499021074399,1.3027971490775074,70.11957062086232,Sélection automatique par sortie,False
1587,21.247646303637335,375.8380066124213,17.72090030521136,18.48645885839031,2.93,29.43646713180727,53.87184063535077,16.691692232841962,0.8356879361037797,0.054867313444845495,0.10097624724963916,0.010544651878092719,0.009695045904389441,1.0117711945807464,70.56353286819274,Sélection automatique par sortie,True
1588,46.83146663864728,501.17760912138135,25.29994955454785,6.849884551517013,3.428668367983247,27.06248165888439,55.07867843548026,17.858839905635353,2.6025004573615513,0.1726534087902197,0.29545695749674783,0.08180017785926326,0.026106422427824648,3.178517423935607,72.93751834111562,Sélection automatique par sortie,False
1589,43.52410101669954,523.2216515352039,14.948420014312738,17.172414981299898,1.91,23.301080688063674,56.884487800506,19.814431511430328,2.7581559802635125,0.189575834160508,0.34559959844483157,0.0910361074272287,0.029945556734105046,3.4143130770301857,76.69891931193632,Sélection automatique par sortie,False
1590,62.89963566252758,390.42975496929125,17.278401363284058,22.76564157129748,1.99,29.973640546375872,51.60974421369397,18.41661523993016,1.161794241691516,0.07801904773161367,0.15277018795170716,0.024722603094736242,0.014275108462579112,1.4315811889321521,70.02635945362414,Sélection automatique par sortie,False
1591,47.3032199936691,540.9289347432872,23.322343096921255,15.49,2.8724471092223554,23.51714753617933,56.913046466539505,19.569805997281158,3.1665940034559608,0.21267313569885687,0.4064955688256281,0.10590985086038102,0.032554774461519415,3.924227333302346,76.48285246382066,Sélection automatique par sortie,False
1592,63.80659245159858,419.8307973221727,11.535265316773508,20.707103574530844,2.81,28.991678489885324,52.1957374642945,18.81258404582018,1.5885280818489442,0.10703206337190288,0.18231362193016534,0.037787340195819585,0.017798694239570707,1.9334598015864026,71.00832151011468,Sélection automatique par sortie,False
1593,28.0995080468502,519.6130266017077,27.198833828059875,16.150386206239375,2.51,23.248773247696437,57.337133031437894,19.414093720865672,2.6974595128763714,0.17394424641998077,0.3500561202192388,0.08242409200416752,0.023111601799321865,3.326995573319081,76.75122675230357,Sélection automatique par sortie,False
1594,32.731934569501064,523.7904120665779,19.70920380501103,22.233344559469316,3.16,22.51287502696196,57.14001176732877,20.347113205709267,2.6035635949063476,0.17332460395767943,0.3159737949579102,0.08267665721950421,0.02624734692582021,3.201785997967262,77.48712497303804,Sélection automatique par sortie,False
1595,28.27061727338087,467.9875784943449,29.87976247315627,11.972573339108026,1.0117143742890398,26.14882701866586,56.49904495267782,17.352128028656335,2.1363472527243688,0.13785786153899518,0.2611839607169962,0.05601699990185395,0.016800657018977424,2.6082067319011912,73.85117298133416,Sélection automatique par sortie,False
1596,52.29,513.8587812482534,19.7,20.205998739956094,3.54,24.710800616091632,55.65264205580277,19.636557328105603,2.746813995818826,0.1861577685888153,0.3114566744003006,0.08802565112840799,0.02972661595128354,3.3621807058876336,75.28919938390837,Sélection automatique par sortie,False
1597,33.74742197623183,457.08540797907403,19.477740720037584,14.754526834137481,2.69,26.863074282808384,55.19881382077698,17.938111896414643,1.8207163743945676,0.12129457164236451,0.2372424465963895,0.05049383977108312,0.019151252921664287,2.248898485326069,73.13692571719162,Sélection automatique par sortie,False
1598,45.958546575046626,492.9833544839393,17.27,14.42,2.5,25.592886421518955,55.58496850181017,18.822145076670875,2.3949161930225746,0.1638036148278984,0.29327324592253096,0.0755859872945123,0.025273175184342942,2.952852216251859,74.40711357848105,Sélection automatique par sortie,False
1599,53.300146763942024,539.3950516639834,17.44106721790645,18.742125001456838,2.1750158228519934,23.012529645406712,56.908535790467404,20.07893456412589,3.1625635420265192,0.2160001215044856,0.3992368535053769,0.1063793610213323,0.032790528063714935,3.916970406121429,76.9874703545933,Sélection automatique par sortie,False
1600,29.444991788366185,390.8935582329589,19.57515400388555,18.73475979863851,1.42,28.367100082399993,54.09519833081925,17.537701586780756,1.0594576716793862,0.07148772369611049,0.1250232039722718,0.020001708732230568,0.011264277316297118,1.2872345853962963,71.63289991760001,Sélection automatique par sortie,False
1601,33.83069282693442,400.53661922232664,24.753799154995583,13.757035335926194,3.675388546854683,29.952401315737916,52.8270060360255,17.22059264823658,1.1487907484652706,0.07463164028640963,0.13059392347565818,0.020419787562455098,0.012749998755820988,1.3871860985456144,70.04759868426208,Sélection automatique par sortie,False
1602,44.579155948849454,380.67968638862857,21.10985334707627,11.58,0.78,30.556791896777092,52.84041809056437,16.60279001265854,1.0457204291769782,0.07385433728410366,0.10786232790082254,0.01820646919782526,0.012118622141037481,1.257762185700767,69.44320810322291,Sélection automatique par sortie,False
1603,45.1905050194733,444.87837687240346,21.13439069548537,12.058415031002182,2.28,28.182850988935613,54.28093485937512,17.53621415168927,1.7778784631022875,0.12015558200316925,0.21031949370365632,0.0490813130070832,0.018631639687615748,2.176066491503812,71.81714901106439,Sélection automatique par sortie,False
1604,38.97164942361656,441.5386013159018,21.52935772593437,12.122475192533477,2.23,28.05049378580141,54.55029981240072,17.399206401797862,1.702192459862068,0.11343261890174883,0.19902361516822864,0.04517223662146949,0.017865297721293763,2.0776862282748088,71.94950621419858,Sélection automatique par sortie,False
1605,67.750141928083,415.52461424732803,19.350466665952062,14.503711255486225,2.43,30.245220607219135,52.22673071203394,17.52804868074693,1.4830403625093431,0.10436710103634411,0.18039661444135555,0.03896428188535006,0.019380888999867715,1.8261492488722604,69.75477939278088,Sélection automatique par sortie,False
1606,42.661577442690444,529.1933963585801,20.974080765588287,23.06473128638959,1.3957146643662806,22.065245276712076,57.66927349331532,20.265481229972607,2.9088427870224605,0.19708594592297782,0.37342823844732,0.0944316748544117,0.027136305406011668,3.6009249516531816,77.93475472328794,Sélection automatique par sortie,False
1607,47.22,361.47447218591515,13.51,10.942753876699303,2.23,31.52956939957059,51.95146331689789,16.51896728353152,0.7968430449050656,0.05672170820622531,0.0869488436272744,0.008644032416548875,0.010457543684939466,0.9596151728400537,68.47043060042941,Sélection automatique par sortie,False
1608,32.56461197995091,476.08123053048695,18.57,18.146374007428133,1.77,24.881678490317928,56.13420526603444,18.984116243647637,2.043779434365678,0.13748416494649993,0.26550463707285893,0.06036107239658301,0.020762407357887782,2.527891716139507,75.11832150968208,Sélection automatique par sortie,False
1609,68.35,420.48318352259537,18.36,22.758303423783953,2.65,29.334422221079368,52.03250484356423,18.63307293535639,1.573542734827719,0.10691603698681074,0.182561908037369,0.040810170655388375,0.01864973738137073,1.9224805878886577,70.66557777892062,Sélection automatique par sortie,False
1610,65.97870026417355,516.7988993187112,26.805278142663855,24.806660337796934,1.03,24.1025317670039,56.01208627528113,19.885381957714966,3.149845949305015,0.21922410148654597,0.39559042556355306,0.1034824058289654,0.033887823694715186,3.9020307058787944,75.89746823299609,Sélection automatique par sortie,False
1611,27.00426845370758,475.15152134054307,23.32,18.901983682027094,2.058500862739375,24.62577221087986,56.40280983191087,18.971417957209276,2.0276109243622686,0.13327049096093882,0.26850894259611663,0.05760469025260481,0.018283962621048224,2.505279010792977,75.37422778912014,Sélection automatique par sortie,False
1612,28.944545007268648,426.3920665708523,23.32,14.5,3.27,28.32511775791709,54.17925621230569,17.495626029777224,1.4432986140949096,0.09329100545849883,0.18048939691113564,0.03254399252712523,0.014332211224156427,1.7639552202158255,71.67488224208292,Sélection automatique par sortie,False
1613,27.045292755651765,425.1471337805344,18.949029027860746,22.473834494049463,2.21,26.449708924415656,55.042157102390284,18.508133973194067,1.3673447784774928,0.09118065068215597,0.15625133401009364,0.03297400230365383,0.01439857806829542,1.6621493435416916,73.55029107558435,Sélection automatique par sortie,False
1614,57.78983254736079,458.76312029261436,20.944662315662566,7.66466878341475,4.2,29.40742641133978,53.074933018449826,17.517640570210382,2.003088672149992,0.13958645800405614,0.24246236180239894,0.05930943429591617,0.023495559345477306,2.46794248559784,70.5925735886602,Sélection automatique par sortie,False
1615,28.206343539473487,502.4990927702444,19.694675757052117,15.081055185908438,1.26,23.789155305581115,57.36297193739362,18.847872757025264,2.3802164407668673,0.16049206486211548,0.3014593397625648,0.07391000881618674,0.022923624739828594,2.9390014789475627,76.21084469441888,Sélection automatique par sortie,False
1616,47.27,373.8134472899465,28.869776878254036,16.3163680841463,3.137002202497482,31.15426040249371,51.520055811942406,17.325683785563868,0.8080792957915943,0.057352091817699485,0.10954144740881899,0.010547284971981777,0.012710464335696081,0.9982305843257907,68.84573959750628,Sélection automatique par sortie,False
1617,46.85688329418713,367.6111863991272,19.49673745888376,22.85078625704879,3.14,30.56973554555388,51.70816705106231,17.722097403383803,0.7709021103578255,0.05257276789427259,0.0978954628385241,0.010082476383885604,0.010858849059057426,0.9423116665335652,69.43026445444612,Sélection automatique par sortie,False
1618,49.27649663635116,404.0911544457751,16.37904677113875,19.228357560551927,1.9669535381549734,28.920588333508526,52.928733443714,18.15067822277747,1.2764964804790155,0.08660940124845007,0.15997382240642677,0.029023511683960113,0.014583420848480789,1.5666866366663335,71.07941166649147,Sélection automatique par sortie,False
1619,64.43334406009687,514.7735367487136,23.63937703267194,15.912533346857229,2.24,25.434380738846986,55.531709542868455,19.033909718284562,2.9973546405684663,0.2061789139511293,0.37441306156908816,0.10002407912855689,0.03224336441963702,3.710214059636878,74.56561926115302,Sélection automatique par sortie,False
1620,30.075672274339734,484.5650553016703,22.704209210584107,24.39,3.24094912551637,23.93891345097824,56.271794416173094,19.78929213284865,2.0995698573699575,0.1394566925451075,0.25303822158227063,0.06103489293590743,0.019699640493934314,2.572799304927177,76.06108654902175,Sélection automatique par sortie,False
1621,64.86607603050615,459.5602731363646,20.1099906841997,15.654534783818315,0.8083911394900607,27.702368014691764,53.996066013697835,18.301565971610408,2.2272780656126434,0.15725649663451985,0.2810290112469353,0.06737323391696139,0.024669605197910068,2.75760641260897,72.29763198530824,Sélection automatique par sortie,False
1622,23.96730056422613,421.8973702775455,25.768982296972798,13.550652923273649,3.17,28.42519832884566,54.330542233699376,17.24425943745497,1.405698544018516,0.08805118097586986,0.17511663513025033,0.028673570688933177,0.012814639998919712,1.7103545708124892,71.57480167115435,Sélection automatique par sortie,False
1623,57.83441418721644,520.3969928448865,21.78,22.63152054782774,1.51,23.61142900461254,56.39235550210894,19.996215493278516,3.0120151404222195,0.20556783849161095,0.37651894441449274,0.09840702322421689,0.030583058390141443,3.7230920049426817,76.38857099538745,Sélection automatique par sortie,False
1624,23.473013574860484,503.0006653459063,12.318463125144474,25.259186684125236,3.07,22.447825324754557,57.07941164786097,20.472763027384474,2.0612529236965758,0.1391659797728733,0.2647535764497031,0.06260480282384838,0.024872481871863365,2.552649764614864,77.55217467524545,Sélection automatique par sortie,True
1625,34.40137950802148,423.41647072565365,22.208728256997105,6.823370185148805,1.1030140264123796,29.180706145737705,54.65346757420128,16.16582628006102,1.530846321834071,0.10172255975539907,0.15615175463201497,0.03589302884114867,0.01471408206532224,1.839327747127956,70.8192938542623,Sélection automatique par sortie,False
1626,28.457432310862103,473.75678537133484,25.59,22.054320560481276,2.73,24.49276074885692,56.217027660586204,19.290211590556883,2.0196118772270215,0.1332935547190114,0.25253620655918674,0.05666846080900839,0.017913216313765287,2.480023315627993,75.50723925114309,Sélection automatique par sortie,False
1627,48.88439995057392,462.22988851383127,24.370275101272146,12.677038361461328,2.8,27.72718254096868,54.21511006557769,18.057707393453637,2.038811012185679,0.13729489030500786,0.25182662904885217,0.05927332341615098,0.02314230429877875,2.5103481592544683,72.27281745903133,Sélection automatique par sortie,False
1628,40.53571665517064,489.97170697357205,18.93081209710624,21.840049757434883,1.0627991914012467,24.010291380317383,56.6579766597995,19.331731959883108,2.339463289064974,0.16038103805909784,0.30775536078552257,0.07145391724046839,0.022876260458621237,2.9019298656086843,75.9897086196826,Sélection automatique par sortie,False
1629,57.554958104896876,442.56299690019904,12.456818432762065,27.90483047502922,3.29,27.291073245568185,53.004841567222286,19.70408518720954,1.7983294918037334,0.11705830058659081,0.19927030456277212,0.045201658858099944,0.0192706361017714,2.1791303919129676,72.70892675443183,Sélection automatique par sortie,False
1630,44.96329090686019,461.18783417758476,13.356043038533517,15.925459619767405,0.5859834864146788,26.265026037551397,55.1551581377124,18.579815824736198,2.077461412418741,0.15102132279905922,0.26366188428153675,0.059591549678116626,0.02537284561677438,2.5771090147942277,73.73497396244859,Sélection automatique par sortie,False
1631,52.60641796406869,500.1121981502143,14.070093499049195,12.488127257234774,1.1,25.181754513345542,55.96806656745827,18.850178919196193,2.633619140017438,0.18686621993867347,0.3226548411527405,0.08574230921916778,0.028281213947810215,3.2571637242758302,74.81824548665446,Sélection automatique par sortie,False
1632,64.63493549483977,422.7712335891026,22.7931607297945,13.578668579311623,3.25,30.235785186258653,51.98336458845165,17.78085022528971,1.5264057033858083,0.10750837173686126,0.17888091964412461,0.040828982513601744,0.02141386821908093,1.8750378454994767,69.76421481374136,Sélection automatique par sortie,False
1633,32.718686091885424,479.47613654601395,25.87547602871622,17.44892947559246,3.072874462659722,25.452538426615895,55.672900391194375,18.874561182189733,2.15130696197597,0.14077782387927723,0.2736705746344358,0.061343067443868256,0.019591653784969472,2.6466900817185204,74.54746157338411,Sélection automatique par sortie,False
1634,39.90940815228764,455.1211803457859,13.747601022478229,15.445465968316736,3.07,27.094756353498198,54.62184677666193,18.283396869839855,1.802753269804823,0.12415779644100904,0.2283327779087828,0.05061216463945031,0.020120338360407004,2.225976347154472,72.90524364650179,Sélection automatique par sortie,False
1635,55.985805208815286,393.18375432485976,26.16765154687029,16.55083494930123,2.79,30.654275870434237,51.81435057360679,17.53137355595897,1.082859568035511,0.07664068685230464,0.13231472560831403,0.023023718624517145,0.01588584336893526,1.3307245424895822,69.34572412956575,Sélection automatique par sortie,False
1636,63.353651836830565,451.1397673872786,21.516848685668386,23.755773359631068,3.3750210413324586,27.95706754046921,53.1400476995177,18.902884760013084,1.9496684802461997,0.13360350272984337,0.2124505571327809,0.05603854380418035,0.024064219662282872,2.375825303575287,72.04293245953079,Sélection automatique par sortie,False
1637,30.692117650930456,431.54085294869054,19.38,22.500925371910473,1.75,26.207381533401556,55.23967379770538,18.552944668893055,1.4831170228448565,0.0996641657044203,0.16970633222800846,0.037606017931089836,0.015567428910821645,1.8056609676191966,73.79261846659844,Sélection automatique par sortie,False
1638,55.650307486399534,385.40308705381403,20.207953492680485,9.473767912498252,2.4808579404286104,31.53680749176756,51.93756331744088,16.525629190791545,1.021869877447159,0.07177759979796429,0.1156501370654448,0.019364812424051865,0.013265475753914192,1.2419279024885344,68.46319250823242,Sélection automatique par sortie,False
1639,41.356080336291654,473.3,12.12308676764087,14.549758624512615,1.95,25.808129905669436,55.43597801961212,18.755892074718457,2.072211655312163,0.14517093323171806,0.2607054076296486,0.06253082384602196,0.023743731538922543,2.5643625515584736,74.19187009433058,Sélection automatique par sortie,False
1640,47.97022152010087,502.79421662388535,23.99665063939302,11.315856425822371,3.19,26.184126905181436,55.34239164791677,18.473481446901793,2.6139991585091806,0.1753539120317405,0.30673588810966185,0.0829654266137598,0.02713140026273252,3.2061857855270754,73.81587309481856,Sélection automatique par sortie,False
1641,35.17904025563583,509.0653059128923,22.95,21.976960857974635,1.91,22.904108903845664,57.20619820780064,19.889692888353704,2.5373347371007022,0.1695280471744839,0.3182531400729028,0.07909264620102759,0.02208241850409015,3.126290989053207,77.09589109615435,Sélection automatique par sortie,False
1642,33.54893988541828,501.81233752880337,12.986439276778482,21.22,2.3823078594639746,23.387262030773638,56.619495287593736,19.993242681632612,2.265304691926811,0.1542948128215078,0.27894948887508253,0.07038041478011915,0.025689236114845346,2.7946186445183656,76.61273796922634,Sélection automatique par sortie,False
1643,55.10621072658018,488.91510731088715,17.82,21.82,2.0454581378225334,25.201473632042767,55.29548607052725,19.50304029742997,2.4497198518813894,0.16623876600337908,0.28619672557770853,0.07582161555984744,0.025187690438195902,3.0031646494605204,74.79852636795721,Sélection automatique par sortie,False
1644,42.76725071895208,468.04959052932094,17.25754494206163,19.537718728250024,1.6469796833519699,25.595844450694326,55.4674361496387,18.936719399666966,2.0402104095164355,0.13872357991734052,0.2642721684332884,0.06005675067798272,0.021660191929001708,2.524923100474049,74.40415554930567,Sélection automatique par sortie,False
1645,22.534039464634656,448.08,17.26174429730197,23.310192418089557,2.05,24.89820560822265,56.03529318150939,19.06650121026797,1.560936541197743,0.10432471568635363,0.18764538329206384,0.04137218069518932,0.01678415654171993,1.9110629774130696,75.10179439177736,Sélection automatique par sortie,True
1646,36.27791636092299,549.2833638761613,11.330104965708522,13.214497096148524,2.7070616787156054,22.528112344484416,57.89533663026637,19.576551025249213,2.9287178550766706,0.20604115991691263,0.38603518213858523,0.10202153318908594,0.03432391875157635,3.6571396490728305,77.47188765551559,Sélection automatique par sortie,False
1647,45.25162237117558,413.53004589006383,27.301306499618377,12.293124786435433,1.68,29.44832639865543,53.47152460563761,17.080148995706963,1.396296915275048,0.09355163588169985,0.1658664790912379,0.03218574198084069,0.015294465101701503,1.703195237330528,70.55167360134458,Sélection automatique par sortie,False
1648,56.79,467.27133292264534,23.010271248334323,16.84,1.0324318088730646,26.860971313985935,54.862930413319184,18.276098272694874,2.243961631718515,0.15586318648739508,0.28518299093338473,0.06816333773388081,0.023775021349420986,2.7769461682225964,73.13902868601406,Sélection automatique par sortie,False
1649,30.94682641233569,465.39986624496555,11.84513154198146,8.670769126598506,2.93,27.279821033600538,55.8101888226484,16.909990143751067,1.8631328496514548,0.13211956183282636,0.23032885100438977,0.055128852306818105,0.020576229193046233,2.301286343988535,72.72017896639946,Sélection automatique par sortie,False
1650,29.750939688035388,455.1290307083363,14.21398186314025,11.18,0.8281722929017831,26.58575189517449,56.217006874817436,17.197241230008068,1.8235265466581279,0.13075155752553333,0.22782124933128411,0.05155515576481917,0.018990507287078847,2.2526450165668432,73.4142481048255,Sélection automatique par sortie,False
1651,42.02526096257858,515.7860816149946,15.967258819236426,9.788779477842665,3.07,25.358115398025856,56.52815893076478,18.113725671209355,2.6464570798157467,0.1828117329750565,0.32551249821474376,0.08795183302574637,0.028550785809785366,3.271283929841079,74.64188460197414,Sélection automatique par sortie,False
1652,60.37773433458064,371.495736873529,27.820916847762344,13.35,1.26,31.64599349805995,51.27969780120852,17.074308700731535,0.823657526723931,0.06086705304957367,0.1081788061266456,0.013728800172675464,0.014865307264729916,1.0212974933375556,68.35400650194006,Sélection automatique par sortie,False
1653,62.95708325359706,463.417291213451,22.12200346039555,12.5412218170097,2.67,28.232294622803508,53.66173636207015,18.105969015126337,2.1482668388168285,0.149142104422634,0.2653268607906329,0.0659355916239935,0.025480937127153307,2.654152332781242,71.76770537719649,Sélection automatique par sortie,False
1654,53.87,504.9578687106967,22.27,14.105770843786608,1.81,25.358035696396506,55.82573546166059,18.816228841942895,2.7293963436471134,0.18638091687602892,0.3489822795428489,0.08882623581703519,0.02808137625611672,3.3816671521391433,74.64196430360349,Sélection automatique par sortie,False
1655,26.141976363226895,489.36,27.14267784239325,20.026887573042828,1.96,23.62349231370371,57.093479705560725,19.283027980735557,2.261923066193096,0.14792853710159493,0.2929374955336634,0.0651573490081261,0.017323257012922033,2.7852697048494024,76.37650768629628,Sélection automatique par sortie,False
1656,21.46577717929865,397.4975008442443,13.198558673037951,11.489159735841023,2.2188549599737493,29.287805092414484,54.757189770007415,15.955005137578112,1.0945170107513396,0.07537384653550913,0.11833520170191425,0.02100743220257418,0.011310761055362228,1.3205442522466995,70.71219490758553,Sélection automatique par sortie,False
1657,63.63199060187128,415.27234939127004,11.409270677037167,18.688567628448403,1.5334704750414205,28.778915715200593,52.44615255487542,18.77493172992398,1.5800820633963855,0.10821428026803456,0.19510188388979371,0.03814784833274105,0.01697630474514789,1.9385223806321028,71.2210842847994,Sélection automatique par sortie,False
1658,54.94625952422426,357.4597868090022,28.885780168010346,11.327354706337898,2.76,32.79814262765137,50.708763068000785,16.493094304347842,0.5684314279593408,0.04152972909531377,0.0755815817419763,0.0017437830406785218,0.012154626309677528,0.699441148146987,67.20185737234863,Sélection automatique par sortie,True
1659,66.89951293381878,466.86757694366037,20.768019677956726,20.13,3.79,28.049424369694165,53.35659973166145,18.59397589864438,2.205797989444463,0.1520939905650767,0.2745807084190375,0.06634095373462015,0.026204346117415407,2.7250179882806127,71.95057563030582,Sélection automatique par sortie,False
1660,35.18711519415198,488.7027287740289,15.830506276791105,13.792752278194081,2.52,25.42988712585513,56.12181315209611,18.448299722048763,2.1994264926839127,0.14998289544288326,0.281682710195958,0.0680702342522446,0.024670628181706903,2.723832960756706,74.57011287414487,Sélection automatique par sortie,False
1661,61.86147328894582,411.36884500695595,15.84,24.129062042841838,2.13,28.884973522089094,52.23505832796092,18.87996814994997,1.4435101515933542,0.0959067577259336,0.18116145790664007,0.03452475042353147,0.016279301094417546,1.771382418743877,71.11502647791089,Sélection automatique par sortie,False
1662,61.792534660229535,521.3008250802206,15.3,18.1,3.02,24.776331547200787,55.68252234480272,19.541146107996504,2.9829814953703564,0.2054034721877765,0.3496376909590572,0.09802710020357985,0.03235412088389774,3.6684038796046674,75.22366845279922,Sélection automatique par sortie,False
1663,28.59225910271444,514.2501832060524,27.320496526624563,11.328905754562973,2.2862739774261738,24.475773540053105,57.140304146337684,18.383922313609208,2.6702015235193937,0.17003685254776038,0.3276756474769179,0.08070479990449766,0.021960699974494867,3.2705795234230646,75.52422645994689,Sélection automatique par sortie,False
1664,47.27,502.0460792071921,17.445981076675135,17.13,2.22,24.743015154028196,55.94265120689288,19.314333639078914,2.5368480847747925,0.17296302795171678,0.30410177508232406,0.08095911564653498,0.026286160396581944,3.12115816385195,75.2569848459718,Sélection automatique par sortie,False
1665,50.21224696903783,375.278960529626,22.029496122095992,21.087223906609587,1.347191274656356,29.935967645524368,52.301889902788425,17.76214245168721,0.9204789306469372,0.06459192284264083,0.12595421304490415,0.016763422865455645,0.01227033981175767,1.1400588292116953,70.06403235447564,Sélection automatique par sortie,False
1666,64.5,484.18559374583515,13.43413517725173,10.659797825034198,2.668717937681572,27.148925827184566,54.68916126419187,18.16191290862357,2.4816018686777297,0.17698084616567367,0.29704672876482274,0.07965960797740008,0.02673114060601305,3.0620201921916386,72.85107417281543,Sélection automatique par sortie,False
1667,68.53785163077218,547.7407082757867,26.59510830829292,19.225043225159364,2.13,23.59151344209331,56.38044866121973,20.028037896686946,3.642864594396544,0.2502957854578382,0.45158297603671144,0.12537300367253593,0.039042090030568716,4.5091584495941985,76.40848655790668,Sélection automatique par sortie,False
1668,54.82013492789183,437.95802821697765,30.101813614306792,11.128084655098519,0.8821027928321931,29.01018924741093,53.77136342991513,17.218447322673935,1.8318974582560812,0.12700075217843904,0.2251055200534695,0.049952370995327636,0.02121126403999572,2.255167365523313,70.98981075258907,Sélection automatique par sortie,False
1669,31.20730370879294,372.45441383948224,19.54,16.576558199115812,3.27,30.45118461454253,52.753423141435626,16.795392244021834,0.8195499982980166,0.054161130469521576,0.10628120886823544,0.009401041576738399,0.010280038728666358,0.9996734179411783,69.54881538545746,Sélection automatique par sortie,False
1670,34.269470806506796,418.1789209078497,18.560479509023327,9.708534856892651,3.7,29.801731054498568,53.41877453381471,16.77949441168672,1.3527089124677776,0.09036345733403328,0.15857892319100814,0.030114739902380335,0.014311974775519095,1.6460780076707184,70.19826894550144,Sélection automatique par sortie,False
1671,49.456158472860686,480.60115742634156,11.534626107331656,8.037747970625084,2.51,26.991086910128562,55.632033147318815,17.376879942552627,2.2668117158398626,0.1637263029393421,0.27530076304407525,0.0721142397435584,0.02406432931416896,2.802017350881007,73.00891308987144,Sélection automatique par sortie,False
1672,55.63011359542534,460.96552595598706,30.115320016533996,14.086965649323433,0.87,27.690331092575715,54.725142951011215,17.584525956413074,2.1911594431747132,0.15250136416798396,0.28513687904369556,0.06465167389068159,0.024804235089860644,2.7182535953669347,72.30966890742428,Sélection automatique par sortie,False
1673,52.34614098575195,461.8000413453327,19.82327307937582,16.84,1.86,26.89869194884763,54.60178319320299,18.499524857949375,2.061801892294464,0.14100039617662194,0.26555981960639197,0.06121435760865047,0.0218834589790449,2.551459924665173,73.10130805115236,Sélection automatique par sortie,False
1674,52.633123758862574,472.7945263121519,23.0,16.62685616676787,2.439474430510887,26.741508768292018,54.69651863722075,18.561972594487244,2.214518398228096,0.15062612664442224,0.2733095663455905,0.06716103017373036,0.023803897083128227,2.7294190184749674,73.25849123170799,Sélection automatique par sortie,False
1675,49.172228979404544,394.10825734853415,25.836869949033513,18.43,2.908208348244291,30.10332679236391,52.386034842724875,17.51063836491123,1.0892623692541483,0.07594021882138069,0.13472434987953918,0.022421756228492275,0.014355883708393191,1.3367045778919537,69.8966732076361,Sélection automatique par sortie,False
1676,45.07243738862776,499.5471910419719,17.66,24.79,2.4713530645388153,23.835633541442505,56.09958569648045,20.06478076207705,2.436932691200195,0.1635633885787017,0.27876702098919537,0.07515797044415143,0.02487285903772156,2.9792939302499652,76.16436645855751,Sélection automatique par sortie,False
1677,44.25341141550326,409.9511759995525,22.518443149807794,18.488455212813008,2.36,28.867640093022768,53.432581695137955,17.699778211839273,1.3034364176277435,0.08842267714851243,0.16870308328068845,0.030295909713297924,0.015181357011598031,1.6060394447818402,71.13235990697723,Sélection automatique par sortie,False
1678,63.53681404871464,426.61696651254744,17.73,15.310502469924453,2.083140194257185,29.252074539853197,52.9023888048161,17.84553665533071,1.6461918697185691,0.11454336879286986,0.19194794938171297,0.04472259250763952,0.019274951793446453,2.0166807321942377,70.7479254601468,Sélection automatique par sortie,False
1679,44.75184850264116,490.1902222291099,22.38,20.916210739331046,1.55,24.50394644993704,56.169924870129364,19.326128679933593,2.404574561561315,0.1629668401189996,0.31122984757856054,0.07412788956276507,0.021991988400276986,2.9748911272219174,75.49605355006295,Sélection automatique par sortie,False
1680,26.87,366.3601537674994,23.189993044937257,11.594125834129382,1.93,30.811524159465538,53.36261344786455,15.825862392669913,0.8149590033935372,0.05102509857118663,0.0863401396446215,0.006406510021044455,0.008766303035872348,0.9674970546662621,69.18847584053447,Sélection automatique par sortie,False
1681,49.18605835017551,426.476032640336,27.75,17.09,2.19,28.61776285668071,53.660338009017536,17.721899134301744,1.5572811566291376,0.10667083295671065,0.18339174380866324,0.04027350696853013,0.019207160027671775,1.9068244003907133,71.38223714331929,Sélection automatique par sortie,False
1682,41.21364459451977,479.0747078220329,22.655892030206882,17.13,3.07,25.996854678655172,55.20440816958317,18.79873715176166,2.179760811220028,0.14564460947324112,0.27933017936671634,0.06461682329981032,0.02157765149320722,2.6909300748530027,74.00314532134483,Sélection automatique par sortie,False
1683,25.429526994797502,476.6108130169273,12.221709510278055,10.72,2.4,26.011812267096698,56.55192343482249,17.436264298080822,1.9299941287977518,0.13512292254687783,0.250237220258522,0.058521449352439046,0.02293276084807866,2.3968084818036695,73.98818773290331,Sélection automatique par sortie,False
1684,61.35827676388331,541.6471980066074,22.51488540447575,11.551961796499162,0.9702547363654289,24.18068117421889,56.860051754236444,18.959267071544666,3.476060361439765,0.24224703389197427,0.4466004784953862,0.12009516798035719,0.03614272447223764,4.32114576627972,75.81931882578111,Sélection automatique par sortie,False
1685,39.26045405573321,397.6067052042533,23.71374883667209,16.49,3.0,29.649904780576346,52.92671330574722,17.423381913676437,1.1245504407578815,0.07529086053930595,0.135072366818545,0.021838006387991216,0.013204824247228903,1.3699564987509525,70.35009521942365,Sélection automatique par sortie,False
1686,60.03811544348909,495.5058605796236,22.93,17.61796921346541,1.82,25.7042968708851,55.23799924205269,19.05770388706221,2.65136396051175,0.18196239838184536,0.3329566972225864,0.08530098923737264,0.02808828876458333,3.2796723341181377,74.2957031291149,Sélection automatique par sortie,False
1687,23.89205439156405,446.9430132230665,19.43,19.65,1.78,25.52619680222521,55.89149164356556,18.582311554209234,1.6199994924551933,0.10778582540850909,0.20189626770612074,0.0426429377194982,0.016252760011048688,1.9885772833003699,74.4738031977748,Sélection automatique par sortie,False
1688,45.29902358543074,408.6491646726063,28.79986399714323,23.459224303316834,2.24,28.256358297302405,53.65829999750601,18.085341705191592,1.2930975915716383,0.09183732456339672,0.158499403194042,0.031186420928522147,0.016703904472413576,1.5913246447300127,71.7436417026976,Sélection automatique par sortie,False
1689,43.458263858486085,439.9047895903994,28.723556333841508,19.230431078112353,3.9,28.01547411089446,53.59233703800434,18.392188851101217,1.679755637453679,0.11407511842929074,0.20821445522376794,0.04331344233600594,0.020774378694669835,2.0661330321374134,71.98452588910556,Sélection automatique par sortie,False
1690,63.35676494828637,424.9223017050149,26.2,25.468852235822265,1.7517388225327488,28.318810360952604,52.93749209114725,18.74369754790015,1.6083336696076702,0.11431103814384622,0.19563161699182,0.04534027861925263,0.023068230637132193,1.9866848339997212,71.6811896390474,Sélection automatique par sortie,False
1691,54.17159767780539,466.2700361843211,21.989290098501993,13.171101675893262,1.354105813186329,27.181191246199326,54.756142427603784,18.062666326196883,2.1814284851442243,0.1503607212125831,0.2788995633642795,0.06623517303194265,0.02275360847056965,2.6996775512235995,72.81880875380067,Sélection automatique par sortie,False
1692,67.12784651648634,424.5251689325106,15.141226880360742,24.54,1.47,28.330231399572845,52.41487100317723,19.25489759724993,1.7040906531537894,0.11336490847364507,0.2033185007391927,0.04371066920867176,0.018929555781796017,2.0834142873570953,71.66976860042716,Sélection automatique par sortie,False
1693,28.09,446.8935088526894,22.785617079504036,26.382520050174787,1.2719675706106048,24.498702575287005,56.40941982509404,19.091877599618943,1.6730818396647367,0.11459931015313739,0.20398464049542078,0.04492431712533762,0.016439675415449925,2.0530297828540824,75.50129742471299,Sélection automatique par sortie,False
1694,56.61,430.7900130329567,20.51,26.434414798126383,1.77,27.41242111287333,53.45291431551607,19.134664571610596,1.6609824212979798,0.11284590360788115,0.1893432338695035,0.044915290349408596,0.019098243641981955,2.027185092766755,72.58757888712667,Sélection automatique par sortie,False
1695,32.30423497915782,516.0161818535925,22.07,24.33788216518644,1.58,21.861326877733088,57.89777037996177,20.24090274230513,2.5748955112176692,0.17283274471859633,0.32913068960802205,0.080780053153836,0.022320403755966205,3.1799594024540894,78.13867312226691,Sélection automatique par sortie,False
1696,30.664706607519815,530.4786558141552,19.36,12.456989573279415,2.08,23.379618620293122,57.78485666325813,18.835524716448727,2.752108175149746,0.18401368785585132,0.3619050775994938,0.09077895785705584,0.0277324057367456,3.416538304198892,76.62038137970686,Sélection automatique par sortie,False
1697,41.74847521055125,550.8888477044247,25.631307471271057,23.622440239250817,3.4156395532932957,21.539804937392574,57.54940757799467,20.910787484612758,3.2280832174904535,0.21538232427678222,0.3741855830755437,0.10568288445767152,0.032304037812102684,3.9556380471125534,78.46019506260743,Sélection automatique par sortie,False
1698,37.091294686382604,393.4520093459905,19.56,13.506461590240214,1.86,29.730313301806778,53.64026867176644,16.62941802642676,1.1126585026836957,0.07463660024893493,0.12192479322412612,0.021538235977431652,0.012704748861929627,1.343462880996118,70.2696866981932,Sélection automatique par sortie,False
1699,52.70456738488478,413.5040421183647,19.505617635274948,21.317762003076993,3.98,29.573708089137533,52.42548647716065,18.000805433701828,1.3414385888938543,0.09156518679973775,0.1651191438889707,0.031374617998481784,0.015605250715788357,1.645102788296833,70.42629191086249,Sélection automatique par sortie,False
1700,48.698183574724304,534.4503342513985,19.902354049864496,8.576932606373415,2.03,24.583887647145637,57.08635923004145,18.329753122812907,3.0910557908859655,0.21179548326144348,0.3858602834728406,0.10614437319281636,0.03234005929905131,3.8271959901121178,75.41611235285436,Sélection automatique par sortie,False
1701,44.12994909088357,529.2176157240012,17.61,13.35,1.4372369677263788,23.505104897931897,57.12223206613345,19.372663035934657,2.924986273629048,0.2015399368022171,0.3748920540488172,0.09840498806287687,0.030045656398229287,3.6298689089411886,76.49489510206811,Sélection automatique par sortie,False
1702,40.75,369.76981883189666,11.334315994018832,14.752735449987881,2.44,30.460638792305126,52.39313712622077,17.146224081474106,0.8820069144284437,0.06180928718960077,0.11009906279688295,0.01158733271454581,0.01032507149199462,1.0758276686214678,69.53936120769488,Sélection automatique par sortie,False
1703,45.06130408392488,470.9926810866945,16.87,15.921658686650972,2.58,26.398993849218545,54.945467738198424,18.65553841258302,2.0800377069421123,0.1418776564450248,0.2646400091926437,0.062066347911532156,0.02275145949902419,2.571373179990337,73.60100615078144,Sélection automatique par sortie,False
1704,21.029580500657964,438.4494560585483,20.35274251143804,23.53437561892581,2.8,25.520097092106575,55.58617541782185,18.89372749007158,1.4595091649946959,0.09652042144277946,0.1676842038600968,0.03622293788420852,0.015602115826179671,1.7755388440079602,74.47990290789343,Sélection automatique par sortie,True
1705,55.449677878846714,469.0756592922022,25.510834324937335,13.57,2.1,27.387765795585373,54.44180186675966,18.17043233765496,2.2104598387652974,0.15077867620641536,0.2725596783923988,0.06719857127451426,0.025062613851310662,2.7260593784899365,72.61223420441462,Sélection automatique par sortie,False
1706,33.11301117344881,489.178636643203,26.266608847420127,19.219378840680932,1.56635301313776,24.092607395840087,56.79534640157934,19.11204620258058,2.3290579911023976,0.15476890744697758,0.300405964907886,0.06896512967477547,0.018385420846535425,2.8715834139785716,75.90739260415992,Sélection automatique par sortie,False
1707,52.836629102119446,395.3288145021001,13.158144658851912,13.23107674891373,2.83,30.390772368097334,52.390967323469866,17.218260308432782,1.1896996174121073,0.08376880024235102,0.13769125230374507,0.024586063239384254,0.013433087797154965,1.4491788209947425,69.60922763190266,Sélection automatique par sortie,False
1708,57.13486478733587,488.79190236577233,23.801389802508496,18.643201194874603,1.11,25.636773310370188,55.51714072135326,18.846085968276558,2.5670450308197106,0.1773882249866796,0.32135258834967145,0.0809917532426486,0.026288779543665864,3.173066376942376,74.36322668962981,Sélection automatique par sortie,False
1709,57.33514305491171,505.8418613767686,23.32,9.782448726847209,2.65,26.410916314564926,55.237066010059806,18.35201767537527,2.7653226066543666,0.1891174631967899,0.33585732977364885,0.0911141852607538,0.029143035952356476,3.4105546208379156,73.58908368543507,Sélection automatique par sortie,False
1710,37.129564036109606,532.2506968086636,20.472327175147612,17.902161101805998,1.090849016752892,22.31701037529937,57.96847767203988,19.71451195266075,2.9047765852878076,0.1980708279646144,0.3877064618553987,0.09514099846794127,0.027252042640486723,3.612946916216249,77.68298962470064,Sélection automatique par sortie,False
1711,61.39142120513992,475.5706578119413,23.01,14.001185667589036,3.14,27.69000509441873,53.96379040292085,18.346204502660427,2.3103126777088376,0.15934744217956412,0.2804430546484351,0.07192207663882202,0.02593055703337687,2.847955808209036,72.30999490558128,Sélection automatique par sortie,False
1712,43.156119473986315,443.91868266307273,20.78710141942968,23.430393356311065,3.0892515255443436,26.864208646410482,54.26864494844031,18.867146405149214,1.6927888269875246,0.11403366768340077,0.19302721050435812,0.045556767334757844,0.01877075952838515,2.0641772320384266,73.13579135358952,Sélection automatique par sortie,False
1713,45.33007857030253,432.56369758307017,21.627170543763757,27.943444719974835,3.07,26.945818654916902,54.00169198684876,19.052489358234332,1.554703320541288,0.10553826598017374,0.16264926920685924,0.04061882085562515,0.01759486256164078,1.881104539145587,73.0541813450831,Sélection automatique par sortie,False
1714,46.94,387.66116730589334,14.095327249060716,23.61416966076577,1.98847915776067,28.913787302552812,52.483478637299235,18.602734060147956,1.0745108784360968,0.0708912009663458,0.13230057883125243,0.020309239049061692,0.01273187678449776,1.3107437740672545,71.0862126974472,Sélection automatique par sortie,False
1715,44.87518871363596,390.731141678726,14.821718743973236,22.10651967563518,1.85,28.79617050055247,52.778287530587406,18.425541968860124,1.1017977902853848,0.0736369397889313,0.13834780376825073,0.02180117733938476,0.013086165470941,1.3486698766528926,71.20382949944752,Sélection automatique par sortie,False
1716,48.98756056858319,382.745855461947,20.193717272898695,14.04281992074614,2.1787121335214548,30.662651715685918,52.27153694889603,17.06581133541805,0.9906612000313471,0.06799875495223083,0.12022629436604795,0.01787092261018626,0.01249733950620286,1.209254511466015,69.33734828431407,Sélection automatique par sortie,False
1717,51.352074054749956,412.5856468437651,15.84,18.910346073508855,3.1691509971828715,29.27140161664886,52.71297228035532,18.01562610299582,1.3589154817746345,0.09237926374780715,0.16975911565981072,0.031683188386960416,0.015225001563925113,1.667962051133138,70.72859838335114,Sélection automatique par sortie,False
1718,69.1600060349714,496.98758304522863,25.619061166875536,18.338591724316764,1.67,26.1136696254238,54.82139020020746,19.064940174368736,2.7924941618884027,0.19390793469661854,0.34622077315920236,0.09169352944343528,0.031230807624250734,3.4555472068119095,73.8863303745762,Sélection automatique par sortie,False
1719,66.41399591095208,540.8713293130014,23.0,25.307013673821388,1.47,22.8222719410052,56.59660538983722,20.581122669157583,3.4874042414607285,0.23852982859304078,0.428704259439599,0.11650023712527684,0.036069434371844476,4.30720800099049,77.1777280589948,Sélection automatique par sortie,False
1720,40.91051121258103,492.68603855369383,30.64740438406055,18.26747951412002,2.93,25.105534488950287,55.78829585488454,19.106169656165182,2.471874877247873,0.16379228107021243,0.3014757641906972,0.0735345440904506,0.023593896264311142,3.0342713628635445,74.89446551104972,Sélection automatique par sortie,False
1721,47.63,380.69704162181364,11.785117821804327,16.545699069225876,0.96,29.491887690260597,52.419252136711016,18.088860173028387,1.0926804505330527,0.07718677254311322,0.12818869567716867,0.01967013136164026,0.011989330125600795,1.329715380240576,70.5081123097394,Sélection automatique par sortie,False
1722,44.14933715632277,457.79995687489264,15.394935455841502,24.397113348764066,1.595846928680497,25.45709341470098,55.10011334512305,19.442793240175966,1.9007688387867596,0.12809470354620908,0.24471922136134816,0.05348962211886022,0.020658794010177242,2.3477311798233544,74.54290658529902,Sélection automatique par sortie,False
1723,30.130196454578957,366.4287732810712,23.081247969208526,21.85,1.98,29.211797569056007,53.342250756499936,17.445951674444064,0.7682916333442378,0.052686558646589166,0.0901309775895357,0.009460437520092575,0.009206825710208765,0.9297764328106641,70.788202430944,Sélection automatique par sortie,True
1724,22.740241969029267,537.0748063172958,22.198497908449667,16.245959207486536,2.41,22.066823827257288,58.230676751848776,19.70249942089393,2.7484876047033238,0.179164030614114,0.3765906770330741,0.08821077802544701,0.025934013542271026,3.41838710391823,77.9331761727427,Sélection automatique par sortie,False
1725,32.39475885694362,368.38217614780626,20.653604616796425,9.658073613195926,2.79,31.47176890502725,52.51783430575163,16.01039678922112,0.8129280625926056,0.05226496932775282,0.08484944456802718,0.007098059062018408,0.009491119367460074,0.9666316549178642,68.52823109497274,Sélection automatique par sortie,False
1726,64.16377148771244,457.0170410137194,14.749201155919177,24.60700940346126,2.4561996474387273,27.03806043404347,53.452443018829044,19.509496547127473,2.0865629289889775,0.13932781671732603,0.24559306680185605,0.05860189931380653,0.023323064291431633,2.5534087761133977,72.96193956595651,Sélection automatique par sortie,False
1727,52.86957061509929,471.9465767537973,12.334068257793993,20.94,1.31,25.51688138544693,54.97752334941187,19.505595265141196,2.2127380782216703,0.1521362782443421,0.2765101117610086,0.06492898944175016,0.02511925682911852,2.7314327144978896,74.48311861455306,Sélection automatique par sortie,False
1728,39.76,488.763059764653,20.925190819459672,17.602865067462147,1.74,24.794313244668007,56.14421671054809,19.061470044783896,2.3174422865047175,0.15609251446442757,0.29730557436706917,0.07103573994461151,0.021994792952683386,2.863870908233509,75.20568675533198,Sélection automatique par sortie,False
1729,50.283960335832944,503.24928548023934,29.580464139939217,23.82,2.52,24.090874166589582,55.98395115143188,19.92517468197854,2.6962552873387673,0.18398195729545272,0.3184778666159362,0.08489119704060638,0.026950351019133588,3.310556659309896,75.90912583341043,Sélection automatique par sortie,False
1730,33.56128350516086,445.38108525252557,21.845548456822193,16.362287010106776,3.02,27.284468107798986,54.70279175257925,18.012740139621755,1.680061334711303,0.11097077527617798,0.20554704551936484,0.043819432382888115,0.01753128417457622,2.05792987206431,72.715531892201,Sélection automatique par sortie,False
1731,40.429358922827845,466.0644376151676,27.174822271714195,8.459077280407437,1.8,27.5428759889408,55.06743086564028,17.389693145418914,2.1136039302507252,0.13751677616494515,0.255958941709407,0.05939391889833276,0.02025171713492104,2.586725284158331,72.4571240110592,Sélection automatique par sortie,False
1732,57.06032276518361,376.8289149265037,12.97,17.273340172462657,1.87,30.400683116204927,51.62136033264526,17.977956551149827,1.0175498540584602,0.0695586203680605,0.13587324394818315,0.01731093635846641,0.012092449644510585,1.2523851043776808,69.59931688379508,Sélection automatique par sortie,False
1733,22.342099495956464,366.96167695476146,22.04,18.56276178110074,1.9733888625314762,29.430266741186426,54.0354271025029,16.534306156310663,0.7867685930012893,0.051611183783121656,0.09562176885394272,0.008125033145129086,0.008434500455380356,0.9505610792388632,70.56973325881356,Sélection automatique par sortie,True
1734,32.33739651119454,479.0952363189461,25.034262594227272,19.65,2.38,24.761644113285506,56.13995810559544,19.09839778111905,2.137496167797353,0.1411391806706194,0.2739037072921995,0.061733925889962765,0.01860631547097931,2.632879297121114,75.23835588671449,Sélection automatique par sortie,False
1735,59.2208254148079,434.0154954517632,25.604388771815813,16.35,2.9491080518937633,29.188090460356086,52.88715129129521,17.9247582483487,1.675426921363434,0.11641841973909625,0.1956405964737143,0.046311703142023875,0.02242492423416551,2.056222564952434,70.8119095396439,Sélection automatique par sortie,False
1736,40.03172384673221,466.7102763099636,16.2,8.925118743481654,2.276309587299636,27.34525342014085,55.44881117333625,17.205935406522904,2.0092934726967546,0.1387030762948942,0.24946423979422372,0.06017270308985153,0.02088950166642929,2.478522993542153,72.65474657985916,Sélection automatique par sortie,False
1737,43.15898004937058,404.50985437887846,19.04161645771278,13.78835515371823,1.84,29.43917355942845,53.56025703505637,17.000569405515172,1.2621111176710256,0.08585755649894723,0.14627221963987366,0.028245016761152767,0.014221278842156912,1.536707189413156,70.56082644057153,Sélection automatique par sortie,False
1738,52.65708136221882,501.04231162271026,12.54,24.347918400733544,1.16,23.76206548163239,56.01997917280305,20.217955345564558,2.601262587050556,0.1776488991653662,0.30743969086799416,0.0795944475851581,0.02841482999029961,3.194360454659374,76.23793451836761,Sélection automatique par sortie,False
1739,67.01552773344105,431.86602541188586,22.863696398280783,22.001649563169327,3.7,29.49142344386169,52.261642963703636,18.246933592434676,1.6731973991983968,0.11682324582486382,0.19039111328142255,0.046096802354400744,0.023069685603803437,2.0495782462628873,70.50857655613831,Sélection automatique par sortie,False
1740,26.23,433.3149155449715,12.137327498976259,24.79,2.14719825952443,25.547019574685464,55.16048395209014,19.29249647322439,1.3906913046413827,0.09382221639989638,0.1643197130754423,0.03437493979149364,0.015710823274108218,1.698918997182323,74.45298042531454,Sélection automatique par sortie,True
1741,42.593840416267696,451.3137191125899,11.529914037925623,11.96070540939957,2.83,27.691205398411807,54.7328759852126,17.575918616375596,1.802001896791905,0.12780924411408096,0.20848297883995962,0.05096239374249833,0.018843991264635755,2.2081005047530797,72.3087946015882,Sélection automatique par sortie,False
1742,40.29645396920143,534.4589269158836,17.32895307719721,19.74047554689072,2.677329307166914,22.593296426281707,57.18111261575262,20.225590957965686,2.8530719525256596,0.19266389084044272,0.3474594325540427,0.09406452687938224,0.029233981271222675,3.5164937840707498,77.4067035737183,Sélection automatique par sortie,False
1743,33.38601790715278,431.70334325978445,14.000622261995645,6.852693523954011,1.5196433039804191,28.59711337544203,55.186597661964626,16.216288962593346,1.5680117211227553,0.11076594716435947,0.1566043660864683,0.04132670811151544,0.015594839467204769,1.892303581952303,71.40288662455796,Sélection automatique par sortie,False
1744,25.97,523.8060970372409,13.466000723765978,17.16866699492138,3.0798414377415306,22.928751851281408,57.355799810157166,19.715448338561416,2.4245376357618365,0.16558988819272444,0.31076513069692746,0.0791563127431425,0.0295312184387023,3.0095801858333333,77.07124814871858,Sélection automatique par sortie,False
1745,27.163345578075543,455.9204250752158,22.38,22.314676485833658,3.003115446247857,25.375010763203996,55.58481738592769,19.040171850868322,1.7346481695204472,0.1147129164477477,0.22214357473028734,0.04636201217048569,0.018209415408286442,2.1360760882772545,74.62498923679601,Sélection automatique par sortie,False
1746,25.45,500.50787525878263,17.52409619679244,18.51309212385602,2.4694409734079104,23.53490972852812,56.89496774657199,19.570122524899897,2.214097502517619,0.14775684664480632,0.2855186482404181,0.06818295296916416,0.02355355677909307,2.7391095071511007,76.4650902714719,Sélection automatique par sortie,False
1747,61.29776948430375,485.6773141388362,23.88714017349643,23.660361814013317,2.79,25.895268262623198,54.553666164276265,19.55106557310053,2.4769589809280825,0.16962467923056088,0.28162322533461626,0.07727706427277176,0.027491971006375807,3.0329759207724067,74.1047317373768,Sélection automatique par sortie,False
1748,46.39261364327003,401.33672601288777,21.26487130221567,11.457503047545474,3.13,30.543829494368424,52.49800194063452,16.958168564997052,1.1920110096120804,0.08088792728054059,0.13641961935264785,0.02479889992918065,0.013709556256028176,1.4478270124304775,69.45617050563158,Sélection automatique par sortie,False
1749,57.1932971805486,467.36344513972125,14.927010948067887,19.133082402702705,1.76,26.432397275096484,54.54355184614688,19.024050878756643,2.181911499496691,0.14960183538779015,0.2740513558469822,0.06489091099493952,0.024071712212257422,2.6945273139386603,73.56760272490352,Sélection automatique par sortie,False
1750,61.3717094717497,515.1931758122499,21.244784875888413,13.571118873001248,0.7356655892959987,25.29470222949812,56.1188300674364,18.586467703065473,3.0691405674814307,0.21634439659628552,0.38839748514649225,0.1017528262588818,0.032388592172558905,3.808023867655649,74.70529777050187,Sélection automatique par sortie,False
1751,69.24558382302169,520.6064932387042,21.13,9.959601922319154,1.65,25.800408338472586,55.76795147106022,18.431640190467192,3.1653470835425592,0.22183564678173082,0.3985937126461224,0.10937364168099338,0.03398504061682577,3.929135125268232,74.19959166152742,Sélection automatique par sortie,False
1752,55.456887955846675,466.99930626168964,13.683631628091343,16.240433892919164,2.62,26.971028159553946,54.404226451275115,18.62474538917093,2.1296985694373416,0.14754013395209073,0.2618627975605014,0.06330252234509101,0.023483383626147228,2.625887406921172,73.02897184044605,Sélection automatique par sortie,False
1753,29.985920325701706,407.30008550161745,23.39180263075728,14.156838955067753,2.34,28.931449643938954,54.14693353104079,16.921616825020255,1.2488869650041377,0.08087192160947554,0.14347082389339313,0.025132808720340953,0.012470349716719563,1.5108328689440667,71.06855035606104,Sélection automatique par sortie,False
1754,69.25686658492671,451.5731288233325,15.74268596561771,15.094933243827992,1.46,28.092580014456644,53.49399251722134,18.413427468322013,2.0963311821108803,0.14691269105838695,0.24220588469756654,0.06227602968081549,0.022689847584585372,2.5704156351322345,71.90741998554336,Sélection automatique par sortie,False
1755,49.95357134091336,464.8271274387043,21.456660632618675,11.75,2.0,27.432674587745467,54.72780758968545,17.83951782256909,2.0959048571215497,0.1428531203603352,0.2636964536721767,0.06271557315050849,0.022354625506093833,2.5875246298106642,72.56732541225453,Sélection automatique par sortie,False
1756,55.55119928985246,439.09710198479837,27.72,21.84881213797364,3.02,28.103780618770806,53.41117705681844,18.485042324410742,1.7340136443207996,0.12120919406467259,0.21224032132001297,0.048541377325396595,0.024160202057395528,2.140164739088277,71.89621938122917,Sélection automatique par sortie,False
1757,63.67,407.82110590226813,15.860713018987314,21.460527985215307,1.9967527582002982,29.32901691006872,52.099087200799104,18.571895889132175,1.4113217638447302,0.09507284591009059,0.17655824983533025,0.03366281668929168,0.01612410320415076,1.7327397794835935,70.67098308993128,Sélection automatique par sortie,False
1758,48.20391105759756,467.9920702165448,26.81302568856517,21.926719298571097,1.99,25.80324360363452,55.18150192532836,19.015254471037117,2.14069238069303,0.14615242494930028,0.2718977664124692,0.06348655273834998,0.022792107467273517,2.645021232260423,74.19675639636549,Sélection automatique par sortie,False
1759,33.053601165680924,409.79286284942873,30.333691803834544,17.83,3.6651313021330303,28.79293399493029,53.280723268806604,17.926342736263102,1.2768818089628216,0.0846000801364469,0.16447186974701344,0.024888113499380686,0.013478683654396615,1.5643205560000588,71.2070660050697,Sélection automatique par sortie,False
1760,22.54262726482858,504.4127243744598,18.57098700843245,26.550099215074805,2.7485146686051953,21.922017843166977,57.60793167300214,20.470050483830896,2.168277125466549,0.14392518330499018,0.2786802548882279,0.0657322895370883,0.021715539115907755,2.678330392312763,78.07798215683303,Sélection automatique par sortie,True
1761,43.273991419796275,482.72147623338407,26.241438348612604,13.8104878465489,3.5036205185803886,26.66001589782724,54.77406748576976,18.565916616402998,2.2886312086464238,0.15163111623929715,0.27381025355604055,0.06766718337605193,0.02315168270379752,2.8048914445216107,73.33998410217276,Sélection automatique par sortie,False
1762,45.36337576225499,525.3782143536009,24.568061610888524,20.875735914565308,2.89,23.303778039947503,56.60785399593233,20.088367964120163,2.9031740778023503,0.19464144774664496,0.33767492602590243,0.09362422208095464,0.02920995988197348,3.5583246335378256,76.6962219600525,Sélection automatique par sortie,False
1763,22.789079718833932,384.6783736480361,24.972775614148958,8.19825451649967,1.91,30.451505320471227,53.80991917814846,15.738575501380314,1.0426136106678991,0.062210606691086495,0.10650108571260025,0.012286087278410851,0.009139916106081442,1.2327513064560782,69.54849467952877,Sélection automatique par sortie,False
1764,64.77311219370478,434.2802698164371,17.474111655379915,22.204149114728487,1.1742510804530337,27.995474214442147,53.035980763585094,18.968545021972748,1.8239682458622266,0.12462967647403994,0.22433257839209697,0.05009059381889209,0.020313206455569617,2.2433343010028257,72.00452578555785,Sélection automatique par sortie,False
1765,52.54468940879717,491.7207014191249,23.917527150136902,23.476426761217557,1.3948701253931386,24.562882347038617,55.92167320879159,19.51544444416981,2.532124734101133,0.17331369752623849,0.3191950788488765,0.07908002292372267,0.024540839818492678,3.128254373218463,75.4371176529614,Sélection automatique par sortie,False
1766,30.45727751346392,492.15190121093855,26.69,20.82503589165636,1.32,23.412487914996216,57.29634772832003,19.291164356683748,2.353019214500214,0.15724568876727893,0.3084387296554015,0.06952470508961502,0.017659742849611568,2.905888080862121,76.58751208500378,Sélection automatique par sortie,False
1767,61.21,462.0038730335788,22.17837429684182,18.391045537920167,1.79,27.269186542552564,54.19228751483675,18.538525942610672,2.147935773153103,0.14807613363402714,0.27607999515855997,0.06508486709471427,0.02409333386512935,2.661270102905534,72.73081345744743,Sélection automatique par sortie,False
1768,49.19188145046584,454.28146453368834,14.846899834805543,15.94093841840759,3.65,27.83177064251905,53.9076097433185,18.260619614162447,1.868290670175509,0.12876385166763638,0.2302310965425232,0.05254483262154644,0.02096064018043844,2.3007910911876537,72.16822935748095,Sélection automatique par sortie,False
1769,57.14,474.6872122355561,17.302017698550884,18.914222190260208,0.59,26.2305838078741,54.864622673537724,18.904793518588168,2.4108666934421383,0.17112273938592748,0.2977168639015405,0.07228504740498076,0.02911074068281457,2.9811020848174015,73.76941619212589,Sélection automatique par sortie,False
1770,52.98613204198154,471.86865597975014,16.15003127774026,17.3,3.4,26.987601226399097,54.362654649950386,18.64974412365052,2.1463595014153793,0.1471276788444486,0.2620030374541212,0.06395569559671582,0.023948773777560342,2.6433946870882252,73.0123987736009,Sélection automatique par sortie,False
1771,65.82485400938704,476.9985207688804,12.19,15.73919621812975,1.98,26.70901548934079,54.50945858566701,18.781525924992206,2.422421003330274,0.16966044982412914,0.2973273042037855,0.07436744765667093,0.025339560020146118,2.9891157650350055,73.29098451065921,Sélection automatique par sortie,False
1772,57.59490809187777,528.1356354933304,22.819657503607196,11.7474699109967,0.6462299338797911,24.833808179958417,56.703864140856545,18.462327679185023,3.2612624867517352,0.22990385272495067,0.40781926899678433,0.10915966673656893,0.03382640392938815,4.041971679139428,75.16619182004158,Sélection automatique par sortie,False
1773,34.82407152938513,468.1172515140171,13.742902255536423,18.924256527735473,4.0117139329763365,26.197798576433367,54.830432547326396,18.971768876240223,1.8620176061547773,0.12681469697817943,0.2345771884738286,0.052623093750296446,0.023731135890342123,2.299763721247424,73.80220142356661,Sélection automatique par sortie,False
1774,32.7402266358617,530.0642899234999,26.28,14.424803351244265,1.589757786599925,22.95176517983107,57.726707981542276,19.321526838626664,2.9205263991859995,0.19151931016100956,0.3728879648440675,0.09286936159615983,0.024998778792192915,3.60280181457943,77.04823482016894,Sélection automatique par sortie,False
1775,36.10950373881539,545.5264188045819,16.28667144560483,11.220970969320781,3.146143211951696,23.54115583581689,57.727393698607656,18.73145046557545,2.9570603446683363,0.20209866366291146,0.38222155194858143,0.10163164075305206,0.03259969049809867,3.67561189153098,76.4588441641831,Sélection automatique par sortie,False
1776,48.808572326104525,487.53692577465563,12.52859487690649,11.104896453063828,1.8065101783634783,25.925896421635574,55.745958734763896,18.328144843600523,2.367414153061192,0.16815063198742192,0.2876537609959402,0.07562723022149759,0.02538350958992103,2.9242292858559726,74.07410357836442,Sélection automatique par sortie,False
1777,52.66533451103266,466.4550940713757,17.759504592021326,9.91,3.88,28.346413652987668,53.87540038849448,17.778185958517863,2.0754571446027867,0.1443893696779961,0.253251374028312,0.062251471488046314,0.0230493714234727,2.558398731220614,71.65358634701234,Sélection automatique par sortie,False
1778,26.89181380137138,488.65348613117453,14.99,16.857798246183574,2.17,24.322695791700415,56.621845354311326,19.055458853988256,2.076379304405701,0.14097526815452913,0.27003998098309534,0.06337405158274619,0.023500825136871226,2.5742694302629427,75.67730420829957,Sélection automatique par sortie,False
1779,23.18588166865906,481.2471189449107,28.658912301828888,12.13,2.37,25.669767374073874,56.459928745374896,17.87030388055123,2.20354789057777,0.13701667639192866,0.27913017357200653,0.059102066617326914,0.01790560731017681,2.696702414469209,74.33023262592613,Sélection automatique par sortie,False
1780,23.43851784941858,509.99404964355483,24.50828209273142,22.375403087715164,3.39,22.653293310529076,57.27651292140868,20.070193768062236,2.3898888127143514,0.15612584660063794,0.30278245197670156,0.0714625774389154,0.021143978135559585,2.9414036668661656,77.34670668947092,Sélection automatique par sortie,False
1781,62.772360192919336,507.044849305771,24.26,14.68,2.66,26.08612033600305,55.22763498566163,18.686244678335324,2.8423703381374987,0.19522866478630124,0.3518724122750234,0.09371135742340571,0.03098685172610848,3.5141696243483374,73.91387966399695,Sélection automatique par sortie,False
1782,63.66504030427877,391.0766927543096,14.944096598714431,9.823863367842216,2.9348569674959095,31.428775292097196,51.68790080432427,16.883323903578514,1.1519023749158408,0.08357035455470671,0.1257432437543427,0.024239007765107838,0.014788674767063782,1.4002436557570617,68.57122470790279,Sélection automatique par sortie,False
1783,52.67,515.6267258491881,15.84,22.023742410265537,2.1011323259407666,23.682229554493297,56.22502402794477,20.092746417561948,2.780696629663972,0.18879233074257962,0.32312208486057614,0.08922304130745107,0.028818402577631373,3.4106524891522105,76.31777044550671,Sélection automatique par sortie,False
1784,41.92080261726162,398.6158763407637,20.5912200521975,13.316070061168752,1.6488733189733074,29.677048086388115,53.50940404316123,16.81354787045067,1.1939468112847815,0.08085959506051979,0.1318044665790223,0.025142448470784062,0.013519156582435994,1.4452724779775437,70.3229519136119,Sélection automatique par sortie,False
1785,52.78639579386569,422.6972423353507,13.51,21.856639200134254,0.8655250365348695,27.623446923503792,53.38586467280421,18.990688403691998,1.6162523432463454,0.11126282915794435,0.19480117555200113,0.040266729479879707,0.01736583860573819,1.9799489160419088,72.37655307649621,Sélection automatique par sortie,False
1786,35.57213638378828,395.56627062656855,15.76529166876533,16.95,4.045995207760595,29.898929171573602,52.771193367398546,17.329877461027838,1.0629311410635314,0.07197110430657137,0.12417234659640751,0.019223863929540508,0.012447079074300618,1.2907455349703514,70.10107082842639,Sélection automatique par sortie,False
1787,70.81759592413333,456.01046623808264,12.425571094590198,15.631291922786364,3.4,28.607819503374017,53.232829159069745,18.159351337556235,2.125846558876502,0.14912529268328667,0.2603054461426847,0.06129581788680778,0.02336422821317697,2.6199373438024587,71.39218049662598,Sélection automatique par sortie,False
1788,56.603368676061635,414.8768097662429,11.860173469468126,14.565089687961747,2.76,29.419852496855754,52.70879213215473,17.87135537098953,1.4668825524594808,0.1030898071239369,0.17634104176296855,0.03524163652253508,0.01609773593973273,1.7976527738086538,70.58014750314426,Sélection automatique par sortie,False
1789,38.29599612656468,437.50263396777837,18.77,25.955250347116426,2.44,26.21860226371499,54.74742682370104,19.033970912583964,1.5713337097571134,0.10518928109475671,0.1756854387861247,0.041118075203939605,0.01737882777402824,1.9107053326159626,73.781397736285,Sélection automatique par sortie,False
1790,63.83762284169345,491.829195804978,15.13,13.276681259055401,0.8743285257849093,26.130432564493017,55.204750931385384,18.66481650412159,2.693720006926956,0.1918137288288272,0.33381181969028234,0.08667792992885609,0.02896957541105848,3.3349930607859797,73.86956743550698,Sélection automatique par sortie,False
1791,66.90752903789982,524.4947487905845,25.61,9.689087011033012,2.19,25.824596737450815,55.44804111232964,18.72736215021955,3.206144842660069,0.22128880112128163,0.40437141226840123,0.11029894944581398,0.034501773289644655,3.97660577878521,74.1754032625492,Sélection automatique par sortie,False
1792,58.7566580870355,363.7485111391264,20.275886748076317,18.389242749876967,2.9502466659797246,31.787740110046833,50.82453183931485,17.38772805063831,0.7312652399406163,0.05153174647574868,0.10899124062748247,0.009012147869054604,0.0108438571384835,0.9116442320513855,68.21225988995316,Sélection automatique par sortie,False
1793,46.35800483984721,448.7455091954028,21.13082842756981,19.67428600391167,0.72,26.662676223145894,54.92245148188367,18.41487229497044,1.91913935942358,0.13485384281179544,0.2313279099530612,0.05359152767532924,0.019731857464153086,2.358644497327919,73.3373237768541,Sélection automatique par sortie,False
1794,26.86299015006763,530.3030345006142,19.531870808320747,9.512206905670595,3.12,24.315816652373112,57.538226018024766,18.145957329602123,2.6937851776238992,0.17796422380542845,0.3475819429830195,0.08811163025689295,0.02891325486370972,3.3363562295329503,75.68418334762688,Sélection automatique par sortie,False
1795,36.155967726971966,373.34232319818227,28.940255419632305,12.529370001496256,2.226689175755083,30.908049058687684,52.65299323336588,16.438957707946436,0.8646710790783332,0.05564262683333576,0.10208121015652916,0.008683901649708087,0.01017584272245721,1.0412546604403632,69.09195094131232,Sélection automatique par sortie,False
1796,64.90439782311313,385.86750216865363,13.73,12.284563992803498,2.99,31.35247398615589,51.294532243635025,17.352993770209075,1.105813226486165,0.07929706508181686,0.13112574357639273,0.021462137365327753,0.014103757301223603,1.3518019298109258,68.6475260138441,Sélection automatique par sortie,False
1797,63.67,361.3,15.38,23.674516924073227,3.93,32.033041605953784,50.01374868785392,17.953209706192304,0.7545185358432369,0.04923424008349475,0.09359735867308064,0.007046724101398685,0.010559908139559277,0.9149567668407703,67.96695839404623,Sélection automatique par sortie,False
1798,56.38087552353714,429.90648447149675,19.464189718896275,26.393530993471337,3.080218197955693,28.022425516634524,53.011642071961454,18.965932411404008,1.6032096768722164,0.10802367083619459,0.1707517318064466,0.04185540649053303,0.018654536856206817,1.9424950228615974,71.97757448336546,Sélection automatique par sortie,False
1799,56.16823188828208,410.4247351750476,20.03,12.815779822341158,2.92,30.25953026725623,52.35493961911161,17.38553011363216,1.3451896352427641,0.09345309167324957,0.16453369674387194,0.03242496673326854,0.015930793516382137,1.6515321839095365,69.74046973274378,Sélection automatique par sortie,False
1800,33.23339613140264,375.20864544862434,21.27,14.888746874210158,1.7,30.0870603238894,53.44564671606218,16.467292960048407,0.9013403160762097,0.05983938727918134,0.10277161091566003,0.012703111901970626,0.010913438047205458,1.087567864220227,69.91293967611058,Sélection automatique par sortie,False
1801,51.65340334482066,506.0700483673456,17.32220457976729,23.05055491052777,3.7712928852893297,24.766427921443192,55.37211946289734,19.86145261565947,2.5890412682679567,0.17476245879846697,0.2915805948512,0.08062678099037442,0.02785602832411424,3.163867131232112,75.2335720785568,Sélection automatique par sortie,False
1802,66.92695854465232,418.7838791886833,22.08670650290584,14.03585703324643,2.44,30.206496431441938,52.26562902209001,17.52787454646805,1.5054611306291665,0.1062645211964113,0.18124932059576546,0.04053123750006245,0.0211711697013751,1.8546773796227807,69.79350356855807,Sélection automatique par sortie,False
1803,54.5942525219243,477.42470632490637,28.98405063996878,16.80545907785748,2.25,26.626651582569814,54.7719812343576,18.601367183072583,2.3450371847382923,0.1598541744556215,0.29087553960310514,0.07182060524000738,0.02638184349221895,2.893969347529245,73.37334841743018,Sélection automatique par sortie,False
1804,58.387575307845225,492.6080186389646,22.346974396343622,9.405613853040201,4.05,27.656053361455626,54.08478719753513,18.25915944100924,2.5246037901693836,0.17398411333674746,0.29495930375602225,0.08082441313570758,0.02780633826103812,3.102177958658899,72.34394663854437,Sélection automatique par sortie,False
1805,49.814373862879584,508.775374656255,22.46348411133874,19.849608557701533,2.5673279525839687,24.41816143806676,55.941960533651596,19.639878028281643,2.697552485285687,0.18223732444666077,0.32179327813247455,0.0862047911635842,0.027357892649249583,3.3151457716776562,75.58183856193324,Sélection automatique par sortie,False
1806,59.09273530222993,393.38622867542045,28.118972477078955,12.065623408177832,2.88,31.41414935408577,51.41891029061526,17.166940355298976,1.067614097449197,0.07575551067745692,0.12964022490558003,0.022151923431540578,0.017614489299856435,1.312776245763631,68.58585064591423,Sélection automatique par sortie,False
1807,48.138227561509375,373.1418096240682,14.654994618931202,11.757331700915088,3.54,31.696459709563676,51.68541182228693,16.61812846814939,0.8802109529998079,0.06215021449285736,0.11617038562732132,0.011818154631736952,0.01109933538709026,1.0814490431388137,68.30354029043632,Sélection automatique par sortie,False
1808,45.79531460823113,518.8747961348456,26.45267695933727,25.662721106338864,2.5,22.71804853491548,56.82223224751906,20.45971921756545,2.834512719903581,0.1914653113359436,0.3289397465566072,0.09021729943858792,0.028018173691428158,3.473153250926148,77.28195146508452,Sélection automatique par sortie,False
1809,39.34,543.2120045999432,12.54,9.205814004931826,2.0139674184772467,23.38521254502298,58.032874103429556,18.581913351547463,2.968261053207396,0.2102047934985763,0.39032432756385416,0.1044892415406958,0.0329609332173052,3.7062403490278273,76.61478745497702,Sélection automatique par sortie,False
1810,57.319565207639634,409.8964871607385,20.21,20.622017585919977,0.7891679061398783,28.8803135597163,52.82399466238107,18.29569177790262,1.462608610741896,0.10286846255697057,0.18734222626991415,0.036455649287071734,0.016449801418446992,1.8057247502742995,71.11968644028369,Sélection automatique par sortie,False
1811,61.444707815149705,380.9968731761803,18.51824803783124,14.511824416859936,3.27,31.58712388024309,50.97861818331363,17.43425793644327,0.9660140800950883,0.0682485352159389,0.12557013304627285,0.01731461031897081,0.013438329370997312,1.190585688047268,68.4128761197569,Sélection automatique par sortie,False
1812,47.85542645108685,418.9103736188432,24.4925635460912,17.299034627835752,2.25,28.823817637546128,53.49302428704022,17.68315807541364,1.4406999342105902,0.09825983978128276,0.17985946390643254,0.035840515758324754,0.01663109020732978,1.77129084386396,71.17618236245386,Sélection automatique par sortie,False
1813,57.68834807203165,383.0552442172196,14.166437048646753,17.3,4.065190747934401,31.356409600309046,51.13152909492155,17.512061304769404,1.0146718791564542,0.07005335123792239,0.13373130418799878,0.016772315710905032,0.01240835896147583,1.2476372092547563,68.64359039969095,Sélection automatique par sortie,False
1814,49.25649145720708,418.4676598088367,11.370984444996417,10.159048669031016,3.17,29.72691243506696,53.38915280868659,16.88393475624645,1.460027784311876,0.10548779207676312,0.16286304166100896,0.03582331648258886,0.015584077557550525,1.7797860120897875,70.27308756493304,Sélection automatique par sortie,False
1815,59.45024717347952,454.48413115936245,23.0,24.06214984559956,1.91,26.902775106558515,54.09092821854232,19.006296674899165,2.0160011015346395,0.13849294179004365,0.2517093988941987,0.059398088421174666,0.023505164431870458,2.4891066950719267,73.09722489344148,Sélection automatique par sortie,False
1816,38.29865167427953,382.73950399554127,16.064655248850098,17.286527282343556,3.4672933026933923,30.25593664370019,52.50453154859987,17.239531807699926,0.9443836582160283,0.0638100040663457,0.11817139072910024,0.014869178565191349,0.011574100470085424,1.1528083320467508,69.74406335629979,Sélection automatique par sortie,False
1817,36.562805851035094,483.0781895102204,28.91809556863161,21.61329042103841,0.87,24.084406990421602,56.97492735060773,18.940665658970687,2.351963668355768,0.16192149483655213,0.3088220456082783,0.0687583707196149,0.01816916669412092,2.9096347462143344,75.91559300957842,Sélection automatique par sortie,False
1818,30.132569469066624,412.4426749325277,24.42931210291078,23.42334442611564,1.81,26.893061876410446,54.88673461432777,18.220203509261783,1.2891875918583344,0.08767643304935245,0.15872743884383178,0.02947421664019148,0.012990834007271593,1.5780565143989818,73.10693812358956,Sélection automatique par sortie,False
1819,59.001295214035274,507.7258984899798,22.37622417849665,16.35,2.86,25.653154729557798,55.359624917547144,18.98722035289506,2.7897146503085484,0.19075249281665432,0.3360834459725955,0.09098062468533977,0.030365376678505387,3.437896590461644,74.3468452704422,Sélection automatique par sortie,False
1820,26.958421508834107,450.0045389953316,26.672089301610598,15.480746115786495,2.81,26.822481043554998,55.30611836382017,17.871400592624834,1.7631497367254996,0.11280196479247394,0.21839773495192183,0.04401427400782798,0.016483734901918318,2.1548474453796413,73.177518956445,Sélection automatique par sortie,False
1821,56.58087345304718,516.6831109026417,21.14,17.590155272887593,1.04,24.314734199453255,56.41121094391933,19.2740548566274,2.9766152517542235,0.20584587927795822,0.37987208476487916,0.09776856904382558,0.03024256839333945,3.690344353234226,75.68526580054673,Sélection automatique par sortie,False
1822,27.309638629540057,544.2775108585669,22.08513042432373,19.851635432002514,1.69,20.9450257797658,58.71748400543624,20.33749021479796,2.903557284098601,0.19274273630829397,0.39429493849285036,0.09476098842307934,0.025950859367579175,3.6113068066904037,79.0549742202342,Sélection automatique par sortie,False
1823,26.23,398.85123081828897,16.147343774011034,14.539318873504365,1.54,28.655298121113486,54.65428049527946,16.690421383607063,1.1385420883570152,0.07715509115804237,0.12326763639253661,0.022826783839044747,0.01205165940235603,1.373843259148995,71.34470187888653,Sélection automatique par sortie,False
1824,65.1046899587427,539.0324644112058,15.109495167508912,14.11,3.4554288927624555,24.69478356407229,56.04893347546937,19.256282960458364,3.3030470491076303,0.2308727321358542,0.4129602835685787,0.11313431243092778,0.03635932438064964,4.096373701623641,75.30521643592773,Sélection automatique par sortie,False
1825,55.64589996585921,362.50362938744485,28.694648734355514,16.43,2.804150646388631,31.920639969655536,50.80256216058621,17.276797869758244,0.6411516634838703,0.048637044537098495,0.08672178392536514,0.006533126172578119,0.013225171986904446,0.7962687901058164,68.07936003034446,Sélection automatique par sortie,False
1826,40.03659531258013,442.20175956689985,20.41302942158976,23.306465675380288,3.009730999807059,26.721993602236758,54.43438764893946,18.84361874882379,1.6468767057843852,0.11060146032310339,0.1898895709546829,0.043732409771482364,0.018271615879669835,2.0093717627133234,73.27800639776325,Sélection automatique par sortie,False
1827,53.05084152899875,511.4516820593351,17.09933938710439,14.536221873859011,3.3,25.430167871627766,55.61548071545825,18.954351412913976,2.7205240555810364,0.18726795908787214,0.32894352012925226,0.0889182245065778,0.02984192938483897,3.3554956886895777,74.56983212837223,Sélection automatique par sortie,False
1828,53.73395134312838,368.418755668796,20.742091705354024,17.661798101004432,2.6035586687488195,31.26578968741424,51.4124200827048,17.32179022988096,0.7950020989033006,0.05539898992100889,0.10899975296752773,0.011198116848107037,0.011266301834915685,0.98186526047486,68.73421031258576,Sélection automatique par sortie,False
1829,42.80360984472877,443.86781240328105,21.13615817240979,27.92191931496722,2.13,25.812235880254956,54.8841409830045,19.303623136740537,1.7054633601351776,0.11534460880725547,0.19344872777171176,0.046651704556004384,0.018421331896436657,2.0793297331665856,74.18776411974504,Sélection automatique par sortie,False
1830,42.09320055958135,490.1387452579568,27.345876298495554,17.678545105679696,2.3395448757906565,25.143618522256162,55.847200909452596,19.00918056829124,2.4179520184201158,0.1610288503822761,0.30280788227031885,0.07306789224165562,0.02220611020975359,2.97706275352412,74.85638147774384,Sélection automatique par sortie,False
1831,64.54343713145474,418.9354016551821,16.291406132433202,13.23,2.44,29.898368987456678,52.57413001411419,17.527500998429133,1.5399190781049812,0.10838793899241184,0.17494922438459465,0.04028847592562433,0.018723306409287162,1.8822680238168992,70.10163101254332,Sélection automatique par sortie,False
1832,60.08420483735847,496.123209672956,23.902806518187795,13.801366050743251,2.96,26.65250205679156,54.77608139946497,18.571416543743474,2.6291387186996693,0.180247044390631,0.31253083821741895,0.08481220296077985,0.028551925547523963,3.235280729816023,73.34749794320845,Sélection automatique par sortie,False
1833,51.21676864163498,514.8537251654285,20.54026636615681,7.634917072751813,1.6626548602712823,25.63194221518385,56.42056061806161,17.947497166754555,2.855445062577565,0.19653500800200016,0.3505710987623294,0.0958635066803423,0.028841117940048767,3.5272557939622855,74.36805778481616,Sélection automatique par sortie,False
1834,57.14,424.34694624515186,27.767372143982154,19.920800602916334,2.8,29.067179020515184,52.94243144940641,17.990389530078406,1.5288534790531452,0.1076524829270585,0.1849506306984941,0.04090154308774284,0.021964762670198562,1.8843228984366391,70.93282097948482,Sélection automatique par sortie,False
1835,24.585109628968016,385.2997583164104,26.67992977999529,14.574480248819471,1.086614838873317,29.19137069257206,54.645668005134084,16.162961302293848,1.057564270786556,0.06908184251669137,0.11453680494205931,0.015258199648333713,0.009035445466492254,1.2654765633601326,70.80862930742794,Sélection automatique par sortie,False
1836,25.220832485424047,503.0864433222472,18.41386654813415,13.293826786169175,1.84,24.19754124787107,57.38618392984794,18.416274822281,2.3165600415366607,0.15473064993465566,0.298099941091873,0.07233432920161782,0.023820933883650978,2.865545895648458,75.80245875212894,Sélection automatique par sortie,False
1837,31.12648245494006,504.91376034436394,25.600369306209444,20.873050602182715,2.44,23.234007885579107,57.044816750616015,19.721175363804882,2.469536936923948,0.16278322929249142,0.3134371232331109,0.07487790039596234,0.02084276038536438,3.041477950230877,76.7659921144209,Sélection automatique par sortie,False
1838,70.14541976489711,459.6541752307046,21.89305514743616,17.202913983583827,0.78,27.931767459099824,53.62034826141826,18.447884279481922,2.2796094739106976,0.16130561852874675,0.2932989209781962,0.06970607521672467,0.026325815239561453,2.830245903873927,72.06823254090018,Sélection automatique par sortie,False
1839,21.71583893522663,443.1486858387974,22.61,14.5,1.89,26.7477914013281,56.02508186736022,17.227126731311678,1.6327151680177971,0.10517354819943664,0.21058688295342057,0.040367244025361675,0.014987073388766248,2.0038299165847824,73.2522085986719,Sélection automatique par sortie,False
1840,37.5027345386526,513.8744322451935,25.107368184041075,24.77335749206497,2.034718769540932,22.369244664463892,57.36145624307973,20.26929909245637,2.651560724040169,0.17781965836741426,0.313807001711594,0.08299298528810166,0.02315467432760871,3.249335043734888,77.6307553355361,Sélection automatique par sortie,False
1841,64.65621084571968,489.13470900482594,17.61,24.489891701703687,3.251211292967221,26.026966092280674,54.306656331558074,19.66637757616124,2.533738857033977,0.17108539756732166,0.2866648547625567,0.07735224214872352,0.027446245113416416,3.0962875966259955,73.97303390771931,Sélection automatique par sortie,False
1842,61.72360976574544,474.6162537204954,27.21812606310624,18.671197202595216,3.027906673048679,27.267218409074676,54.08103914999796,18.651742440927354,2.315417946492544,0.16006600764965623,0.2803354027176999,0.07172841378839703,0.02792836146815451,2.855476132116452,72.73278159092531,Sélection automatique par sortie,False
1843,32.72135571519063,394.0413609078974,29.96173670191594,16.7,4.018376886752168,29.794510230449855,52.565772306945405,17.639717462604736,1.0727239125713863,0.07079417796048215,0.13127468210856952,0.01639232849328747,0.011601688383256092,1.3027867895169816,70.20548976955014,Sélection automatique par sortie,False
1844,66.92380101016035,516.1966586240692,22.513676973689158,13.524629295320402,1.98,25.66872584610712,55.592830531258606,18.73844362263426,3.0545940807590517,0.21159560324298418,0.3890848306988919,0.10333310121413078,0.032767950392536535,3.791375566307595,74.33127415389286,Sélection automatique par sortie,False
1845,34.13885807034547,364.99514389798094,20.832865435833153,9.114109184478925,1.6857554925739802,31.36471911218388,52.91395359438101,15.721327293435111,0.8091024900255117,0.052715224948824496,0.07910181826612211,0.007342177871719369,0.009741612204482455,0.95800332331666,68.63528088781612,Sélection automatique par sortie,False
1846,59.920627933658054,535.207507697014,19.286842099685796,18.13877468110199,3.35,24.26649448657305,56.06564643669037,19.667859076736576,3.189502716338459,0.21815317647734897,0.3907960151831397,0.10689963135471149,0.03512609624131998,3.9404776355949784,75.73350551342695,Sélection automatique par sortie,False
1847,53.42814392101857,543.5938764085056,21.356779766744,19.67,3.9007807278056714,23.565750270447566,56.4313314541288,20.002918275423625,3.226755890309482,0.21856202486566523,0.38279556534592457,0.10755209730613546,0.03522471218511764,3.970890290012325,76.43424972955242,Sélection automatique par sortie,False
1848,66.12253793179556,513.7203287027979,29.24858944293285,8.8,1.2299430898414083,26.3325513352972,55.317926113598475,18.349522551104318,3.0942588822348336,0.21342825522462633,0.38960019819261044,0.1042856757239865,0.03197882114195892,3.833551832518016,73.66744866470279,Sélection automatique par sortie,False
1849,65.67908158492024,512.5902898094209,14.05239970941573,24.673255694173836,3.51,24.966406515181703,54.946835031592535,20.086758453225762,2.8883971752684463,0.19459462461881838,0.30813677113151844,0.08972110700665345,0.030502793486857204,3.5113524715122937,75.0335934848183,Sélection automatique par sortie,False
1850,45.76159047404111,412.6694934261357,29.41608679488012,15.899089516471506,4.05,29.819358143285665,52.16887961134399,18.01176224537034,1.3130916396981964,0.08959435092962306,0.17015260812025906,0.02853834424373965,0.01711687215970957,1.6184938151515278,70.18064185671433,Sélection automatique par sortie,False
1851,63.389718148611585,471.160565702234,18.36,11.339694452919822,2.43,27.785163246156543,54.13784516912593,18.07699158471754,2.2774554206639435,0.15951095765722964,0.27466595213538253,0.07151813402272848,0.024716661720075507,2.8078671261993597,72.21483675384347,Sélection automatique par sortie,False
1852,58.73604658866424,409.8478476864165,11.539878093930923,13.394732295059242,3.41,30.15575630450863,52.33634905165368,17.507894643837695,1.4034674147092814,0.0999051897640474,0.17103537059883617,0.03227715114112201,0.015585813411518965,1.722270939624806,69.84424369549137,Sélection automatique par sortie,False
1853,32.72495986745963,407.2513015253239,19.43,19.366003649728295,2.02,27.990669782404165,54.14962431323404,17.859705904361785,1.2260387821868866,0.08203250651254629,0.14212795392105476,0.02691069214715041,0.013425378053676851,1.4905353128213148,72.00933021759583,Sélection automatique par sortie,False
1854,56.431613463503986,461.15284414519635,13.878669947413425,18.27,1.5265018081925976,26.62207403205058,54.41987117495238,18.958054792997054,2.1027728727111237,0.14510676478609716,0.26736488148791643,0.06154773751188207,0.02318754536645109,2.599979801863471,73.37792596794944,Sélection automatique par sortie,False
1855,60.47488228843913,484.03867642568616,24.431252194180612,9.91,1.5,27.17743491313355,54.78410355058039,18.038461536286064,2.50566743886285,0.17303199371478228,0.3117495836452484,0.08038433355058425,0.025699892578560608,3.0965332423520255,72.82256508686646,Sélection automatique par sortie,False
1856,54.423862400883316,466.68537667541005,20.06022868714522,12.472638857922183,2.35,27.5246779859515,54.428783554302896,18.046538459745616,2.1380672166752124,0.1470469943146581,0.26355677147062156,0.0649537138307924,0.0229277677893377,2.636552464080622,72.47532201404852,Sélection automatique par sortie,False
1857,23.858357178634495,397.38,12.637532313804327,12.287020343176051,3.27,29.644883736542223,54.02085229212823,16.33426397132955,1.0724838785187356,0.07424850722476765,0.12256423916346271,0.019807077602529796,0.01128395267343419,1.30038765518293,70.35511626345777,Sélection automatique par sortie,False
1858,45.46494884304131,404.18129504093025,23.114953822478682,17.57,3.531992021901938,29.739230537559088,52.46552185924243,17.795247603198487,1.203141763919826,0.08198908254481874,0.15313992783021638,0.025722090514520207,0.014194448855487365,1.4781873136648684,70.26076946244092,Sélection automatique par sortie,False
1859,46.92810528381733,392.37991998336355,21.007047434874956,9.233807467034003,3.79,31.50785572949388,51.87272936692463,16.619414903581482,1.0668707412289726,0.07282779435661213,0.1244749221019426,0.019106626987625372,0.012715234094924463,1.2959953187700772,68.49214427050612,Sélection automatique par sortie,False
1860,53.7935313569046,494.3531272581494,25.05,14.359217212215018,1.9124978084216393,25.940929000180393,55.445347170470285,18.613723829349325,2.586210322583337,0.17572265607109366,0.3196378686757494,0.08225538992405702,0.026204584262336697,3.1900308215165736,74.05907099981961,Sélection automatique par sortie,False
1861,55.62894010339529,530.9299288952669,27.582868804468518,23.697029144131076,3.3949215321414363,23.472809645526425,56.093433588277726,20.43375676619584,3.147611358714369,0.21400343335131544,0.35869896003695756,0.10294083328812084,0.033744748913377705,3.8569993343041404,76.52719035447356,Sélection automatique par sortie,False
1862,62.01238704974793,415.5997311251387,24.976336119470982,18.869292305290134,4.05,30.37533135354036,51.755440445017676,17.869228201441977,1.3874531464579474,0.09837778560710506,0.17940813521585663,0.03500985914948593,0.020176184920306695,1.7204251113507014,69.62466864645965,Sélection automatique par sortie,False
1863,53.8,474.82466951533314,18.635318799813927,16.11,3.94,27.388808696140664,54.18934212257575,18.42184918128357,2.19271598912226,0.15032732120834558,0.27580409752367413,0.06594806650830196,0.02468006027530739,2.709475534637889,72.61119130385933,Sélection automatique par sortie,False
1864,31.805078828583536,451.56701430419304,15.668841577493065,11.29591497343128,1.27,26.963655939795405,55.85330145852488,17.183042601679702,1.7786267978452344,0.12331421287716662,0.19719472388720585,0.049881555318110185,0.01820702079403215,2.1672243107217493,73.03634406020458,Sélection automatique par sortie,False
1865,70.53317109206279,538.4474975402043,18.939297226654425,21.39945722413503,2.0,23.74143451971921,56.060568184064756,20.19799729621602,3.452813385966116,0.23646004530616294,0.4193699951223533,0.11607332648970023,0.036430996985617484,4.26114774986995,76.25856548028078,Sélection automatique par sortie,False
1866,35.15110239545882,428.5535286043138,25.05,15.945091682196184,1.783795489103382,27.73000033483336,54.72065920428783,17.54934046087881,1.5428569868496398,0.10217301205021384,0.18166318881169513,0.03769737820800778,0.015475865607384528,1.8798664315269409,72.26999966516664,Sélection automatique par sortie,False
1867,40.63241713389923,365.3381065231519,13.862369253370954,24.54272627187474,2.37,29.530127068447584,52.104978186680235,18.364894744872174,0.787755129383326,0.05119832021449075,0.09505323790693976,0.009497003440955956,0.010183673721657762,0.9536873646673703,70.4698729315524,Sélection automatique par sortie,False
1868,39.30622908530901,546.3346213745184,18.621217309412373,19.649575189893042,1.8346065172007537,21.615984709502033,57.97227596398884,20.41173932650913,3.0522963042949005,0.20633219153120363,0.39553997807405755,0.10229607028209023,0.0293824739281351,3.785847018110387,78.38401529049797,Sélection automatique par sortie,False
1869,62.176152723034264,473.29849510178803,22.4,18.68018548825527,2.34,26.961569492154272,54.28258177788147,18.75584872996426,2.3052779313453717,0.15852377184621416,0.2786518530832233,0.07133033923278558,0.02555862577254331,2.839342521280138,73.03843050784573,Sélection automatique par sortie,False
1870,22.850227070596734,484.98814393878075,13.69,18.97,2.222722218776445,23.92866783449341,56.73314892429023,19.338183241216356,1.9470976524604475,0.1325167740449218,0.2562177662566595,0.05849680181699716,0.02293329800185078,2.4172622925808764,76.07133216550659,Sélection automatique par sortie,False
1871,57.29808412794011,363.6118162407614,18.075927270533544,13.77,1.734848254633846,31.51390903160608,51.294741479363175,17.191349489030742,0.7938089527211047,0.05584053660557896,0.10736629597449193,0.010603623923787338,0.011276000334065315,0.9788954095590282,68.48609096839391,Sélection automatique par sortie,False
1872,64.1591358259043,534.4237777567192,24.69,11.746030139493177,1.07,24.741583918375184,56.462435683711035,18.79598039791379,3.404469372076939,0.23636729162132414,0.4313030556492005,0.11698432582042106,0.03553884059401507,4.224662885761899,75.25841608162483,Sélection automatique par sortie,False
1873,68.39519184717368,380.27533611248367,26.565445332488867,11.566389052886533,1.88,31.980096555042856,50.874991166165366,17.144912278791782,0.9081516938501102,0.06752050675307067,0.11875493491441963,0.018412108299051905,0.017933620243080133,1.1307728640597325,68.01990344495715,Sélection automatique par sortie,False
1874,62.30530498828738,464.76630452574454,21.754981655001963,23.463623312814146,2.06,26.722904948204,54.164476846274454,19.112618205521535,2.186665459392791,0.14959045075921706,0.27256240829825074,0.06583033351045753,0.024349762773924605,2.6989984147346404,73.27709505179598,Sélection automatique par sortie,False
1875,40.79904839387917,511.88162504916295,26.412915503624635,25.3212804931223,2.41,22.73515689828756,56.95897220431331,20.30587089739912,2.6719571351653215,0.1797701745568168,0.3143332293089061,0.08356019933691486,0.024324248510488537,3.273944986878448,77.26484310171243,Sélection automatique par sortie,False
1876,53.84733717183957,490.9645806246897,14.982976692831503,25.03439557848766,1.77,24.49671465675563,55.52831830549109,19.974967037753284,2.452664834531896,0.16510562116001373,0.2879547160871121,0.07440466515894015,0.026074248847454913,3.006204085785417,75.50328534324437,Sélection automatique par sortie,False
1877,31.7040273126892,516.0115765444907,23.45,11.584187921603991,1.4134650198958087,24.127901199591935,57.544609540580836,18.327489259827217,2.6819177209073946,0.17724965284274719,0.3387676366277621,0.08459675885189777,0.02339857177886296,3.305930341008665,75.87209880040805,Sélection automatique par sortie,False
1878,66.22930112099124,463.58225435084603,22.57,13.76656982987797,2.73,28.34408845875189,53.57548278610108,18.08042875514703,2.173097522749912,0.15137308702722585,0.2757202375700348,0.06710804608597695,0.02616401213022661,2.6934629055633765,71.6559115412481,Sélection automatique par sortie,False
1879,23.849697130171723,431.09136239662337,17.82,18.73,1.36,26.28234171847316,55.670309243528926,18.047349037997915,1.4528203367746138,0.09819544109018405,0.17597121837348734,0.03607733610294302,0.014501856715443892,1.7775661890566719,73.71765828152684,Sélection automatique par sortie,False
1880,25.968196145952906,478.7102590897523,13.639119206580876,17.006131499674503,1.381839659578045,24.381151090111754,56.74390894719828,18.87493996268998,1.9630751329168936,0.13604064339720662,0.26286896351967526,0.05880421005326953,0.022497347559834027,2.4432862974468796,75.61884890988826,Sélection automatique par sortie,False
1881,59.42,448.5142129024493,27.60112291505281,14.726152467771232,1.92,28.40035384504186,53.70137883475459,17.898267320203555,1.931843533369826,0.13368679754020263,0.2375355649750263,0.05661816942046126,0.02522642384075167,2.3849104891462676,71.59964615495815,Sélection automatique par sortie,False
1882,27.254050014735196,490.34,21.26,19.722406889392968,4.102757293226769,24.714906125568632,55.90541384377065,19.379680030660722,2.1276787102207546,0.14010043009951692,0.27028974286831237,0.06188853979942015,0.022382627272454308,2.622340050260458,75.28509387443137,Sélection automatique par sortie,False
1883,58.74512257095896,527.9495121489044,21.960280877528145,15.71,2.28,24.460326070071226,56.217526562682494,19.322147367246274,3.1222356967835934,0.21354034842523162,0.39939947049212565,0.10504680808316821,0.033247815547058426,3.8734701393311775,75.53967392992877,Sélection automatique par sortie,False
1884,64.21591256824297,440.12521055375265,20.17286799487834,17.46552691464185,2.96,29.005281417894196,53.01867466415931,17.976043917946505,1.8044491763363095,0.12494124115746834,0.21430439881230715,0.05110911265699016,0.02238909516865005,2.217193024131725,70.99471858210582,Sélection automatique par sortie,False
1885,57.34,357.40385073775235,24.84101951077098,24.756758479567253,1.0201575541268735,30.7102510013585,51.36071871560308,17.92903028303841,0.70003416479078,0.05343081948131147,0.09337209546123137,0.010890618340894914,0.010766999335376691,0.8684946974095944,69.28974899864149,Sélection automatique par sortie,False
1886,58.85809301124279,550.7384172244524,21.60214615726662,20.827339588148433,3.43,23.13308785969984,56.58129425876868,20.285617881531493,3.4396880215711607,0.23362985236446127,0.41117254792236946,0.11605819382252072,0.036869067483114276,4.237417683163627,76.86691214030017,Sélection automatique par sortie,False
1887,26.19705986302987,381.02959883498045,26.49546499665757,20.436974516539422,2.8782413928355153,29.0201811582274,53.73947725995254,17.240341581820072,0.9186747875623356,0.06149479569364094,0.11037904662639125,0.012868994597921644,0.009874753038913345,1.1132923775192027,70.97981884177261,Sélection automatique par sortie,False
1888,32.36823673678238,448.51083568458466,18.118142669115603,25.44146449697729,1.766030084209183,25.092359935314494,55.718417029854564,19.189223034830942,1.6669777260317167,0.11203153739100039,0.19100397445357364,0.04520582838696394,0.017775433719352134,2.032994499982607,74.90764006468551,Sélection automatique par sortie,False
1889,24.666471633266045,373.7333581164947,14.91,20.955692432331926,2.44,28.853037547340804,53.477713284292314,17.66924916836689,0.8204995646492481,0.05481537238935695,0.10123200076394326,0.011157072797513289,0.010097488433924245,0.9978014990339859,71.14696245265921,Sélection automatique par sortie,False
1890,32.4,375.553667757903,18.911368631114716,22.94370882840497,4.134532671631955,29.848448467681454,52.52431036045941,17.627241171859133,0.8095034072764424,0.054599716316126895,0.09372994911073229,0.010310507418737576,0.010996378702978295,0.9791399588250176,70.15155153231854,Sélection automatique par sortie,False
1891,47.703176955287674,450.43993471594047,26.064119180447502,22.20922451046315,1.52,26.431774491930216,54.91884490876217,18.649380599307616,1.9011487514512782,0.1308881852537156,0.23378364024831666,0.054243051785276615,0.020770379789685454,2.340834008528273,73.56822550806979,Sélection automatique par sortie,False
1892,50.943409080975925,395.4257353756464,26.35692490045392,21.672650419821142,2.28,29.514853204491327,52.76993907255315,17.715207722955515,1.124956981694278,0.07983215582053253,0.13805119721979914,0.025191583663001144,0.015400291521782662,1.3834322099193934,70.48514679550867,Sélection automatique par sortie,False
1893,57.67987790136658,521.563072771106,25.14703924115179,13.323797803322844,2.671716322772928,25.30324890179372,55.84242562317555,18.85432547503074,3.030515695801912,0.20607282456729975,0.3679783994267321,0.10096804433351425,0.032468455318049906,3.738003419447508,74.69675109820629,Sélection automatique par sortie,False
1894,58.27585356950797,543.5792226808387,24.251374604238027,20.41571302109744,1.51,22.768625684014207,57.053854748978274,20.177519567007508,3.4219569743000635,0.23370539901714638,0.4463979231822686,0.11544251262265101,0.03448825526944989,4.2519910643915795,77.23137431598579,Sélection automatique par sortie,False
1895,52.32610598999225,472.8600319301047,14.139793518558838,16.84470401835023,1.79,26.136856356703586,54.96880731211062,18.8943363311858,2.2021790666665337,0.15230977062551226,0.27506640436576835,0.06659564907813388,0.024203760488056125,2.720354651224004,73.86314364329643,Sélection automatique par sortie,False
1896,33.34350529507954,543.3807583226265,24.01009043527808,16.533090759267438,2.40938981383156,22.222484009861745,57.79863540405975,19.978880586078493,3.0261477520741957,0.19926383434996356,0.3988794357373959,0.09896224829187689,0.028202171956374207,3.7514554424098066,77.77751599013824,Sélection automatique par sortie,False
1897,47.9721120382097,479.067947294617,24.498159892971763,11.535317910612642,2.16,26.85054804822726,55.08358924390482,18.065862707867918,2.2999706019764794,0.15448096444062018,0.28035785068136887,0.0700094121898921,0.02355239360302713,2.8283712228913878,73.14945195177273,Sélection automatique par sortie,False
1898,55.33674884047791,409.04,21.834610614346335,13.22636390477944,3.4706010454892,30.501793090208217,52.00100719057528,17.49719971921651,1.3008428654542314,0.09024864699001614,0.1624927149929742,0.03036389145140147,0.0162017824828405,1.6001499013714637,69.49820690979179,Sélection automatique par sortie,False
1899,64.60480704413196,434.3421687887454,21.741761262871968,20.15613915782126,3.08,29.098943467619932,52.72334161348711,18.177714918892963,1.7149160386082016,0.1187922625731081,0.20744585830278045,0.047672072308122065,0.02231475935056699,2.111140991142779,70.90105653238007,Sélection automatique par sortie,False
1900,48.65606475234682,445.2324950776411,11.65,8.443129732520777,2.72,28.57828769505574,54.45819135530575,16.963520949638507,1.7981990412429822,0.13004620373221243,0.19526881903034274,0.05120450652721156,0.01824610510791757,2.1929646756406664,71.42171230494426,Sélection automatique par sortie,False
1901,52.79464001939424,355.7791050508109,23.99343261721576,20.434074584596342,1.8147816135496062,31.203450238829415,51.49013428740976,17.306415473760815,0.6356702021868303,0.046442812399404884,0.09186627655628779,0.006788455107605312,0.010351493028828535,0.7911192392789568,68.79654976117058,Sélection automatique par sortie,True
1902,47.776057758481464,466.16618944235375,15.934837353062548,13.16,1.6176975815666306,26.671478199419642,54.996695036475145,18.33182676410521,2.0850687294106804,0.1447951570956642,0.2665303552334871,0.06279700336942916,0.02258466324629852,2.581775908355559,73.32852180058035,Sélection automatique par sortie,False
1903,49.299171125844914,460.28962485957055,25.182442885823367,14.326621186891181,2.936680776778085,27.646584377557858,54.05066090339674,18.302754719045407,2.010942101153079,0.1356141010173789,0.2559868722802968,0.05800016974775539,0.023641205009173865,2.4841844492076834,72.35341562244214,Sélection automatique par sortie,False
1904,53.667038931874,382.702753994725,25.19847090633767,24.520008682526107,3.25,30.31593481266474,51.859613931647566,17.824451255687702,0.9329213608182403,0.06770878165127221,0.10976923916573628,0.01839546086602139,0.013899638730133137,1.1426944812314033,69.68406518733526,Sélection automatique par sortie,False
1905,55.399658647657326,481.76009508949676,27.310243701399568,13.16,1.59,26.75508990937202,55.04081010417222,18.20409998645576,2.4393980474985106,0.1662138465668347,0.30332774125729844,0.07598995179498744,0.025706104981157798,3.0106356920987896,73.24491009062798,Sélection automatique par sortie,False
1906,59.64106169482228,405.54883587259326,12.823656660335702,27.765011497602025,3.6,29.272308280874224,51.570195036759884,19.157496682365913,1.3355172100402022,0.08527604497736085,0.14293772866506876,0.027146062015912853,0.014622104618848133,1.605499150317393,70.7276917191258,Sélection automatique par sortie,False
1907,47.22745291695987,448.42354125215564,27.205070671006514,19.149165626874485,2.41,27.24921849695036,54.367926887618374,18.38285461543126,1.8472248686395392,0.1256505307588878,0.22674830322299422,0.051512770591532156,0.02176355415808615,2.2729000273710396,72.75078150304964,Sélection automatique par sortie,False
1908,63.26949417167114,465.8939066415415,18.540924092238228,13.03263955647094,3.32,28.233744431357525,53.58946228446489,18.176793284177595,2.1700092668046933,0.1514336656959596,0.2617889398157231,0.06628443751633983,0.024685679589608094,2.674201989422324,71.76625556864248,Sélection automatique par sortie,False
1909,33.30558391293635,464.71720978783515,15.446378159180695,24.74562827138704,2.77,24.899576509980754,55.570065383936466,19.53035810608277,1.8152951086605755,0.12129603452034181,0.22285730644410656,0.05086212225470327,0.02067663539891364,2.2309872072786407,75.10042349001924,Sélection automatique par sortie,False
1910,48.854484986269846,449.5143450540638,19.598182690201337,15.9,2.23,27.52585821095381,54.25163327895456,18.222508510091636,1.8515905273533177,0.12611296964951055,0.22145229507956304,0.05256390695845954,0.02009166331896973,2.271811362359821,72.4741417890462,Sélection automatique par sortie,False
1911,40.22877743920488,402.6914591807624,15.096675436790843,21.33,2.81,28.5795809692817,53.13994121206288,18.280477818655424,1.1809580820879737,0.0790909455374282,0.13664492032229472,0.02484819243776134,0.013821768154743428,1.4353639085402015,71.4204190307183,Sélection automatique par sortie,False
1912,40.27452327374287,481.5482037118979,30.60712524874376,15.272777251768138,1.92,25.735210718598303,55.800769277963006,18.464020003438684,2.345520573496883,0.15438325987468746,0.2884402288011025,0.06817311346703119,0.022314723021421363,2.8788318986611254,74.26478928140169,Sélection automatique par sortie,False
1913,40.9550715088988,478.48655401049683,21.213899062997577,17.42,2.23,25.56222884925163,55.5368168720919,18.900954278656496,2.177675687410094,0.14620174880790354,0.2852216440988737,0.06523021046609159,0.021176483426747793,2.695505774209711,74.43777115074839,Sélection automatique par sortie,False
1914,34.878726184062074,391.63849891554514,26.22429589148344,9.704430371038898,3.605896896186962,31.0252338178453,52.35443803767825,16.620328144476453,1.0609977149910792,0.06690174948110761,0.12360048919801377,0.01513976312741109,0.011490061930784945,1.2781297787283965,68.9747661821547,Sélection automatique par sortie,False
1915,42.71092775933644,491.87123816313334,19.59,20.89,3.8637405724329277,25.26770880596169,55.316245265833814,19.416045928204486,2.3012908782893886,0.1547200774825004,0.2753841734732628,0.06965286287262676,0.02438742004681148,2.82543541216459,74.7322911940383,Sélection automatique par sortie,False
1916,26.87,490.8251751211862,26.150388407058283,16.229118212688817,3.07,24.86008713532861,56.377138319291895,18.762774545379493,2.2634634500672366,0.14564804904380962,0.29077273164292244,0.06481995925867463,0.019110216189821533,2.7838144062024646,75.13991286467139,Sélection automatique par sortie,False
1917,32.53289031221567,386.6816034054745,12.97,7.592759268964991,2.337168443667789,30.613126164246612,53.64025207078002,15.746621764973344,1.0478838053246813,0.07425085295155875,0.10087197401174866,0.018527151468230377,0.011098919988682525,1.2526327037449019,69.38687383575336,Sélection automatique par sortie,False
1918,24.989300121628553,398.06696354798606,21.78,22.884205658337212,0.95,26.972396943918838,54.98277203771625,18.04483101836491,1.1343080148174725,0.07941353306079829,0.12474382869972489,0.023132630857786045,0.010778230596485963,1.3723762380322675,73.02760305608116,Sélection automatique par sortie,False
1919,24.907304562609863,451.13816556234065,25.87323636778449,12.13,1.1,26.743529850254696,56.29868020235585,16.957789947389447,1.8371599670592684,0.1190755185221542,0.20270523873328083,0.04613162139859869,0.0152439854821383,2.220316331195441,73.2564701497453,Sélection automatique par sortie,False
1920,54.12836339488995,412.017887332885,27.433216536775447,17.48,1.37,29.252845860230366,53.27049119896173,17.47666294080791,1.4012851699213025,0.09859936261064914,0.17212351697625655,0.035324607362266544,0.018211985033939147,1.7255446419044138,70.74715413976963,Sélection automatique par sortie,False
1921,36.593055120340864,398.5146010724536,19.811732678883914,16.11,3.611677053755626,29.76918900641154,52.86139324782841,17.369417745760057,1.1117628052949762,0.07432642494691798,0.12958354175586448,0.021150714110768888,0.013063853774261521,1.349887339882789,70.23081099358846,Sélection automatique par sortie,False
1922,54.32794217618697,485.8427215195636,16.42,17.06812649796436,2.38,25.950264977440877,55.0827789072652,18.96695611529393,2.387398990508559,0.16386859337310358,0.28578561520760465,0.07440149515892983,0.025375829512100472,2.936830523760297,74.04973502255913,Sélection automatique par sortie,False
1923,40.684591532393334,459.26664668914924,26.35,23.830578047818754,3.134169668358071,25.885474395282014,54.95442604582669,19.160099558891297,1.9165457314946641,0.129947405917915,0.23868842686618907,0.05376801052338668,0.020676572942326967,2.359626147744482,74.11452560471798,Sélection automatique par sortie,False
1924,39.75855246100371,394.8605035226919,20.36725267957003,16.58161779913752,3.5909812623864488,29.994202819904675,52.55243854066768,17.453358639427645,1.0764761608869238,0.07243018334654788,0.13359426347193987,0.020059159803777545,0.012840343096056268,1.3154001106052453,70.00579718009533,Sélection automatique par sortie,False
1925,70.61616948552626,511.54530672203043,25.73,17.415352352300197,1.9246959055819728,25.697482004803376,55.17147350323284,19.131044491963777,3.0411721558618705,0.2108112695177768,0.37698504647988074,0.10201299332301134,0.03367258290799077,3.76465404809053,74.30251799519661,Sélection automatique par sortie,False
1926,41.848220888920146,477.0150498618925,24.242766179693742,13.321235598589661,1.79,26.24510299216635,55.58543974877091,18.16945725906274,2.2290064449464513,0.14877939555014325,0.27764438326739577,0.06637966955341247,0.020849672149638107,2.742659565467041,73.75489700783365,Sélection automatique par sortie,False
1927,64.25152128536844,485.37641594699255,15.257819096036076,14.823095424843368,1.1679698263160776,26.278486537352343,54.938652248404786,18.782861214242864,2.5677711153723886,0.18051887345103435,0.31620902686962693,0.08152096588494248,0.027021047490745943,3.1730410290687385,73.72151346264765,Sélection automatique par sortie,False
1928,32.74430377690192,437.7868082805848,14.667192051827765,15.568399963915693,1.324049921385689,26.845568862701533,55.218405861547396,17.93602527575108,1.5977857247664695,0.11061881465551023,0.18874608897702855,0.04235378787383083,0.017223540537080972,1.95672795680992,73.15443113729847,Sélection automatique par sortie,False
1929,51.645330681785644,442.4982810900939,24.2,19.170498473402436,2.18,27.682640924744984,54.02487169273383,18.292487382521177,1.7827347993922948,0.12195328102750358,0.22193007092328512,0.049892442437289894,0.021170198466144353,2.197680792246518,72.31735907525501,Sélection automatique par sortie,False
1930,43.00320994350022,473.79216050842285,22.404098939277432,18.90760743384262,1.91,25.589492473233225,55.52125961013716,18.889247916629635,2.1510734613989215,0.14496840395824656,0.2789297455367731,0.06398101042167133,0.02017884987848644,2.6591314711940983,74.41050752676679,Sélection automatique par sortie,False
1931,29.399357403655795,369.68101072375725,23.591196687396284,11.778569549476497,2.11,30.80855905803565,53.171847272463914,16.01959366950043,0.84081548251372,0.05308317472745833,0.08717126053061658,0.007792601935295261,0.009365611038468398,0.9982281307455585,69.19144094196434,Sélection automatique par sortie,False
1932,47.736903861841355,392.5867358136447,24.285613586371497,25.98686927669454,2.5148884693604043,28.912778931574802,52.83536848327378,18.251852585151397,1.0742384394477726,0.07582831723670283,0.1195812161060863,0.0235122069648369,0.013607241696170278,1.306767421451569,71.08722106842518,Sélection automatique par sortie,False
1933,23.038553293193857,425.0385566813438,11.598797535618973,19.391919494316014,2.52548193376462,26.77955364623279,54.99222360953406,18.228222744233175,1.3020288624150915,0.08945513747080172,0.15668908296755288,0.03084441732816645,0.014733478751668942,1.5937509789332813,73.22044635376723,Sélection automatique par sortie,True
1934,57.83522379819174,524.6125493396768,12.662792594419207,19.29,2.39,23.863589937313442,56.18371146658677,19.95269859609979,2.9715908514811304,0.20479462009795218,0.34685615111767953,0.09707920128168385,0.03180213124988454,3.6521229552283305,76.13641006268656,Sélection automatique par sortie,False
1935,58.559649290136946,448.0824298833137,20.43,13.601489556456082,1.98,28.334522476150337,53.860939837002974,17.804537686846686,1.9149362138024406,0.13254647998703759,0.230168992883405,0.05598989466026028,0.021854825515368246,2.3554964068485122,71.66547752384966,Sélection automatique par sortie,False
1936,56.99807333770783,498.6519215760665,11.341826350751852,11.195665271225588,0.64,25.530794221470803,55.76859281168286,18.70061296684634,2.7419064234571002,0.20199076760813978,0.3308625028835811,0.08832555045801341,0.031857352498005746,3.3949425969048406,74.4692057785292,Sélection automatique par sortie,False
1937,60.38,531.5227850202384,11.38032493076486,19.03228694549901,3.305523652589136,24.044363164402213,56.01021105895419,19.945425776643592,3.0848014262700314,0.21360774499056556,0.35306955711386345,0.10088107960951609,0.033059610689807874,3.7854194186737846,75.95563683559779,Sélection automatique par sortie,False
1938,36.555158981826615,465.30922748243415,23.65593651619478,10.65,3.51,27.678310506131083,54.603006017679384,17.71868347618952,1.985831379064079,0.12989116239407553,0.2559237765374623,0.05507080544461296,0.019790469685870817,2.4465075931261007,72.3216894938689,Sélection automatique par sortie,False
1939,66.97007688323677,464.4237439129593,18.83039815074034,24.57168071287868,2.45,27.00828070670306,53.622016309498534,19.369702983798394,2.2147628958952046,0.14991068564552584,0.2752744088826763,0.06554230193774704,0.02442930354679223,2.729919595907946,72.99171929329692,Sélection automatique par sortie,False
1940,48.32389598395198,459.23102137038785,18.419311954787553,10.65,1.14,27.413923887743294,55.0197271763407,17.56634893591601,2.0421080005351833,0.14240905481952834,0.2604233007765316,0.06061164670944866,0.02081387206255092,2.526365874903243,72.5860761122567,Sélection automatique par sortie,False
1941,49.562989963671285,530.24284797672,24.237493921676883,14.913522872489317,2.736505633064085,24.21752641644553,56.50532046672946,19.277153116825016,3.052767963975591,0.20534905040990256,0.3777791155385247,0.10107794655080293,0.03153835954630982,3.768512436021131,75.78247358355448,Sélection automatique par sortie,False
1942,55.303930812619754,487.61,23.78547263483501,10.217533910037957,2.08,26.91720112917375,55.00100914939742,18.08178972142883,2.4867629509815345,0.16966214814528932,0.2996560925479172,0.07911374907125053,0.02533737509281767,3.0605323158388087,73.08279887082625,Sélection automatique par sortie,False
1943,56.65671849555803,483.1152514797637,14.624681246295212,19.987814372863323,2.1629997088470745,25.72421998388646,54.96024533697996,19.315534679133577,2.3755799543970615,0.16225927032310758,0.2762589592829912,0.07255344756807033,0.025912168444276365,2.9125638000155067,74.27578001611354,Sélection automatique par sortie,False
1944,52.61364620672801,367.4033317483346,18.365351154259127,20.32484682684447,2.68,30.935525295973495,51.43933411035256,17.62514059367395,0.8007778987267533,0.054514225286211554,0.11192909291759137,0.010980258954522405,0.010970683098964883,0.9891721589840434,69.06447470402651,Sélection automatique par sortie,False
1945,44.91293868635806,393.8012395047204,27.46340022480865,19.926320586638674,0.6361327979351208,29.07949850748484,53.437419073312306,17.483082419202855,1.2104187779987277,0.08922147980792455,0.1368826486029842,0.025774504111552715,0.013052181688844398,1.4753495922100335,70.92050149251516,Sélection automatique par sortie,False
1946,41.71409694078923,469.2899346057294,15.170640797422214,16.11747139756013,4.0586643341300555,26.963972217002553,54.51862189184722,18.517405891150226,1.974663209871766,0.1352150760408838,0.24896434861552977,0.05714724658106303,0.02364071421014468,2.4396305953193873,73.03602778299745,Sélection automatique par sortie,False
1947,59.79983380701474,509.2603438741613,19.59619787059308,14.74503992398202,3.69,26.13989857197939,55.107071381441685,18.75303004657893,2.7824826516934285,0.1916699596713511,0.3448535883483775,0.09097589568889666,0.030885214992637328,3.440867310394691,73.86010142802061,Sélection automatique par sortie,False
1948,48.481904099847014,488.7376641232935,16.54396828441507,10.177744940957687,2.39,26.511718173741908,55.632379767067874,17.85590205919021,2.3788403348861156,0.16512336395075877,0.2874402648390456,0.07596785164608821,0.024521137238381722,2.9318929525603896,73.48828182625809,Sélection automatique par sortie,False
1949,57.378944019564635,379.9873238365056,18.161568990264147,12.460082800318737,1.13,30.867769416445547,51.95942848191655,17.172802101637895,1.0394396402772474,0.07379481952590566,0.11807398696276536,0.020009765896682456,0.013134285101149652,1.2644524977637506,69.13223058355445,Sélection automatique par sortie,False
1950,59.60742641181007,417.9727431873663,18.64,16.33410059524432,1.55,29.14156113146696,52.91115985628283,17.947279012250213,1.5232453377364392,0.1056317602537652,0.18275893407635163,0.03972127003646352,0.017474947229429827,1.8688322493324494,70.85843886853304,Sélection automatique par sortie,False
1951,24.399016786782397,393.4667455294094,25.389703362849563,20.83,2.76,28.21905320585131,54.197294595388676,17.583652198759992,1.0500391813463699,0.06962181655252749,0.12228110106395165,0.018130839497792713,0.01071926225493273,1.2707922007155747,71.78094679414866,Sélection automatique par sortie,False
1952,69.71219049220443,448.66926041232733,26.661151084233115,16.442386771969957,2.32,28.962782426810506,53.14555497765269,17.891662595536797,1.9693634249005618,0.13898578191844904,0.24117289383019402,0.05987914705354507,0.027994263442225175,2.4373955111449748,71.03721757318948,Sélection automatique par sortie,False
1953,52.48101045238766,405.2420747517951,21.855522284315565,19.65904487118533,1.73,29.11190250750841,52.97159793148241,17.916499561009182,1.2948285548845013,0.08928813769690641,0.15814847000661583,0.030982569174460496,0.01519071486014337,1.5884384466226273,70.8880974924916,Sélection automatique par sortie,False
1954,43.652094553613196,394.73330419181025,22.57,22.437369447322027,3.27,29.393888095513415,52.787841290566675,17.81827061391991,1.0771222211437534,0.07398635061283365,0.1242497646840931,0.021803730878209117,0.01371363395010198,1.3108757012689916,70.60611190448658,Sélection automatique par sortie,False
1955,66.50574659511744,462.81851862698136,25.024704952389033,18.08332366838765,2.9833211940338096,28.154398689403024,53.517867308613205,18.32773400198377,2.158759766231228,0.1502859954753898,0.2724805338791195,0.06614547512350516,0.02733178059543481,2.6750035513046773,71.84560131059698,Sélection automatique par sortie,False
1956,32.40248800537858,490.9240399257307,28.904808664535082,21.327297639786618,1.77,23.621298215344975,56.98328210385106,19.395419680803972,2.3704971645693433,0.15754133557462083,0.30936983760939807,0.06967613876939864,0.01914436696636393,2.9262288434891244,76.37870178465504,Sélection automatique par sortie,False
1957,48.94534993783939,513.8354887643841,22.698522778107275,14.74,3.94,25.519222924366126,55.46047261106866,19.0203044645652,2.744082206069036,0.18520702288342109,0.3276891242054464,0.0881897227425609,0.02999795036502806,3.375166026265492,74.48077707563385,Sélection automatique par sortie,False
1958,48.44964186855225,536.4304005849702,23.23045245184094,13.754746850760352,3.56,24.386034490846065,56.371384412142824,19.242581097011104,3.1001279450800023,0.2085587281290505,0.3917095930837469,0.1032676743944285,0.03319603977019489,3.8368599804574233,75.61396550915393,Sélection automatique par sortie,False
1959,34.23934510600436,375.31427790053175,25.895877248876907,22.492572298061106,1.82,28.95209701588874,53.52076763608665,17.527135348024615,0.8741273553835784,0.06145747693037058,0.10699606669810899,0.013954721870883542,0.010512820451953796,1.0670484413348953,71.04790298411126,Sélection automatique par sortie,False
1960,67.27125943047433,490.3124130915199,18.604466815791792,10.605362116203908,3.8883421891897774,27.71302090678949,53.81092341968367,18.476055673526837,2.5662588460068405,0.1807841249475466,0.30445059553787135,0.08341616977258211,0.028899732042989693,3.16380946830783,72.2869790932105,Sélection automatique par sortie,False
1961,31.839021340188083,412.9772278364225,14.092450214164899,17.47398142419988,1.8783429059432437,27.775587568201697,54.303642309659274,17.920770122139043,1.2849638731720212,0.08770378754589064,0.1606871502469609,0.029482224510909916,0.014248777014799744,1.5770858124905822,72.22441243179831,Sélection automatique par sortie,False
1962,43.35,512.7840137355694,20.2,8.79,3.56,26.0155469877456,55.842500626961744,18.141952385292658,2.664900666556204,0.1802563243433957,0.3171428261392755,0.08672962593943812,0.02832725701271226,3.2773566999910257,73.9844530122544,Sélection automatique par sortie,False
1963,26.2,502.817369652591,23.170112772714287,16.241918044933684,1.9739941054718912,23.737763038312927,57.2149016995893,19.04733526209777,2.3861095629031954,0.15604028063585412,0.30938525518668386,0.07221276490819303,0.020995316036050326,2.944743179669977,76.26223696168707,Sélection automatique par sortie,False
1964,48.927300224105515,452.55677016654636,15.629589029287066,17.558020796361518,0.9500751417761542,26.674692895292235,54.70985179164616,18.6154553130616,1.9526943808117445,0.13636944076115315,0.24203594595281916,0.055682704135878246,0.021571465146910662,2.4083539368085054,73.32530710470776,Sélection automatique par sortie,False
1965,23.145252826736037,392.3169839079928,20.05278348517968,17.61,1.3173895346480797,28.22048657255659,54.77743583001718,17.002077597426222,1.0667697510075067,0.07142522697992278,0.12355129162156898,0.019418346538983458,0.01036723474710045,1.2915318508950824,71.7795134274434,Sélection automatique par sortie,False
1966,48.13096784768306,379.8343636254372,17.953665900596466,24.392595149230573,3.25,29.97027992516122,51.90126798807675,18.12845208676203,0.9237629221596444,0.06190099867328848,0.11001194711783344,0.015499048985960703,0.012002001864077981,1.1231769188008052,70.02972007483878,Sélection automatique par sortie,False
1967,55.440582321373995,448.19345778283855,25.18,15.61612748681672,1.93,28.034309132081596,53.980934015841605,17.984756852076792,1.9022382340095787,0.13061855351829807,0.23484746070850512,0.05494651443373858,0.023153041449197404,2.345803804119318,71.9656908679184,Sélection automatique par sortie,False
1968,60.515641025676494,462.79724203463053,29.019780505588653,12.897806098441071,0.6851100436925964,28.14608636106257,54.452981082651554,17.400932556285877,2.275569216052803,0.16083504152830042,0.29431097474132306,0.06840758068958071,0.025375950710581303,2.8244987637225885,71.85391363893743,Sélection automatique par sortie,False
1969,37.07481621518871,476.04010125808986,15.700366900720207,21.22,1.72,24.648562175258363,56.030956973784505,19.32048085095712,2.051550588468261,0.13914418117146557,0.2620589958996986,0.060773460389036256,0.022154491459269204,2.535681717387731,75.35143782474162,Sélection automatique par sortie,False
1970,66.46038271311505,501.4387452118657,22.558748124217622,21.523923283850962,2.299328392862631,25.50194954751297,54.922950488925316,19.575099963561712,2.795515865680131,0.19174773135008466,0.3371845820651025,0.09041328958320963,0.03059422278521562,3.445455691463744,74.49805045248704,Sélection automatique par sortie,False
1971,35.14,475.7625099953198,20.952943777105585,16.014459886799276,2.18,25.57401482849582,55.74134691005053,18.684638261453646,2.091214869335759,0.13934607873465837,0.2787725614741432,0.061497601284263986,0.020390694602121034,2.5912218054309455,74.42598517150418,Sélection automatique par sortie,False
1972,33.62655220002165,477.55983501262796,20.28058228275401,14.973176996593038,3.07,26.055527028676497,55.62846351786423,18.316009453459287,2.072290171737385,0.13759998436533705,0.2649733054505239,0.0605926518874922,0.02160448712861616,2.557060600569354,73.94447297132352,Sélection automatique par sortie,False
1973,60.38,401.20366127464706,23.45,20.939994568452732,3.2,30.3246698392131,51.915267525590956,17.76006263519594,1.207763920890593,0.0851068232231913,0.14967534755450213,0.02830900630537718,0.01695817616419161,1.4878132741378554,69.6753301607869,Sélection automatique par sortie,False
1974,48.834341125181474,464.1100140135273,15.83458966233103,17.24,2.22,26.555292855778738,54.71402865510882,18.730678489112435,2.032113282043263,0.13910533353328167,0.2609704105988702,0.05981829665699257,0.022683147320544855,2.5146904701529524,73.44470714422125,Sélection automatique par sortie,False
1975,46.89858652257328,480.34732961718544,15.13,26.024364447157375,1.72,24.420939526447743,55.65419532497629,19.92486514857597,2.21082257949185,0.14838064096411518,0.2645340278452212,0.06527909596888098,0.02363451047018756,2.7126508547402546,75.57906047355226,Sélection automatique par sortie,False
1976,55.66018358446258,479.3591434467489,28.675466324504544,15.127556087396238,2.08,26.79261266939688,54.82192733081785,18.38545999978526,2.388586261662068,0.16265525890818489,0.29407999930162687,0.07377267951435482,0.026655576136290646,2.945749775522525,73.20738733060311,Sélection automatique par sortie,False
1977,54.35432913112454,489.7988582725323,23.276398444312736,12.273972003092839,3.1614867571561356,26.882381867271977,54.62225048679433,18.49536764593368,2.47014577769978,0.1681432117441373,0.2926823876652992,0.07787936401339848,0.02634991770692411,3.035200658829539,73.11761813272801,Sélection automatique par sortie,False
1978,30.95796234644788,360.0148345103604,23.876292416541595,17.491918938884368,0.7713446077033541,29.850702524594432,53.3255109384734,16.823786536932158,0.7799748495309486,0.055739362825447905,0.0700501901160363,0.007492295865679656,0.008306771612679384,0.9215634699507919,70.14929747540556,Sélection automatique par sortie,False
1979,42.18663298288235,431.6226376756045,26.085504177911258,20.13746051115605,1.13,27.178149248212975,54.82098955412134,18.00086119766571,1.640040520726835,0.11330593102402402,0.1929986112253118,0.042942066698376094,0.016787723876780115,2.0060748535513273,72.82185075178705,Sélection automatique par sortie,False
1980,61.15534095700249,381.5414998724589,25.72368232902149,15.46,1.34,31.104064736824228,51.76856246223399,17.127372800941803,0.9818136660723729,0.07122181227107777,0.12016434812213439,0.020151249790405668,0.01546200443832775,1.2088130806943185,68.89593526317579,Sélection automatique par sortie,False
1981,39.78047547917623,491.8360738496497,11.734266586422159,15.95400182344371,1.7736878407460528,24.57327169659389,56.077052228880866,19.34967607452523,2.2776446780020367,0.15941685115188958,0.29464429524555247,0.07129720091530974,0.02612476644180774,2.829127791756596,75.4267283034061,Sélection automatique par sortie,False
1982,21.00868396935502,544.1895323311808,26.110259721770305,11.151376397560863,1.51,22.46380832821209,59.03899228940798,18.497199382379925,2.9931209256764895,0.19113455031735743,0.3896504917677147,0.09459612568712106,0.02433661417410936,3.692838707622792,77.5361916717879,Sélection automatique par sortie,True
1983,30.14,378.6967434674096,25.05130709996378,12.583789430511878,2.39,30.436924621577077,53.191609826030316,16.371465552392625,0.9315311691263408,0.05896515998900982,0.10317018274321121,0.011229739746958713,0.010008961024666045,1.1149052126301868,69.56307537842294,Sélection automatique par sortie,False
1984,61.141880399049874,507.51702381911304,22.202871969968978,12.280713148404093,2.01,25.94375059994818,55.555346768454946,18.500902631596865,2.8441370133834676,0.19611548774286303,0.36448952083061725,0.09457322480813901,0.029972623998083398,3.52928787076317,74.05624940005181,Sélection automatique par sortie,False
1985,30.798355404760734,429.5528106853012,22.2,22.51670782935785,1.72,26.284212138092727,55.255048814035234,18.46073904787202,1.4838923139835534,0.09990057644776967,0.16733888190482477,0.037185120806373595,0.015179683164372487,1.8034965763068938,73.71578786190726,Sélection automatique par sortie,False
1986,45.95303122882961,386.99304659753346,22.01,23.786125350542235,1.82,28.995185597834954,52.87938790527343,18.125426496891613,1.0312568365266075,0.07132897751569356,0.1268009587397093,0.021133592062283164,0.013158800826842433,1.263679165671136,71.00481440216504,Sélection automatique par sortie,False
1987,48.68141507060586,489.68189615155484,21.946657033828114,26.37300204942792,2.02,24.176598291903062,55.90497210607414,19.918429602022805,2.4008973876169954,0.16233500925481087,0.2798731008437122,0.0736146520006939,0.022832732428677498,2.93955288214489,75.82340170809695,Sélection automatique par sortie,False
1988,42.73285338481739,364.9291287573297,16.082403523820982,14.857731145751464,1.51,30.590149337560245,52.40986791667323,16.999982745766538,0.8258816789175389,0.05682780405698447,0.10577656180911685,0.010623446611344116,0.01051758080251295,1.0096270721974974,69.40985066243977,Sélection automatique par sortie,False
1989,27.143054328138096,411.02809193664143,12.879776547898459,6.8335652720958615,3.12,29.885582154893246,54.14591812763172,15.968499717475042,1.260020560552861,0.08851973746193237,0.13804281243707975,0.027519484268043168,0.012187680751021654,1.526290275470938,70.11441784510676,Sélection automatique par sortie,False
1990,36.58735300045772,424.8009652314486,23.89174571680467,20.81066071920801,3.16,27.740342289497082,54.02473075532808,18.23492695517485,1.4344548630521994,0.09631662212198061,0.16754773727326872,0.03451409346268666,0.015633615791263347,1.7484669317013988,72.25965771050292,Sélection automatique par sortie,False
1991,55.3682609883296,480.88796445906735,27.82785979237774,22.476917507429985,3.262704748489575,26.087665179875245,54.55594281270408,19.356392007420677,2.3586947435226557,0.16215838462494134,0.28190620088991075,0.07230286842077069,0.026388229160463406,2.9014504266187418,73.91233482012476,Sélection automatique par sortie,False
1992,33.02059504870218,451.19484289000144,21.641871655265483,11.723584269988146,1.83,27.312630694533272,55.416481391497975,17.270887913968757,1.805012857303426,0.11918938188252845,0.2065761136572589,0.048765094194660866,0.017739441131215554,2.1972828881690902,72.68736930546673,Sélection automatique par sortie,False
1993,27.514067867819175,376.86143176649705,19.552437436992616,10.311124546587118,2.44,30.717413968846962,53.32781163607185,15.954774395081182,0.9130166625522003,0.05871501976048493,0.09851463441595418,0.011250685021866956,0.00993103035633657,1.0914280321068428,69.28258603115303,Sélection automatique par sortie,False
1994,24.597213598566857,400.4713632472629,22.96422196570739,18.798506327032047,1.1,27.63641722042579,54.9833915244788,17.380191255095397,1.1793229210816742,0.07987460778213273,0.12659973879064113,0.023313993286488068,0.010731026084903218,1.4198422870258394,72.36358277957419,Sélection automatique par sortie,False
1995,52.6,399.1242050528257,22.966075025925473,14.629935770415761,2.97,30.444145825531002,52.084842627797244,17.47101154667175,1.1694740480268875,0.0807313543187756,0.135351356103765,0.025227311937994108,0.014210939644342306,1.4249950100317645,69.55585417446899,Sélection automatique par sortie,False
1996,21.78625211725544,488.96161778071354,17.675381813891136,9.181065716965893,1.57,25.4739573079187,57.41253022379072,17.113512468290562,2.138602342523857,0.14327699494272317,0.2675410230939979,0.06487242663622712,0.022215055232261915,2.636507842429067,74.52604269208128,Sélection automatique par sortie,False
1997,49.95521732064277,538.0621662551969,19.6248229253096,16.463953537327484,1.3,22.973619740232586,57.28025964207595,19.74612061769146,3.167401243644088,0.21744840349814218,0.410008410899678,0.106801707483196,0.031686957767047004,3.933346723292151,77.02638025976741,Sélection automatique par sortie,False
1998,27.963870714121768,397.38,12.884974882716485,19.753120491568428,1.376407033621365,27.589700101498163,54.102595267874925,18.30770463062689,1.1075096096251342,0.07646457402761177,0.1332166093566509,0.022417993293140162,0.012278331880925836,1.3518871181834629,72.41029989850182,Sélection automatique par sortie,False
1999,45.25978164038636,400.33737828548396,21.64829668458229,27.018720767912747,1.41,27.77907146401972,53.48357616637292,18.737352369607358,1.2081631902755632,0.0836628109711107,0.1442369627910316,0.028135147446245835,0.01400334358032503,1.4782014550642764,72.22092853598028,Sélection automatique par sortie,False
2000,30.406966564762502,450.80669291719585,17.53680889160637,25.272591624061242,3.1812657787410252,25.485049438275254,55.21811738652024,19.296833175204505,1.6284368778357499,0.10845025441056164,0.18095853183054217,0.04328840193333751,0.018030254167979702,1.979164320178171,74.51495056172475,Sélection automatique par sortie,False
2001,38.3459746433777,386.7481157897594,21.01,17.201164435793252,2.67,29.86228354510408,52.99472452025321,17.142991934642705,0.9995427898473475,0.06703133565138455,0.12283172889348322,0.01750363147799181,0.012315651819846061,1.219225137690053,70.13771645489591,Sélection automatique par sortie,False
2002,26.281747531286815,457.3516814682088,27.296393676205838,12.547052195931936,1.81,26.635352352528578,55.959632693357456,17.40501495411397,1.9071222224902966,0.12089338520702632,0.23902706032028515,0.048760077777437474,0.01650895085662617,2.332311696651672,73.36464764747143,Sélection automatique par sortie,False
2003,23.09733204833966,411.5534624204156,17.8,14.147983991887589,3.972986428410625,29.089101513432613,53.88695565932183,17.023942827245566,1.2003890478668184,0.07883423635190542,0.14931653814090456,0.023787646583954235,0.012830174234262678,1.4651576431778452,70.91089848656739,Sélection automatique par sortie,False
2004,47.524552098351336,410.87265164965504,28.18044434849169,15.6005654160728,3.81,29.936925580934645,52.15655004941917,17.906524369646178,1.293616981000676,0.08851010489190346,0.16722450193298344,0.028474283352247005,0.016769367910324268,1.5945952390881342,70.06307441906534,Sélection automatique par sortie,False
2005,57.305804443759264,456.8772557254577,20.400317989016763,16.72111504323746,3.5775411495693286,28.22104228450023,53.612520834299794,18.16643688119998,1.9802937260225604,0.13604399138569087,0.2556516538103091,0.05756700604766858,0.023250347066883514,2.4528067243331124,71.77895771549977,Sélection automatique par sortie,False
2006,49.211465228104046,419.01559331930486,20.50067242891163,11.75903816621337,1.93,29.37995178621837,53.46420311271789,17.15584510106374,1.4674120827408712,0.10050175132187192,0.16742253851352049,0.03690810355662477,0.016162528711771134,1.7884070048446594,70.62004821378163,Sélection automatique par sortie,False
2007,55.51288939844325,512.3370541161064,25.208139310284118,15.461972047376126,3.38308250062261,25.67079823591101,55.43840100020617,18.890800763882833,2.8354309759267835,0.19236051738022888,0.337425283621152,0.09202319915294511,0.030821359081269775,3.488061335162379,74.329201764089,Sélection automatique par sortie,False
2008,21.132512611672485,362.0258855356346,23.45,21.187243224288526,3.18,29.62100022137135,53.50961781179656,16.869381966832076,0.6971107663200649,0.04653206721476341,0.06982984872753253,0.0048095778832113675,0.00802020140782485,0.826302461553397,70.37899977862864,Sélection automatique par sortie,True
2009,36.75534156580967,541.9352668035154,15.685426187250979,15.585658612295168,2.1638521560070867,22.39468647561971,57.63130453423934,19.974008990140955,2.908937382518001,0.1988821799440687,0.3861864306479589,0.09870991856663464,0.030861548949202382,3.623577460625866,77.60531352438029,Sélection automatique par sortie,False
2010,35.25771236530824,534.3292428803328,24.082365477608892,14.268941935144868,2.45,23.237605503682556,57.37289676541372,19.38949773090373,2.938058180051869,0.19343214379523013,0.3748759258195449,0.09542688128233993,0.02770446885315429,3.629497599802138,76.76239449631746,Sélection automatique par sortie,False
2011,25.86913226777811,503.1383897573474,15.84,15.609366859235958,3.6240416769310753,24.580461597266666,56.62197013706596,18.797568265667373,2.216802117887495,0.1492395440625066,0.2871349627402832,0.06881390408020033,0.026423026107382796,2.748413554877868,75.41953840273334,Sélection automatique par sortie,False
2012,21.998854797480487,365.5351950615835,27.730990008337407,22.345336405336983,0.9987597792832732,28.246931497252877,54.51077570986672,17.242292792880395,0.8141259564554719,0.059095391306818776,0.09327705919961024,0.009363533381259538,0.007450077432735052,0.9833120177758955,71.75306850274711,Sélection automatique par sortie,True
2013,52.29,373.6489014314009,26.905655169180694,18.493096248579022,1.8247195693343077,30.771628423321953,52.10875994329633,17.119611633381716,0.847682622100558,0.061395171277029065,0.11608618414958394,0.014434207482895957,0.01289915725062968,1.0524973422606967,69.22837157667804,Sélection automatique par sortie,False
2014,71.09862353305975,406.4445193923154,18.650656286191477,11.911587740758401,2.5647848765993135,30.91653526901983,51.61886084808014,17.464603882900033,1.3601825267768426,0.09753721235792837,0.15453196476610792,0.03440935092664479,0.018947491530399308,1.6656085463579229,69.08346473098017,Sélection automatique par sortie,False
2015,59.39516958016773,463.8029850160806,12.760068960512996,11.486166520960545,1.44,27.246042652774612,54.563684491618766,18.190272855606626,2.1887174912624388,0.15642870963375557,0.27539688928241907,0.06676780137425575,0.023559917080027835,2.7108708086328974,72.7539573472254,Sélection automatique par sortie,False
2016,60.52493827359995,421.31255239124386,22.765238611081585,18.835954539220555,2.52,29.35125175434713,52.756241110081554,17.892507135571332,1.516069292666966,0.10530839634575435,0.18084831467818893,0.040202178979100084,0.01942926882053314,1.8618574514905426,70.64874824565288,Sélection automatique par sortie,False
2017,65.35662536501415,371.09370452390345,25.59,23.43,2.45,31.334240113362686,50.906501552015165,17.759258334622146,0.7979183589949528,0.06024854376534247,0.10682238692338644,0.015298052903027562,0.01550522246218216,0.9957925650488914,68.66575988663732,Sélection automatique par sortie,False
2018,67.88597241925159,488.9113306360462,11.321819187331828,11.001567953716041,1.6021493829964675,26.433103632705595,55.050171690663404,18.516724676630997,2.647756923221524,0.19082517661414647,0.32732982995160453,0.08558469148065312,0.02732317403892201,3.27881979530685,73.5668963672944,Sélection automatique par sortie,False
2019,25.16572576372091,517.6122223211871,18.790613490500462,24.02144457831153,0.78,21.24927309155372,58.805336752008664,19.945390156437604,2.4770747065389216,0.1722833673943998,0.3528702276862939,0.07718349918887231,0.0237833024094791,3.103195103217967,78.75072690844627,Sélection automatique par sortie,False
2020,51.50260076654123,443.44432232186256,16.709297087791864,10.323515478703518,0.570035927302981,28.262693008211993,54.19278044432007,17.54452654746793,1.937259698515336,0.14132980536614947,0.22700617079994972,0.05438164025646859,0.02139293797251302,2.3813702529104166,71.737306991788,Sélection automatique par sortie,False
2021,45.39973890952715,458.682057155113,15.022664443187209,24.78155825022692,2.05,25.620962138636898,54.89965876384397,19.47937909751914,1.9048363431920523,0.12758046756600805,0.23690537731981431,0.05340241510161973,0.020987493328687917,2.3437120965081824,74.37903786136312,Sélection automatique par sortie,False
2022,31.66,388.80625066525096,28.117220168924906,7.856970866044176,0.6661739985011272,30.50603802113205,53.81545479988111,15.678507178986834,1.1680896188727736,0.07672059835688652,0.10724126939657538,0.016415343749332803,0.009723211698229428,1.3781900420737978,69.49396197886794,Sélection automatique par sortie,False
2023,35.89859650525304,402.26565827657384,21.023286425594684,19.821772297302147,3.019615536765159,28.793341151254236,53.42982470960083,17.77683413914493,1.1559470673378736,0.07742743773391039,0.12820457583428108,0.02382494466902243,0.013491410814079731,1.3988954363891672,71.20665884874576,Sélection automatique par sortie,False
2024,46.74248501472426,362.5063838509274,23.730841075967145,15.991638079834658,2.68,31.42146679823539,51.563607593222166,17.014925608542445,0.7016486283983692,0.04878525499235031,0.09176732017135267,0.006682366728179026,0.010415830161334072,0.8592994004515853,68.57853320176461,Sélection automatique par sortie,False
2025,33.43277346325894,526.649153445404,26.920984943325646,15.54833282488448,2.04,23.113973304433003,57.440516548301524,19.44551014726547,2.869109900748507,0.18741245123388295,0.36691580255885947,0.09046434356221005,0.02497932246012341,3.538881820563583,76.886026695567,Sélection automatique par sortie,False
2026,30.64339945441776,478.98108955343054,25.26,23.496740446257775,3.290790447463005,24.386029838842546,56.054195593442735,19.55977456771472,2.0783830224223325,0.13800089937359347,0.2516763618761422,0.0592563985711607,0.018243522432644405,2.5455602046758727,75.61397016115745,Sélection automatique par sortie,False
2027,69.24134473984755,358.53673401554454,23.74082687480567,25.477255316484527,1.2523054134028848,31.443754814628278,50.40642883480619,18.149816350565526,0.709964465528689,0.05296015321698189,0.10938577117310092,0.012142156101591438,0.012566808865081724,0.8970193548854449,68.55624518537172,Sélection automatique par sortie,False
2028,29.084610148971443,514.1105057562427,26.396932781142628,20.35490260420843,1.37,22.34458504974357,57.985563575133654,19.669851375122764,2.628785350913319,0.17455933619556607,0.34735329604381737,0.08062211239629538,0.02023340776976001,3.2515535033187577,77.65541495025641,Sélection automatique par sortie,False
2029,68.66270575262725,498.6417251457813,21.738623295049273,23.5,3.3,26.0023864707405,54.36116518152088,19.63644834773863,2.742320913865866,0.18762771641577172,0.30093614354358944,0.08719806292070083,0.031003883126418736,3.349086719872347,73.99761352925951,Sélection automatique par sortie,False
2030,40.70679928367249,458.9340237702235,27.490476256842282,15.5413489272459,1.57,26.634142020044752,55.271442852268805,18.09441512768645,2.0033635675216592,0.1336498969186083,0.2574142696703296,0.055971990919255,0.020095109717251158,2.4704948347471034,73.36585797995525,Sélection automatique par sortie,False
2031,63.40142715070721,454.9634998976667,14.881876942828919,11.77285237493482,2.972658139248224,28.5180688470373,53.54683917848836,17.935091974474336,2.031814747263308,0.14377476434161315,0.23808350313409904,0.06040506426161486,0.023016771296424265,2.497094850297059,71.4819311529627,Sélection automatique par sortie,False
2032,64.28163472095746,380.6290040347353,22.4,27.00443230534161,2.2978981676087975,30.34679977967727,51.193399970838946,18.459800249483788,0.9767527575415333,0.06874102498710895,0.12666545080394573,0.02064191228854719,0.014083467063030139,1.2068846126841655,69.65320022032273,Sélection automatique par sortie,False
2033,53.1722607699262,433.5135346458525,30.38634401702781,14.579861148640523,2.39,28.8589420010645,53.1494054158763,17.991652583059196,1.6708435559925625,0.11447218722810643,0.1897228464197045,0.04458565397044606,0.022708394798763187,2.0423326384095826,71.1410579989355,Sélection automatique par sortie,False
2034,24.01870867793312,379.7081186963126,22.8470774194622,22.9,2.924404679859915,28.529880650437786,53.79908526019659,17.67103408936563,0.8727169615692973,0.05879250479793975,0.0909660457813066,0.012773705564759437,0.00981785189201785,1.0450670696053208,71.47011934956222,Sélection automatique par sortie,False
2035,68.39925367505312,362.60674858666084,20.51,26.558088897117862,2.8,31.646502826519015,50.145465941135384,18.208031232345586,0.742298045030247,0.05132028749113092,0.0990110092078566,0.010908806819481018,0.011254107138744137,0.9147922556874597,68.35349717348097,Sélection automatique par sortie,False
2036,33.79762878467307,526.1844177352949,25.92994808587595,26.23760341384795,3.963140147675622,22.053625710532817,57.17451794158007,20.771856347887123,2.7307421190463144,0.1818735664416896,0.31741134222016826,0.0848396689175171,0.02665136920393827,3.3415180658296273,77.9463742894672,Sélection automatique par sortie,False
2037,55.61367783008967,496.82452858578074,25.305447318108367,15.94678136370304,3.27,26.309452701487565,54.9980833283795,18.69246397013293,2.596426367554083,0.1765074045475457,0.30775534886313355,0.08229157383866742,0.02839828863196288,3.1913789834353925,73.69054729851243,Sélection automatique par sortie,False
2038,56.9,449.17223434520406,22.27,24.54977397126844,3.5,27.58109116412303,53.43171551458354,18.987193321293425,1.8653088028766027,0.12757534013319932,0.2076456941722044,0.05261862193749896,0.022762498173307923,2.2759109572928136,72.41890883587696,Sélection automatique par sortie,False
2039,51.90258775852612,528.2290857502037,20.459251909190343,17.09,2.5,23.928945379697574,56.46898367656537,19.60207094373705,3.0031919077486835,0.2040524157934109,0.3774065047139068,0.09981975606229992,0.03168166689752905,3.71615225121583,76.07105462030242,Sélection automatique par sortie,False
2040,21.760562015179666,448.2290557043091,19.68,20.56039559822414,1.7773099016035503,25.17811740510692,56.10182141239578,18.720061182497293,1.6132410099775956,0.10720082311245116,0.20048194362621535,0.042402354484262286,0.01630671880811417,1.9796328500086384,74.82188259489307,Sélection automatique par sortie,True
2041,52.83116368202798,514.7522706432352,28.6094477931678,10.38140838218419,3.1499505131798182,26.043144687130106,55.28606373133029,18.670791581539618,2.902601466742068,0.193690528491333,0.34217777719161857,0.09375445685586017,0.029735353452513234,3.561959582733393,73.9568553128699,Sélection automatique par sortie,False
2042,68.35,360.1427061001566,18.04,22.176006316991067,3.56,32.405791425135895,49.89388065019813,17.700327924665977,0.712052377573837,0.04874949964692615,0.1058753956519321,0.007542454422406003,0.011007684154611586,0.8852274114497128,67.5942085748641,Sélection automatique par sortie,False
2043,59.63529030785698,359.2743180040699,25.7110416648544,10.937915696521115,1.99,32.523525333059474,50.80186531431211,16.674609352628405,0.6311747599448123,0.046343360112608326,0.0786113604690594,0.005463532998677509,0.012494203183012993,0.7740872167081705,67.47647466694052,Sélection automatique par sortie,False
2044,43.15239255570816,444.0543199137169,22.910663143570506,16.585975387058898,3.51,27.988320355220246,53.786206332125566,18.225473312654202,1.716020078943739,0.11525532160958575,0.21930185047476383,0.045662534414273655,0.01869793733213373,2.114937722774496,72.01167964477978,Sélection automatique par sortie,False
2045,55.60668099169187,532.1570866225804,21.215106845159774,17.39,2.34,23.847363134861443,56.482549116462074,19.670087748676462,3.130585193254386,0.21321982034205922,0.39588585264668774,0.10492766272022537,0.03286347335950318,3.877482002322861,76.15263686513853,Sélection automatique par sortie,False
2046,56.9373920092013,435.0796592018913,19.40480618664968,23.71,3.8428764072325374,28.50464091368108,52.86351105700064,18.631848029318267,1.6596985509641975,0.11268548693314195,0.1898532194128989,0.043748482943756585,0.01906807660816127,2.0250538168621564,71.49535908631891,Sélection automatique par sortie,False
2047,63.30105006893336,489.59215634588827,20.6926652842271,22.39309656188736,1.1475337576449922,25.460101339349006,55.11848202951524,19.421416631135738,2.627897723172354,0.1809393338328832,0.3294877704080148,0.08266093809737522,0.027460072793630972,3.248445838304258,74.53989866065098,Sélection automatique par sortie,False
2048,49.604959142076545,422.0807542334754,21.139157427463182,15.507142233445236,2.93,29.16285165786744,53.044779594061296,17.792368748071258,1.470648092225976,0.1002733272578974,0.17670802077024206,0.03690451825243904,0.016466101655179716,1.801000060161734,70.83714834213255,Sélection automatique par sortie,False
2049,61.347877386487944,369.5600494224571,21.09744432415022,15.069265028252868,2.28,31.662586519145812,50.96165382109072,17.37575965976346,0.8153480705524532,0.05813657572641223,0.10363504429909773,0.012710699318090338,0.01272649693823685,1.0025568868342905,68.33741348085418,Sélection automatique par sortie,False
2050,34.86775844171638,460.84768094331395,25.702870334077716,24.775463354005044,2.04490707793539,24.79334701221293,55.93825512069496,19.2683978670921,1.913839141642604,0.12940676818134467,0.24010478560208512,0.05382235990912683,0.017985006626682485,2.355158061961843,75.20665298778707,Sélection automatique par sortie,False
2051,59.932877890014495,407.8271587756669,15.137158944105709,9.51760220941952,3.81,31.033756666643534,51.96357592185452,17.002667411501935,1.335176047980816,0.09626988290963989,0.14914312108493671,0.03130455245139435,0.015740008765048205,1.6276336131918352,68.96624333335646,Sélection automatique par sortie,False
2052,62.48287585039394,406.7377371558038,24.765511733910824,19.959707942775,2.370223284001145,29.96246809831003,52.239163470875035,17.798368430814943,1.309569538932755,0.09277709707127434,0.15654351373509706,0.03311028527363644,0.018895941036744426,1.6108963760495072,70.03753190168997,Sélection automatique par sortie,False
2053,62.21235217250627,535.8878758160453,21.183501596500253,9.685837161916892,2.6792982443750963,25.117617130850043,56.06987312549668,18.812509743653283,3.2848303737421274,0.2273121865328397,0.42581985060090716,0.11415113980183014,0.035390994956027884,4.087504545633733,74.88238286914996,Sélection automatique par sortie,False
2054,40.01720343030734,532.0271049881671,28.125730524276253,13.833993581473552,2.52,23.748984109843942,57.00105882881755,19.249957061338524,3.042086435047857,0.1992538752215971,0.3747051384147087,0.09763860316447617,0.028007867697188014,3.741691919545827,76.25101589015607,Sélection automatique par sortie,False
2055,55.08984219852686,524.0573537799977,25.75883613887222,16.979940164033348,3.43,24.87301185526708,55.83637191656646,19.290616228166446,3.0189683720027145,0.20441349106303847,0.3622101176581717,0.0990682633759361,0.0327899090649377,3.7174501531647985,75.1269881447329,Sélection automatique par sortie,False
2056,49.900065837484625,372.9026407707696,11.345346570101462,25.971996662296643,3.3200156862361756,30.003823163909594,51.300002048356305,18.69617478773411,0.9093511135575427,0.05741819900285698,0.10973533999292606,0.011276260904636085,0.01041490985449973,1.0981958233124616,69.99617683609041,Sélection automatique par sortie,False
2057,67.3769859742573,487.5904975646014,15.99317253702143,16.35400000346768,1.82,26.41062791274267,54.751712960322706,18.8376591269346,2.596052010277538,0.18038175093991474,0.3173412970536774,0.08263310997381051,0.027335681798572563,3.2037438500435136,73.5893720872573,Sélection automatique par sortie,False
2058,35.7955746408446,361.55992251907094,13.207927040239795,11.623392302954471,2.3139781962345762,31.14816674613359,52.67805753738358,16.173775716482844,0.7820628011868849,0.05471331907661989,0.07956739868934687,0.007694849299156828,0.009397340212044289,0.9334357084640529,68.85183325386643,Sélection automatique par sortie,False
2059,54.62071148466732,518.2024171717064,13.96,15.498109269770566,3.31,24.924006356399765,55.797582690171105,19.278410953429127,2.815653514605029,0.19551604966486624,0.3362207699896049,0.09259472972143093,0.03119875488808215,3.4711838188690134,75.07599364360023,Sélection automatique par sortie,False
2060,23.54693653637633,521.6059290128603,24.66,13.03,2.41,23.61888607822941,57.78676688604767,18.594347035722922,2.642085739639924,0.16924417540311487,0.33851697311040196,0.08137388316823839,0.023428112738330984,3.2546488840600105,76.38111392177059,Sélection automatique par sortie,False
2061,26.426886379240525,390.80871309550105,16.857190987690384,20.59018434179151,1.49,27.841270440859873,54.151670071365935,18.0070594877742,1.0278687781371882,0.06957208002399981,0.12415918291986154,0.01945330794272001,0.011111142394655297,1.252164491418425,72.15872955914014,Sélection automatique par sortie,False
2062,54.838431152795806,413.7715284447676,17.84608467532868,20.83,2.92,29.14444146183731,52.62740501005922,18.228153528103473,1.3907097815072236,0.09433057362150007,0.17238548097652268,0.03353398611563492,0.01627884808427236,1.7072386703051536,70.8555585381627,Sélection automatique par sortie,False
2063,71.14458306318099,511.9597419875452,18.38085567502968,14.86139638060508,0.8989489470388418,25.613483250375182,55.48407970201637,18.902437047608444,3.1089898103206393,0.2192497302088996,0.3739304979002316,0.10367507081988228,0.03291780207503296,3.8387629113246855,74.38651674962482,Sélection automatique par sortie,False
2064,47.933854365528205,523.3049189693501,23.42771814855527,22.744760096809365,2.36,23.067035422177142,56.70991461603356,20.223049961789297,2.8988261026065683,0.19534493952464504,0.3383010825282716,0.09372178106221551,0.02882316581686868,3.555017071538569,76.93296457782286,Sélection automatique par sortie,False
2065,45.45122016591303,416.72217635123457,14.808242760703662,15.454502190870917,3.65,29.40365761131026,53.01151357053524,17.584828818154513,1.3720434216120831,0.09446869548006769,0.17250494657438464,0.032033305996797656,0.01513036114809695,1.68618073081143,70.59634238868975,Sélection automatique par sortie,False
2066,44.08259704068709,391.8837951793181,14.53181416561172,22.355630494713512,1.3018175527772287,28.458428398347632,52.99472237301736,18.54684922863501,1.1380508254788793,0.0768147160009629,0.15229840757398244,0.02306797899848411,0.01324811075753902,1.4034800388098476,71.54157160165238,Sélection automatique par sortie,False
2067,32.0263097744947,405.53500587493954,22.460397969064733,17.217247232145212,1.76,28.355743652856244,54.34214950127279,17.30210684587096,1.2340889943406583,0.08207181311784312,0.14398816536252088,0.026145699037120898,0.01274242391346912,1.4990370957716121,71.64425634714375,Sélection automatique par sortie,False
2068,68.6829847333344,528.2044822052289,29.330805311384843,18.43,2.02,24.70260561118155,55.724427272879524,19.572967115938912,3.3311524872839406,0.2300727023571869,0.4177433013137981,0.11310126235149001,0.03676544068924871,4.1288351939956645,75.29739438881843,Sélection automatique par sortie,False
2069,55.931013432768665,515.9980085431498,15.316423008977853,17.77647466599223,3.5,24.991495461136175,55.59170902822293,19.416795510640906,2.8012456631172733,0.19255276678526365,0.3245304163495144,0.09088795879324656,0.0306783852753367,3.4398951903206347,75.00850453886383,Sélection automatique par sortie,False
2070,27.279188513034434,472.1902573208456,21.83,13.044582806462014,2.08,25.99131652007217,56.32746791215147,17.68121556777635,2.0085198432763463,0.1311497051583646,0.2591889133676105,0.05686534367639445,0.018900383737668433,2.4746241892163843,74.00868347992781,Sélection automatique par sortie,False
2071,23.008095790541752,438.37098625959413,23.47213958907423,16.847049169705,2.47,26.78507217344767,55.53307429297987,17.68185353357248,1.5636033424211613,0.10083732642800389,0.1998972652200059,0.03767768765108172,0.015061078374379495,1.9170767000946323,73.21492782655235,Sélection automatique par sortie,False
2072,26.93962629886778,448.08,24.69,10.908506198471782,2.07,27.45227891215278,55.41723298804216,17.130488099805053,1.7617719820241597,0.11199195710508104,0.20977098980835346,0.044154957828421416,0.015961317091000907,2.1436512038570164,72.54772108784721,Sélection automatique par sortie,False
2073,64.38871939592724,394.5131182835205,28.51387846490501,15.715033193547951,0.96,30.81695397288079,52.02591327281668,17.157132754302534,1.185439420505511,0.08750740103879381,0.15326120351421824,0.028574774824052764,0.018310616519649905,1.4730934164022256,69.18304602711922,Sélection automatique par sortie,False
2074,54.76973236613129,520.6930935566179,16.2,20.65982693848826,1.32,23.514853486175642,56.593947055474665,19.891199458349703,2.934273975798967,0.2015192721570721,0.37061924496319126,0.09558870955922455,0.03034026630241916,3.632341468780874,76.48514651382436,Sélection automatique par sortie,False
2075,46.42541145319087,449.10359956320485,13.950475778157577,9.91,2.9306882130002214,28.373482097869022,54.39480448324633,17.23171341888464,1.8129456261853585,0.12776093141921413,0.2047695517853088,0.05166921746021338,0.01883471859986298,2.215980045449958,71.62651790213097,Sélection automatique par sortie,False
2076,28.656118891778814,504.95007366231476,12.54,10.074150626926858,1.17,24.376064454589315,57.58895332540718,18.034982220003506,2.3506716385723023,0.16774089736943776,0.30446423638993675,0.07687555690207369,0.027569914099076803,2.927322243332827,75.62393554541069,Sélection automatique par sortie,False
2077,63.36908657301222,494.2245001585571,18.181761429394623,18.97,3.7261055648825074,26.546199172764705,54.45385557119098,18.9999452560443,2.5849568763485635,0.177389344812969,0.29858254378576504,0.08129872499943308,0.02870020173432885,3.17092769168106,73.45380082723528,Sélection automatique par sortie,False
2078,47.60441394574413,484.3841458138642,22.9,10.890740688859111,2.13,26.64989575211436,55.344820873871974,18.005283374013647,2.36330577002646,0.15941674036540712,0.28454620729202906,0.07321912389251035,0.023442794863037998,2.903930636439444,73.35010424788562,Sélection automatique par sortie,False
2079,23.671688627464942,539.4870534670599,12.84108686793822,7.63,1.93,23.394293211691064,58.77225755167677,17.833449236632173,2.6766088870888494,0.18768360893021818,0.3672453562255468,0.09362646392935159,0.03251357330020899,3.357677889474175,76.60570678830895,Sélection automatique par sortie,False
2080,66.9032557008045,515.6856985580814,22.319841434546902,22.739310389972506,0.95,24.45296183368878,55.83370416504888,19.71333400126233,3.121256529582572,0.21623293984705041,0.383909688261977,0.10198400161975514,0.03283317791245015,3.8562163372238047,75.54703816631121,Sélection automatique par sortie,False
2081,22.814406805636626,443.0168687065708,26.884008742568163,9.703835262939604,1.1598571539116262,27.47168094281639,55.93538795544373,16.592931101739875,1.7541225946011691,0.11048454757000764,0.1935064525058946,0.040793041840408675,0.013624606960264239,2.1125312434777443,72.52831905718361,Sélection automatique par sortie,False
2082,25.46370217191688,451.2618089297587,29.5,12.15387566170878,0.9140601623284534,26.729199105113594,56.27839405037348,16.992406844512917,1.904700993587873,0.12299323007277471,0.21526206638282464,0.04610643074352173,0.01458369449582855,2.3036464152828224,73.27080089488639,Sélection automatique par sortie,False
2083,54.247109722668206,534.3960306114917,15.211304138432718,19.11,2.48,23.3388608909155,56.61510360989171,20.046035499192786,3.0685660142188484,0.21020808615353126,0.3667278570934042,0.10217590093359469,0.03248825862906362,3.7801661170284424,76.6611391090845,Sélection automatique par sortie,False
2084,22.270155799437525,417.26702561611245,16.251837940113752,12.23,3.5589441912865083,28.934325844924448,54.31758858558846,16.7480855694871,1.2672280017442348,0.08413349619394486,0.1554588161750211,0.027078595524589695,0.01326062094979844,1.547159530587589,71.06567415507556,Sélection automatique par sortie,False
2085,59.938038841190384,463.33,26.526321394999073,11.243776293830964,2.328711999612983,28.2405441296038,53.755391710286595,18.0040641601096,2.145872044515434,0.1473342269276601,0.2697037118401643,0.06522160987986916,0.026137256117264564,2.654268849280392,71.7594558703962,Sélection automatique par sortie,False
2086,24.06,410.82810337700255,18.385727090159335,24.913077046102494,1.31,26.116855827171918,55.236964163166654,18.646180009661425,1.208700619482745,0.08258191609032017,0.14761775103615885,0.02734028333686213,0.012233664173419485,1.4784742341195058,73.88314417282808,Sélection automatique par sortie,True
2087,61.21,375.1173169368498,11.488210856294517,14.548049782102881,2.5745950555464945,31.083895959835445,51.25331021380999,17.66279382635457,1.0079805561146062,0.0709150263418184,0.12482421931319983,0.01600688158279575,0.012727073909742124,1.2324537572621623,68.91610404016456,Sélection automatique par sortie,False
2088,47.90552193683129,394.92079606753873,27.155676639493134,19.925251920996864,2.08,29.52192459847238,53.02495490084787,17.453120500679745,1.121569405836358,0.0789164553206116,0.13789699846811082,0.024236537758851394,0.014791168996528908,1.3774105663804608,70.4780754015276,Sélection automatique par sortie,False
2089,49.88148236334028,466.6336772832241,15.280793605448524,22.98430860506597,1.06,25.442440860150576,55.10634389372813,19.451215246121293,2.122029129837521,0.14535509663224155,0.2748899545477473,0.061604113774570486,0.02383822375221475,2.6277165185442954,74.55755913984942,Sélection automatique par sortie,False
2090,68.85774329996887,530.2531377231322,17.8,9.391184321549302,2.96,25.613380394399872,55.60457701510875,18.782042590491358,3.2508072395122727,0.2292606089277779,0.3958566958002615,0.11345355805189997,0.035573780962516045,4.024951883254729,74.38661960560012,Sélection automatique par sortie,False
2091,62.067911989410966,490.33100210532757,14.68,22.32809320098906,2.38,25.555469932135193,54.82619426921578,19.618335798649035,2.5408987324819945,0.17223423195321655,0.28644815129956125,0.07787085275052211,0.026856981869650822,3.1043089503549455,74.44453006786482,Sélection automatique par sortie,False
2092,35.59301796378156,494.4344349801758,23.11918958092168,18.298153931948566,3.8019020504363494,25.111693944487197,55.703081357465734,19.185224698047072,2.314972457094163,0.15330977993389433,0.2885143902194601,0.06923506117061552,0.022894628011814997,2.848926316429948,74.8883060555128,Sélection automatique par sortie,False
2093,30.64727535677324,401.9335936204244,15.333542513996802,16.35,1.1046413071827133,28.113898456509908,54.31575364751443,17.570347895975644,1.2032078508522224,0.08355927063104593,0.13398271550693355,0.02567501784411349,0.01282774219301745,1.4592525970273327,71.88610154349007,Sélection automatique par sortie,False
2094,48.12142547595651,401.0576263312122,23.34223275730455,9.670170478398246,2.37,30.626517881221204,52.680334611949164,16.693147506829636,1.2108239380627475,0.08179416574891982,0.13187355739179488,0.025580416650092468,0.01379575040080377,1.4638678282543582,69.3734821187788,Sélection automatique par sortie,False
2095,67.27,364.25364459391096,24.92283627077883,11.093578764880109,0.59,32.667486312817665,50.65417244697463,16.67834124020771,0.8313593721243973,0.06377449901395318,0.13958617663544437,0.01301912365767216,0.013065790692246766,1.0608049621237137,67.33251368718234,Sélection automatique par sortie,False
2096,68.39296146189619,436.54071845732653,16.24188386379125,19.529191230709856,2.68,28.86347098430017,52.66452692500416,18.472002090695657,1.815930442731683,0.12432090498230014,0.21650683330868717,0.04986528851246938,0.02071527698165665,2.2273387465167964,71.13652901569982,Sélection automatique par sortie,False
2097,49.95,493.3070344574629,20.707385344173126,14.6984678311889,2.51452158293255,25.869431042849815,55.41634015966827,18.714228797481912,2.4720420738845497,0.16801972081523436,0.3016364130588408,0.07810730609310197,0.025612064917144385,3.045417578768871,74.13056895715019,Sélection automatique par sortie,False
2098,58.94663620342582,358.3084360529941,11.610467858347429,12.13,2.24,31.747728175097016,51.1412904282348,17.110981396668187,0.8060706342235671,0.05815728398247716,0.0882693437285147,0.008315108869748164,0.010640905136639128,0.9714532759409462,68.25227182490298,Sélection automatique par sortie,False
2099,30.589770078871837,485.17747929523426,17.27,9.120623959027492,1.7934105514935283,26.01765122671392,56.6913115162742,17.291037257011872,2.1728372509693057,0.14743778941202945,0.26445762936139083,0.06678867750333749,0.02330741905370004,2.6748287662997634,73.98234877328608,Sélection automatique par sortie,False
2100,49.43856547759213,381.5696960312697,21.4877613961837,10.912117402255367,2.21,31.201669765303595,52.19566238903427,16.60266784566213,0.9703820838747319,0.06657725380539797,0.1091664065098171,0.016619769517887274,0.01243684960163873,1.175182363309473,68.7983302346964,Sélection automatique par sortie,False
2101,28.066001589804312,510.33604009209387,20.13710001390333,25.949443227620755,3.16,22.26513392079184,57.25060357826472,20.484262500943434,2.3447585084168856,0.15562392411796777,0.29301449445674144,0.07182862410004255,0.02303964183374277,2.8882651929253806,77.73486607920816,Sélection automatique par sortie,False
2102,61.4981147078279,469.1542348717058,25.934673787094642,11.349210183788777,1.5990988603504883,27.803106552820882,54.20589709804239,17.990996349136733,2.2772707224850786,0.15734767556816598,0.2869654005949613,0.07089228766469503,0.02589514174152768,2.818371228054428,72.19689344717912,Sélection automatique par sortie,False
2103,22.2484645090706,512.6236469195808,15.217501971741127,19.02727179943722,1.32,22.2045876206511,57.99423927964385,19.801173099705057,2.3051828447950715,0.158040811951286,0.31473548984954847,0.0733647014783834,0.024805207665271865,2.8761290557395616,77.7954123793489,Sélection automatique par sortie,True
2104,39.58838969254262,412.49583138406007,14.710549890052718,15.487815781949907,1.4605091183914318,28.26419399932926,53.904194060489,17.831611940181745,1.3560086731834367,0.09373362112073806,0.16887425172540105,0.03207917953608523,0.01470774314061502,1.665403468706276,71.73580600067075,Sélection automatique par sortie,False
2105,64.8739087124431,526.7716046619541,12.19,20.927023398117804,1.07,23.587688625228893,56.215605201226964,20.196706173544143,3.2004551251880744,0.22191476749763467,0.39279729470786906,0.10357343400969232,0.033950578054280756,3.9526911994575515,76.41231137477111,Sélection automatique par sortie,False
2106,42.89131529028487,490.85817984384005,15.755388789710521,16.343336484256056,2.14,25.057628782923228,55.800148467393875,19.142222749682904,2.320400705934102,0.15882879104026928,0.2885377918846599,0.07246124245654292,0.024962662399066107,2.8651911937146406,74.94237121707678,Sélection automatique par sortie,False
2107,58.782859921634525,426.23679157377137,18.743500461998227,22.20314949301992,2.6472562549350664,28.576743790962258,52.87287095444061,18.550385254597135,1.5867844133188633,0.10771433996073505,0.18323370900862285,0.0415278316890253,0.018094260195760534,1.937354554173007,71.42325620903775,Sélection automatique par sortie,False
2108,49.90461219308052,401.0720993523778,21.370501142018476,20.60417446406371,3.02,29.603250268550035,52.61081004967979,17.785939681770174,1.1877918839942527,0.08138191288758123,0.14066929656312363,0.026217442328454715,0.014379201630747237,1.4504397374041593,70.39674973144997,Sélection automatique par sortie,False
2109,65.55561773911585,484.3015188869895,25.424281365947312,14.437692123017415,1.6,26.988231924445632,54.675701037857564,18.336067037696793,2.5497671500908834,0.17697299076405976,0.32185615937929246,0.08223563398776922,0.0279832870966125,3.1588152213186174,73.01176807555436,Sélection automatique par sortie,False
2110,32.72,465.6583764348548,30.518461449947715,20.497068587323504,1.1,24.83053870083705,56.54373097593612,18.62573032322682,2.0896460687793055,0.14151297495807674,0.27676071361476795,0.05751638439033239,0.018268442712171172,2.583704584454654,75.16946129916295,Sélection automatique par sortie,False
2111,52.668052660158615,539.475468647771,24.2,19.98131964875042,1.26,22.64697688981676,57.356348043546255,19.996675066636968,3.2883457923998973,0.2244460712462223,0.41587424543900736,0.10968623775235539,0.032205634544473796,4.070557981381956,77.35302311018322,Sélection automatique par sortie,False
2112,36.20421335188894,417.0155003703021,18.35858203202455,14.850163668570957,2.49,28.685124103678845,54.081048626520605,17.23382726980054,1.3560965928381,0.09100134536682505,0.16371175934031698,0.03167528338503652,0.015202597976638053,1.6576875789069165,71.31487589632114,Sélection automatique par sortie,False
2113,32.4,458.59029566989426,22.33187923335115,23.39,2.78912124980258,25.318137078365375,55.51264235658691,19.169220565047723,1.8098301003692332,0.12072739465619842,0.2257974174783465,0.04984037574890373,0.01864748922961798,2.2248427774822996,74.68186292163463,Sélection automatique par sortie,False
2114,55.23015682824354,411.44289185139587,23.48441281858761,24.580636132596652,0.7241438999894096,28.300895602632977,53.110187192605196,18.58891720476182,1.4712161628643852,0.10545763558217855,0.18185331435949442,0.03751543873906978,0.016735365933063014,1.8127779174781908,71.69910439736702,Sélection automatique par sortie,False
2115,59.675424453161845,404.00076242119883,27.81165831075685,13.037224101097497,1.77,30.452960603252716,52.18830840997936,17.358730986767927,1.266105681788256,0.08939874159917455,0.14769031156649517,0.030533403378361742,0.018693061431218808,1.5524211997635065,69.5470393967473,Sélection automatique par sortie,False
2116,66.40350351336014,454.883107341812,16.59810873003153,19.024028577917296,1.86,27.617732253877946,53.57005800948348,18.81220973663859,2.094236564444727,0.1438619867683427,0.2593574538266747,0.06150232506140814,0.02257329925294067,2.581531629354093,72.38226774612207,Sélection automatique par sortie,False
2117,27.27,448.37496980825614,23.719319306342186,26.27423117590372,3.5,25.27326165045717,55.42259219074013,19.304146158802695,1.6272876635450886,0.10917054933634125,0.18323716854393404,0.0422683661961194,0.01741161215650642,1.9793753597779897,74.72673834954283,Sélection automatique par sortie,False
2118,56.9,410.6619650324426,15.38,20.420319433666474,2.35,29.053055695024813,52.52363929248395,18.42330501249124,1.3954540713546575,0.09428642726784822,0.1738478748249556,0.033065751745853626,0.016022000097532112,1.7126761252908473,70.94694430497519,Sélection automatique par sortie,False
2119,63.70212425839986,531.0960715308538,23.055395460998017,23.80908983452096,3.17,23.92873464059299,55.73556705210617,20.33569830730084,3.2151432853503326,0.21894186229105492,0.35822334829281366,0.10608222484334551,0.03503076667599692,3.933421487453544,76.07126535940701,Sélection automatique par sortie,False
2120,22.26622620583205,491.0050420705851,18.170536172240897,21.269444603492854,4.198845016168198,24.171587084855908,56.168399584194006,19.66001333095008,2.0105416796307334,0.13308648632699047,0.2559397220692966,0.058551702235244085,0.02325121132186987,2.4813708015841343,75.82841291514409,Sélection automatique par sortie,False
2121,46.87717938938536,521.020274012047,23.41,7.63,1.14,25.14334076965217,56.836831078383554,18.01982815196426,2.965235224397091,0.20181637593086404,0.3636762879940434,0.09817636030243956,0.028961045774169056,3.6578652943986074,74.85665923034782,Sélection automatique par sortie,False
2122,48.98480120672159,401.6486364267464,20.25710024996918,16.600654739338676,1.13,29.207391655583496,53.148551307394854,17.644057037021653,1.2785032336891278,0.08870173242945602,0.14215525429901155,0.02933658304572994,0.01453441909062872,1.553231222553954,70.79260834441651,Sélection automatique par sortie,False
2123,69.234753593573,439.3528191545496,24.76041457278828,11.373629041546687,2.5853265579757077,29.74470869467514,52.45707831782478,17.798212987500083,1.8049750110278806,0.12766274939803113,0.21505731932162536,0.05329738628641632,0.02569869510978631,2.22669116114374,70.25529130532486,Sélection automatique par sortie,False
2124,61.81274133815012,471.93304838152307,14.789332163927062,16.52,2.828996036512955,27.202083006669163,54.210169906895516,18.587747086435325,2.2617055512643383,0.15659932958642314,0.2674811782338564,0.06851827359424761,0.024430773207935554,2.778735105886801,72.79791699333084,Sélection automatique par sortie,False
2125,65.7383869705531,453.48478304439135,21.52391872162032,6.805781989177907,2.22,29.25983807078729,53.52497607225507,17.215185856957643,2.0269165701826575,0.14314447521352455,0.2575705834998478,0.06233137626695939,0.025131709864081024,2.51509471502707,70.74016192921272,Sélection automatique par sortie,False
2126,60.105968380768836,494.8027636361348,24.04,15.016132626149506,1.91,26.15627521313934,55.18829996929128,18.655424817569383,2.6457494068914746,0.18166792089178907,0.3302961020763749,0.0855003987239153,0.027963675152097155,3.271177503735651,73.84372478686066,Sélection automatique par sortie,False
2127,39.647037423602505,411.0410945788355,24.57,12.425415653407219,1.66,29.249015559942716,53.8771269977887,16.87385744226859,1.3491899313528863,0.08955033519017885,0.16397015707588003,0.029984101452701088,0.014230073481558048,1.6469245985532044,70.7509844400573,Sélection automatique par sortie,False
2128,39.76583536454183,486.2044676792494,27.338062879605562,20.224489814120513,1.6232906379402443,24.506952530692658,56.35173978524737,19.141307684059964,2.357879185026337,0.1584655862797011,0.3005951350026076,0.07063049469126095,0.020396727448718326,2.907967128448625,75.49304746930733,Sélection automatique par sortie,False
2129,52.151568340751446,516.0402646477551,21.32998249769761,18.96798818098666,1.13,23.894966859727102,56.647143007921464,19.457890132351444,2.8955355364692825,0.19891368035656654,0.37053706582457857,0.09422018357492376,0.02862972170993204,3.5878361879352827,76.10503314027291,Sélection automatique par sortie,False
2130,55.794419899618134,356.50946023787066,20.609856356327747,11.73,1.93,32.14291814024693,51.10243765641379,16.75464420333929,0.6645478504739273,0.0472542853284495,0.08862030029145032,0.005634299202012971,0.010677614025858158,0.8167343493216982,67.85708185975308,Sélection automatique par sortie,False
2131,48.30215419448418,497.1106497569453,28.13,11.586843206044728,2.725665973497913,26.29231562645536,55.223398198227834,18.484286175316793,2.5904630683550676,0.17191872319559104,0.3093228568586342,0.08036636072206223,0.025632458210634333,3.1777034673419893,73.70768437354462,Sélection automatique par sortie,False
2132,36.97278456385947,480.5306334895016,29.936970785241844,9.442213953645732,4.020224839704685,27.4948578890959,54.47292062946681,18.03222148143729,2.268187691640298,0.14403629819977554,0.26362952514271604,0.06252153585220223,0.022393204540974036,2.760768255375966,72.5051421109041,Sélection automatique par sortie,False
2133,64.79306133050324,473.74109267230267,27.532052148175815,12.467776615103668,2.3408475355795013,27.90448280472415,53.86493005281597,18.230587142459868,2.342974559980958,0.16215888149819846,0.30172719904172074,0.07393653463322178,0.028409122378772547,2.909206297532871,72.09551719527585,Sélection automatique par sortie,False
2134,66.26131779580695,520.5316768793772,17.33,24.470507207847145,2.47958315663956,24.204448775700893,55.50002681655812,20.295524407740974,3.063597148059827,0.20724504637694716,0.3273649605511986,0.09863429960186902,0.0323281959263307,3.729169650516173,75.79555122429909,Sélection automatique par sortie,False
2135,48.482245742680455,380.53098686111565,19.38,19.669779505296514,2.08,29.98730857677658,52.30640240948412,17.706289013739298,0.9649597108290062,0.0657841728662472,0.1302023732862486,0.017522043411361057,0.012392431310137123,1.190860731703,70.01269142322342,Sélection automatique par sortie,False
2136,57.133456859922745,454.7367888421558,12.01,22.235532100077275,1.81,26.543748606941097,53.98659033866241,19.469661054396497,2.0111133006530792,0.1360126056318184,0.24821022664361972,0.055724090950639064,0.022453306583037687,2.4735135304621942,73.4562513930589,Sélection automatique par sortie,False
2137,49.085789688674176,418.84070363203404,21.422243923604075,25.276550382107057,2.23,27.789482106814887,53.527386240892255,18.683131652292854,1.431981029214306,0.09759868250592756,0.16385660290752674,0.03627914664065976,0.016543054889487766,1.746258516157908,72.21051789318511,Sélection automatique par sortie,False
2138,33.02,365.6696920384354,25.05,12.01,2.0087354346998225,31.073548057832937,52.86458650185602,16.061865440311045,0.7910445281486211,0.0504566579552851,0.0852872419597471,0.0061810192380964,0.009692021009318966,0.9426614683110688,68.92645194216706,Sélection automatique par sortie,False
2139,63.58959692139388,457.3109659184695,19.43,22.95815710645736,3.4395753221892242,27.781012093050126,53.3172378917877,18.901750015162186,2.043079577070407,0.13913590511169094,0.24055897296536358,0.059047872073229986,0.02355971102711351,2.505382038247805,72.21898790694988,Sélection automatique par sortie,False
2140,68.43303962587339,362.5204315568982,20.88879063954624,14.52022768270574,2.76,32.495612600319745,50.12261520890486,17.381772190775386,0.7007951669730985,0.05169026214604361,0.1004129004630441,0.008859513302706797,0.013502204052483084,0.875260046937376,67.50438739968024,Sélection automatique par sortie,False
2141,61.504550750719666,531.2253688829736,12.648077310723348,23.39586604478273,2.34,23.29908803649003,56.204738477406394,20.496173486103586,3.127462457929385,0.2124054411115614,0.34480065182126823,0.10074649177748007,0.032689471778403284,3.8181045144180983,76.70091196350998,Sélection automatique par sortie,False
2142,21.696335455124803,505.1045531507429,19.102474928892445,13.44,2.67,24.328835413813923,57.32178380291261,18.349380783273464,2.285091186729619,0.15014178473583314,0.30923613268994404,0.07039196866283431,0.024153337332554564,2.839014410150785,75.67116458618608,Sélection automatique par sortie,False
2143,70.57201074619145,503.3125105682154,22.620127811777458,18.506384912688993,1.6,25.785226048770394,55.004829963101606,19.20994398812801,2.907264930337478,0.20141837826611766,0.3563891435028033,0.0958920578611345,0.031488776916329765,3.5924532868838637,74.21477395122962,Sélection automatique par sortie,False
2144,27.080332058192102,395.0691513078271,20.576258389161584,10.642015356912673,0.9952013836445349,29.478488964288164,54.64244194292952,15.879069092782315,1.1649764896099781,0.07799622449554042,0.10702027616186985,0.02110859777854345,0.010967123763395294,1.382068711809327,70.52151103571184,Sélection automatique par sortie,False
2145,23.775258113131272,393.6149990742226,22.72196529486465,14.898969778073536,2.89,29.331222310237134,53.911456760113914,16.757320929648955,1.0632418738493148,0.06769395039790987,0.12723613446295456,0.01703328649838736,0.010680627044351132,1.2858858722529176,70.66877768976286,Sélection automatique par sortie,False
2146,42.644533464324354,463.3696323018992,27.01045209447239,17.424697364410736,3.4,26.95668375545774,54.52305533596937,18.520260908572904,2.007492843219707,0.13408211287333338,0.2643536632415651,0.05638007323467615,0.022585781012243195,2.484894473581525,73.04331624454227,Sélection automatique par sortie,False
2147,52.92,482.3154336002955,22.25304503746789,22.007588322346123,2.22,25.48154381067674,55.17216975227485,19.34628643704841,2.3488985166858702,0.15953426603746979,0.28210244843571725,0.07212913323706024,0.023952996059272154,2.8866173604553897,74.51845618932326,Sélection automatique par sortie,False
2148,23.651498138592103,520.506613136676,11.338718513832259,22.752247369877402,0.8409764213334093,21.16548981202939,58.660319382450304,20.174190805520304,2.352767508352918,0.1678878891235721,0.34750944180084703,0.07490947809600983,0.027139864673891238,2.970214182047238,78.83451018797061,Sélection automatique par sortie,False
2149,61.30898379356123,441.8493014475409,20.00473776324544,14.21915828483945,1.77,28.596146973330416,53.61478054707459,17.789072479595003,1.8533059954302347,0.12889140216126307,0.22637390158265075,0.05358423368834586,0.021385857966050716,2.283541390828545,71.4038530266696,Sélection automatique par sortie,False
2150,38.79432432666316,491.86041391997725,29.553831885939964,19.51,1.13,24.181074111942568,56.82978563532645,18.98914025273099,2.4932145274052577,0.16852544405275818,0.3238252159666212,0.07456067782915071,0.02020548924305142,3.080331354496839,75.81892588805744,Sélection automatique par sortie,False
2151,56.79,474.87555673174916,21.36,10.72,1.295161113232784,27.192253516330663,54.896022134158564,17.91172434951078,2.334992170157429,0.16212394942738678,0.2961165640520756,0.07314681463227801,0.023889228918876456,2.890268727188046,72.80774648366935,Sélection automatique par sortie,False
2152,63.33701272564049,492.5751847574643,13.96,13.03,1.7019799693625532,26.12523126299764,55.20123858362635,18.67353015337601,2.627779406328325,0.18543475937830178,0.32954103249837474,0.08505725498631539,0.027348739213135097,3.2551611924044526,73.87476873700236,Sélection automatique par sortie,False
2153,25.200703479570304,409.8212353793465,24.161863367684482,18.680057655059215,3.4949553733099004,28.275282332502922,54.10770406224487,17.61701360525221,1.2190397490503595,0.07941503985336383,0.14816113244007922,0.023892388469664065,0.012277236747403008,1.4827855465608697,71.72471766749709,Sélection automatique par sortie,False
2154,32.2336836142101,485.8547417255354,17.2,24.783981306496766,2.85,23.83424680035363,56.257410988638384,19.90834221100798,2.0693979453948317,0.13810241719956737,0.24552515653861456,0.06118359363408185,0.021980057777288762,2.536189170544384,76.16575319964636,Sélection automatique par sortie,False
2155,46.33172628909409,482.45097283158185,14.687211258399763,12.75743745810998,3.3,26.68385189777329,55.16312281370412,18.153025288522596,2.224590698217014,0.1544750741066519,0.27234092776598323,0.0687228620075155,0.024956328728259248,2.745085890825424,73.31614810222672,Sélection automatique par sortie,False
2156,43.3655825894758,431.8037635755032,15.84,16.347134647945165,0.7928312467219596,27.442936150095274,54.37595172063549,18.181112129269227,1.6613119965518586,0.1174567708078301,0.19937687524518677,0.043611046372512036,0.017438319832997883,2.039195008810385,72.55706384990472,Sélection automatique par sortie,False
2157,32.96,469.8644256002882,19.51,12.788853754275612,2.65,26.581287738309598,55.66125740752988,17.757454854160517,1.983807964006543,0.13203056160033866,0.2504096550264667,0.057287834675348245,0.020386474140422182,2.4439224894491187,73.4187122616904,Sélection automatique par sortie,False
2158,41.65408642715399,408.9651833375059,29.22,20.407706161193303,2.79,28.689862308659563,53.519214942296145,17.790922749044295,1.2816614151302592,0.08869131760692456,0.15847892322873297,0.028783686915860977,0.015805566567533832,1.5734209094493117,71.31013769134044,Sélection automatique par sortie,False
2159,71.23,380.67075824707456,20.496568279619197,23.501633528814555,1.9081048584596736,30.929658416784118,50.803666717048706,18.266674866167193,1.0246013487574106,0.07099624425835316,0.14106103306298112,0.02162140964755433,0.014551555400717762,1.2728315911270172,69.0703415832159,Sélection automatique par sortie,False
2160,66.9177063955547,549.4056556477493,24.80987663803319,14.353933395017531,2.38,24.155057904133354,56.52043177940441,19.324510316462234,3.6207916883629183,0.2488624297121303,0.45393991480842855,0.12614119595135717,0.03881251742470219,4.4885477462595365,75.84494209586664,Sélection automatique par sortie,False
2161,55.61103184777372,473.4718570277405,17.026959686338913,10.995685200673947,2.44,27.386226049819577,54.70522495129714,17.908548998883283,2.23743297446505,0.15603117437685135,0.26924183787223954,0.06967432672732685,0.023676047205758544,2.7560563606472264,72.61377395018042,Sélection automatique par sortie,False
2162,25.477161327500482,373.0817446290283,21.90880962861986,13.417734527837212,1.1497862028708465,29.907146060698995,54.1383213878957,15.954532551405329,0.908285961407276,0.059871986586441994,0.09375572495013768,0.011071715629762231,0.00897682905186186,1.0819622176254797,70.09285393930102,Sélection automatique par sortie,False
2163,47.931003027588275,379.7011837040925,28.55905708004448,8.267141560050122,4.05,32.53403466581485,50.99986706592014,16.466098268264997,0.868079814339356,0.057635677093847884,0.1099121900719143,0.009376964863684306,0.012206137244456641,1.0572107836132592,67.46596533418514,Sélection automatique par sortie,False
2164,36.02961036501835,360.1177173837099,26.47,21.953476837799922,3.151143385069838,30.419216466465336,52.441492361743116,17.139291171791534,0.6587353190443201,0.04746607643282397,0.0716832129034922,0.005383019412458889,0.009667025099730464,0.7929346528928257,69.58078353353466,Sélection automatique par sortie,True
2165,22.417809203864202,376.5967769916863,22.903997101737524,23.401137368283575,2.3160379557478508,28.199593849223394,54.140967117392556,17.659439033384064,0.8514222734990013,0.05772398471310067,0.08889102606330915,0.012378743469157523,0.009262668490168298,1.0196786962347368,71.80040615077662,Sélection automatique par sortie,True
2166,54.11045227531631,497.32124056593364,16.19641895985032,9.574290455735246,1.14,25.89158944627724,55.86173955009557,18.246671003627192,2.627765896941261,0.18616096534846555,0.32498799525557936,0.08631196051140017,0.02729922011331582,3.252526038170022,74.10841055372276,Sélection automatique par sortie,False
2167,61.39432833968976,402.50012849378277,22.061760684570743,9.847079344270806,2.654452545026363,31.13352872002841,51.93844670566146,16.928024574310136,1.241940257470708,0.08777101720882953,0.13665712860944984,0.029192851509087753,0.017210139558634145,1.5127713943567092,68.86647127997159,Sélection automatique par sortie,False
2168,60.41546099259857,432.0696190166354,18.565156185828577,15.75,2.13,28.882684785200507,53.231159507136226,17.886155707663274,1.6972591260846475,0.11747978895366568,0.20004190153158724,0.04679096094518276,0.019066613684222026,2.080638391199305,71.1173152147995,Sélection automatique par sortie,False
2169,44.97162505120016,428.73325561821173,29.904240696802862,15.62631207887887,0.97,28.24160220693827,54.47256879243247,17.285829000629253,1.6541777136580338,0.11405004917095732,0.1958729632186747,0.041906059354308536,0.01708853152671467,2.023095316928689,71.75839779306172,Sélection automatique par sortie,False
2170,58.59764997101861,433.79487682403254,19.05,10.196751693339069,1.7,29.181185627755617,53.54441120883408,17.27440316341031,1.7280813308722172,0.12119576250986883,0.20297742293639282,0.04864754168314447,0.01918519261766935,2.1200872506192923,70.81881437224439,Sélection automatique par sortie,False
2171,59.42,383.4261764999749,18.52,17.89302792611915,1.46,30.389513953214657,51.842450170557065,17.76803587622829,1.065292385424787,0.07380178284666751,0.13961967733659747,0.021620918118229533,0.013879923732655779,1.3142146874589373,69.61048604678535,Sélection automatique par sortie,False
2172,34.15209115139551,517.870004284641,19.64445549515065,15.206913795772302,2.2020923701804356,23.62995641747932,57.00873021351765,19.36131336900303,2.6159272280140957,0.17513858575063412,0.34451659000537466,0.08431083018278676,0.026192072163101817,3.2460853061159933,76.37004358252068,Sélection automatique par sortie,False
2173,64.68617268305259,381.5769436837299,13.732292685299356,13.23,3.1,31.47850922997823,51.07409614514623,17.44739462487554,1.0472677286869878,0.0746177141706949,0.12689052297476205,0.01888067071190029,0.013569781129936077,1.2812264176742811,68.52149077002177,Sélection automatique par sortie,False
2174,57.09043002038449,447.7448497392839,22.90186081812795,14.954805412928824,3.56,28.776722324682563,53.07013321497,18.153144460347434,1.8505237608177303,0.12741867158558862,0.22606002387953505,0.05255749563171048,0.02253921814793721,2.279099170062502,71.22327767531743,Sélection automatique par sortie,False
2175,61.33934319394342,490.3381090798973,17.59121089828277,14.591344575921598,3.4,26.924759677651185,54.59678588091514,18.478454441433673,2.512140741423771,0.1741600222479162,0.29364691318750774,0.07987970186276616,0.0276469786670223,3.087474357388983,73.07524032234882,Sélection automatique par sortie,False
2176,56.367362022016266,392.34602498425187,17.73,11.041804267708141,1.7,30.62106849832638,52.3452400190129,17.033691482660732,1.1650095491255854,0.08210676322375055,0.13090565898586884,0.025199411483060423,0.014166946533385802,1.417388329351651,69.37893150167363,Sélection automatique par sortie,False
2177,57.08332012921409,526.2646108540463,20.51,18.26,1.86,23.897085717411482,56.37708850035414,19.725825782234377,3.0697939758191284,0.20980641151612078,0.3863854903855359,0.10222980525892487,0.03186453401901563,3.8000802169987256,76.10291428258851,Sélection automatique par sortie,False
2178,69.14947219817655,362.10264725889044,12.63,11.75,2.539463750664581,32.1552887433369,50.520107704058766,17.32460355260434,0.8392514708261287,0.06118852988394853,0.09762392725294783,0.010315284352517787,0.012393652246160292,1.0207728645617031,67.8447112566631,Sélection automatique par sortie,False
2179,53.22177112423074,380.02926883036173,29.932558306894414,17.29,3.197186473205552,31.12736820608804,51.30576539359476,17.56686640031719,0.8729691533137245,0.06405613244296163,0.11208908701818457,0.014702382221713994,0.015373344400933232,1.0791900993975179,68.87263179391195,Sélection automatique par sortie,False
2180,34.89962435539093,433.69578044128644,24.317137453309243,20.89,2.32,26.841834854001032,54.77955526472451,18.378609881274457,1.5623077662683857,0.10464832026316108,0.18564363216653962,0.039666637338663366,0.016400159553989768,1.9086665155907396,73.15816514599896,Sélection automatique par sortie,False
2181,23.854746218021027,505.22806125075977,24.263157970799224,15.604512834854878,1.76,23.565081395045304,57.566476609556325,18.868441995398367,2.424992588424771,0.157507354967922,0.31922891754515714,0.072823551854304,0.020405570920086522,2.994957983712241,76.43491860495469,Sélection automatique par sortie,False
2182,51.20885978576015,421.61997193397394,18.941187079481864,17.56773614029734,2.58,28.855125328811283,53.22791917862173,17.916955492566984,1.4823380461325433,0.10112556870104958,0.18032578748224712,0.037571097102571976,0.016753713527930873,1.8181142129463428,71.14487467118872,Sélection automatique par sortie,False
2183,51.557526654856815,512.5754436072232,22.270134449687802,24.200031675647345,3.43,24.10956822403528,55.719534427021294,20.170897348943438,2.7374450678083693,0.18481549493469113,0.30332382434451616,0.08670131808632686,0.028871519884148267,3.3411572250580512,75.89043177596473,Sélection automatique par sortie,False
2184,63.23674127686705,446.59135877337314,27.457030341522174,19.541325289589732,3.9353963945491786,29.00588783570598,52.781041086247214,18.21307107804682,1.8596870863178303,0.13092722290434558,0.22750727790964895,0.05380176071558772,0.027076735180245746,2.2990000830276585,70.99411216429404,Sélection automatique par sortie,False
2185,56.487173228581504,534.4938040535299,22.295701729800523,14.832826755548389,2.996098045279298,24.4719621913889,56.282743409298114,19.24529439931298,3.1777399840747083,0.21651037825631558,0.3938122429749031,0.10726196603053274,0.0343375516482831,3.9296621229847424,75.52803780861109,Sélection automatique par sortie,False
2186,48.3889454950973,417.00035050358974,12.746030478205563,9.086146744214659,3.07,29.91362041296058,53.361565954559154,16.72481363248027,1.4322891662140254,0.10285307026845342,0.15811888169155075,0.035153135494788254,0.01543713160842708,1.7438513852772446,70.08637958703943,Sélection automatique par sortie,False
2187,30.70574093254722,449.9163856508738,25.822313255800076,14.976197531352879,2.24,26.89204844817291,55.37922771274754,17.72872383907956,1.7889571493183958,0.11596466760940355,0.21881613610906117,0.046232609514041484,0.016937252385728935,2.1869078149366303,73.1079515518271,Sélection automatique par sortie,False
2188,28.471641482454903,449.98499870232496,13.872033526696136,22.9,1.8198814269982353,25.117249944974855,55.71886041800583,19.16388963701931,1.6217047021227673,0.10981670978416358,0.19448006219332226,0.0437969015717852,0.017763611562212032,1.9875619872342503,74.88275005502514,Sélection automatique par sortie,False
2189,52.50183958171284,532.3698794827599,15.551126674516437,22.816392170678093,0.78,22.564564578026022,57.32244463788951,20.11299078408446,3.1092863220815667,0.21633228460508092,0.39026301727008095,0.10084619810815382,0.03319446883138994,3.8499222908962722,77.43543542197398,Sélection automatique par sortie,False
2190,26.241308891036272,457.9592422976553,29.642235693009397,20.665368033263977,1.47,24.80496357582052,56.53678840873295,18.65824801544654,1.9140838517525116,0.12696286995506165,0.25311616609488075,0.05024068300641931,0.017070897182197134,2.361474467991071,75.19503642417949,Sélection automatique par sortie,False
2191,51.74134280989979,396.7898866320934,23.612299559303086,15.02,1.3655027882431725,29.959963737638994,52.84501873122709,17.19501753113391,1.19638923635195,0.08316709493519253,0.13386596314432414,0.026549611367025848,0.014075861213138712,1.4540477670116312,70.040036262361,Sélection automatique par sortie,False
2192,61.739253819085064,394.3282511425606,24.416383765022537,13.186344975680711,2.6823339003709123,31.175707088354912,51.49932524509749,17.32496766654758,1.1117632930299914,0.07905235842390303,0.13089632296449366,0.024542002106341096,0.01695439494633672,1.363208371471066,68.82429291164507,Sélection automatique par sortie,False
2193,43.509271354390336,505.1467815833131,23.32618381156737,15.59,2.14,24.705308497005532,56.1917408506497,19.10295065234477,2.6103358029488284,0.17493005457261768,0.3253234214151691,0.0826459733403666,0.024891834707413008,3.2181270869843948,75.29469150299447,Sélection automatique par sortie,False
2194,32.69622788394856,516.1593921764996,15.802883337209805,17.907508912671997,1.6185078079776847,22.888127047058706,57.34286671785452,19.769006235086785,2.5147703900820444,0.17166120733412943,0.3334133843191447,0.08129002640008155,0.02664212187640312,3.127777130011803,77.1118729529413,Sélection automatique par sortie,False
2195,58.60985436298407,394.8756146662058,21.01,27.02337827989683,1.6309051690803322,29.035739041476383,52.19248598755341,18.771774970970196,1.1907751836966538,0.08175325254712287,0.1453363933883552,0.027667299416934098,0.014959611373091463,1.4604917404221573,70.96426095852361,Sélection automatique par sortie,False
2196,53.209293224807176,463.3636299936996,22.04,18.062682419603416,2.93,27.23156140268953,54.229025638303405,18.539412959007088,2.060758228379405,0.1403658164287246,0.2690070793420247,0.06079085083598566,0.023355871531730868,2.554277846517871,72.76843859731049,Sélection automatique par sortie,False
2197,59.98375313181242,520.2060525576716,27.25269102203306,8.209890910086171,2.25,26.045851001417947,55.57534586342749,18.37880313515455,3.075345627468022,0.20881714924512465,0.38446811955867605,0.10344936302780845,0.031873318537207096,3.803953577836838,73.95414899858204,Sélection automatique par sortie,False
2198,30.965716948643575,471.70835048237154,15.13,25.55751294230155,0.6735637236522519,23.623484504193193,56.764662741047026,19.611852754759784,1.9653047745807104,0.13921937688134464,0.268755810064628,0.05579757612494034,0.02133206287994804,2.450409600531571,76.37651549580681,Sélection automatique par sortie,False
2199,30.781501029373924,366.9793488720844,20.03988903797448,8.830899792178137,1.93,31.293488315005458,53.10057246236878,15.60593922262575,0.8285732795732881,0.053428012737337174,0.08117004910239509,0.00771811326230569,0.009308106332404274,0.9801975610077304,68.70651168499452,Sélection automatique par sortie,False
2200,49.53601414436118,401.0451738254119,17.8,17.24,3.327805760214052,30.025241283759318,52.43655398190012,17.53820473434057,1.1947922545661331,0.0816101552809195,0.14713057017815837,0.025495533350636944,0.013954606186566928,1.462983119562415,69.97475871624069,Sélection automatique par sortie,False
2201,58.367904189895874,385.1830007502615,15.15786514270309,18.94800685548226,2.52,30.41331809029785,51.61609713598488,17.970584773717274,1.0748931412324627,0.07288463192598035,0.1383910867073812,0.020384769260320464,0.013518806452347026,1.3200724355784919,69.58668190970215,Sélection automatique par sortie,False
2202,30.243430100148206,474.53187220269587,20.14784364769829,13.314360427551582,4.00483547468165,26.752856843383746,55.21447369862849,18.03266945798777,1.9892534468438747,0.13127702908450808,0.25605139271376237,0.05642784414547785,0.02169299163590191,2.454702704423525,73.24714315661626,Sélection automatique par sortie,False
2203,44.954320288951045,473.3,25.59,9.02339248802714,1.4476746743030242,27.16773160069335,55.269078728615575,17.563189670691084,2.2426982473060564,0.14969111450010514,0.2725199850664308,0.06647384996913684,0.021895819624885994,2.753279016466615,72.83226839930666,Sélection automatique par sortie,False
2204,49.70528776433742,472.0283783242031,16.13437658073171,26.35449709214547,2.72,25.41628650761346,54.90142871707673,19.682284775309807,2.106755987900595,0.14049342498250855,0.24330385031805593,0.0608197998205459,0.023182113006508444,2.5745551760282135,74.58371349238654,Sélection automatique par sortie,False
2205,35.99760624702773,436.2876427985505,30.666481907090045,23.41,2.67,26.44900115205559,54.889461812342205,18.6615370356022,1.6359839840956019,0.11233060474850949,0.19198917429482523,0.04181448993248702,0.01909400807528915,2.001212261146713,73.55099884794441,Sélection automatique par sortie,False
2206,58.70292742296075,530.7791442288643,13.548219497099279,24.054701408541355,1.5,22.846779538193136,56.68890335760022,20.46431710420664,3.1111341278016087,0.21171773228888036,0.37321112182261706,0.10040542835790016,0.032269078205800134,3.828737488476806,77.15322046180685,Sélection automatique par sortie,False
2207,26.161122120816792,542.9187322957539,21.78,20.032027382358216,3.296433014840876,21.59803186268834,57.930746998322334,20.47122113898933,2.81202882359219,0.18475920922015332,0.3585565789248059,0.09076594736759556,0.027194011428872022,3.4733045705336174,78.40196813731166,Sélection automatique par sortie,False
2208,22.445494130531618,480.0621790548848,21.0,25.382968904404503,1.73,22.841811584814295,57.39102198155409,19.767166433631605,1.9664434744799213,0.13149246961166383,0.2557570681960956,0.056874185736860934,0.017322012453675293,2.427889210478217,77.15818841518569,Sélection automatique par sortie,True
2209,60.344139781905604,363.8474190233121,14.911184217087508,24.51529306146452,3.07,31.193796654477758,50.56249262639428,18.243710719127968,0.8075580746075848,0.051825417464857665,0.10077209729636441,0.009371277489498966,0.010330431559565737,0.9798572984178715,68.80620334552225,Sélection automatique par sortie,False
2210,63.20430761977853,422.3893249021878,16.978208291709056,25.653744283661517,2.64,28.61155968454788,52.3486793020242,19.03976101342793,1.5771005884014546,0.10492493081460857,0.1730685337863097,0.03980944953277984,0.018373178209962607,1.9132766807451154,71.38844031545213,Sélection automatique par sortie,False
2211,32.62583953647431,437.39759365416114,19.54814891147346,18.43,3.25,27.298014814485118,54.37651520953624,18.32546997597865,1.5434953520361854,0.10265623801876925,0.1843209974635711,0.038993991334274045,0.016953999448926164,1.8864205783017258,72.70198518551489,Sélection automatique par sortie,False
2212,23.409727653514704,448.6660862835277,17.880140642901285,15.603162527639928,2.81,26.685371708122467,55.574718562221975,17.739909729655544,1.616001384802004,0.10676870050573588,0.19873923420006373,0.04226521971450865,0.016877513061466433,1.9806520522837787,73.31462829187751,Sélection automatique par sortie,False
2213,26.783705704401367,437.8938315268879,20.43,17.59,2.93,27.029306562630037,54.991755545064564,17.978937892305396,1.5304307916768634,0.1005322435446156,0.18619965949971173,0.03798195162299993,0.015972226232735445,1.8711168725769263,72.97069343736996,Sélection automatique par sortie,False
2214,58.59,406.12288695805705,14.07,18.1167072688827,1.7100325407861219,29.206982403746824,52.46576884719328,18.327248749059898,1.3853241664580445,0.09485546185544111,0.16959324409560134,0.03241736214838173,0.015751189294544554,1.6979414238520132,70.79301759625318,Sélection automatique par sortie,False
2215,45.81869285307141,420.6210239915821,25.02138274435015,17.547032311575066,3.08,28.894488759987407,53.18885755580396,17.91665368420863,1.4327392107281116,0.09730129752112424,0.17979920162529806,0.034852694208322536,0.016825138927008425,1.7615175430098649,71.10551124001259,Sélection automatique par sortie,False
2216,31.25602063213557,414.8661436962263,19.75303844308167,7.701784779613136,2.97,29.863429792063858,53.75011636056401,16.386453847372128,1.3354853802173374,0.08729130517943048,0.149483934730531,0.02858579355188863,0.013078158192467593,1.613924571871655,70.13657020793613,Sélection automatique par sortie,False
2217,64.66558994864893,388.1226851157027,14.972156593557195,24.440669152795323,3.790371854951386,30.807406024671682,50.77185416632777,18.420739809000544,1.1131395342302994,0.07300391288324203,0.12920211500368264,0.020278742318347073,0.01326309242709666,1.3488873968626678,69.19259397532832,Sélection automatique par sortie,False
2218,51.65834280412196,489.78233153414686,27.370646660477345,9.91,2.353121848563162,26.90033720353399,54.986432599654094,18.113230196811916,2.5104862027874315,0.16797165684047338,0.30174414480662126,0.07817880554001158,0.025531406461318164,3.0839122164358557,73.099662796466,Sélection automatique par sortie,False
2219,69.67523944687238,362.1371458227025,21.433473044654406,14.99192344643681,3.561066125301902,32.91324902149754,49.700925724589254,17.385825253913197,0.6643286484363298,0.0499735933906713,0.1025645172980246,0.007405556014021833,0.013925610819634704,0.8381979259586823,67.08675097850245,Sélection automatique par sortie,False
2220,40.1773115161256,516.8323429731602,15.144441724742427,17.372143297537473,2.2437880072061054,23.554097823083488,56.710790526395705,19.735111650520814,2.6092549867076285,0.1783952837241996,0.330090560224667,0.08491880689138251,0.027984153805620107,3.230643791353498,76.44590217691652,Sélection automatique par sortie,False
2221,22.330109813887166,405.6756097414587,13.43,15.316042786263429,0.8900032795056797,27.66464991588419,55.1419673227494,17.1933827613664,1.207566260806146,0.08659837796904948,0.12607235433774688,0.02585006239324599,0.011842927218783118,1.4579299827249717,72.3353500841158,Sélection automatique par sortie,False
2222,27.189479700925215,459.1352215412461,27.292599720545212,12.296218337222669,1.41,26.523691115638552,56.1744528732804,17.301856011081043,1.9518110483181774,0.12502294426716176,0.2414440552931593,0.050610050621038995,0.01657561193136637,2.385463710430904,73.47630888436144,Sélection automatique par sortie,False
2223,60.84562300170458,426.2331207651327,15.483847011544436,17.61,1.6742462464174632,28.58789114758511,53.01228868330257,18.399820169112314,1.6568153736016709,0.11412644710824568,0.1949637001055584,0.04394429836781501,0.018233696527388096,2.0280835157106782,71.41210885241489,Sélection automatique par sortie,False
2224,48.68795813854876,548.6658156631174,22.195071433782093,18.294294454121754,1.82,22.283342835416406,57.52316055480011,20.193496609783487,3.3125207917589665,0.2241609529242276,0.4233349699917501,0.11194770079066721,0.03284470430744716,4.1048091197730585,77.7166571645836,Sélection automatique par sortie,False
2225,67.75717357689301,391.37324596713614,24.136962542006167,13.772536283935565,2.2889095218019104,31.356346313634265,51.22159952354172,17.42205416282401,1.0884445024301383,0.07881532449842099,0.1346142378037406,0.024876258645216455,0.01804222619696489,1.3447925495744815,68.64365368636572,Sélection automatique par sortie,False
2226,48.74587836175519,369.3239260241244,14.36631558811417,16.644856797508854,2.21,30.600099918972877,51.79734812018216,17.602551960844963,0.8723687406188836,0.05958192363151142,0.11515981813581586,0.012256302126170487,0.010967362910147318,1.0703341474225285,69.39990008102711,Sélection automatique par sortie,False
2227,21.039570095897602,433.54641950576666,12.601574455981643,21.344614360466352,2.51,25.971483281861218,55.33298933120991,18.695527386928855,1.3572894758356981,0.0921890526678452,0.1631779378525967,0.03350944038951045,0.015407102824013186,1.661573009569664,74.02851671813876,Sélection automatique par sortie,True
2228,23.380250691273126,444.03253562101855,18.36,11.73,1.512441220705596,27.116011240890494,56.11440922593128,16.76957953317821,1.6359706808478607,0.108984828938394,0.1929587710978506,0.04251463862113195,0.015614916154524431,1.9960438356597616,72.88398875910949,Sélection automatique par sortie,False
2229,37.35291758556628,505.34177042725327,11.469514539923455,13.77,3.17,24.851921590072962,56.30934411640559,18.83873429352145,2.3759010742719475,0.16676790935385796,0.2953122310844735,0.07644634154768445,0.02826903123222102,2.9426965874901847,75.14807840992704,Sélection automatique par sortie,False
2230,25.450727736358896,407.823648806926,21.254537178800067,10.58323126871989,1.99,29.16161923003471,54.517966498147025,16.32041427181828,1.2607767795307083,0.0807813563168794,0.13873349430994208,0.024942086536736616,0.012094361056126376,1.5173280777503928,70.83838076996531,Sélection automatique par sortie,False
2231,50.05807586231406,530.3427847932417,21.633535802865214,12.0533383601097,2.08,24.32118696942233,56.69079467311385,18.988018357463822,3.055981701575196,0.20771366581950187,0.381183321511248,0.1029955066069628,0.031697772478975234,3.779571967991884,75.67881303057767,Sélection automatique par sortie,False
2232,22.483328266081923,512.497156007428,13.94,15.595677072200171,1.3,22.85530115073088,58.01724097914979,19.12745787011932,2.3152663893069336,0.1607339801614856,0.3167422197814044,0.07477682545985824,0.02615282454454109,2.893672239254223,77.1446988492691,Sélection automatique par sortie,False
2233,35.982435836250716,451.54406624005,18.41316216032861,9.926150529519445,1.77,27.60201758878825,55.332035538468396,17.065946872743368,1.8144480793431983,0.12286632641772961,0.20105426845894533,0.05072841023509239,0.018459689997525335,2.207556774452491,72.39798241121176,Sélection automatique par sortie,False
2234,64.74802749743506,395.5970265371198,14.33,12.107908300711607,3.339916732229147,31.1891804022276,51.48066368002782,17.33015591774458,1.2152807161069612,0.08710356358622544,0.1385111364070452,0.026074308281227414,0.014893040102311877,1.4818627644837712,68.8108195977724,Sélection automatique par sortie,False
2235,27.314877364787286,487.3641983012721,29.264859961925172,12.8,2.38,25.43910349285537,56.41132914679582,18.149567360348815,2.3181393143804883,0.1460778140777482,0.2832617348613696,0.06441022702912368,0.019138127879421596,2.8310272182281513,74.56089650714463,Sélection automatique par sortie,False
2236,66.8865935895415,380.854518652639,28.49345371359371,10.467227754069226,2.15,32.24812432951127,50.93322821103912,16.818647459449604,0.8847450248895976,0.06574964883223186,0.11750264660555607,0.01713233823293457,0.01844527247548803,1.103574931035808,67.75187567048873,Sélection automatique par sortie,False
2237,57.54958719357444,495.30632347926314,29.815891749668907,22.827246966998597,2.68,25.21689138472968,55.147205823529724,19.63590279174058,2.6388267119407915,0.18195904758140968,0.3134966286719133,0.0836814455398667,0.02891047358895143,3.246874307322933,74.78310861527031,Sélection automatique par sortie,False
2238,61.89340398191476,494.31342505590277,21.66426436676803,15.8536819704562,3.43,26.7872115236785,54.6245278562728,18.588260620048704,2.5921376331983024,0.17836911422777935,0.3127976342390215,0.08296244024942453,0.028719156840193674,3.1949859787547217,73.2127884763215,Sélection automatique par sortie,False
2239,29.201410707869858,435.79185871249234,24.57,10.862827631934765,2.0014453824862777,28.072845188945394,54.96266189432279,16.964492916731817,1.6220264362589183,0.10363376301440855,0.19216780838228853,0.03880496251973238,0.015075472924174011,1.9717084430995218,71.9271548110546,Sélection automatique par sortie,False
2240,42.20432291627048,399.3193765754355,14.979049375527161,21.911338644329987,3.931382934756499,29.34039676954461,52.52464849464886,18.134954735806534,1.1251900078148198,0.07541051135550376,0.1320880842108779,0.021870845651856666,0.013475527149486528,1.3680349761825445,70.65960323045539,Sélection automatique par sortie,False
2241,51.811409595383694,507.6674116236496,19.636939545631996,15.019236991030917,1.6,24.83223911930088,56.08524666612899,19.082514214570118,2.7290777151510355,0.18722383521957686,0.34406266703346416,0.08901447306109618,0.02766144519351475,3.3770401356586874,75.1677608806991,Sélection automatique par sortie,False
2242,53.27952369365486,496.17772344266825,12.63,11.48,1.16,25.41746398845682,55.82695240414092,18.75558360740225,2.581113201737881,0.18483224921443714,0.3217880936230756,0.08384976042585324,0.027877314489776126,3.199460619491023,74.58253601154317,Sélection automatique par sortie,False
2243,47.37590838033742,438.8046295609427,28.57,24.40924466860726,0.95,26.52225944905693,54.88904311910195,18.588697431841105,1.7859972437495961,0.1273105734712291,0.21506707775090658,0.04963114664868764,0.019600905376407813,2.197606946996827,73.47774055094305,Sélection automatique par sortie,False
2244,52.816201779069395,401.09602145550974,20.86,11.737749522522149,3.1875919020740557,30.787686582575727,52.120733117860794,17.091580299563475,1.200446381382509,0.08302780411981175,0.1357026940416733,0.026044143543158267,0.014091096033406294,1.4593121191205585,69.21231341742427,Sélection automatique par sortie,False
2245,54.5212918300005,435.1895941215234,21.248478636751873,24.7135123969029,3.27,27.965760376649524,53.28125161789671,18.752988005453766,1.6560670982252153,0.11280377009638064,0.1847980270295256,0.04439898726285829,0.019608160917134538,2.017676043531114,72.03423962335047,Sélection automatique par sortie,False
2246,64.33664027643505,520.5470829246646,12.96910249261299,16.95,3.89,25.377372347117817,55.30017491482787,19.322452738054317,2.9815430821880993,0.20755468969177265,0.34036115125583644,0.0972768118570857,0.032767788504207494,3.6595035234970013,74.62262765288219,Sélection automatique par sortie,False
2247,68.79841088494739,539.1495581634601,18.54443489609527,22.36,1.47,23.346524640123196,56.35237846406441,20.301096895812403,3.4616864037648942,0.23709412182788495,0.4278970316213485,0.11574632344850798,0.03567515071310018,4.278099031375736,76.65347535987681,Sélection automatique par sortie,False
2248,40.9397232753373,449.77983359524904,27.75,11.662102103288673,2.23,27.908110136604357,54.4338512886832,17.658038574712435,1.8666667421021328,0.12206945769661058,0.21850679990134922,0.049643976322071334,0.019212190212576828,2.2760991662347405,72.09188986339564,Sélection automatique par sortie,False
2249,68.44203408843066,526.3234322509693,24.14872035984432,23.420644508904402,1.31909428891368,23.933854212320192,56.01546491841018,20.050680869269627,3.295304890349919,0.22712641548073037,0.40448073286145014,0.10967521360434959,0.03528513882065902,4.071872391117108,76.0661457876798,Sélection automatique par sortie,False
2250,59.62667206599913,418.6369184019721,26.77,14.140698454557198,2.89,30.04485341204284,52.15631020119187,17.798836386765284,1.44668325200327,0.10125001756969908,0.17591190753482952,0.037338911402341565,0.020702911900005505,1.7818870004101455,69.95514658795716,Sélection automatique par sortie,False
2251,61.3996504776417,362.544474061884,20.51851437455889,13.868667607543804,2.1,31.926857379161625,50.771717059019764,17.301425561818608,0.733422576103457,0.052598169696580085,0.09908234993456941,0.009319621750630558,0.011939195815895443,0.9063619133011325,68.07314262083837,Sélection automatique par sortie,False
2252,53.28,505.3075404835938,15.421765135079687,16.379029115194243,1.41,24.64477039310191,56.03862052016537,19.31660908673271,2.689433185459333,0.18664140815751035,0.34193816820178935,0.08711834112612683,0.02868956245987615,3.333820665404635,75.35522960689808,Sélection automatique par sortie,False
2253,48.864628027651214,372.0751605387512,26.728002471721506,11.343521480261154,2.003616291090979,31.59394558202276,51.90912058795935,16.496933830017895,0.8273422366692815,0.056550326932348696,0.10695199547623238,0.010572826393083323,0.01138420479147097,1.0128015902624168,68.40605441797724,Sélection automatique par sortie,False
2254,57.1020958028942,427.2091781526575,14.91,8.798800728881993,2.1944179882796284,29.546123944567917,53.51087654948043,16.94299950595165,1.6280219697761424,0.11631394105064431,0.17220664059018542,0.04426581969368908,0.017884968174300978,1.9786933392849624,70.45387605543208,Sélection automatique par sortie,False
2255,46.007004915555285,382.8537348134632,23.8159823734288,15.68628447032873,2.793161524613753,30.63943235524124,52.14407461324002,17.216493031518745,0.953245115690788,0.06519398909845067,0.12156698927301524,0.01608480712286775,0.012229084084914894,1.1683199852700368,69.36056764475876,Sélection automatique par sortie,False
2256,68.37206473698822,485.35228418280064,11.678343401872345,13.590265461453933,2.92,26.985593401908304,54.46626299217189,18.548143605919808,2.545611753031152,0.18056834594211274,0.29407192683861294,0.07994861027424913,0.027047360042353252,3.1272479961284807,73.0144065980917,Sélection automatique par sortie,False
2257,60.506190358429976,463.4414520408654,27.1027333674618,16.612841134181398,3.2297410980405608,28.058790846910654,53.63451087179543,18.30669828129391,2.1244790068818733,0.14681694043350607,0.26110997760198884,0.06399322359114573,0.027186376043631506,2.6235855245521456,71.94120915308935,Sélection automatique par sortie,False
2258,70.77346729193209,467.8345890459398,15.47614208006312,24.29079342626023,1.0771301522707164,26.58179862851194,53.64933890265664,19.768862468831422,2.4006586657477493,0.16265184198573862,0.2886104723334814,0.0704533696561973,0.0266790214474106,2.9490533711705775,73.41820137148807,Sélection automatique par sortie,False
2259,22.75606753129804,386.7208661707389,16.42,17.095097372121103,2.690335969374396,29.139698154626373,54.126808369891876,16.733493475481755,0.9552806211059126,0.06328242763411451,0.11433501499886342,0.015418008569295032,0.010863421437923229,1.1591794937461086,70.86030184537363,Sélection automatique par sortie,False
2260,63.383456503117394,497.92307901544706,17.82,20.973456827155633,1.4672657864430245,25.20181488465675,55.32806053009108,19.47012458525216,2.722459264221536,0.18657760131703505,0.33904179896407904,0.08654774594527624,0.02820300400821337,3.3628294144561393,74.79818511534324,Sélection automatique par sortie,False
2261,26.99806102605526,423.1636421969013,17.97,23.71,0.64,25.853123049262944,55.531423914533065,18.615453036203984,1.418532298996362,0.10211364876355972,0.16396522322205379,0.033993091011892435,0.013116272779245422,1.7317205347731133,74.14687695073705,Sélection automatique par sortie,False
2262,70.7468707187662,479.55997152029335,20.398979140530432,15.58,2.24,27.419063505362736,54.187673954374375,18.393262540262896,2.4853582445765703,0.17308232975983578,0.3063246707447229,0.07948945677029692,0.02738737299341724,3.071642074844843,72.58093649463727,Sélection automatique par sortie,False
2263,26.97778663997831,472.6024961324862,20.25013490622614,11.94,3.65,26.791300639730707,55.470733683775336,17.737965676493967,1.9555291070388643,0.1279043364292065,0.2526852252100468,0.05483656430591401,0.02035160974685136,2.4113068427308826,73.2086993602693,Sélection automatique par sortie,False
2264,40.00713081179446,517.4208572167798,28.67034303071654,16.652727544800136,2.76,24.048457463227198,56.55199267547349,19.39954986129931,2.8117796381635487,0.1850439066027056,0.35218023775808643,0.08784594950308815,0.02580334258832944,3.4626530746157584,75.9515425367728,Sélection automatique par sortie,False
2265,30.097710305152628,450.6045656094895,28.586149034206823,19.053111453419422,3.1080205266942786,26.389221693455454,55.13819632960358,18.472581976940983,1.7837583423760315,0.11672095759172424,0.21433683840040044,0.045355451923628026,0.01765023805586501,2.1778218283476494,73.61077830654456,Sélection automatique par sortie,False
2266,42.89976072485558,366.9474602059525,25.225661183240412,15.169318346088613,1.1,30.67643664615092,52.586096790681815,16.73746656316725,0.8231140710641836,0.05753244720653196,0.09159633596079533,0.010478444572883508,0.010882784067711126,0.9936040828721054,69.32356335384907,Sélection automatique par sortie,False
2267,29.96362614175913,355.94189701462517,16.611856193747215,18.200478638862542,2.09,30.20672240128324,52.867015559292646,16.926262039424117,0.6810479060931256,0.04543704822764856,0.082834491993796,0.005105961408231725,0.008982921573855883,0.8234083292966577,69.79327759871677,Sélection automatique par sortie,True
2268,68.99185758561872,439.8049696870312,18.77,21.816590422333153,2.69,28.636314922066706,52.64781920891043,18.715865869022867,1.8549296019747321,0.12676389505403862,0.215430679304043,0.05206575722985811,0.02199985025854966,2.2711897838212214,71.3636850779333,Sélection automatique par sortie,False
2269,23.20942817960515,394.6791110041841,16.043082536638163,19.05,0.72,27.5083955264502,54.65762421707712,17.833980256472667,1.1055276286731233,0.07959270395572252,0.12086889898336353,0.021388426146816082,0.010369792617809142,1.3377474503768345,72.49160447354978,Sélection automatique par sortie,False
2270,27.1861026378283,416.9369388406748,16.449410990663903,27.48064745447609,3.958856740035401,26.918146918588324,54.19372162896858,18.88813145244309,1.192084142136883,0.07936310677122393,0.13726069575191327,0.025980030613591346,0.014078173146267163,1.4487661484198788,73.08185308141168,Sélection automatique par sortie,False
2271,47.63580867559789,495.391712573869,16.031155037995486,25.73450874519786,1.5042894380457639,23.736334308982016,56.23374016683076,20.029925524187213,2.438590930125635,0.1645781404399686,0.28693836367472014,0.07455057290964648,0.024980904398709737,2.9896389115486803,76.26366569101798,Sélection automatique par sortie,False
2272,23.3988206792742,428.97196679841625,17.99013398782754,7.859973817812726,2.9926088967065643,28.95638293196279,54.620472709586544,16.423144358450653,1.4505979893191225,0.09478487846457734,0.1608578729505895,0.0337084822463571,0.013952887373522732,1.753902110354169,71.0436170680372,Sélection automatique par sortie,False
2273,33.93377085649042,411.78673155862424,20.081404386410785,9.62169500274081,3.18,29.885798592018993,53.459051600074226,16.655149807906778,1.294629075099596,0.08521492691869187,0.15071616028592683,0.027331281243601596,0.013450150297801774,1.571341593845618,70.114201407981,Sélection automatique par sortie,False
2274,35.044763641886156,545.3541010941631,24.716477846434774,14.845580211096646,2.0,22.361202600471945,57.87722571687013,19.761571682657916,3.11818837635228,0.20556379183691223,0.4062773402132711,0.10262492741102307,0.02846118353891899,3.861115619352405,77.63879739952804,Sélection automatique par sortie,False
2275,52.61,436.27733528017706,28.06840923446312,23.10864203046711,3.1,27.894805791400454,53.52705441209775,18.5781397965018,1.67706725086036,0.11743787705373127,0.20030800148143912,0.046095871273615724,0.023221100265587585,2.064130100934734,72.10519420859956,Sélection automatique par sortie,False
2276,48.5,376.73198393241347,13.73,10.65,2.09,30.975855928310505,52.405399132181095,16.6187449395084,0.9752268190437103,0.06936073674044808,0.10933913693794339,0.016174936400461,0.011911937203213818,1.1820135663257765,69.02414407168949,Sélection automatique par sortie,False
2277,26.09661223318277,486.1529128869167,26.833928079189043,22.720553810810912,2.03,23.291032033623747,57.158632765412634,19.550335200963627,2.194054822242971,0.1449426840313371,0.2744980178289963,0.0631543868192045,0.016787750385297735,2.693437661307807,76.70896796637626,Sélection automatique par sortie,False
2278,37.04984659775805,548.6748037789251,23.48,16.633824340815313,3.502803951730386,22.675904521712948,57.402622506957634,19.921472971329433,3.1147973631195542,0.20608845007072985,0.3858698477104356,0.10276579852744384,0.031226247110994407,3.840747706539158,77.32409547828706,Sélection automatique par sortie,False
2279,57.459532840581495,540.4351206172773,28.166417231282086,8.79227556182625,2.38,24.95755948670015,56.27393429710999,18.768506216189866,3.3948413449314465,0.22847505991765632,0.4414388497153535,0.11578644790974331,0.034514223167208855,4.215055925641408,75.04244051329985,Sélection automatique par sortie,False
2280,55.73618780501245,541.0865166263081,17.237070602992365,13.78,3.55,24.339591879179544,56.38216781435759,19.278240306462866,3.1988883624158215,0.22088616841006273,0.4095533432236119,0.10940596366220953,0.035372614659438806,3.9741064523711445,75.66040812082045,Sélection automatique par sortie,False
2281,49.65253976492736,461.45521374511924,28.25441734508629,23.82,2.47,26.106696137823846,54.768533204832096,19.124770657344058,2.04633771003554,0.1411557541451868,0.2563151747199378,0.06002389276379675,0.023946084301198288,2.52777861596566,73.89330386217615,Sélection automatique par sortie,False
2282,65.17739509746443,499.25490361569246,27.773254130917103,8.456531204710975,2.72,27.396713584996586,54.397366429526016,18.205919985477394,2.7552609336501703,0.18923721063830914,0.34042835521846365,0.09096382230324229,0.029755753474436986,3.4056460752846225,72.60328641500341,Sélection automatique par sortie,False
2283,30.54585374597834,440.48442674774594,20.962155153496376,15.149552936203142,1.04,26.807575636015514,55.613470872262475,17.57895349172203,1.6737552342451196,0.11351365793422584,0.19048516181781328,0.04339823849403754,0.015900268673343567,2.03705256116454,73.1924243639845,Sélection automatique par sortie,False
2284,64.53156307505351,433.6147407848436,20.96468902041906,25.6813326751154,2.8841891129459203,28.403326363126567,52.66125355399338,18.935420082880047,1.7180528293365018,0.11726151760523378,0.18273644011717705,0.04705205358875612,0.02134950808205058,2.0864523487297193,71.59667363687343,Sélection automatique par sortie,False
2285,24.198711571260233,494.1575455439518,25.7,14.683439779942484,3.7074249991781993,25.171717872915956,56.242455971299734,18.585826155784304,2.2702806444086425,0.14463008603811323,0.29546637635807327,0.06445931162852116,0.02036682397373669,2.795203242407087,74.82828212708404,Sélection automatique par sortie,False
2286,31.510151079233413,494.4588965320796,18.759031879589962,18.98191230989039,3.27,24.464994319478627,56.08611760735242,19.448888073168963,2.2130023296863515,0.14748987426110466,0.2755278159001148,0.06696845109353868,0.023534018483758922,2.7265224894248687,75.53500568052138,Sélection automatique par sortie,False
2287,58.942393739561666,511.0486894447629,27.959015076509115,25.37623796611458,2.7708842765824646,24.200905856839494,55.57398466760451,20.225109475556,2.8850716101253715,0.19813558658256708,0.3279073227241426,0.09312753850775826,0.031223812135225765,3.5354658700750656,75.79909414316052,Sélection automatique par sortie,False
2288,28.087381146649445,535.7192703833947,15.730573906181801,19.260127952160452,1.86,21.546412952691487,58.13260223014102,20.3209848171675,2.6646365075285705,0.18072787249904035,0.36368740832064894,0.0882120267156847,0.02854236268124233,3.3258061777451866,78.45358704730852,Sélection automatique par sortie,False
2289,33.29,357.53274504402464,19.53731139574111,10.72,3.14,31.911159965672404,52.06963772325113,16.019202311076477,0.6852025485265651,0.04464590174632661,0.07363572208994967,0.002468791444242356,0.008895589255840546,0.8148485530629244,68.0888400343276,Sélection automatique par sortie,True
2290,54.46821300574372,427.9811477050996,13.73,16.553348251131034,2.61,28.627675357940994,53.222544874467054,18.14977976759197,1.6055754600950816,0.1108142962535236,0.18702212149222536,0.04151371780254534,0.017698553689912015,1.9626241493332879,71.37232464205903,Sélection automatique par sortie,False
2291,46.629075981234195,481.3117780287308,27.147489020112438,11.761921625966274,1.91,26.599233100471068,55.244850129518404,18.155916770010528,2.356309419426623,0.15690569946455676,0.28280665861355836,0.07106012300331788,0.023623587369131095,2.890705487877187,73.40076689952893,Sélection automatique par sortie,False
2292,52.29,386.76598486274526,20.624492652180113,23.146803477730938,3.98,30.525455241130473,51.668334357061696,17.806210401807807,0.9891751772075614,0.06830725538820952,0.11990892781772777,0.018315494148957577,0.012786424128872877,1.2084932786913292,69.4745447588695,Sélection automatique par sortie,False
2293,51.44760316297154,488.81928998962013,13.916914531582583,14.501430735722314,0.95,25.45347162488982,55.77961590454311,18.766912470567068,2.470374140552168,0.17510567986571934,0.3080769523004955,0.07778018067070391,0.027409897147920435,3.0587468505370072,74.54652837511017,Sélection automatique par sortie,False
2294,28.016136841935083,479.02652348665043,15.866550207062245,20.886051636598825,2.92,24.509984043905458,56.0029750962207,19.487040859873844,1.941566242253233,0.13016860709786113,0.24382471965819083,0.05673002944454419,0.022188192886243338,2.3944777913400723,75.49001595609454,Sélection automatique par sortie,False
2295,22.315000539241293,450.7587708448532,19.68,6.910724900604934,1.4592824227527383,27.59141283166295,56.0534795314185,16.355107636918536,1.7548865108366856,0.11485502230439082,0.18573749821486094,0.045898277021800014,0.01562855482692735,2.117005863204665,72.40858716833704,Sélection automatique par sortie,False
2296,40.035941072153996,362.6337697623569,23.033778199774286,22.357675632981696,1.8089240816308343,29.843313427567434,52.59148335054953,17.565203221883042,0.7315515993269905,0.0514340495504048,0.09680139897490206,0.0093232263672565,0.010230959508464825,0.8993412337280187,70.15668657243258,Sélection automatique par sortie,False
2297,30.99605604524272,479.2729202237421,21.76724201398223,21.84090010076794,3.29,24.71475706246953,55.85291165497665,19.432331282553832,2.0428187916236267,0.1354087108445342,0.25465075763317563,0.058873600509670256,0.02006876543838915,2.511820626049396,75.28524293753048,Sélection automatique par sortie,False
2298,55.33,363.8146473562417,13.94,11.17851606231746,1.665029525942054,31.466214701837938,51.68007526598174,16.853710032180313,0.8511021915941142,0.061034679722069066,0.10353154845417506,0.011362035976487758,0.011304450896199626,1.0383349066430456,68.53378529816206,Sélection automatique par sortie,False
2299,52.14603201757125,362.8775069185229,24.14,24.46794106702578,2.753425826003862,30.802163090351083,51.50039453606029,17.697442373588636,0.6942377761788421,0.05098456120323658,0.08791771931699272,0.009587707320904831,0.010776355376460761,0.853504119396437,69.19783690964893,Sélection automatique par sortie,False
2300,35.192557761523304,458.0314357368426,28.189652698756554,26.894358721356696,2.05,24.532293740294527,56.0186498378219,19.449056421883583,1.899673622367736,0.13046513011143127,0.2326705143042186,0.05330407581784641,0.018889551191010382,2.3350028937922427,75.46770625970548,Sélection automatique par sortie,False
2301,48.501845385188126,426.1534909261707,14.91,12.305108409969627,2.24,28.914133661365604,53.83856090289285,17.247305435741534,1.553597682567369,0.10834822689375104,0.17515944338766343,0.04047583077694657,0.016667789600635686,1.8942489732263657,71.08586633863439,Sélection automatique par sortie,False
2302,44.22937062613397,435.24156664588014,19.425629574405114,17.058973042691775,2.41,27.849285567870947,54.025674321909015,18.12504011022004,1.6224121288484576,0.10974291405088091,0.2036884268387508,0.04297229203704822,0.018151020700910736,1.9969667824760484,72.15071443212906,Sélection automatique par sortie,False
2303,45.721886467059335,466.4803189705109,19.279220216885005,14.705853756716804,3.4330166667033812,27.289642670413624,54.42424621299104,18.286111116595325,2.0210712890938027,0.13716618917135276,0.2616637798022953,0.05905052183280277,0.021762788210843893,2.5007145681110976,72.71035732958636,Sélection automatique par sortie,False
2304,63.75306783499626,461.0949989472313,13.32240227674463,26.019179568343016,3.16,26.97242304549582,53.325489582999246,19.702087371504934,2.1228284074497186,0.14051364217013437,0.2455147012695912,0.05839835357939869,0.02419967237636803,2.591454776845211,73.02757695450418,Sélection automatique par sortie,False
2305,70.80534776194618,447.96042128508174,14.87,20.3750532931082,1.77,27.92043982811696,53.02405044792134,19.0555097239617,2.052983192164588,0.13999734577659886,0.24367984875154228,0.058340591659582254,0.022132016176400728,2.517132994528712,72.07956017188303,Sélection automatique par sortie,False
2306,47.86248627848952,368.9589640948703,27.578819760043277,7.090275501620921,1.8529953475911425,32.264966521542924,51.83737395210276,15.897659526354312,0.7926476793057893,0.05216224688871948,0.09221139583605709,0.0072939468143178865,0.010820616918092997,0.9551358857629767,67.73503347845707,Sélection automatique par sortie,False
2307,57.504984886440134,521.1835647322702,28.813834431044487,15.085034878268768,2.38,25.015779041648674,55.952611515676644,19.031609442674693,3.0705455362285914,0.20804224875994437,0.3761027680613285,0.10135548352267663,0.032252013370020274,3.788298049942561,74.98422095835133,Sélection automatique par sortie,False
2308,24.0286804089771,454.55469368346195,22.00104926182903,14.74,1.3509595172032989,26.039992777437767,56.37377457716292,17.58623264539931,1.7902028310417837,0.11797773320449514,0.22975465309863197,0.04745450141749023,0.01659092675320139,2.201980645515602,73.96000722256223,Sélection automatique par sortie,False
2309,59.465871761482965,357.56283657940133,28.83092376231038,15.160842515708133,1.84,32.11385055364757,50.76307086878683,17.123078577565586,0.5895124724319007,0.04576248477006094,0.08434097973833013,0.005509441591090548,0.013376259121187322,0.7385016376525697,67.88614944635242,Sélection automatique par sortie,True
2310,50.36055696380167,373.69646830670206,19.38,8.1,3.613572572766277,32.41437389702941,51.371708955565154,16.21391714740545,0.8476850304932022,0.05944251154996416,0.1034660061261036,0.010746805970012437,0.011435118057548327,1.0327754721968307,67.58562610297061,Sélection automatique par sortie,False
2311,48.98,457.2502270147493,28.87584288865543,24.41,2.0,25.987710731696826,54.93901339662598,19.07327587167719,2.000077533262458,0.13885847338346782,0.2503003791691441,0.05839113753910798,0.023567502061859168,2.471195025416037,74.01228926830316,Sélection automatique par sortie,False
2312,27.19,457.6294726555566,18.05372957334187,14.42,2.071025912514021,26.314773996058793,55.90352871633128,17.781697287609916,1.7784231333730995,0.11863184317838377,0.23598349401567587,0.049255817927957045,0.018147810519436213,2.2004420990145523,73.6852260039412,Sélection automatique par sortie,False
2313,53.8679433521506,464.7967460290323,21.0,18.92882875844013,3.41,27.305526583835256,54.07962944278773,18.614843973377013,2.0683144797271225,0.14093143399178923,0.26097022669117825,0.0607983730054926,0.023261100989202397,2.554275614404785,72.69447341616474,Sélection automatique par sortie,False
2314,64.44755549569449,405.88135360195105,16.443371381770678,18.65175840254553,3.77,30.667214613532735,51.66230198231153,17.670483404155725,1.3250221586405289,0.09127985214331494,0.1628808951304932,0.030175902961528688,0.015657353096912983,1.6250161619727788,69.33278538646726,Sélection automatique par sortie,False
2315,40.65585779871812,495.9726380160483,28.785971420878646,24.099634993732263,2.080950895907961,23.56072196532781,56.61294464432079,19.82633339035141,2.493348591667966,0.16857151932555092,0.3017993144001788,0.07603414540488457,0.022006646137232834,3.061760216935813,76.4392780346722,Sélection automatique par sortie,False
2316,22.054497212127227,503.4919132644471,27.08274888086706,18.73,0.9916560677213535,22.64001368440016,58.22205820442881,19.137928111171036,2.4566102911778924,0.1629880415855682,0.32212043944711133,0.0717463860165855,0.01767576294486098,3.0311409211720184,77.35998631559985,Sélection automatique par sortie,True
2317,42.61966230762814,463.25034173692256,23.762068895317515,14.015477858192355,3.9453376285909405,27.66328706255239,54.05387312020037,18.282839817247236,1.9750596272263774,0.13176111047304712,0.2620471125494301,0.05543964715167997,0.021447213533867814,2.4457547109344024,72.3367129374476,Sélection automatique par sortie,False
2318,31.0468108761452,479.02,21.764539041491894,15.70720232051665,2.32,25.37143702323131,56.075426218625495,18.5531367581432,2.1021153456914723,0.13862335566913508,0.2793614801742947,0.06132600793811254,0.020010820454187436,2.601437009927202,74.62856297676869,Sélection automatique par sortie,False
2319,48.592155966978034,407.0870795926268,14.69543250394598,15.892550998534482,2.45,29.25774103636319,52.88557228863912,17.856686674997686,1.3065127440586393,0.08983788136846976,0.15737396886096447,0.02983227843173586,0.01457743588561134,1.598134308605421,70.7422589636368,Sélection automatique par sortie,False
2320,49.37016985061193,497.24209277887775,16.157819748266412,25.686880450601244,1.47,23.758604713395723,56.189277728126015,20.052117558478272,2.492799614790308,0.16835759594069602,0.2899627207881332,0.07655138940511208,0.025513418874733768,3.0531847397989833,76.24139528660429,Sélection automatique par sortie,False
2321,31.51770140593346,498.02347227397365,21.83,19.547933119314703,1.9,23.62178675394617,56.91550937068077,19.46270387537305,2.34185560130168,0.1558156440431727,0.2993648798021038,0.07148373041874952,0.021282274568380218,2.889802130134086,76.37821324605383,Sélection automatique par sortie,False
2322,46.838891448085064,386.7967940038919,14.667588630240846,11.630763853938914,3.565802714659693,31.13465163370505,52.156990556930175,16.708357809364774,1.0352943970777226,0.07278078033785036,0.12846398782366789,0.018176617085102348,0.012277101434538123,1.2669928837588815,68.86534836629495,Sélection automatique par sortie,False
2323,63.91340555327983,479.201632819623,15.586898376646994,27.0863859275833,1.71,25.476562889251966,54.402546046866696,20.120891063881356,2.4309172904648317,0.16216946599455906,0.28986995083509187,0.07187245142585201,0.02630557132669343,2.981134730047028,74.52343711074805,Sélection automatique par sortie,False
2324,71.23,391.29335840147814,12.30315757749789,24.640333625888918,3.45,30.734994634226837,50.49715154985072,18.767853815922443,1.2429781525814114,0.07963011800603603,0.13560668274126758,0.02268463799434,0.013878512235474283,1.4947781035585292,69.26500536577316,Sélection automatique par sortie,False
2325,39.59910701528623,363.1953802262087,18.32718573759023,17.39,1.49,30.216945533909147,52.49200917984492,17.29104528624593,0.7831822470977003,0.053339154017256335,0.09740535237300885,0.009490431228354912,0.010302561838749611,0.95371974655507,69.78305446609085,Sélection automatique par sortie,False
2326,65.60427921542046,479.02,19.265252244711853,10.65,3.2,27.917054374797974,53.85839634580976,18.22454927939226,2.3928279426506047,0.16793492497591253,0.29114293019344833,0.07641764354028477,0.026616687682267562,2.954940129042518,72.08294562520202,Sélection automatique par sortie,False
2327,24.445347005838276,369.1597275145989,16.908087448767134,14.668210059708436,1.7,29.924386846644577,53.94537676425561,16.130236389099803,0.8323612456648111,0.05546922829172177,0.09512083692180459,0.009968021685063708,0.009517127348616677,1.002436459912018,70.07561315335542,Sélection automatique par sortie,False
2328,59.291184753996696,386.22234912961574,21.646843622650394,23.293759617206128,2.45,30.220942119187704,51.70327193771765,18.075785943094637,1.0360282115482273,0.07211985783415273,0.12874211825505386,0.021777081941053815,0.013966220970758994,1.2726334905492467,69.77905788081229,Sélection automatique par sortie,False
2329,38.980646094681596,391.1983228823547,20.593719864772556,10.229283510878993,3.421191384953977,30.958214390464946,52.47487866182362,16.56690694771145,1.0540767013571855,0.07011848737512118,0.11740502906048039,0.01784803024548038,0.012039021378074798,1.2714872694163424,69.04178560953507,Sélection automatique par sortie,False
2330,50.18098012814897,434.145215675569,23.400828305588544,24.6360619609243,2.0,27.181864820430135,54.08710977565458,18.731025403915282,1.6547067468358954,0.11361867961049708,0.18571588774509917,0.04514388028282053,0.018567770126996785,2.017752964601309,72.81813517956986,Sélection automatique par sortie,False
2331,58.90318218192664,450.1716362013552,21.205571101981317,19.60597393374749,0.6974908797983087,27.41811806427332,54.02996904128495,18.55191289444174,2.054606620344591,0.1449564779037911,0.2442930645545647,0.059341575798799,0.023670999851858433,2.5268687384536044,72.5818819357267,Sélection automatique par sortie,False
2332,57.7184699490991,459.1864376690173,26.215168868515175,13.555717084609007,2.2365535364177753,28.00762999953316,53.903320210667566,18.089049789799276,2.071564985230526,0.1420502581407761,0.2641288229341707,0.06187609178914837,0.025513565514505777,2.5651337236091267,71.99237000046685,Sélection automatique par sortie,False
2333,49.93590640695046,433.41624805403063,30.128722527105204,18.25101330860203,1.574340097649527,28.0008019785831,54.14352438434333,17.855673637073565,1.6906888033058276,0.11722205031986402,0.19530871569173097,0.045583002224766564,0.02126049728422172,2.070063068826411,71.9991980214169,Sélection automatique par sortie,False
2334,64.07444159114597,448.9032461266096,20.486649952373604,14.129989474984066,3.3,29.00719601536817,52.985027992133055,18.007775992498765,1.92044765781226,0.13387842857011786,0.2231550611460641,0.056148874983078995,0.02402338821528445,2.3576534107268055,70.99280398463182,Sélection automatique par sortie,False
2335,48.14,432.0326811179882,13.600731006594525,21.86445079508099,3.030676997187406,27.733809048911052,53.46398215287436,18.802208798214583,1.5810433032906264,0.10633208304122314,0.17989089436247513,0.03980110201829047,0.01756802860676304,1.924635411319378,72.26619095108894,Sélection automatique par sortie,False
2336,47.29138494637842,474.5774924284955,24.02247023105468,11.071853289407056,1.98,27.02522225828286,55.075669578429185,17.89910816328795,2.2339075573603475,0.15018599727633888,0.27326236833693357,0.06736792219843436,0.022933744069534724,2.747657589241589,72.97477774171713,Sélection automatique par sortie,False
2337,55.590901546589535,490.34,19.94,26.39,1.57,24.50182185904883,55.60962488963497,19.888553251316175,2.5025540255215684,0.16949405688219527,0.29142845166449516,0.07711325729698307,0.024569484620102406,3.0651592759853443,75.49817814095115,Sélection automatique par sortie,False
2338,38.98380298561433,433.24757963642037,17.61,10.39190238889518,0.7586042486711105,28.200568176395844,54.92670740673455,16.87272441686962,1.673954113318358,0.11870076900800734,0.18985137433697244,0.04385351494329273,0.016709441774006024,2.0430692133806363,71.79943182360417,Sélection automatique par sortie,False
2339,21.444917189553575,486.9295173527569,16.42,13.534811455993543,2.02,24.814587775171006,57.10113791017355,18.084274314655453,2.0407951396676096,0.13706126552368092,0.2720741408127791,0.06161208740195292,0.022703023638326346,2.534245657044349,75.18541222482901,Sélection automatique par sortie,True
2340,24.53889533843571,524.1822204419616,13.51,14.5,2.68,23.180911760635208,57.71117069559074,19.10791754377405,2.4388966734601634,0.1673248209269097,0.31969447264509626,0.08065092991752351,0.029618779647499916,3.0361856765971926,76.81908823936479,Sélection automatique par sortie,False
2341,40.210594925663784,534.9033414501666,21.226125695399844,13.048488811090298,1.46,23.197419306446868,57.437546724079546,19.365033969473586,3.005087922249256,0.2032060788672384,0.3856569276593014,0.10028529038635331,0.028523576371144947,3.722759795533294,76.80258069355313,Sélection automatique par sortie,False
2342,56.039685794397656,430.59800806245374,27.23,20.150137730786543,0.9199961935477682,28.12068349327665,53.79295523471819,18.08636127200516,1.7160312072263781,0.12205184395422192,0.20748215570995368,0.04748910931167456,0.020792448956758157,2.1138467651589865,71.87931650672336,Sélection automatique par sortie,False
2343,38.307044031545004,426.27617137094694,14.163828434170926,18.234630868685027,3.8208645052289465,28.306564890128783,53.51499698456668,18.178438125304528,1.4217167208670713,0.0967683260205463,0.16667606361916476,0.034030213207402016,0.01599790512175334,1.7351892288359376,71.6934351098712,Sélection automatique par sortie,False
2344,40.28359880526126,433.93859696964,25.54791186386607,13.16,2.19,28.317291195556155,54.174112921999985,17.508595882443867,1.6305258255330184,0.10771319272563681,0.1918861083708116,0.04119205084398094,0.016860860838192798,1.9881780383116405,71.68270880444385,Sélection automatique par sortie,False
2345,24.505157582757914,402.6471439336568,12.87,19.76856064666699,2.88,27.987284462486784,54.13091999021867,17.88179554729455,1.089003796639866,0.07379988977165498,0.12497362637360282,0.0216226807755562,0.01265414297754197,1.322054136538222,72.01271553751323,Sélection automatique par sortie,False
2346,54.42038257510419,452.7315656972658,22.7990469028806,21.906699849377652,1.4,26.75913025338349,54.50260454043579,18.738265206180728,1.976636772646327,0.13601602149387573,0.24953301100750802,0.0575710046705464,0.02140695844757659,2.4411637682658336,73.24086974661651,Sélection automatique par sortie,False
2347,41.30841214495433,440.67402675645087,27.70809685403392,24.41,0.6768888785934671,26.030535044141864,55.42950747560181,18.539957480256323,1.8054628503637316,0.1300578594132543,0.22558826779296262,0.04874216014507088,0.0172697557011338,2.2271208934161533,73.96946495585813,Sélection automatique par sortie,False
2348,44.801933639026764,466.3273273845553,13.664667196200815,13.457452533292436,2.2651347561331727,26.682643142297774,55.03939754625817,18.27795931144404,2.022798553548783,0.14092678353592433,0.2557333207470669,0.06033512368931057,0.02248218437221715,2.5022759658933023,73.31735685770221,Sélection automatique par sortie,False
2349,30.42385600106953,376.4723164075186,21.27,17.45678847879409,1.12,29.193164975860828,53.76694907421782,17.039885949921356,0.9304656808689686,0.06352224176560793,0.10110903280346559,0.014193477785517987,0.010049686102710492,1.1193401193262704,70.80683502413918,Sélection automatique par sortie,False
2350,63.926023502811844,428.0557324063198,24.364654856691363,17.59,3.4813413121040004,29.822291963516516,52.30587515771403,17.871832878769453,1.5943591186303427,0.11202398807052937,0.1911105342696616,0.043448967515575934,0.02265722908412087,1.9635998375702306,70.17770803648348,Sélection automatique par sortie,False
2351,68.91158087346271,516.9035966533567,12.729327178802045,17.29,2.8365945035462503,25.23234889576358,55.35805744281106,19.409593661425365,3.02901447989383,0.21067049959911727,0.3542486569616021,0.0988307387733392,0.031900058535273994,3.7246644337631625,74.76765110423642,Sélection automatique par sortie,False
2352,43.16,455.0617606025966,23.05012546076443,12.85,4.109156942060202,28.302003869711296,53.68226823033382,18.01572789995489,1.861727091009597,0.12453487358509838,0.24077768298142913,0.050915691461600486,0.02002047488084077,2.297975813918566,71.69799613028871,Sélection automatique par sortie,False
2353,51.62242849541377,529.2267888275958,14.964685442637549,19.567564834857144,3.24,23.74424046756584,56.30135496354658,19.95440456888757,2.9225632194966127,0.19966445434141591,0.33488314021651744,0.09586895240663548,0.03189846681950536,3.584878233280687,76.25575953243415,Sélection automatique par sortie,False
2354,23.843941356080624,494.19346762682335,21.720033384810677,15.7,1.41,23.940399717925622,57.397666570423,18.66193371165139,2.249907958174203,0.14880772867574377,0.2950046871507911,0.06713576018783114,0.020219497082896616,2.7810756312714657,76.05960028207438,Sélection automatique par sortie,False
2355,35.42241119732153,416.98285950159624,24.360178652422864,14.101991331543978,2.86,28.933797023653202,53.68701205421219,17.379190922134615,1.3690140164638347,0.0896049631209349,0.16999403932972235,0.030212207848507863,0.01461815684389003,1.6734433836068898,71.0662029763468,Sélection automatique par sortie,False
2356,22.25265585448469,429.96401377309326,13.96,11.82878973037829,3.346115448512046,28.33348030781634,54.91870684392694,16.74781284825672,1.3895773544860726,0.09466604900423024,0.16260134750844107,0.033391254265714224,0.01449263802417661,1.6947286432886346,71.66651969218367,Sélection automatique par sortie,False
2357,61.622335025200506,497.4701094231362,18.58574870263361,12.13,0.9097075211402745,26.08341373781467,55.496578151372134,18.420008110813217,2.753447133830064,0.19452828664423272,0.3462030254615921,0.09002605971084983,0.02873419990824164,3.4129387055549802,73.91658626218535,Sélection automatique par sortie,False
2358,55.99493839006419,375.171562016407,11.626348442714209,18.58742066901906,2.969716563684159,30.714641222932705,51.25591952720889,18.02943924985841,0.9752534243759701,0.06599562470094046,0.12490446026811705,0.0143259420700355,0.011286878087611509,1.1917663295026746,69.2853587770673,Sélection automatique par sortie,False
2359,64.72288203511151,493.1446239954006,23.641936976104137,12.167032847559225,1.76,26.793287032014295,54.99033744369076,18.216375524294946,2.669934708614008,0.18509355810443773,0.3404384072164153,0.08755776292765623,0.028379269155391997,3.3114037060179085,73.20671296798571,Sélection automatique par sortie,False
2360,47.25351021293831,435.06718955896497,13.031099150557088,8.228573388580008,2.8,29.11225127476198,54.079213894355505,16.80853483088252,1.6542078696907854,0.11842799594920149,0.18243615895481935,0.04506437053653009,0.017229621421190708,2.017366016552527,70.88774872523803,Sélection automatique par sortie,False
2361,52.61092809911796,497.98294588507065,28.09380961913323,21.028954692198134,2.16,24.82268522690991,55.703843793282275,19.473470979807818,2.6381210476489185,0.17971224150279005,0.3246976697036609,0.08323543145805562,0.02648913023099856,3.252255520544424,75.17731477309009,Sélection automatique par sortie,False
2362,45.6481185777314,413.42029299341755,27.0268026751691,14.68,3.77,29.856263263335304,52.38374259771759,17.759994138947107,1.3272473005158343,0.08968150965248015,0.17215481032040642,0.02935927412312797,0.01600529845496194,1.6344481930668107,70.14373673666469,Sélection automatique par sortie,False
2363,40.57468762002125,462.4877506867387,20.611460159930495,16.112930723767448,1.87,26.337795063427976,55.20030809780064,18.46189683877138,1.9750030272076748,0.13307507783724337,0.2570986582065428,0.057092181859039214,0.02040215580604886,2.442671100916549,73.66220493657201,Sélection automatique par sortie,False
2364,61.18408613622102,397.7348847688882,22.937501033468507,19.06067787981053,3.25,30.73909725321572,51.72710751603939,17.53379523074488,1.1608647603391087,0.08190597438888188,0.14459641275063423,0.02630195015249688,0.016498630681526953,1.4301677283126486,69.26090274678427,Sélection automatique par sortie,False
2365,57.19,496.28596921318547,25.13182019737721,12.125659637082428,3.602478136502017,26.941423339310155,54.36538149623548,18.693195164454377,2.5975743467571135,0.1769692484464867,0.30593677377180256,0.08284092639857017,0.02833527079951006,3.1916565661734833,73.05857666068985,Sélection automatique par sortie,False
2366,64.7451933479616,447.56870199322594,14.473104752813411,12.428940093356891,3.8716226333120813,29.192362263609628,52.81861364247008,17.9890240939203,1.916052679623042,0.1359768909621117,0.21762393563231133,0.05476388196201123,0.022096478253810104,2.3465138664332863,70.80763773639038,Sélection automatique par sortie,False
2367,37.03094402137422,363.9058698689542,22.12940864768991,12.317668189576251,3.5550742964805546,31.781304609086714,51.73843478881885,16.48026060209443,0.7255613046942708,0.0477120204351551,0.0887488404867223,0.0044368212775755395,0.009653684838792805,0.8761126717325165,68.21869539091328,Sélection automatique par sortie,False
2368,48.17378467650302,503.09713710079,19.31204852473944,27.179458584633895,2.03,23.385196856934865,56.341672175821756,20.27313096724339,2.5540338860093836,0.17160149205053657,0.28693833421603715,0.07931025013689136,0.02457624017835398,3.1164602025912025,76.61480314306515,Sélection automatique par sortie,False
2369,64.64309382866101,488.1978520208578,15.573473814662684,19.825432614584557,3.4502711103922254,26.596956396423174,54.31346845034434,19.089575153232488,2.5134289586831287,0.17212675235398056,0.2894269140009417,0.07743531263088116,0.027451382947345462,3.0798693206162775,73.40304360357683,Sélection automatique par sortie,False
2370,60.19568296453077,484.5311351132738,19.589996382486156,12.520001868791958,0.64,26.778749527864417,55.121391801930116,18.099858670205464,2.592102442391303,0.18504659044469196,0.31183786836189653,0.08181972410204713,0.028551395753065652,3.1993580210530044,73.22125047213558,Sélection automatique par sortie,False
2371,63.56661684287966,544.6026724867639,24.61660954763906,22.166119915616566,1.06,22.822758804392556,57.0093642930765,20.167876902530956,3.5594351279752585,0.2455846135550947,0.4504302688395498,0.12000443240014236,0.03651253135793143,4.411966974127976,77.17724119560745,Sélection automatique par sortie,False
2372,66.93941514001266,505.91693044706983,12.358943526343062,18.896303185480594,1.3,24.90537099000279,55.368882765424864,19.72574624457236,2.902641562403426,0.20164106869654566,0.3534214805878578,0.09243410443165045,0.03017638431877906,3.580314600438259,75.09462900999722,Sélection automatique par sortie,False
2373,55.33,428.0959436178026,18.404551985096997,8.295595025495407,1.04,29.3253297789432,53.697936305856736,16.976733915200068,1.6796946748402206,0.119400511828446,0.1962271743698756,0.045947314150392646,0.017904140306680985,2.059173815495616,70.6746702210568,Sélection automatique par sortie,False
2374,43.7200987771592,385.2152956854678,18.42406539131539,24.83,2.58,29.082050773073444,52.616057079363394,18.30189214756318,0.9859997036798847,0.0661220082308847,0.11667017550176995,0.018432200561788535,0.01280752611101446,1.2000316140853422,70.91794922692657,Sélection automatique par sortie,False
2375,43.818693161123115,378.4405786269223,20.326982335971664,16.8655525229155,3.0,30.601042197660952,52.14464992341999,17.254307878919068,0.9030495763196313,0.06133960835855731,0.12290954012124733,0.014011355242582353,0.011610794117202198,1.1129208741592207,69.39895780233905,Sélection automatique par sortie,False
2376,43.77299697680593,383.2026237278123,20.35410921446605,17.07553483704945,0.9023575462652952,29.599018806453103,52.94686143932935,17.454119754217544,1.0532504220581917,0.07387658400451448,0.12255342444091602,0.019834865781240905,0.0125757682889768,1.2820910645738401,70.4009811935469,Sélection automatique par sortie,False
2377,45.05410112901484,418.82263404113866,19.43,19.57436374893975,1.77,28.050813913072933,53.80755194934179,18.141634137585267,1.4362891061512928,0.09752197162766302,0.18038684913763983,0.035774523574542534,0.016442923211230344,1.7664153737023687,71.94918608692706,Sélection automatique par sortie,False
2378,49.78652177415845,489.36,21.36,24.27492158957494,1.92,24.522103015644046,55.785008208359294,19.69288877599666,2.414160434176476,0.1634067936264095,0.2847234725580989,0.07437500901117493,0.023189170736277537,2.959854880108437,75.47789698435595,Sélection automatique par sortie,False
2379,52.35,365.2747314813216,18.34987579436729,25.61072333529632,0.72,29.851928868822522,51.72571641790466,18.422354713272817,0.8918763759243069,0.062262451187811554,0.11982972556622082,0.014394657402841016,0.010947508847214696,1.099310718928395,70.14807113117747,Sélection automatique par sortie,False
2380,58.34495040755993,483.94695643231984,21.692676257967758,24.70651377987222,2.81,25.66005081341109,54.69015709826373,19.649792088325178,2.4056745464758933,0.16336955732065378,0.27213399613379574,0.07381196765861067,0.025989968349834986,2.9409800359387885,74.33994918658891,Sélection automatique par sortie,False
2381,67.53963235942683,405.4832908837137,20.90239862633874,17.837496482491247,0.6626807346610981,30.092589967843832,51.92305911628806,17.984350915868102,1.4722654569057105,0.10549911104140561,0.18858121716313464,0.03719667922599491,0.016826493054459466,1.8203689573907054,69.90741003215616,Sélection automatique par sortie,False
2382,32.32392315351653,515.9380518061464,14.494936929314973,16.16,1.88,23.201322646782128,57.14112324580541,19.65755410741247,2.4883632221829903,0.17082067271547005,0.33197718174688334,0.08107447911021126,0.02736783571392588,3.099603391469481,76.79867735321788,Sélection automatique par sortie,False
2383,56.4174505131035,379.08353119058313,22.59188964231064,12.120091950132725,1.63,31.218271383908576,51.79154069398505,16.990187922106365,0.9536874209998216,0.06715156250085956,0.11413448716176344,0.01737515777536764,0.01271229946365373,1.1650609279014659,68.78172861609141,Sélection automatique par sortie,False
2384,59.931686677743336,481.9755645728949,20.2,19.51,3.6230372829702957,26.871163614322295,54.24241983181394,18.886416553863768,2.3692271871708273,0.1620712125981388,0.2774616670000255,0.07279624222184397,0.026742227658631917,2.9082985366494674,73.12883638567772,Sélection automatique par sortie,False
2385,56.23411082997298,527.9417634387431,25.66583280148255,23.812267289406314,1.98,23.089099824024142,56.581944648788244,20.328955527187635,3.127426459140654,0.2129035098804841,0.38903427794825596,0.10278374564713438,0.03190212131668104,3.8640501139332097,76.91090017597588,Sélection automatique par sortie,False
2386,59.158903701634415,385.8282693326007,16.008524319965986,21.449489693338176,1.07,29.7349840639821,51.86639708164321,18.398618854374696,1.1532648349552779,0.0782932400121929,0.15207942552042422,0.023543103475886083,0.01384778971352262,1.4210283936773038,70.2650159360179,Sélection automatique par sortie,False
2387,22.769304434557693,541.5569690451273,25.264842594504064,20.14597645779936,2.93,21.248162790334252,58.35781733774345,20.39401987192231,2.839453061959161,0.18401829596716557,0.3745008395470152,0.08953668979135593,0.025173603400984877,3.5126824906656826,78.75183720966575,Sélection automatique par sortie,True
2388,52.29,450.8859280665579,14.83,8.269404272050664,1.015798810378444,28.059954024741792,54.76392294026347,17.17612303499475,1.9769179979206313,0.14239640563789607,0.23143185812642358,0.0584637241545822,0.02030946668655646,2.4295194525260895,71.94004597525822,Sélection automatique par sortie,False
2389,23.20475371925893,534.6161204853152,27.572618815288052,16.278050334331574,1.71,21.878094220266593,58.48330462665195,19.638601153081456,2.878956444877429,0.18524890046438924,0.3805103052002538,0.08917882445180005,0.02265521555664022,3.5565496905505127,78.12190577973341,Sélection automatique par sortie,False
2390,50.201435648628554,458.0164493697327,18.24101858002678,18.65521515035517,2.970696887961468,27.165670398949977,54.212967073048105,18.62136252800192,1.9444018525331885,0.13211023226413163,0.24626217689430574,0.05584979694899716,0.021702128715301538,2.4003261873559243,72.83432960105003,Sélection automatique par sortie,False
2391,46.2945359863421,494.71288896433595,26.543170774971443,11.144378773908205,3.7142862605076084,26.775996498591436,54.78820164670768,18.435801854700884,2.494982977462501,0.16545010212612568,0.2894149854368076,0.07631878284591688,0.02574978153363829,3.0519166294049898,73.22400350140856,Sélection automatique par sortie,False
2392,31.50172644272425,423.7107909714936,18.792208409380933,11.072925823039924,0.7091875039215592,28.281060766130707,55.2158125900528,16.503126643816493,1.5212499493956484,0.1070076424519466,0.16321203772967094,0.03647052392124046,0.014154849568596849,1.842095003067103,71.71893923386929,Sélection automatique par sortie,False
2393,52.29,507.57791113722976,20.805302501111427,13.181651478073281,2.8823648653888254,25.68956995045133,55.60757725857985,18.702852790968823,2.70142463498669,0.18419653359910232,0.32693353514058704,0.08795217206346337,0.028924715799019354,3.3294315915888624,74.31043004954867,Sélection automatique par sortie,False
2394,21.47705296535611,419.2052087060173,20.51,18.330406713468346,2.0248968196585673,27.08960150170642,55.31922239745768,17.59117610083591,1.3145356157355903,0.08620712131966837,0.16257674733235045,0.029366127316047794,0.012907340888379727,1.6055929525920367,72.91039849829359,Sélection automatique par sortie,True
2395,53.71824405995481,369.84018373966694,29.578458569288927,15.975054992238327,3.07,31.679861019851593,50.968656044528586,17.351482935619824,0.7344413112577903,0.05440703013584107,0.09644326749489149,0.009256884768426593,0.01396667445119245,0.9085151681081419,68.32013898014841,Sélection automatique par sortie,False
2396,57.66712984681632,518.4248340066938,20.493581981911962,11.577344299692285,2.57,25.467753147762632,55.80381327444607,18.728433577791293,2.9418250710709573,0.20252439164922542,0.36379845726586013,0.0989197153822167,0.03174923463975493,3.6388168700080143,74.53224685223736,Sélection automatique par sortie,False
2397,48.86077476246253,429.6960015254844,22.167610833041632,15.02,1.85,28.484951129258707,53.83122644075121,17.683822429990084,1.6061577187236427,0.109472808757588,0.18143773365838917,0.04250764439060488,0.017546202441694223,1.957122107971919,71.5150488707413,Sélection automatique par sortie,False
2398,38.756417905009236,463.92408439404466,14.819665751133805,14.835012464795218,1.5499392969050987,26.076073465852257,55.44628134017996,18.477645193967767,1.955238031851833,0.13523326273628797,0.24974622853841105,0.0574310395509303,0.021885142774801584,2.4195337054522636,73.92392653414772,Sélection automatique par sortie,False
2399,29.704392266495482,453.77191073641416,19.261648533311757,22.753256801784296,2.211408669818312,25.24158633564488,55.70931562691269,19.04909803744243,1.7135921853481317,0.1143679644152838,0.21180243843554455,0.0467825173770485,0.01828569067679791,2.1048307962528066,74.75841366435512,Sélection automatique par sortie,False
2400,26.025767434350417,366.66359744564534,13.419517282915061,23.29239874590381,1.16,28.19687308790785,53.458281608215145,18.34484530387701,0.7958893945948451,0.05496978690430479,0.1010596461184835,0.010569865484541488,0.009202235006920566,0.9716909281090954,71.80312691209215,Sélection automatique par sortie,True
2401,35.73,436.40758426899157,24.79,7.744845708092371,1.1312258219526836,28.587670032612007,54.86412550851905,16.548204458868938,1.7092335198434607,0.11228895434467322,0.19607547911457954,0.04243724948337314,0.015852648321761493,2.075887851107848,71.41232996738799,Sélection automatique par sortie,False
2402,60.49472063597497,423.6697611178245,21.67315452420123,16.516126828285056,1.91,29.20410041274617,53.00096309422228,17.794936493031557,1.5756755664419884,0.1093971760059792,0.1880563769448527,0.042507952953140055,0.019082776213864144,1.9347198485598243,70.79589958725384,Sélection automatique par sortie,False
2403,48.5,422.09322738159267,16.55093813271991,21.82,2.16,27.897602868163027,53.49640884664354,18.605988285193444,1.481808537075353,0.0997628751606576,0.1781791390578803,0.03707344749627764,0.01682807280137783,1.8136520715915465,72.10239713183698,Sélection automatique par sortie,False
2404,60.09693029684572,492.50881677562205,14.774906687719726,14.61691579385107,2.802177704249833,26.321955304467668,54.95223387191139,18.725810823620932,2.540729164409564,0.17702121084990596,0.29754641243035024,0.08103085673634482,0.02722398826498109,3.123551632691146,73.67804469553232,Sélection automatique par sortie,False
2405,59.1390309720147,396.55654809454467,16.43309595470879,17.82283515935758,2.89,30.353531099952,51.876588008302924,17.76988089174508,1.1988818379917163,0.08227983647870624,0.15026555787872733,0.025741829176458036,0.014630999979707385,1.4718000615053153,69.646468900048,Sélection automatique par sortie,False
2406,54.19615090390254,407.3197372605366,22.501243883859093,13.609205803140714,2.96,30.286558852932906,52.25145147918285,17.46198966788424,1.285718305017147,0.08880321184882137,0.1510420228696414,0.02993041710378811,0.01562875538213727,1.5711227122215352,69.71344114706709,Sélection automatique par sortie,False
2407,36.73867096069859,500.85624542441377,24.79,17.59,3.23,24.708605380906267,56.040396264394346,19.250998354699398,2.4576007127242647,0.16228258173028867,0.29716597398699063,0.07473615668989177,0.023262550742294223,3.0150479758737303,75.29139461909375,Sélection automatique par sortie,False
2408,42.69447867253712,502.806303512867,23.464640857820953,19.04440464203149,3.16,24.686390228411828,55.881781069473185,19.431828702114984,2.5251141037048686,0.16889917336812948,0.29548863941123443,0.0784724329297902,0.02496333929343922,3.0929376887074618,75.31360977158818,Sélection automatique par sortie,False
2409,55.96020554989487,469.4258950394702,15.599294906047177,11.18,1.3086055343331395,27.03385776221983,54.84540571753372,18.12073652024644,2.234810952507821,0.15794101663538776,0.27762771886545756,0.06925089843783525,0.02348042585469229,2.7631110123011937,72.96614223778016,Sélection automatique par sortie,False
2410,62.70967897528884,366.94056582081015,17.068223998121002,11.772146626742236,1.93,31.79255909958329,51.05902936146754,17.148411538949183,0.8412462893730619,0.06034339630303438,0.10844909433396965,0.012530453926590843,0.01269327460437544,1.0352625085410325,68.20744090041671,Sélection automatique par sortie,False
2411,54.13,441.7340865012782,24.66681672536341,25.033111281463132,2.85,27.395630932388478,53.72473482146267,18.879634246148868,1.7607455094300613,0.1215943897940745,0.20078758844831762,0.04933942292966314,0.02214876991499848,2.154615680517115,72.60436906761154,Sélection automatique par sortie,False
2412,64.18186630262545,521.8132720487397,28.40780780839645,19.34070016952249,1.85,24.52659035979386,55.820555113792665,19.65285452641346,3.167911439358895,0.2179647242356002,0.404347045301126,0.10582567759960083,0.03418065849388824,3.9302295449891105,75.47340964020613,Sélection automatique par sortie,False
2413,25.607413738615044,390.80555270635745,21.13,7.274978509234059,1.79,30.342348375973078,53.968945100716354,15.68870652331057,1.099323712310595,0.06938568527613442,0.10673877030178233,0.0171771312247741,0.010559461525069315,1.3031847606383553,69.65765162402693,Sélection automatique par sortie,False
2414,39.32826027204748,372.55218175933055,25.570747185865436,8.565948715917205,2.9134645808221955,31.887433131407196,51.96537754948625,16.14718931910656,0.8386506134648146,0.05341959741094961,0.09863566348751832,0.0075374868063001615,0.010235906187069316,1.008479267356652,68.11256686859281,Sélection automatique par sortie,False
2415,22.748803316553563,453.4514166797636,21.08175252357369,7.310888841251614,1.57,27.477599388733523,56.003020480911864,16.5193801303546,1.7986088368669433,0.11607898721476365,0.20591689292020954,0.046894070521988136,0.015967451898278168,2.183466239422183,72.52240061126646,Sélection automatique par sortie,False
2416,55.01488029347513,493.1956959542073,16.121311539945456,9.684190647608572,3.3228191898424404,26.94104111405414,54.99370754179501,18.065251344150855,2.486610556144398,0.1743762692007203,0.29191208140051267,0.08048327502320181,0.02715079678824943,3.060532978557082,73.05895888594587,Sélection automatique par sortie,False
2417,44.11869814765853,503.0988969067858,17.937441009105083,21.236772219844067,3.131166891509838,24.375155599187842,55.86658069929613,19.75826370151603,2.4704062049966256,0.16645290672366278,0.2878314656106897,0.07708207551009699,0.02557197827120121,3.0273446311122765,75.62484440081215,Sélection automatique par sortie,False
2418,38.30246615956437,363.32190039631007,17.747167505725738,15.233475647142395,3.16,31.21176607080791,52.02815778414834,16.760076145043744,0.7385252869048584,0.04974033181307737,0.0979371495206906,0.006548020038265691,0.009754780845255632,0.9025055691221477,68.78823392919209,Sélection automatique par sortie,False
2419,54.13,507.5424835679544,22.19,12.509907375070512,3.25,26.02131788702793,55.208171919642446,18.770510193329606,2.725825454423898,0.1857432279999639,0.32763305470950066,0.08870733871732982,0.029429944880198008,3.35733902073089,73.97868211297205,Sélection automatique par sortie,False
2420,21.720659991893513,363.79493308893996,28.048096440514417,19.729449728258995,3.11,29.68276609540984,53.41903577753867,16.898198127051504,0.7418930372369981,0.049256456789285946,0.09312001369700298,0.004457675803581335,0.007758023370232375,0.8964852068971007,70.31723390459017,Sélection automatique par sortie,False
2421,31.490969910125443,424.56900702515935,13.648841368740358,19.598520541275768,2.22,27.04576805867097,54.47176316424593,18.482468777083106,1.3829404471078854,0.09382995334750456,0.1640529249262827,0.033577104718535686,0.015441157915837188,1.6898415880160456,72.95423194132903,Sélection automatique par sortie,False
2422,64.34554463849818,401.26864605153384,14.673666284067256,10.918662474603858,2.064535593808796,30.5210504614761,52.190616349719306,17.288333188804593,1.3254423613981594,0.09502916474275347,0.14417526558684973,0.03141605509091856,0.01597562819143869,1.61203847501012,69.47894953852389,Sélection automatique par sortie,False
2423,42.899116550344374,489.02454320758113,19.0,11.310704708368073,2.41,26.21637342256886,55.80940319662346,17.974223380807686,2.3372091320863886,0.15879325437176883,0.2857692683568299,0.07315525139134432,0.023765267462276956,2.8786921736686084,73.78362657743114,Sélection automatique par sortie,False
2424,61.98932644600074,396.64789832363925,27.725377036275226,14.168649001408705,3.69,31.436069856385892,50.91957722747583,17.64435291613828,1.0962366516073783,0.07931505748829623,0.1367478199498583,0.023895000484194538,0.0188594815922901,1.355054011122017,68.5639301436141,Sélection automatique par sortie,False
2425,30.339316495853353,467.18734568415675,13.942075323288572,11.58,3.23,26.956325517995445,55.66331825071137,17.380356231293185,1.8654661482794674,0.12856488747657127,0.2418734150041112,0.05425069476132331,0.02149116075937963,2.3116463062808528,73.04367448200455,Sélection automatique par sortie,False
2426,33.46094518506937,519.5844041252981,30.32698938220238,7.6528566494385375,2.34,25.191667035031177,56.668853051206746,18.139479913762074,2.8724732433038622,0.18057189089590503,0.3390880507935199,0.08703529605480605,0.023794681307246376,3.5029631623553397,74.80833296496883,Sélection automatique par sortie,False
2427,42.676580043280914,521.517701133531,17.644176420855796,18.756331558466645,1.36,23.03556508144285,57.195260801022194,19.769174117534973,2.774211561268473,0.1897886954517638,0.35939652134274336,0.09053607755422549,0.028262705255861456,3.442195560873067,76.96443491855717,Sélection automatique par sortie,False
2428,52.79296041782664,396.3114234991255,19.316502360672487,19.707527770438674,3.18,30.09234182155876,52.164402197108124,17.743255981333114,1.1414677656317145,0.0780530448779709,0.13949296111160117,0.024032932841177045,0.013742716694435641,1.3967894211568992,69.90765817844124,Sélection automatique par sortie,False
2429,53.85674022252205,437.8335815180928,15.2,8.1,1.6925277175478368,28.907855122779235,54.19276000713975,16.89938487008101,1.7688527168459525,0.1260935536432601,0.21029039312926828,0.050292299249801456,0.01865621518087235,2.1741851780491546,71.09214487722076,Sélection automatique par sortie,False
2430,53.01280609197031,392.43614713611487,27.83619540678543,15.220622595621787,2.81,30.667666369585344,51.80043566318901,17.53189796722563,1.0651074058766197,0.07478026440761162,0.12965065993669234,0.0214524677740721,0.015553591836178899,1.3065443898311748,69.33233363041464,Sélection automatique par sortie,False
2431,70.83292863988078,474.5966695528548,18.27918271658906,9.504852735290577,3.23,28.39214333436285,53.53411327377581,18.07374339186135,2.3708949740554397,0.16863333977489756,0.284733361004864,0.07608223714060627,0.02668227905832239,2.9270261910341295,71.60785666563716,Sélection automatique par sortie,False
2432,45.2323867514549,495.88365245085805,14.871913358798027,11.476280888082126,3.14,26.14702188459731,55.752668220681485,18.1003098947212,2.400065814788767,0.1668483869307244,0.2880766823831244,0.07678837571940948,0.026382262193297958,2.958161522015323,73.85297811540269,Sélection automatique par sortie,False
2433,48.4020950155364,537.0338780254958,22.467552975231634,18.89237392858712,3.13,23.342466966357954,56.71218641222883,19.945346621413208,3.0889229067191346,0.20797456188449684,0.3828585832990133,0.10218330613933152,0.03217563992976796,3.814114997971744,76.65753303364204,Sélection automatique par sortie,False
2434,64.7338133655668,365.6957914761391,19.566019205943952,25.354050226398417,3.79,31.854666395756833,50.18193384900894,17.963399755234217,0.7603336232492763,0.0523195519025165,0.09946577694251288,0.010130172168767236,0.01130774790899308,0.933556872172066,68.14533360424316,Sélection automatique par sortie,False
2435,64.9587675786653,362.5364490209758,24.032161017633765,9.467965154839199,2.36,32.88478273741701,50.57786255876104,16.537354703821944,0.6628463665242517,0.04957181514851616,0.08954454178596088,0.007259390296020671,0.014391222897934024,0.8236133366526834,67.11521726258299,Sélection automatique par sortie,False
2436,25.45,480.9855007674733,19.007546020418328,9.859159889982573,1.01,25.70583454703813,57.191987766206424,17.102177686755446,2.126729628658594,0.14453305332402264,0.2552076643287425,0.062838109235662,0.02064350212990002,2.6099519576769215,74.29416545296186,Sélection automatique par sortie,False
2437,25.653084135593858,436.3046723636342,22.051684330788614,12.212720790209376,2.83,27.962173967288177,54.845327509056546,17.19249852365529,1.5571173268434997,0.0998956619232414,0.19087760993435446,0.037118263937566696,0.015202456997376351,1.9002113196360386,72.03782603271183,Sélection automatique par sortie,False
2438,32.332019810689275,392.12008675697354,28.57254385741044,16.592444255259316,3.54,29.713586152441295,52.85804208141297,17.42837176614574,1.0545539785751952,0.06928617910164801,0.13027906888071872,0.01635092849033954,0.011426883170143348,1.2818970382180448,70.2864138475587,Sélection automatique par sortie,False
2439,39.75114035864002,518.1488499754582,26.69,11.816850351513127,3.3586405035355846,25.12996149444675,56.11206020698184,18.75797829857141,2.7922972088013385,0.18259259215421725,0.3391774424974662,0.08775211252660461,0.02731582726193965,3.429135183241566,74.87003850555325,Sélection automatique par sortie,False
2440,47.824206682361535,437.8301087962513,27.72,21.467515272318206,3.17,27.764648355663937,53.78091718801259,18.454434456323476,1.67658905883115,0.11557387398215369,0.20377684061357831,0.0450072909932592,0.021244276010164653,2.062191340430306,72.23535164433606,Sélection automatique par sortie,False
2441,37.882042531644736,383.5181218642054,18.19422404539396,16.254174470455595,1.1248955311383497,29.33339569938264,53.27251696751515,17.394087333102213,1.0305289150845494,0.07101105637193797,0.11795612888292853,0.0187047167930222,0.012102865609619057,1.250303682742057,70.66660430061737,Sélection automatique par sortie,False
2442,26.12721370315624,479.05694911401537,22.156901633555538,19.595166835689675,2.86,24.61121490967943,56.191091781171345,19.19769330914923,2.021955897881465,0.13265679319907098,0.25934722222060164,0.05772459303503063,0.019275790131317253,2.4909602964674855,75.38878509032057,Sélection automatique par sortie,False
2443,23.162652599502046,535.0698155735239,22.38,13.61,1.51,22.4002473597766,58.59038894688809,19.009363693335334,2.784885527777188,0.18284395228675662,0.36963116511637006,0.08954124267257475,0.025373264655632517,3.4522751525085216,77.59975264022343,Sélection automatique par sortie,False
2444,56.11221083212536,486.13951929335184,15.2,8.30206638630026,2.28,27.00989565225969,55.31765975095454,17.672444596785756,2.4297388834937217,0.17220197405557428,0.29026036676178063,0.07884043724706072,0.02568443925412466,2.996726100812262,72.9901043477403,Sélection automatique par sortie,False
2445,47.80001962452249,498.22625438298064,20.479863269138455,9.5273748872468,0.97,25.822591338446568,56.18187581845018,17.995532843103252,2.6140478075359335,0.181511619773161,0.3196500202526878,0.08403704311530978,0.026070350749003237,3.2253168414260958,74.17740866155343,Sélection automatique par sortie,False
2446,22.35344790237464,482.2809903292331,21.78,14.557110875327032,3.2596128327514164,25.517924785130617,56.351622767766465,18.130452447102915,2.0451053482895745,0.13201953295042304,0.2692824303044353,0.057882932897101974,0.020601133575361554,2.5248913780168962,74.48207521486938,Sélection automatique par sortie,False
2447,69.30952148092081,503.90014685575153,26.970584547093782,18.114321311030782,3.45,26.603264256540818,54.48491031408394,18.911825429375245,2.8503470833826485,0.19766492003814648,0.339671764859054,0.09371202579448497,0.033129473212525934,3.5145252672868597,73.39673574345919,Sélection automatique par sortie,False
2448,42.19182435667504,357.7018075654647,15.783787762087478,7.596948781059553,3.9,32.822973306432075,51.382182839775055,15.79484385379287,0.6909169816616243,0.04897171553255203,0.07774122571303493,0.0029946827357721154,0.009324919633168375,0.8299495252761517,67.17702669356792,Sélection automatique par sortie,False
2449,34.877634136612066,433.56176061247413,24.44088126369318,13.77,1.2062756422626677,27.716542677368047,55.132274412896344,17.15118290973561,1.6370266943956888,0.10921163227192565,0.18401616209573834,0.04093025496010817,0.0156950826219593,1.9868798263454204,72.28345732263196,Sélection automatique par sortie,False
2450,59.622646983550595,503.69255620897985,17.581721947059478,13.802847866671266,3.7302241920555845,26.423774505322026,54.90693395662841,18.669291538049574,2.6843867910279777,0.18614041386112584,0.3160812006978649,0.08722188704078783,0.029807549128358132,3.3036378417561147,73.57622549467798,Sélection automatique par sortie,False
2451,53.55921875398076,506.0798560289009,14.09,16.40363078693312,3.05,25.23321831603036,55.540440538794684,19.226341145174946,2.6327254326513017,0.18205392361187053,0.3109513697931767,0.08462079111064023,0.028673425625377,3.239024942792366,74.76678168396963,Sélection automatique par sortie,False
2452,24.485217935476623,450.0520449725964,17.043179817136465,10.027076657129367,3.89,28.099889492974327,54.84193605451128,17.05817445251439,1.6442729469100212,0.10932216104485441,0.20326548294448354,0.04274959391390788,0.016744206284459197,2.0163543910977264,71.90011050702567,Sélection automatique par sortie,False
2453,63.31,458.05117849515494,14.872619117597367,16.43,1.187090335820211,27.273103525704453,54.009159566925405,18.717736907370142,2.157587667507685,0.1506911065336986,0.26722424786944127,0.06393702761081856,0.023929159481920086,2.663369209003563,72.72689647429554,Sélection automatique par sortie,False
2454,68.53546640249955,368.04791727565373,29.506558529223483,9.91,1.78,32.78644711247357,50.49720274838464,16.7163501391418,0.6881287814531487,0.053371450642962004,0.09976409632106648,0.010134406883307918,0.01765552609914929,0.8690542613996345,67.21355288752643,Sélection automatique par sortie,False
2455,55.780331958722705,477.0388900167956,27.23,11.184611012367066,1.4456294928399573,27.168400244133416,54.72705216044975,18.104547595416832,2.378343456317644,0.16217315108999217,0.29667963603979586,0.07355035066050533,0.025170766226977347,2.9359173603349156,72.83159975586659,Sélection automatique par sortie,False
2456,27.181290263113155,526.4551410714583,16.68,26.405527494837397,3.681191885658075,21.609253565817845,57.4877156209002,20.903030813281948,2.4475147762656633,0.16296756236576565,0.30571959403338356,0.07687578137438326,0.02712560803719443,3.02020332207639,78.39074643418215,Sélection automatique par sortie,False
2457,49.253955046197795,490.4174165046381,24.276300653564526,19.746552453928146,1.72,25.007004262502704,55.79894787612573,19.194047861371565,2.471699206081529,0.16780557728034884,0.3153512938929398,0.07689894457390516,0.023865984678883984,3.055621006507607,74.9929957374973,Sélection automatique par sortie,False
2458,53.36015958767699,537.2727219249209,18.97695470066426,19.117342943613178,3.86,23.904772638019256,56.246681646621724,19.848545715359013,3.0996281713054925,0.21072607354677525,0.3703506537800873,0.10282952918055305,0.0342993078095622,3.81783373562247,76.09522736198073,Sélection automatique par sortie,False
2459,25.140693703825402,423.94555010280294,17.2,23.56961577313087,1.91,26.076427084407005,55.25367625324736,18.669896662345646,1.3300343167611093,0.08916304459411871,0.15492937824542388,0.03201925382856395,0.014116454346454855,1.6202624477756709,73.92357291559301,Sélection automatique par sortie,True
2460,40.950667008882505,472.85027463689363,25.682325245576497,15.142327973894707,1.928439941432872,26.142066131064894,55.44865661386966,18.409277255065458,2.1669453540184294,0.14413282235583333,0.27028872702706164,0.06326769158993806,0.020828698763599066,2.6654632937548612,73.85793386893512,Sélection automatique par sortie,False
2461,26.2,471.57996148577587,19.440033405653633,16.373455703031453,2.6,25.48256882610012,56.06486166641014,18.452569507489756,1.9209574776881593,0.12679722188219447,0.24832747633309393,0.054654357558221296,0.019942218072133203,2.3706787515338026,74.5174311738999,Sélection automatique par sortie,False
2462,25.494246174642807,432.26041809202087,15.60337775374983,24.752582836824867,2.39,25.754467331453412,55.28350328082387,18.96202938772271,1.3864743024141302,0.09261036940381018,0.15988561951016783,0.0343793001047084,0.01535456701375647,1.688704158446573,74.24553266854659,Sélection automatique par sortie,True
2463,47.713500608197556,549.6677795606012,23.758430669427405,12.737948040362163,1.25,22.930578826245007,57.65008448563588,19.419336688119103,3.3937625480142524,0.23048593373851828,0.4187622614307331,0.11558278549708124,0.03267268114477591,4.191266209825361,77.06942117375499,Sélection automatique par sortie,False
2464,59.99690711819201,491.96058226001026,14.833725656181725,12.064292678113809,3.65,26.961494654841758,54.54625434033812,18.492251004820112,2.5111814992739205,0.17668955680723805,0.29358414512421216,0.08041950638357817,0.027932839876678637,3.089807547465628,73.03850534515823,Sélection automatique par sortie,False
2465,45.78540961686891,509.13990439169396,23.87,15.906949368253326,2.699093748314524,24.853734826646143,56.029247462178475,19.117017711175375,2.681823563072145,0.17975611489832213,0.33141445469770897,0.08541476377268671,0.026905431184871438,3.305314327625734,75.14626517335385,Sélection automatique par sortie,False
2466,53.23881259675118,429.07097683603223,25.338948204426575,13.15,2.53,29.245263752524874,53.05580161581298,17.698934631662137,1.5954161021922662,0.10901015887097465,0.18243225923658996,0.042078956678348683,0.019809111808670666,1.94874658878685,70.75473624747512,Sélection automatique par sortie,False
2467,50.53292209845418,528.1789111050141,21.903390619646558,18.69,2.616388550548196,23.69398012498093,56.5011891342179,19.804830740801158,2.992745182435424,0.20231226276439718,0.3710470565608043,0.098626242103281,0.031213435190170884,3.6959441790540772,76.30601987501906,Sélection automatique par sortie,False
2468,58.85224127602394,484.89746663206375,23.01,11.53062332214923,3.7638728282122247,27.638974186756368,53.916427338428946,18.44459847481469,2.4179550522159428,0.16628352610573915,0.2839472463079754,0.07609532829890434,0.026906596503293835,2.9711877494318557,72.36102581324363,Sélection automatique par sortie,False
2469,49.00770311540052,495.97665760519874,18.25,8.099673702646514,2.38,26.53736506909122,55.741858159920135,17.720776770988653,2.5044564059844383,0.17305014613495784,0.2985951655712437,0.08141046299661629,0.025692889672264248,3.08320507035952,73.46263493090879,Sélection automatique par sortie,False
2470,22.347687844411784,476.2437167548147,22.898202183633817,12.850758431676697,1.17,25.298522524682515,57.175976864206355,17.525500611111134,2.0705017133752692,0.13592633823302588,0.2629350021768836,0.05797047347882737,0.017688242676286416,2.5450217699402926,74.70147747531749,Sélection automatique par sortie,False
2471,30.875190930850692,494.78268940723353,17.66,22.72377483731827,3.26,23.806769345236496,56.29673708092365,19.896493573839855,2.169095220963818,0.14471145293150967,0.26577739929975863,0.06527789476061654,0.023355864289177006,2.66821783224488,76.19323065476351,Sélection automatique par sortie,False
2472,59.09,366.44700926545903,17.510848408864998,14.42,2.35,31.592438250626152,51.009645485195655,17.397916264178193,0.8137537672374728,0.057130536871807955,0.10509731634212291,0.011253226605248384,0.011632639595090394,0.9988674866517425,68.40756174937385,Sélection automatique par sortie,False
2473,69.28924995658632,497.7330750431386,17.61,12.096569754976919,0.6213062008102905,26.58264870731118,55.00481981858814,18.41253147410068,2.910781511828687,0.20944541315305154,0.3536882575190754,0.09505285327397761,0.031867296396406605,3.600835332171198,73.41735129268882,Sélection automatique par sortie,False
2474,36.06958722433049,423.5819489713706,25.73,23.49,2.0170435280041765,26.84705241358815,54.73755802616626,18.41538956024557,1.451174585579349,0.0991582171699964,0.17090339903211416,0.036012501982925806,0.015317431325766724,1.7725661350901518,73.15294758641183,Sélection automatique par sortie,False
2475,38.72448689201801,451.5550825876585,21.201551183175546,16.479133264606247,3.02,27.20348493758223,54.5201544615168,18.27636060090096,1.786702513171682,0.119312300416886,0.21713887760477607,0.048779994976929884,0.019094402851349643,2.1910280890216236,72.79651506241777,Sélection automatique par sortie,False
2476,58.85583107121096,474.5272660103298,22.874513361389255,19.299485699401323,1.34,26.34514996358721,54.905430132116365,18.74941990429643,2.343106501986391,0.161611115995354,0.29424553600864556,0.07240478726398113,0.0249412985710877,2.896309239825459,73.6548500364128,Sélection automatique par sortie,False
2477,56.62,437.4044102171088,26.74403944010922,15.580979588540933,2.41,28.776062725803822,53.3151252066069,17.908812067589267,1.7323893158227894,0.11955342503521924,0.20814477532817388,0.04826831577445744,0.022700586786240293,2.1310564187468803,71.22393727419617,Sélection automatique par sortie,False
2478,63.576455188313474,363.9014174004325,23.056989096188925,15.564539888757022,2.16,31.99480997638132,50.69376679460673,17.31142322901195,0.719085311311153,0.05268012514600939,0.10582729726107518,0.009998718029925205,0.01333576497820963,0.9009272167263725,68.00519002361868,Sélection automatique par sortie,False
2479,30.274802950699147,382.91781066541,20.4225675420392,12.559437278003326,2.09,30.133793480909446,53.620233600743084,16.245972918347466,0.9797706346998565,0.06391231049743744,0.11090569343685178,0.014896022790033076,0.010915508904150857,1.1804001703283296,69.86620651909055,Sélection automatique par sortie,False
2480,41.97771758675892,468.1439598633341,23.02661708091067,11.845531574610321,1.93,26.93684575317278,55.26017780316255,17.80297644366468,2.0957497946990333,0.14005791101243226,0.2624474552216636,0.06132885060444459,0.020816794587796145,2.58040080612537,73.06315424682722,Sélection automatique par sortie,False
2481,44.95281411703064,448.5358929642506,26.16245544948011,15.575849350799581,2.83,27.746944692528132,54.03175727702977,18.221298030442103,1.8264225829191354,0.122363100034747,0.2202586894844756,0.04983741794071233,0.020627098341703547,2.2395088887207737,72.25305530747187,Sélection automatique par sortie,False
2482,55.14172337155498,521.6310753088586,20.03,12.776818695452421,3.56,25.454161828196554,55.59201018331923,18.95382798848421,2.9238920690777483,0.20056234200491338,0.3534131072877061,0.09744453046624985,0.032467047550771,3.6077790963873886,74.54583817180344,Sélection automatique par sortie,False
2483,50.70901334351622,365.0404626994841,20.80247328163141,20.997994383951056,0.9847676827921691,30.29563245360641,51.96170761459389,17.7426599317997,0.8304401650555624,0.05882450816835355,0.11004504684018002,0.012838841253567906,0.01120177820763127,1.0233503395252952,69.7043675463936,Sélection automatique par sortie,False
2484,68.49225343343338,450.9192016626515,12.438431223229896,17.57979836385673,1.75,27.720582049339683,53.349789956967186,18.929627993693124,2.0895621891968768,0.144683693883002,0.24079597430437374,0.059585704463948314,0.022493626353636127,2.5571211882018368,72.2794179506603,Sélection automatique par sortie,False
2485,42.67209018341582,534.8373983113886,16.91,25.922804547796122,2.37,21.692532932381344,57.439590391262044,20.867876676356595,2.8689272372200403,0.19247613685797765,0.3296354161043279,0.09279260834453715,0.029245688696678034,3.513077087223561,78.30746706761863,Sélection automatique par sortie,False
2486,49.038195872890675,467.6775574775626,21.652591077488708,11.058585992519665,2.518759369354892,27.564579776526053,54.61463606667401,17.82078415679992,2.1138269391809708,0.1434760171690308,0.2627900979955395,0.06326640014207496,0.022547958501186804,2.605907412988803,72.43542022347393,Sélection automatique par sortie,False
2487,54.55380251076305,391.96026730490746,24.698852137622815,15.832898610903332,2.58,30.597553726782017,51.95771153303691,17.444734740181076,1.0785342695484919,0.07545877658843292,0.12967442594684214,0.022463184249058278,0.014514070254287238,1.3206447265871124,69.40244627321798,Sélection automatique par sortie,False
2488,45.13602368607685,363.0067885546904,22.78,25.091820385246432,2.41,30.061425517831974,52.0883410083954,17.850233473772626,0.7133623439409251,0.05079447034350967,0.08734436179663052,0.009673140040810851,0.010760478348323856,0.8719347944702001,69.93857448216804,Sélection automatique par sortie,False
2489,51.120143791966136,497.94424327430875,28.366020956278437,24.081952707093045,3.3,24.720757655285325,55.3982196590382,19.881022685676477,2.58459500991636,0.17644579618874612,0.29650314639713954,0.08044349176619137,0.027279188010587384,3.1652666322790246,75.27924234471467,Sélection automatique par sortie,False
2490,59.88729992252667,451.4053131846728,14.265419286636702,17.346473637199793,2.16,27.609778968748035,53.807633629457875,18.582587401794083,1.9771082742028339,0.13635850623578066,0.23721096027224067,0.05661975281879665,0.021543595451545106,2.428841088981197,72.39022103125195,Sélection automatique par sortie,False
2491,29.7687038024196,397.28967246724557,22.027863065831518,21.45324192170432,1.11,27.598843386345834,54.50809690427312,17.89305970938104,1.1426010480743418,0.07881014419221319,0.12765868911101277,0.023462507131798524,0.011459711428825315,1.3839920999381914,72.40115661365415,Sélection automatique par sortie,False
2492,54.75493962350646,448.7952845415726,19.36,15.15,3.6,28.546698733870855,53.34814935035063,18.105151915778503,1.8466800336141411,0.1269988802067859,0.2242213455667484,0.05212901186942684,0.020866102241308904,2.270895373498411,71.45330126612913,Sélection automatique par sortie,False
2493,39.89380636082464,471.7893337407697,16.282269355088946,20.89,4.19,26.195142044360754,54.70341456665715,19.1014433889821,1.9692372752123772,0.1328230560085752,0.2421934300947696,0.05621675663310264,0.023916491505554686,2.424387009454379,73.80485795563925,Sélection automatique par sortie,False
2494,48.870227806478034,501.9093705479054,19.43,17.14530075454323,3.713143069985797,25.605052163217934,55.33965235207876,19.055295484703322,2.5312103172428033,0.17181233614515456,0.2929353169085426,0.07981444859863324,0.02769263511223443,3.103465054007368,74.39494783678208,Sélection automatique par sortie,False
2495,48.2396967939993,412.0585176901532,18.9909983524062,15.572538880092086,2.52,29.329497190512907,53.10556700235485,17.564935807132237,1.3490338579877605,0.09202888244539803,0.16892172619234952,0.03208002986317616,0.01519024878146139,1.6572547452701458,70.67050280948709,Sélection automatique par sortie,False
2496,23.0478934257179,396.7429082216252,15.917484983718158,17.89,1.7546617964787823,28.067796309856714,54.6352145516688,17.296989138474473,1.0743552435226644,0.07231182097823206,0.12639297972561783,0.020892313403670863,0.011386888772813873,1.3053392464029991,71.93220369014327,Sélection automatique par sortie,False
2497,67.07393256392544,487.199087335072,15.705582565053065,19.10515779777537,3.49,26.879919272486017,54.17099849528378,18.9490822322302,2.5285817751833024,0.1738202334720451,0.28400555165642444,0.07820548400316263,0.027775132797847144,3.0923881771127815,73.12008072751398,Sélection automatique par sortie,False
2498,28.494682320690863,405.7477342862452,14.149605751339765,8.79,3.890712356583181,30.240797647755137,53.46973460531557,16.289467746929283,1.183824718927112,0.08173545971008803,0.1320223069146888,0.023611756226743816,0.011980834151015566,1.4331750759296482,69.75920235224486,Sélection automatique par sortie,False
2499,57.574623663832234,550.426652396369,21.375345012744223,19.2821791242647,1.6110238295536414,22.505332722323658,57.2276127904617,20.267054487214647,3.479424649731132,0.23770614595619688,0.44820375629726483,0.11858935924181424,0.03515648648701472,4.319080397713423,77.49466727767634,Sélection automatique par sortie,False
2500,57.19,385.6004293126649,22.574880972392858,13.78,2.8566467450278914,31.282903595789648,51.49415369748811,17.222942706722236,0.9971785665571915,0.07011246169263469,0.12267616788612358,0.019081386340904415,0.013790593477236034,1.2228391759540904,68.71709640421034,Sélection automatique par sortie,False
