"Record_ID","Mass_balance_pct","Merge_domain_status","Data_quality_flag","Merge_method"
"EW-0001","100.000","interpolation_400_500","prototype_synthetic_interpolated","Temperature-based linear model from second database; not a row-index join"
"EW-0002","100.000","extrapolation_outside_400_500","prototype_synthetic_extrapolated","Temperature-based linear model from second database; not a row-index join"
"EW-0003","100.000","extrapolation_outside_400_500","prototype_synthetic_extrapolated","Temperature-based linear model from second database; not a row-index join"
"EW-0004","99.990","interpolation_400_500","prototype_synthetic_interpolated","Temperature-based linear model from second database; not a row-index join"
"EW-0005","100.010","extrapolation_outside_400_500","prototype_synthetic_extrapolated","Temperature-based linear model from second database; not a row-index join"
"EW-0006","100.000","interpolation_400_500","prototype_synthetic_interpolated","Temperature-based linear model from second database; not a row-index join"
"EW-0007","99.990","interpolation_400_500","prototype_synthetic_interpolated","Temperature-based linear model from second database; not a row-index join"
"EW-0008","100.010","interpolation_400_500","prototype_synthetic_interpolated","Temperature-based linear model from second database; not a row-index join"
"EW-0009","100.000","extrapolation_outside_400_500","prototype_synthetic_extrapolated","Temperature-based linear model from second database; not a row-index join"
"EW-0010","100.000","extrapolation_outside_400_500","prototype_synthetic_extrapolated","Temperature-based linear model from second database; not a row-index join"
"EW-0011","100.000","extrapolation_outside_400_500","prototype_synthetic_extrapolated","Temperature-based linear model from second database; not a row-index join"
"EW-0012","100.000","interpolation_400_500","prototype_synthetic_interpolated","Temperature-based linear model from second database; not a row-index join"
"EW-0013","100.000","extrapolation_outside_400_500","prototype_synthetic_extrapolated","Temperature-based linear model from second database; not a row-index join"
"EW-0014","99.990","extrapolation_outside_400_500","prototype_synthetic_extrapolated","Temperature-based linear model from second database; not a row-index join"
"EW-0015","100.010","extrapolation_outside_400_500","prototype_synthetic_extrapolated","Temperature-based linear model from second database; not a row-index join"
"EW-0016","100.000","interpolation_400_500","prototype_synthetic_interpolated","Temperature-based linear model from second database; not a row-index join"
"EW-0017","100.000","interpolation_400_500","prototype_synthetic_interpolated","Temperature-based linear model from second database; not a row-index join"
"EW-0018","100.000","extrapolation_outside_400_500","prototype_synthetic_extrapolated","Temperature-based linear model from second database; not a row-index join"
"EW-0019","100.000","interpolation_400_500","prototype_synthetic_interpolated","Temperature-based linear model from second database; not a row-index join"
"EW-0020","99.990","interpolation_400_500","prototype_synthetic_interpolated","Temperature-based linear model from second database; not a row-index join"
"EW-0021","100.000","interpolation_400_500","prototype_synthetic_interpolated","Temperature-based linear model from second database; not a row-index join"
"EW-0022","100.000","extrapolation_outside_400_500","prototype_synthetic_extrapolated","Temperature-based linear model from second database; not a row-index join"
"EW-0023","100.000","extrapolation_outside_400_500","prototype_synthetic_extrapolated","Temperature-based linear model from second database; not a row-index join"
"EW-0024","100.000","extrapolation_outside_400_500","prototype_synthetic_extrapolated","Temperature-based linear model from second database; not a row-index join"
"EW-0025","100.000","interpolation_400_500","prototype_synthetic_interpolated","Temperature-based linear model from second database; not a row-index join"
"EW-0026","100.000","interpolation_400_500","prototype_synthetic_interpolated","Temperature-based linear model from second database; not a row-index join"
"EW-0027","100.000","extrapolation_outside_400_500","prototype_synthetic_extrapolated","Temperature-based linear model from second database; not a row-index join"
"EW-0028","99.990","extrapolation_outside_400_500","prototype_synthetic_extrapolated","Temperature-based linear model from second database; not a row-index join"
"EW-0029","100.000","extrapolation_outside_400_500","prototype_synthetic_extrapolated","Temperature-based linear model from second database; not a row-index join"
"EW-0030","100.000","extrapolation_outside_400_500","prototype_synthetic_extrapolated","Temperature-based linear model from second database; not a row-index join"
"EW-0031","100.000","interpolation_400_500","prototype_synthetic_interpolated","Temperature-based linear model from second database; not a row-index join"
"EW-0032","100.000","interpolation_400_500","prototype_synthetic_interpolated","Temperature-based linear model from second database; not a row-index join"
"EW-0033","100.000","interpolation_400_500","prototype_synthetic_interpolated","Temperature-based linear model from second database; not a row-index join"
"EW-0034","100.000","interpolation_400_500","prototype_synthetic_interpolated","Temperature-based linear model from second database; not a row-index join"
"EW-0035","100.000","interpolation_400_500","prototype_synthetic_interpolated","Temperature-based linear model from second database; not a row-index join"
"EW-0036","100.000","interpolation_400_500","prototype_synthetic_interpolated","Temperature-based linear model from second database; not a row-index join"
"EW-0037","100.010","interpolation_400_500","prototype_synthetic_interpolated","Temperature-based linear model from second database; not a row-index join"
"EW-0038","100.000","interpolation_400_500","prototype_synthetic_interpolated","Temperature-based linear model from second database; not a row-index join"
"EW-0039","100.000","interpolation_400_500","prototype_synthetic_interpolated","Temperature-based linear model from second database; not a row-index join"
"EW-0040","100.000","interpolation_400_500","prototype_synthetic_interpolated","Temperature-based linear model from second database; not a row-index join"
"EW-0041","100.000","extrapolation_outside_400_500","prototype_synthetic_extrapolated","Temperature-based linear model from second database; not a row-index join"
"EW-0042","100.000","extrapolation_outside_400_500","prototype_synthetic_extrapolated","Temperature-based linear model from second database; not a row-index join"
"EW-0043","100.000","extrapolation_outside_400_500","prototype_synthetic_extrapolated","Temperature-based linear model from second database; not a row-index join"
"EW-0044","99.990","interpolation_400_500","prototype_synthetic_interpolated","Temperature-based linear model from second database; not a row-index join"
"EW-0045","100.000","interpolation_400_500","prototype_synthetic_interpolated","Temperature-based linear model from second database; not a row-index join"
"EW-0046","100.000","interpolation_400_500","prototype_synthetic_interpolated","Temperature-based linear model from second database; not a row-index join"
"EW-0047","99.990","extrapolation_outside_400_500","prototype_synthetic_extrapolated","Temperature-based linear model from second database; not a row-index join"
"EW-0048","100.000","extrapolation_outside_400_500","prototype_synthetic_extrapolated","Temperature-based linear model from second database; not a row-index join"
"EW-0049","100.000","interpolation_400_500","prototype_synthetic_interpolated","Temperature-based linear model from second database; not a row-index join"
"EW-0050","100.000","interpolation_400_500","prototype_synthetic_interpolated","Temperature-based linear model from second database; not a row-index join"
"EW-0051","100.000","interpolation_400_500","prototype_synthetic_interpolated","Temperature-based linear model from second database; not a row-index join"
"EW-0052","100.000","extrapolation_outside_400_500","prototype_synthetic_extrapolated","Temperature-based linear model from second database; not a row-index join"
"EW-0053","100.000","interpolation_400_500","prototype_synthetic_interpolated","Temperature-based linear model from second database; not a row-index join"
"EW-0054","100.000","extrapolation_outside_400_500","prototype_synthetic_extrapolated","Temperature-based linear model from second database; not a row-index join"
"EW-0055","100.000","interpolation_400_500","prototype_synthetic_interpolated","Temperature-based linear model from second database; not a row-index join"
"EW-0056","100.000","interpolation_400_500","prototype_synthetic_interpolated","Temperature-based linear model from second database; not a row-index join"
"EW-0057","100.000","interpolation_400_500","prototype_synthetic_interpolated","Temperature-based linear model from second database; not a row-index join"
"EW-0058","100.000","extrapolation_outside_400_500","prototype_synthetic_extrapolated","Temperature-based linear model from second database; not a row-index join"
"EW-0059","100.010","interpolation_400_500","prototype_synthetic_interpolated","Temperature-based linear model from second database; not a row-index join"
"EW-0060","100.000","interpolation_400_500","prototype_synthetic_interpolated","Temperature-based linear model from second database; not a row-index join"
"EW-0061","100.000","extrapolation_outside_400_500","prototype_synthetic_extrapolated","Temperature-based linear model from second database; not a row-index join"
"EW-0062","100.010","interpolation_400_500","prototype_synthetic_interpolated","Temperature-based linear model from second database; not a row-index join"
"EW-0063","100.000","extrapolation_outside_400_500","prototype_synthetic_extrapolated","Temperature-based linear model from second database; not a row-index join"
"EW-0064","100.000","extrapolation_outside_400_500","prototype_synthetic_extrapolated","Temperature-based linear model from second database; not a row-index join"
"EW-0065","100.000","extrapolation_outside_400_500","prototype_synthetic_extrapolated","Temperature-based linear model from second database; not a row-index join"
"EW-0066","100.000","extrapolation_outside_400_500","prototype_synthetic_extrapolated","Temperature-based linear model from second database; not a row-index join"
"EW-0067","100.000","interpolation_400_500","prototype_synthetic_interpolated","Temperature-based linear model from second database; not a row-index join"
"EW-0068","100.000","extrapolation_outside_400_500","prototype_synthetic_extrapolated","Temperature-based linear model from second database; not a row-index join"
"EW-0069","100.010","extrapolation_outside_400_500","prototype_synthetic_extrapolated","Temperature-based linear model from second database; not a row-index join"
"EW-0070","100.010","interpolation_400_500","prototype_synthetic_interpolated","Temperature-based linear model from second database; not a row-index join"
"EW-0071","100.000","extrapolation_outside_400_500","prototype_synthetic_extrapolated","Temperature-based linear model from second database; not a row-index join"
"EW-0072","100.000","extrapolation_outside_400_500","prototype_synthetic_extrapolated","Temperature-based linear model from second database; not a row-index join"
"EW-0073","100.000","interpolation_400_500","prototype_synthetic_interpolated","Temperature-based linear model from second database; not a row-index join"
"EW-0074","100.010","interpolation_400_500","prototype_synthetic_interpolated","Temperature-based linear model from second database; not a row-index join"
"EW-0075","100.000","interpolation_400_500","prototype_synthetic_interpolated","Temperature-based linear model from second database; not a row-index join"
"EW-0076","100.000","interpolation_400_500","prototype_synthetic_interpolated","Temperature-based linear model from second database; not a row-index join"
"EW-0077","100.000","interpolation_400_500","prototype_synthetic_interpolated","Temperature-based linear model from second database; not a row-index join"
"EW-0078","100.000","extrapolation_outside_400_500","prototype_synthetic_extrapolated","Temperature-based linear model from second database; not a row-index join"
"EW-0079","100.000","interpolation_400_500","prototype_synthetic_interpolated","Temperature-based linear model from second database; not a row-index join"
"EW-0080","100.000","interpolation_400_500","prototype_synthetic_interpolated","Temperature-based linear model from second database; not a row-index join"
"EW-0081","100.000","extrapolation_outside_400_500","prototype_synthetic_extrapolated","Temperature-based linear model from second database; not a row-index join"
"EW-0082","100.000","interpolation_400_500","prototype_synthetic_interpolated","Temperature-based linear model from second database; not a row-index join"
"EW-0083","100.000","extrapolation_outside_400_500","prototype_synthetic_extrapolated","Temperature-based linear model from second database; not a row-index join"
"EW-0084","99.990","interpolation_400_500","prototype_synthetic_interpolated","Temperature-based linear model from second database; not a row-index join"
"EW-0085","100.010","interpolation_400_500","prototype_synthetic_interpolated","Temperature-based linear model from second database; not a row-index join"
"EW-0086","100.000","extrapolation_outside_400_500","prototype_synthetic_extrapolated","Temperature-based linear model from second database; not a row-index join"
"EW-0087","100.000","interpolation_400_500","prototype_synthetic_interpolated","Temperature-based linear model from second database; not a row-index join"
"EW-0088","100.000","extrapolation_outside_400_500","prototype_synthetic_extrapolated","Temperature-based linear model from second database; not a row-index join"
"EW-0089","100.000","extrapolation_outside_400_500","prototype_synthetic_extrapolated","Temperature-based linear model from second database; not a row-index join"
"EW-0090","100.000","extrapolation_outside_400_500","prototype_synthetic_extrapolated","Temperature-based linear model from second database; not a row-index join"
"EW-0091","100.000","extrapolation_outside_400_500","prototype_synthetic_extrapolated","Temperature-based linear model from second database; not a row-index join"
"EW-0092","100.000","interpolation_400_500","prototype_synthetic_interpolated","Temperature-based linear model from second database; not a row-index join"
"EW-0093","100.000","interpolation_400_500","prototype_synthetic_interpolated","Temperature-based linear model from second database; not a row-index join"
"EW-0094","100.000","interpolation_400_500","prototype_synthetic_interpolated","Temperature-based linear model from second database; not a row-index join"
"EW-0095","100.000","interpolation_400_500","prototype_synthetic_interpolated","Temperature-based linear model from second database; not a row-index join"
"EW-0096","100.000","interpolation_400_500","prototype_synthetic_interpolated","Temperature-based linear model from second database; not a row-index join"
"EW-0097","100.010","interpolation_400_500","prototype_synthetic_interpolated","Temperature-based linear model from second database; not a row-index join"
"EW-0098","100.010","extrapolation_outside_400_500","prototype_synthetic_extrapolated","Temperature-based linear model from second database; not a row-index join"
"EW-0099","100.000","interpolation_400_500","prototype_synthetic_interpolated","Temperature-based linear model from second database; not a row-index join"
"EW-0100","100.000","interpolation_400_500","prototype_synthetic_interpolated","Temperature-based linear model from second database; not a row-index join"
"EW-0101","100.000","interpolation_400_500","prototype_synthetic_interpolated","Temperature-based linear model from second database; not a row-index join"
"EW-0102","99.990","extrapolation_outside_400_500","prototype_synthetic_extrapolated","Temperature-based linear model from second database; not a row-index join"
"EW-0103","100.000","interpolation_400_500","prototype_synthetic_interpolated","Temperature-based linear model from second database; not a row-index join"
"EW-0104","100.000","interpolation_400_500","prototype_synthetic_interpolated","Temperature-based linear model from second database; not a row-index join"
"EW-0105","100.010","interpolation_400_500","prototype_synthetic_interpolated","Temperature-based linear model from second database; not a row-index join"
"EW-0106","100.000","interpolation_400_500","prototype_synthetic_interpolated","Temperature-based linear model from second database; not a row-index join"
"EW-0107","100.000","extrapolation_outside_400_500","prototype_synthetic_extrapolated","Temperature-based linear model from second database; not a row-index join"
"EW-0108","100.000","interpolation_400_500","prototype_synthetic_interpolated","Temperature-based linear model from second database; not a row-index join"
"EW-0109","100.000","interpolation_400_500","prototype_synthetic_interpolated","Temperature-based linear model from second database; not a row-index join"
"EW-0110","100.000","extrapolation_outside_400_500","prototype_synthetic_extrapolated","Temperature-based linear model from second database; not a row-index join"
"EW-0111","100.000","extrapolation_outside_400_500","prototype_synthetic_extrapolated","Temperature-based linear model from second database; not a row-index join"
"EW-0112","100.000","extrapolation_outside_400_500","prototype_synthetic_extrapolated","Temperature-based linear model from second database; not a row-index join"
"EW-0113","100.000","extrapolation_outside_400_500","prototype_synthetic_extrapolated","Temperature-based linear model from second database; not a row-index join"
"EW-0114","100.000","interpolation_400_500","prototype_synthetic_interpolated","Temperature-based linear model from second database; not a row-index join"
"EW-0115","100.000","interpolation_400_500","prototype_synthetic_interpolated","Temperature-based linear model from second database; not a row-index join"
"EW-0116","100.010","interpolation_400_500","prototype_synthetic_interpolated","Temperature-based linear model from second database; not a row-index join"
"EW-0117","100.000","extrapolation_outside_400_500","prototype_synthetic_extrapolated","Temperature-based linear model from second database; not a row-index join"
"EW-0118","100.000","extrapolation_outside_400_500","prototype_synthetic_extrapolated","Temperature-based linear model from second database; not a row-index join"
"EW-0119","100.000","extrapolation_outside_400_500","prototype_synthetic_extrapolated","Temperature-based linear model from second database; not a row-index join"
"EW-0120","100.000","interpolation_400_500","prototype_synthetic_interpolated","Temperature-based linear model from second database; not a row-index join"
"EW-0121","100.000","extrapolation_outside_400_500","prototype_synthetic_extrapolated","Temperature-based linear model from second database; not a row-index join"
"EW-0122","100.000","extrapolation_outside_400_500","prototype_synthetic_extrapolated","Temperature-based linear model from second database; not a row-index join"
"EW-0123","99.990","extrapolation_outside_400_500","prototype_synthetic_extrapolated","Temperature-based linear model from second database; not a row-index join"
"EW-0124","100.000","extrapolation_outside_400_500","prototype_synthetic_extrapolated","Temperature-based linear model from second database; not a row-index join"
"EW-0125","100.000","interpolation_400_500","prototype_synthetic_interpolated","Temperature-based linear model from second database; not a row-index join"
"EW-0126","100.000","interpolation_400_500","prototype_synthetic_interpolated","Temperature-based linear model from second database; not a row-index join"
"EW-0127","100.000","extrapolation_outside_400_500","prototype_synthetic_extrapolated","Temperature-based linear model from second database; not a row-index join"
"EW-0128","100.000","interpolation_400_500","prototype_synthetic_interpolated","Temperature-based linear model from second database; not a row-index join"
"EW-0129","100.000","extrapolation_outside_400_500","prototype_synthetic_extrapolated","Temperature-based linear model from second database; not a row-index join"
"EW-0130","100.010","extrapolation_outside_400_500","prototype_synthetic_extrapolated","Temperature-based linear model from second database; not a row-index join"
"EW-0131","99.990","interpolation_400_500","prototype_synthetic_interpolated","Temperature-based linear model from second database; not a row-index join"
"EW-0132","99.990","interpolation_400_500","prototype_synthetic_interpolated","Temperature-based linear model from second database; not a row-index join"
"EW-0133","100.000","interpolation_400_500","prototype_synthetic_interpolated","Temperature-based linear model from second database; not a row-index join"
"EW-0134","100.010","extrapolation_outside_400_500","prototype_synthetic_extrapolated","Temperature-based linear model from second database; not a row-index join"
"EW-0135","100.000","extrapolation_outside_400_500","prototype_synthetic_extrapolated","Temperature-based linear model from second database; not a row-index join"
"EW-0136","100.000","extrapolation_outside_400_500","prototype_synthetic_extrapolated","Temperature-based linear model from second database; not a row-index join"
"EW-0137","99.990","extrapolation_outside_400_500","prototype_synthetic_extrapolated","Temperature-based linear model from second database; not a row-index join"
"EW-0138","100.000","interpolation_400_500","prototype_synthetic_interpolated","Temperature-based linear model from second database; not a row-index join"
"EW-0139","100.000","extrapolation_outside_400_500","prototype_synthetic_extrapolated","Temperature-based linear model from second database; not a row-index join"
"EW-0140","100.000","interpolation_400_500","prototype_synthetic_interpolated","Temperature-based linear model from second database; not a row-index join"
"EW-0141","100.000","extrapolation_outside_400_500","prototype_synthetic_extrapolated","Temperature-based linear model from second database; not a row-index join"
"EW-0142","100.000","extrapolation_outside_400_500","prototype_synthetic_extrapolated","Temperature-based linear model from second database; not a row-index join"
"EW-0143","100.010","interpolation_400_500","prototype_synthetic_interpolated","Temperature-based linear model from second database; not a row-index join"
"EW-0144","100.010","extrapolation_outside_400_500","prototype_synthetic_extrapolated","Temperature-based linear model from second database; not a row-index join"
"EW-0145","100.000","interpolation_400_500","prototype_synthetic_interpolated","Temperature-based linear model from second database; not a row-index join"
"EW-0146","100.000","interpolation_400_500","prototype_synthetic_interpolated","Temperature-based linear model from second database; not a row-index join"
"EW-0147","100.000","interpolation_400_500","prototype_synthetic_interpolated","Temperature-based linear model from second database; not a row-index join"
"EW-0148","100.000","interpolation_400_500","prototype_synthetic_interpolated","Temperature-based linear model from second database; not a row-index join"
"EW-0149","100.000","extrapolation_outside_400_500","prototype_synthetic_extrapolated","Temperature-based linear model from second database; not a row-index join"
"EW-0150","100.000","interpolation_400_500","prototype_synthetic_interpolated","Temperature-based linear model from second database; not a row-index join"
"EW-0151","100.010","extrapolation_outside_400_500","prototype_synthetic_extrapolated","Temperature-based linear model from second database; not a row-index join"
"EW-0152","100.010","interpolation_400_500","prototype_synthetic_interpolated","Temperature-based linear model from second database; not a row-index join"
"EW-0153","100.000","extrapolation_outside_400_500","prototype_synthetic_extrapolated","Temperature-based linear model from second database; not a row-index join"
"EW-0154","100.000","interpolation_400_500","prototype_synthetic_interpolated","Temperature-based linear model from second database; not a row-index join"
"EW-0155","100.000","interpolation_400_500","prototype_synthetic_interpolated","Temperature-based linear model from second database; not a row-index join"
"EW-0156","100.000","interpolation_400_500","prototype_synthetic_interpolated","Temperature-based linear model from second database; not a row-index join"
"EW-0157","100.000","interpolation_400_500","prototype_synthetic_interpolated","Temperature-based linear model from second database; not a row-index join"
"EW-0158","99.990","extrapolation_outside_400_500","prototype_synthetic_extrapolated","Temperature-based linear model from second database; not a row-index join"
"EW-0159","100.000","interpolation_400_500","prototype_synthetic_interpolated","Temperature-based linear model from second database; not a row-index join"
"EW-0160","100.000","extrapolation_outside_400_500","prototype_synthetic_extrapolated","Temperature-based linear model from second database; not a row-index join"
"EW-0161","100.000","extrapolation_outside_400_500","prototype_synthetic_extrapolated","Temperature-based linear model from second database; not a row-index join"
"EW-0162","100.000","interpolation_400_500","prototype_synthetic_interpolated","Temperature-based linear model from second database; not a row-index join"
"EW-0163","100.000","extrapolation_outside_400_500","prototype_synthetic_extrapolated","Temperature-based linear model from second database; not a row-index join"
"EW-0164","100.000","interpolation_400_500","prototype_synthetic_interpolated","Temperature-based linear model from second database; not a row-index join"
"EW-0165","100.000","interpolation_400_500","prototype_synthetic_interpolated","Temperature-based linear model from second database; not a row-index join"
"EW-0166","100.000","extrapolation_outside_400_500","prototype_synthetic_extrapolated","Temperature-based linear model from second database; not a row-index join"
"EW-0167","100.000","extrapolation_outside_400_500","prototype_synthetic_extrapolated","Temperature-based linear model from second database; not a row-index join"
"EW-0168","100.000","interpolation_400_500","prototype_synthetic_interpolated","Temperature-based linear model from second database; not a row-index join"
"EW-0169","100.000","extrapolation_outside_400_500","prototype_synthetic_extrapolated","Temperature-based linear model from second database; not a row-index join"
"EW-0170","100.000","interpolation_400_500","prototype_synthetic_interpolated","Temperature-based linear model from second database; not a row-index join"
"EW-0171","99.990","extrapolation_outside_400_500","prototype_synthetic_extrapolated","Temperature-based linear model from second database; not a row-index join"
"EW-0172","100.000","interpolation_400_500","prototype_synthetic_interpolated","Temperature-based linear model from second database; not a row-index join"
"EW-0173","100.000","extrapolation_outside_400_500","prototype_synthetic_extrapolated","Temperature-based linear model from second database; not a row-index join"
"EW-0174","100.000","interpolation_400_500","prototype_synthetic_interpolated","Temperature-based linear model from second database; not a row-index join"
"EW-0175","100.000","extrapolation_outside_400_500","prototype_synthetic_extrapolated","Temperature-based linear model from second database; not a row-index join"
"EW-0176","100.000","extrapolation_outside_400_500","prototype_synthetic_extrapolated","Temperature-based linear model from second database; not a row-index join"
"EW-0177","100.000","interpolation_400_500","prototype_synthetic_interpolated","Temperature-based linear model from second database; not a row-index join"
"EW-0178","100.000","extrapolation_outside_400_500","prototype_synthetic_extrapolated","Temperature-based linear model from second database; not a row-index join"
"EW-0179","100.010","interpolation_400_500","prototype_synthetic_interpolated","Temperature-based linear model from second database; not a row-index join"
"EW-0180","100.010","interpolation_400_500","prototype_synthetic_interpolated","Temperature-based linear model from second database; not a row-index join"
"EW-0181","100.000","extrapolation_outside_400_500","prototype_synthetic_extrapolated","Temperature-based linear model from second database; not a row-index join"
"EW-0182","100.000","interpolation_400_500","prototype_synthetic_interpolated","Temperature-based linear model from second database; not a row-index join"
"EW-0183","100.000","interpolation_400_500","prototype_synthetic_interpolated","Temperature-based linear model from second database; not a row-index join"
"EW-0184","100.000","interpolation_400_500","prototype_synthetic_interpolated","Temperature-based linear model from second database; not a row-index join"
"EW-0185","100.000","interpolation_400_500","prototype_synthetic_interpolated","Temperature-based linear model from second database; not a row-index join"
"EW-0186","99.990","interpolation_400_500","prototype_synthetic_interpolated","Temperature-based linear model from second database; not a row-index join"
"EW-0187","100.000","interpolation_400_500","prototype_synthetic_interpolated","Temperature-based linear model from second database; not a row-index join"
"EW-0188","100.000","interpolation_400_500","prototype_synthetic_interpolated","Temperature-based linear model from second database; not a row-index join"
"EW-0189","100.000","extrapolation_outside_400_500","prototype_synthetic_extrapolated","Temperature-based linear model from second database; not a row-index join"
"EW-0190","100.000","extrapolation_outside_400_500","prototype_synthetic_extrapolated","Temperature-based linear model from second database; not a row-index join"
"EW-0191","100.000","extrapolation_outside_400_500","prototype_synthetic_extrapolated","Temperature-based linear model from second database; not a row-index join"
"EW-0192","100.000","extrapolation_outside_400_500","prototype_synthetic_extrapolated","Temperature-based linear model from second database; not a row-index join"
"EW-0193","99.990","interpolation_400_500","prototype_synthetic_interpolated","Temperature-based linear model from second database; not a row-index join"
"EW-0194","100.000","interpolation_400_500","prototype_synthetic_interpolated","Temperature-based linear model from second database; not a row-index join"
"EW-0195","100.000","interpolation_400_500","prototype_synthetic_interpolated","Temperature-based linear model from second database; not a row-index join"
"EW-0196","100.000","interpolation_400_500","prototype_synthetic_interpolated","Temperature-based linear model from second database; not a row-index join"
"EW-0197","100.000","interpolation_400_500","prototype_synthetic_interpolated","Temperature-based linear model from second database; not a row-index join"
"EW-0198","100.000","interpolation_400_500","prototype_synthetic_interpolated","Temperature-based linear model from second database; not a row-index join"
"EW-0199","100.000","extrapolation_outside_400_500","prototype_synthetic_extrapolated","Temperature-based linear model from second database; not a row-index join"
"EW-0200","99.990","interpolation_400_500","prototype_synthetic_interpolated","Temperature-based linear model from second database; not a row-index join"
"EW-0201","100.000","interpolation_400_500","prototype_synthetic_interpolated","Temperature-based linear model from second database; not a row-index join"
"EW-0202","100.000","extrapolation_outside_400_500","prototype_synthetic_extrapolated","Temperature-based linear model from second database; not a row-index join"
"EW-0203","100.000","interpolation_400_500","prototype_synthetic_interpolated","Temperature-based linear model from second database; not a row-index join"
"EW-0204","100.000","interpolation_400_500","prototype_synthetic_interpolated","Temperature-based linear model from second database; not a row-index join"
"EW-0205","100.010","interpolation_400_500","prototype_synthetic_interpolated","Temperature-based linear model from second database; not a row-index join"
"EW-0206","100.000","extrapolation_outside_400_500","prototype_synthetic_extrapolated","Temperature-based linear model from second database; not a row-index join"
"EW-0207","100.000","interpolation_400_500","prototype_synthetic_interpolated","Temperature-based linear model from second database; not a row-index join"
"EW-0208","100.000","extrapolation_outside_400_500","prototype_synthetic_extrapolated","Temperature-based linear model from second database; not a row-index join"
"EW-0209","100.000","interpolation_400_500","prototype_synthetic_interpolated","Temperature-based linear model from second database; not a row-index join"
"EW-0210","100.000","extrapolation_outside_400_500","prototype_synthetic_extrapolated","Temperature-based linear model from second database; not a row-index join"
"EW-0211","100.010","interpolation_400_500","prototype_synthetic_interpolated","Temperature-based linear model from second database; not a row-index join"
"EW-0212","100.000","extrapolation_outside_400_500","prototype_synthetic_extrapolated","Temperature-based linear model from second database; not a row-index join"
"EW-0213","99.990","extrapolation_outside_400_500","prototype_synthetic_extrapolated","Temperature-based linear model from second database; not a row-index join"
"EW-0214","100.010","extrapolation_outside_400_500","prototype_synthetic_extrapolated","Temperature-based linear model from second database; not a row-index join"
"EW-0215","100.010","interpolation_400_500","prototype_synthetic_interpolated","Temperature-based linear model from second database; not a row-index join"
"EW-0216","100.010","interpolation_400_500","prototype_synthetic_interpolated","Temperature-based linear model from second database; not a row-index join"
"EW-0217","100.010","extrapolation_outside_400_500","prototype_synthetic_extrapolated","Temperature-based linear model from second database; not a row-index join"
"EW-0218","100.000","interpolation_400_500","prototype_synthetic_interpolated","Temperature-based linear model from second database; not a row-index join"
"EW-0219","100.000","interpolation_400_500","prototype_synthetic_interpolated","Temperature-based linear model from second database; not a row-index join"
"EW-0220","100.000","interpolation_400_500","prototype_synthetic_interpolated","Temperature-based linear model from second database; not a row-index join"
"EW-0221","100.000","interpolation_400_500","prototype_synthetic_interpolated","Temperature-based linear model from second database; not a row-index join"
"EW-0222","100.000","extrapolation_outside_400_500","prototype_synthetic_extrapolated","Temperature-based linear model from second database; not a row-index join"
"EW-0223","99.990","interpolation_400_500","prototype_synthetic_interpolated","Temperature-based linear model from second database; not a row-index join"
"EW-0224","100.000","extrapolation_outside_400_500","prototype_synthetic_extrapolated","Temperature-based linear model from second database; not a row-index join"
"EW-0225","100.010","extrapolation_outside_400_500","prototype_synthetic_extrapolated","Temperature-based linear model from second database; not a row-index join"
"EW-0226","100.000","interpolation_400_500","prototype_synthetic_interpolated","Temperature-based linear model from second database; not a row-index join"
"EW-0227","100.000","extrapolation_outside_400_500","prototype_synthetic_extrapolated","Temperature-based linear model from second database; not a row-index join"
"EW-0228","100.000","interpolation_400_500","prototype_synthetic_interpolated","Temperature-based linear model from second database; not a row-index join"
"EW-0229","100.000","extrapolation_outside_400_500","prototype_synthetic_extrapolated","Temperature-based linear model from second database; not a row-index join"
"EW-0230","99.990","extrapolation_outside_400_500","prototype_synthetic_extrapolated","Temperature-based linear model from second database; not a row-index join"
"EW-0231","100.000","extrapolation_outside_400_500","prototype_synthetic_extrapolated","Temperature-based linear model from second database; not a row-index join"
"EW-0232","100.000","extrapolation_outside_400_500","prototype_synthetic_extrapolated","Temperature-based linear model from second database; not a row-index join"
"EW-0233","100.000","interpolation_400_500","prototype_synthetic_interpolated","Temperature-based linear model from second database; not a row-index join"
"EW-0234","100.010","interpolation_400_500","prototype_synthetic_interpolated","Temperature-based linear model from second database; not a row-index join"
"EW-0235","100.000","extrapolation_outside_400_500","prototype_synthetic_extrapolated","Temperature-based linear model from second database; not a row-index join"
"EW-0236","100.000","interpolation_400_500","prototype_synthetic_interpolated","Temperature-based linear model from second database; not a row-index join"
"EW-0237","100.010","interpolation_400_500","prototype_synthetic_interpolated","Temperature-based linear model from second database; not a row-index join"
"EW-0238","100.000","interpolation_400_500","prototype_synthetic_interpolated","Temperature-based linear model from second database; not a row-index join"
"EW-0239","100.000","extrapolation_outside_400_500","prototype_synthetic_extrapolated","Temperature-based linear model from second database; not a row-index join"
"EW-0240","100.000","interpolation_400_500","prototype_synthetic_interpolated","Temperature-based linear model from second database; not a row-index join"
"EW-0241","99.990","interpolation_400_500","prototype_synthetic_interpolated","Temperature-based linear model from second database; not a row-index join"
"EW-0242","99.990","extrapolation_outside_400_500","prototype_synthetic_extrapolated","Temperature-based linear model from second database; not a row-index join"
"EW-0243","100.000","interpolation_400_500","prototype_synthetic_interpolated","Temperature-based linear model from second database; not a row-index join"
"EW-0244","99.990","extrapolation_outside_400_500","prototype_synthetic_extrapolated","Temperature-based linear model from second database; not a row-index join"
"EW-0245","100.000","interpolation_400_500","prototype_synthetic_interpolated","Temperature-based linear model from second database; not a row-index join"
"EW-0246","100.010","extrapolation_outside_400_500","prototype_synthetic_extrapolated","Temperature-based linear model from second database; not a row-index join"
"EW-0247","100.000","interpolation_400_500","prototype_synthetic_interpolated","Temperature-based linear model from second database; not a row-index join"
"EW-0248","100.000","extrapolation_outside_400_500","prototype_synthetic_extrapolated","Temperature-based linear model from second database; not a row-index join"
"EW-0249","99.990","interpolation_400_500","prototype_synthetic_interpolated","Temperature-based linear model from second database; not a row-index join"
"EW-0250","99.990","interpolation_400_500","prototype_synthetic_interpolated","Temperature-based linear model from second database; not a row-index join"
"EW-0251","100.000","interpolation_400_500","prototype_synthetic_interpolated","Temperature-based linear model from second database; not a row-index join"
"EW-0252","100.010","extrapolation_outside_400_500","prototype_synthetic_extrapolated","Temperature-based linear model from second database; not a row-index join"
"EW-0253","100.000","extrapolation_outside_400_500","prototype_synthetic_extrapolated","Temperature-based linear model from second database; not a row-index join"
"EW-0254","100.000","interpolation_400_500","prototype_synthetic_interpolated","Temperature-based linear model from second database; not a row-index join"
"EW-0255","100.000","interpolation_400_500","prototype_synthetic_interpolated","Temperature-based linear model from second database; not a row-index join"
"EW-0256","100.010","interpolation_400_500","prototype_synthetic_interpolated","Temperature-based linear model from second database; not a row-index join"
"EW-0257","100.000","extrapolation_outside_400_500","prototype_synthetic_extrapolated","Temperature-based linear model from second database; not a row-index join"
"EW-0258","100.010","interpolation_400_500","prototype_synthetic_interpolated","Temperature-based linear model from second database; not a row-index join"
"EW-0259","100.010","extrapolation_outside_400_500","prototype_synthetic_extrapolated","Temperature-based linear model from second database; not a row-index join"
"EW-0260","100.000","extrapolation_outside_400_500","prototype_synthetic_extrapolated","Temperature-based linear model from second database; not a row-index join"
"EW-0261","100.000","extrapolation_outside_400_500","prototype_synthetic_extrapolated","Temperature-based linear model from second database; not a row-index join"
"EW-0262","100.000","interpolation_400_500","prototype_synthetic_interpolated","Temperature-based linear model from second database; not a row-index join"
"EW-0263","100.000","extrapolation_outside_400_500","prototype_synthetic_extrapolated","Temperature-based linear model from second database; not a row-index join"
"EW-0264","100.000","extrapolation_outside_400_500","prototype_synthetic_extrapolated","Temperature-based linear model from second database; not a row-index join"
"EW-0265","100.000","extrapolation_outside_400_500","prototype_synthetic_extrapolated","Temperature-based linear model from second database; not a row-index join"
"EW-0266","100.010","extrapolation_outside_400_500","prototype_synthetic_extrapolated","Temperature-based linear model from second database; not a row-index join"
"EW-0267","100.000","interpolation_400_500","prototype_synthetic_interpolated","Temperature-based linear model from second database; not a row-index join"
"EW-0268","100.000","interpolation_400_500","prototype_synthetic_interpolated","Temperature-based linear model from second database; not a row-index join"
"EW-0269","99.990","extrapolation_outside_400_500","prototype_synthetic_extrapolated","Temperature-based linear model from second database; not a row-index join"
"EW-0270","100.000","extrapolation_outside_400_500","prototype_synthetic_extrapolated","Temperature-based linear model from second database; not a row-index join"
"EW-0271","100.000","interpolation_400_500","prototype_synthetic_interpolated","Temperature-based linear model from second database; not a row-index join"
"EW-0272","99.990","extrapolation_outside_400_500","prototype_synthetic_extrapolated","Temperature-based linear model from second database; not a row-index join"
"EW-0273","100.000","extrapolation_outside_400_500","prototype_synthetic_extrapolated","Temperature-based linear model from second database; not a row-index join"
"EW-0274","100.010","extrapolation_outside_400_500","prototype_synthetic_extrapolated","Temperature-based linear model from second database; not a row-index join"
"EW-0275","100.000","extrapolation_outside_400_500","prototype_synthetic_extrapolated","Temperature-based linear model from second database; not a row-index join"
"EW-0276","100.000","interpolation_400_500","prototype_synthetic_interpolated","Temperature-based linear model from second database; not a row-index join"
"EW-0277","100.000","extrapolation_outside_400_500","prototype_synthetic_extrapolated","Temperature-based linear model from second database; not a row-index join"
"EW-0278","100.000","extrapolation_outside_400_500","prototype_synthetic_extrapolated","Temperature-based linear model from second database; not a row-index join"
"EW-0279","100.000","interpolation_400_500","prototype_synthetic_interpolated","Temperature-based linear model from second database; not a row-index join"
"EW-0280","100.000","extrapolation_outside_400_500","prototype_synthetic_extrapolated","Temperature-based linear model from second database; not a row-index join"
"EW-0281","100.000","interpolation_400_500","prototype_synthetic_interpolated","Temperature-based linear model from second database; not a row-index join"
"EW-0282","100.000","interpolation_400_500","prototype_synthetic_interpolated","Temperature-based linear model from second database; not a row-index join"
"EW-0283","100.000","interpolation_400_500","prototype_synthetic_interpolated","Temperature-based linear model from second database; not a row-index join"
"EW-0284","100.000","interpolation_400_500","prototype_synthetic_interpolated","Temperature-based linear model from second database; not a row-index join"
"EW-0285","99.990","interpolation_400_500","prototype_synthetic_interpolated","Temperature-based linear model from second database; not a row-index join"
"EW-0286","100.010","extrapolation_outside_400_500","prototype_synthetic_extrapolated","Temperature-based linear model from second database; not a row-index join"
"EW-0287","100.000","interpolation_400_500","prototype_synthetic_interpolated","Temperature-based linear model from second database; not a row-index join"
"EW-0288","100.000","extrapolation_outside_400_500","prototype_synthetic_extrapolated","Temperature-based linear model from second database; not a row-index join"
"EW-0289","99.990","interpolation_400_500","prototype_synthetic_interpolated","Temperature-based linear model from second database; not a row-index join"
"EW-0290","100.010","interpolation_400_500","prototype_synthetic_interpolated","Temperature-based linear model from second database; not a row-index join"
"EW-0291","100.000","interpolation_400_500","prototype_synthetic_interpolated","Temperature-based linear model from second database; not a row-index join"
"EW-0292","100.000","extrapolation_outside_400_500","prototype_synthetic_extrapolated","Temperature-based linear model from second database; not a row-index join"
"EW-0293","100.000","interpolation_400_500","prototype_synthetic_interpolated","Temperature-based linear model from second database; not a row-index join"
"EW-0294","99.990","interpolation_400_500","prototype_synthetic_interpolated","Temperature-based linear model from second database; not a row-index join"
"EW-0295","100.000","extrapolation_outside_400_500","prototype_synthetic_extrapolated","Temperature-based linear model from second database; not a row-index join"
"EW-0296","100.000","extrapolation_outside_400_500","prototype_synthetic_extrapolated","Temperature-based linear model from second database; not a row-index join"
"EW-0297","100.010","extrapolation_outside_400_500","prototype_synthetic_extrapolated","Temperature-based linear model from second database; not a row-index join"
"EW-0298","100.000","extrapolation_outside_400_500","prototype_synthetic_extrapolated","Temperature-based linear model from second database; not a row-index join"
"EW-0299","100.000","interpolation_400_500","prototype_synthetic_interpolated","Temperature-based linear model from second database; not a row-index join"
"EW-0300","100.000","extrapolation_outside_400_500","prototype_synthetic_extrapolated","Temperature-based linear model from second database; not a row-index join"
"EW-0301","100.000","extrapolation_outside_400_500","prototype_synthetic_extrapolated","Temperature-based linear model from second database; not a row-index join"
"EW-0302","100.000","extrapolation_outside_400_500","prototype_synthetic_extrapolated","Temperature-based linear model from second database; not a row-index join"
"EW-0303","100.000","interpolation_400_500","prototype_synthetic_interpolated","Temperature-based linear model from second database; not a row-index join"
"EW-0304","99.990","extrapolation_outside_400_500","prototype_synthetic_extrapolated","Temperature-based linear model from second database; not a row-index join"
"EW-0305","99.990","interpolation_400_500","prototype_synthetic_interpolated","Temperature-based linear model from second database; not a row-index join"
"EW-0306","100.010","interpolation_400_500","prototype_synthetic_interpolated","Temperature-based linear model from second database; not a row-index join"
"EW-0307","100.000","interpolation_400_500","prototype_synthetic_interpolated","Temperature-based linear model from second database; not a row-index join"
"EW-0308","99.990","interpolation_400_500","prototype_synthetic_interpolated","Temperature-based linear model from second database; not a row-index join"
"EW-0309","99.990","interpolation_400_500","prototype_synthetic_interpolated","Temperature-based linear model from second database; not a row-index join"
"EW-0310","100.000","extrapolation_outside_400_500","prototype_synthetic_extrapolated","Temperature-based linear model from second database; not a row-index join"
"EW-0311","100.000","interpolation_400_500","prototype_synthetic_interpolated","Temperature-based linear model from second database; not a row-index join"
"EW-0312","100.000","interpolation_400_500","prototype_synthetic_interpolated","Temperature-based linear model from second database; not a row-index join"
"EW-0313","100.000","extrapolation_outside_400_500","prototype_synthetic_extrapolated","Temperature-based linear model from second database; not a row-index join"
"EW-0314","99.990","extrapolation_outside_400_500","prototype_synthetic_extrapolated","Temperature-based linear model from second database; not a row-index join"
"EW-0315","99.990","interpolation_400_500","prototype_synthetic_interpolated","Temperature-based linear model from second database; not a row-index join"
"EW-0316","100.000","interpolation_400_500","prototype_synthetic_interpolated","Temperature-based linear model from second database; not a row-index join"
"EW-0317","100.000","interpolation_400_500","prototype_synthetic_interpolated","Temperature-based linear model from second database; not a row-index join"
"EW-0318","99.990","extrapolation_outside_400_500","prototype_synthetic_extrapolated","Temperature-based linear model from second database; not a row-index join"
"EW-0319","99.990","interpolation_400_500","prototype_synthetic_interpolated","Temperature-based linear model from second database; not a row-index join"
"EW-0320","100.000","extrapolation_outside_400_500","prototype_synthetic_extrapolated","Temperature-based linear model from second database; not a row-index join"
"EW-0321","100.000","interpolation_400_500","prototype_synthetic_interpolated","Temperature-based linear model from second database; not a row-index join"
"EW-0322","100.000","extrapolation_outside_400_500","prototype_synthetic_extrapolated","Temperature-based linear model from second database; not a row-index join"
"EW-0323","100.000","extrapolation_outside_400_500","prototype_synthetic_extrapolated","Temperature-based linear model from second database; not a row-index join"
"EW-0324","100.000","extrapolation_outside_400_500","prototype_synthetic_extrapolated","Temperature-based linear model from second database; not a row-index join"
"EW-0325","100.000","interpolation_400_500","prototype_synthetic_interpolated","Temperature-based linear model from second database; not a row-index join"
"EW-0326","99.990","interpolation_400_500","prototype_synthetic_interpolated","Temperature-based linear model from second database; not a row-index join"
"EW-0327","100.000","interpolation_400_500","prototype_synthetic_interpolated","Temperature-based linear model from second database; not a row-index join"
"EW-0328","100.000","interpolation_400_500","prototype_synthetic_interpolated","Temperature-based linear model from second database; not a row-index join"
"EW-0329","100.010","interpolation_400_500","prototype_synthetic_interpolated","Temperature-based linear model from second database; not a row-index join"
"EW-0330","99.990","extrapolation_outside_400_500","prototype_synthetic_extrapolated","Temperature-based linear model from second database; not a row-index join"
"EW-0331","100.000","extrapolation_outside_400_500","prototype_synthetic_extrapolated","Temperature-based linear model from second database; not a row-index join"
"EW-0332","100.010","extrapolation_outside_400_500","prototype_synthetic_extrapolated","Temperature-based linear model from second database; not a row-index join"
"EW-0333","100.000","interpolation_400_500","prototype_synthetic_interpolated","Temperature-based linear model from second database; not a row-index join"
"EW-0334","100.000","interpolation_400_500","prototype_synthetic_interpolated","Temperature-based linear model from second database; not a row-index join"
"EW-0335","100.010","interpolation_400_500","prototype_synthetic_interpolated","Temperature-based linear model from second database; not a row-index join"
"EW-0336","100.000","interpolation_400_500","prototype_synthetic_interpolated","Temperature-based linear model from second database; not a row-index join"
"EW-0337","100.000","interpolation_400_500","prototype_synthetic_interpolated","Temperature-based linear model from second database; not a row-index join"
"EW-0338","100.000","interpolation_400_500","prototype_synthetic_interpolated","Temperature-based linear model from second database; not a row-index join"
"EW-0339","100.000","extrapolation_outside_400_500","prototype_synthetic_extrapolated","Temperature-based linear model from second database; not a row-index join"
"EW-0340","99.990","extrapolation_outside_400_500","prototype_synthetic_extrapolated","Temperature-based linear model from second database; not a row-index join"
"EW-0341","100.000","interpolation_400_500","prototype_synthetic_interpolated","Temperature-based linear model from second database; not a row-index join"
"EW-0342","100.000","interpolation_400_500","prototype_synthetic_interpolated","Temperature-based linear model from second database; not a row-index join"
"EW-0343","100.000","extrapolation_outside_400_500","prototype_synthetic_extrapolated","Temperature-based linear model from second database; not a row-index join"
"EW-0344","100.000","extrapolation_outside_400_500","prototype_synthetic_extrapolated","Temperature-based linear model from second database; not a row-index join"
"EW-0345","100.000","extrapolation_outside_400_500","prototype_synthetic_extrapolated","Temperature-based linear model from second database; not a row-index join"
"EW-0346","99.990","interpolation_400_500","prototype_synthetic_interpolated","Temperature-based linear model from second database; not a row-index join"
"EW-0347","100.000","extrapolation_outside_400_500","prototype_synthetic_extrapolated","Temperature-based linear model from second database; not a row-index join"
"EW-0348","100.000","interpolation_400_500","prototype_synthetic_interpolated","Temperature-based linear model from second database; not a row-index join"
"EW-0349","100.000","extrapolation_outside_400_500","prototype_synthetic_extrapolated","Temperature-based linear model from second database; not a row-index join"
"EW-0350","100.000","extrapolation_outside_400_500","prototype_synthetic_extrapolated","Temperature-based linear model from second database; not a row-index join"
"EW-0351","99.990","interpolation_400_500","prototype_synthetic_interpolated","Temperature-based linear model from second database; not a row-index join"
"EW-0352","99.990","extrapolation_outside_400_500","prototype_synthetic_extrapolated","Temperature-based linear model from second database; not a row-index join"
"EW-0353","100.000","interpolation_400_500","prototype_synthetic_interpolated","Temperature-based linear model from second database; not a row-index join"
"EW-0354","100.000","extrapolation_outside_400_500","prototype_synthetic_extrapolated","Temperature-based linear model from second database; not a row-index join"
"EW-0355","100.000","extrapolation_outside_400_500","prototype_synthetic_extrapolated","Temperature-based linear model from second database; not a row-index join"
"EW-0356","100.000","interpolation_400_500","prototype_synthetic_interpolated","Temperature-based linear model from second database; not a row-index join"
"EW-0357","100.000","extrapolation_outside_400_500","prototype_synthetic_extrapolated","Temperature-based linear model from second database; not a row-index join"
"EW-0358","100.000","extrapolation_outside_400_500","prototype_synthetic_extrapolated","Temperature-based linear model from second database; not a row-index join"
"EW-0359","99.990","extrapolation_outside_400_500","prototype_synthetic_extrapolated","Temperature-based linear model from second database; not a row-index join"
"EW-0360","100.000","interpolation_400_500","prototype_synthetic_interpolated","Temperature-based linear model from second database; not a row-index join"
"EW-0361","100.000","interpolation_400_500","prototype_synthetic_interpolated","Temperature-based linear model from second database; not a row-index join"
"EW-0362","99.990","interpolation_400_500","prototype_synthetic_interpolated","Temperature-based linear model from second database; not a row-index join"
"EW-0363","100.010","extrapolation_outside_400_500","prototype_synthetic_extrapolated","Temperature-based linear model from second database; not a row-index join"
"EW-0364","100.000","interpolation_400_500","prototype_synthetic_interpolated","Temperature-based linear model from second database; not a row-index join"
"EW-0365","100.000","extrapolation_outside_400_500","prototype_synthetic_extrapolated","Temperature-based linear model from second database; not a row-index join"
"EW-0366","100.000","extrapolation_outside_400_500","prototype_synthetic_extrapolated","Temperature-based linear model from second database; not a row-index join"
"EW-0367","100.000","interpolation_400_500","prototype_synthetic_interpolated","Temperature-based linear model from second database; not a row-index join"
"EW-0368","100.000","interpolation_400_500","prototype_synthetic_interpolated","Temperature-based linear model from second database; not a row-index join"
"EW-0369","99.990","interpolation_400_500","prototype_synthetic_interpolated","Temperature-based linear model from second database; not a row-index join"
"EW-0370","100.000","extrapolation_outside_400_500","prototype_synthetic_extrapolated","Temperature-based linear model from second database; not a row-index join"
"EW-0371","100.000","extrapolation_outside_400_500","prototype_synthetic_extrapolated","Temperature-based linear model from second database; not a row-index join"
"EW-0372","100.000","interpolation_400_500","prototype_synthetic_interpolated","Temperature-based linear model from second database; not a row-index join"
"EW-0373","100.000","extrapolation_outside_400_500","prototype_synthetic_extrapolated","Temperature-based linear model from second database; not a row-index join"
"EW-0374","100.000","extrapolation_outside_400_500","prototype_synthetic_extrapolated","Temperature-based linear model from second database; not a row-index join"
"EW-0375","100.000","extrapolation_outside_400_500","prototype_synthetic_extrapolated","Temperature-based linear model from second database; not a row-index join"
"EW-0376","100.000","extrapolation_outside_400_500","prototype_synthetic_extrapolated","Temperature-based linear model from second database; not a row-index join"
"EW-0377","100.010","interpolation_400_500","prototype_synthetic_interpolated","Temperature-based linear model from second database; not a row-index join"
"EW-0378","100.000","extrapolation_outside_400_500","prototype_synthetic_extrapolated","Temperature-based linear model from second database; not a row-index join"
"EW-0379","100.000","interpolation_400_500","prototype_synthetic_interpolated","Temperature-based linear model from second database; not a row-index join"
"EW-0380","99.990","extrapolation_outside_400_500","prototype_synthetic_extrapolated","Temperature-based linear model from second database; not a row-index join"
"EW-0381","100.000","interpolation_400_500","prototype_synthetic_interpolated","Temperature-based linear model from second database; not a row-index join"
"EW-0382","100.000","interpolation_400_500","prototype_synthetic_interpolated","Temperature-based linear model from second database; not a row-index join"
"EW-0383","100.000","extrapolation_outside_400_500","prototype_synthetic_extrapolated","Temperature-based linear model from second database; not a row-index join"
"EW-0384","100.000","interpolation_400_500","prototype_synthetic_interpolated","Temperature-based linear model from second database; not a row-index join"
"EW-0385","100.010","interpolation_400_500","prototype_synthetic_interpolated","Temperature-based linear model from second database; not a row-index join"
"EW-0386","100.000","interpolation_400_500","prototype_synthetic_interpolated","Temperature-based linear model from second database; not a row-index join"
"EW-0387","100.010","interpolation_400_500","prototype_synthetic_interpolated","Temperature-based linear model from second database; not a row-index join"
"EW-0388","100.000","interpolation_400_500","prototype_synthetic_interpolated","Temperature-based linear model from second database; not a row-index join"
"EW-0389","100.000","extrapolation_outside_400_500","prototype_synthetic_extrapolated","Temperature-based linear model from second database; not a row-index join"
"EW-0390","100.000","extrapolation_outside_400_500","prototype_synthetic_extrapolated","Temperature-based linear model from second database; not a row-index join"
"EW-0391","100.010","extrapolation_outside_400_500","prototype_synthetic_extrapolated","Temperature-based linear model from second database; not a row-index join"
"EW-0392","100.000","extrapolation_outside_400_500","prototype_synthetic_extrapolated","Temperature-based linear model from second database; not a row-index join"
"EW-0393","100.000","extrapolation_outside_400_500","prototype_synthetic_extrapolated","Temperature-based linear model from second database; not a row-index join"
"EW-0394","99.990","extrapolation_outside_400_500","prototype_synthetic_extrapolated","Temperature-based linear model from second database; not a row-index join"
"EW-0395","100.000","interpolation_400_500","prototype_synthetic_interpolated","Temperature-based linear model from second database; not a row-index join"
"EW-0396","100.000","extrapolation_outside_400_500","prototype_synthetic_extrapolated","Temperature-based linear model from second database; not a row-index join"
"EW-0397","99.990","extrapolation_outside_400_500","prototype_synthetic_extrapolated","Temperature-based linear model from second database; not a row-index join"
"EW-0398","100.010","interpolation_400_500","prototype_synthetic_interpolated","Temperature-based linear model from second database; not a row-index join"
"EW-0399","100.000","extrapolation_outside_400_500","prototype_synthetic_extrapolated","Temperature-based linear model from second database; not a row-index join"
"EW-0400","100.000","extrapolation_outside_400_500","prototype_synthetic_extrapolated","Temperature-based linear model from second database; not a row-index join"
"EW-0401","100.000","extrapolation_outside_400_500","prototype_synthetic_extrapolated","Temperature-based linear model from second database; not a row-index join"
"EW-0402","100.000","extrapolation_outside_400_500","prototype_synthetic_extrapolated","Temperature-based linear model from second database; not a row-index join"
"EW-0403","100.000","interpolation_400_500","prototype_synthetic_interpolated","Temperature-based linear model from second database; not a row-index join"
"EW-0404","100.000","extrapolation_outside_400_500","prototype_synthetic_extrapolated","Temperature-based linear model from second database; not a row-index join"
"EW-0405","100.000","interpolation_400_500","prototype_synthetic_interpolated","Temperature-based linear model from second database; not a row-index join"
"EW-0406","100.000","extrapolation_outside_400_500","prototype_synthetic_extrapolated","Temperature-based linear model from second database; not a row-index join"
"EW-0407","100.000","extrapolation_outside_400_500","prototype_synthetic_extrapolated","Temperature-based linear model from second database; not a row-index join"
"EW-0408","100.000","interpolation_400_500","prototype_synthetic_interpolated","Temperature-based linear model from second database; not a row-index join"
"EW-0409","100.000","extrapolation_outside_400_500","prototype_synthetic_extrapolated","Temperature-based linear model from second database; not a row-index join"
"EW-0410","100.000","extrapolation_outside_400_500","prototype_synthetic_extrapolated","Temperature-based linear model from second database; not a row-index join"
"EW-0411","100.010","interpolation_400_500","prototype_synthetic_interpolated","Temperature-based linear model from second database; not a row-index join"
"EW-0412","100.000","interpolation_400_500","prototype_synthetic_interpolated","Temperature-based linear model from second database; not a row-index join"
"EW-0413","100.000","interpolation_400_500","prototype_synthetic_interpolated","Temperature-based linear model from second database; not a row-index join"
"EW-0414","99.990","extrapolation_outside_400_500","prototype_synthetic_extrapolated","Temperature-based linear model from second database; not a row-index join"
"EW-0415","100.000","interpolation_400_500","prototype_synthetic_interpolated","Temperature-based linear model from second database; not a row-index join"
"EW-0416","100.000","interpolation_400_500","prototype_synthetic_interpolated","Temperature-based linear model from second database; not a row-index join"
"EW-0417","100.000","extrapolation_outside_400_500","prototype_synthetic_extrapolated","Temperature-based linear model from second database; not a row-index join"
"EW-0418","100.010","interpolation_400_500","prototype_synthetic_interpolated","Temperature-based linear model from second database; not a row-index join"
"EW-0419","100.000","extrapolation_outside_400_500","prototype_synthetic_extrapolated","Temperature-based linear model from second database; not a row-index join"
"EW-0420","100.000","extrapolation_outside_400_500","prototype_synthetic_extrapolated","Temperature-based linear model from second database; not a row-index join"
"EW-0421","100.000","extrapolation_outside_400_500","prototype_synthetic_extrapolated","Temperature-based linear model from second database; not a row-index join"
"EW-0422","99.990","interpolation_400_500","prototype_synthetic_interpolated","Temperature-based linear model from second database; not a row-index join"
"EW-0423","100.010","interpolation_400_500","prototype_synthetic_interpolated","Temperature-based linear model from second database; not a row-index join"
"EW-0424","100.000","interpolation_400_500","prototype_synthetic_interpolated","Temperature-based linear model from second database; not a row-index join"
"EW-0425","100.000","interpolation_400_500","prototype_synthetic_interpolated","Temperature-based linear model from second database; not a row-index join"
"EW-0426","100.000","extrapolation_outside_400_500","prototype_synthetic_extrapolated","Temperature-based linear model from second database; not a row-index join"
"EW-0427","99.990","interpolation_400_500","prototype_synthetic_interpolated","Temperature-based linear model from second database; not a row-index join"
"EW-0428","99.990","extrapolation_outside_400_500","prototype_synthetic_extrapolated","Temperature-based linear model from second database; not a row-index join"
"EW-0429","100.000","extrapolation_outside_400_500","prototype_synthetic_extrapolated","Temperature-based linear model from second database; not a row-index join"
"EW-0430","100.000","extrapolation_outside_400_500","prototype_synthetic_extrapolated","Temperature-based linear model from second database; not a row-index join"
"EW-0431","100.000","extrapolation_outside_400_500","prototype_synthetic_extrapolated","Temperature-based linear model from second database; not a row-index join"
"EW-0432","100.000","interpolation_400_500","prototype_synthetic_interpolated","Temperature-based linear model from second database; not a row-index join"
"EW-0433","100.010","extrapolation_outside_400_500","prototype_synthetic_extrapolated","Temperature-based linear model from second database; not a row-index join"
"EW-0434","100.000","interpolation_400_500","prototype_synthetic_interpolated","Temperature-based linear model from second database; not a row-index join"
"EW-0435","100.000","interpolation_400_500","prototype_synthetic_interpolated","Temperature-based linear model from second database; not a row-index join"
"EW-0436","100.000","extrapolation_outside_400_500","prototype_synthetic_extrapolated","Temperature-based linear model from second database; not a row-index join"
"EW-0437","100.000","interpolation_400_500","prototype_synthetic_interpolated","Temperature-based linear model from second database; not a row-index join"
"EW-0438","99.990","extrapolation_outside_400_500","prototype_synthetic_extrapolated","Temperature-based linear model from second database; not a row-index join"
"EW-0439","100.000","interpolation_400_500","prototype_synthetic_interpolated","Temperature-based linear model from second database; not a row-index join"
"EW-0440","100.000","extrapolation_outside_400_500","prototype_synthetic_extrapolated","Temperature-based linear model from second database; not a row-index join"
"EW-0441","99.990","interpolation_400_500","prototype_synthetic_interpolated","Temperature-based linear model from second database; not a row-index join"
"EW-0442","100.000","extrapolation_outside_400_500","prototype_synthetic_extrapolated","Temperature-based linear model from second database; not a row-index join"
"EW-0443","100.000","interpolation_400_500","prototype_synthetic_interpolated","Temperature-based linear model from second database; not a row-index join"
"EW-0444","99.990","interpolation_400_500","prototype_synthetic_interpolated","Temperature-based linear model from second database; not a row-index join"
"EW-0445","100.000","interpolation_400_500","prototype_synthetic_interpolated","Temperature-based linear model from second database; not a row-index join"
"EW-0446","100.000","extrapolation_outside_400_500","prototype_synthetic_extrapolated","Temperature-based linear model from second database; not a row-index join"
"EW-0447","100.000","extrapolation_outside_400_500","prototype_synthetic_extrapolated","Temperature-based linear model from second database; not a row-index join"
"EW-0448","100.000","interpolation_400_500","prototype_synthetic_interpolated","Temperature-based linear model from second database; not a row-index join"
"EW-0449","100.000","extrapolation_outside_400_500","prototype_synthetic_extrapolated","Temperature-based linear model from second database; not a row-index join"
"EW-0450","100.000","interpolation_400_500","prototype_synthetic_interpolated","Temperature-based linear model from second database; not a row-index join"
"EW-0451","100.010","interpolation_400_500","prototype_synthetic_interpolated","Temperature-based linear model from second database; not a row-index join"
"EW-0452","100.010","extrapolation_outside_400_500","prototype_synthetic_extrapolated","Temperature-based linear model from second database; not a row-index join"
"EW-0453","100.000","extrapolation_outside_400_500","prototype_synthetic_extrapolated","Temperature-based linear model from second database; not a row-index join"
"EW-0454","100.000","interpolation_400_500","prototype_synthetic_interpolated","Temperature-based linear model from second database; not a row-index join"
"EW-0455","100.010","interpolation_400_500","prototype_synthetic_interpolated","Temperature-based linear model from second database; not a row-index join"
"EW-0456","99.990","extrapolation_outside_400_500","prototype_synthetic_extrapolated","Temperature-based linear model from second database; not a row-index join"
"EW-0457","100.010","extrapolation_outside_400_500","prototype_synthetic_extrapolated","Temperature-based linear model from second database; not a row-index join"
"EW-0458","100.000","extrapolation_outside_400_500","prototype_synthetic_extrapolated","Temperature-based linear model from second database; not a row-index join"
"EW-0459","100.000","extrapolation_outside_400_500","prototype_synthetic_extrapolated","Temperature-based linear model from second database; not a row-index join"
"EW-0460","100.010","extrapolation_outside_400_500","prototype_synthetic_extrapolated","Temperature-based linear model from second database; not a row-index join"
"EW-0461","100.010","extrapolation_outside_400_500","prototype_synthetic_extrapolated","Temperature-based linear model from second database; not a row-index join"
"EW-0462","100.000","extrapolation_outside_400_500","prototype_synthetic_extrapolated","Temperature-based linear model from second database; not a row-index join"
"EW-0463","100.000","interpolation_400_500","prototype_synthetic_interpolated","Temperature-based linear model from second database; not a row-index join"
"EW-0464","100.000","extrapolation_outside_400_500","prototype_synthetic_extrapolated","Temperature-based linear model from second database; not a row-index join"
"EW-0465","100.000","interpolation_400_500","prototype_synthetic_interpolated","Temperature-based linear model from second database; not a row-index join"
"EW-0466","100.000","interpolation_400_500","prototype_synthetic_interpolated","Temperature-based linear model from second database; not a row-index join"
"EW-0467","100.000","extrapolation_outside_400_500","prototype_synthetic_extrapolated","Temperature-based linear model from second database; not a row-index join"
"EW-0468","100.000","interpolation_400_500","prototype_synthetic_interpolated","Temperature-based linear model from second database; not a row-index join"
"EW-0469","100.010","extrapolation_outside_400_500","prototype_synthetic_extrapolated","Temperature-based linear model from second database; not a row-index join"
"EW-0470","99.990","interpolation_400_500","prototype_synthetic_interpolated","Temperature-based linear model from second database; not a row-index join"
"EW-0471","100.000","extrapolation_outside_400_500","prototype_synthetic_extrapolated","Temperature-based linear model from second database; not a row-index join"
"EW-0472","100.000","interpolation_400_500","prototype_synthetic_interpolated","Temperature-based linear model from second database; not a row-index join"
"EW-0473","100.000","interpolation_400_500","prototype_synthetic_interpolated","Temperature-based linear model from second database; not a row-index join"
"EW-0474","99.990","extrapolation_outside_400_500","prototype_synthetic_extrapolated","Temperature-based linear model from second database; not a row-index join"
"EW-0475","100.000","extrapolation_outside_400_500","prototype_synthetic_extrapolated","Temperature-based linear model from second database; not a row-index join"
"EW-0476","100.000","extrapolation_outside_400_500","prototype_synthetic_extrapolated","Temperature-based linear model from second database; not a row-index join"
"EW-0477","100.000","interpolation_400_500","prototype_synthetic_interpolated","Temperature-based linear model from second database; not a row-index join"
"EW-0478","100.000","extrapolation_outside_400_500","prototype_synthetic_extrapolated","Temperature-based linear model from second database; not a row-index join"
"EW-0479","100.000","extrapolation_outside_400_500","prototype_synthetic_extrapolated","Temperature-based linear model from second database; not a row-index join"
"EW-0480","100.000","interpolation_400_500","prototype_synthetic_interpolated","Temperature-based linear model from second database; not a row-index join"
"EW-0481","100.000","extrapolation_outside_400_500","prototype_synthetic_extrapolated","Temperature-based linear model from second database; not a row-index join"
"EW-0482","99.990","extrapolation_outside_400_500","prototype_synthetic_extrapolated","Temperature-based linear model from second database; not a row-index join"
"EW-0483","100.000","extrapolation_outside_400_500","prototype_synthetic_extrapolated","Temperature-based linear model from second database; not a row-index join"
"EW-0484","100.000","extrapolation_outside_400_500","prototype_synthetic_extrapolated","Temperature-based linear model from second database; not a row-index join"
"EW-0485","100.000","extrapolation_outside_400_500","prototype_synthetic_extrapolated","Temperature-based linear model from second database; not a row-index join"
"EW-0486","100.000","extrapolation_outside_400_500","prototype_synthetic_extrapolated","Temperature-based linear model from second database; not a row-index join"
"EW-0487","100.000","extrapolation_outside_400_500","prototype_synthetic_extrapolated","Temperature-based linear model from second database; not a row-index join"
"EW-0488","100.000","extrapolation_outside_400_500","prototype_synthetic_extrapolated","Temperature-based linear model from second database; not a row-index join"
"EW-0489","100.000","interpolation_400_500","prototype_synthetic_interpolated","Temperature-based linear model from second database; not a row-index join"
"EW-0490","100.000","extrapolation_outside_400_500","prototype_synthetic_extrapolated","Temperature-based linear model from second database; not a row-index join"
"EW-0491","100.000","interpolation_400_500","prototype_synthetic_interpolated","Temperature-based linear model from second database; not a row-index join"
"EW-0492","100.000","interpolation_400_500","prototype_synthetic_interpolated","Temperature-based linear model from second database; not a row-index join"
"EW-0493","99.990","extrapolation_outside_400_500","prototype_synthetic_extrapolated","Temperature-based linear model from second database; not a row-index join"
"EW-0494","100.000","interpolation_400_500","prototype_synthetic_interpolated","Temperature-based linear model from second database; not a row-index join"
"EW-0495","100.000","interpolation_400_500","prototype_synthetic_interpolated","Temperature-based linear model from second database; not a row-index join"
"EW-0496","100.000","extrapolation_outside_400_500","prototype_synthetic_extrapolated","Temperature-based linear model from second database; not a row-index join"
"EW-0497","100.000","interpolation_400_500","prototype_synthetic_interpolated","Temperature-based linear model from second database; not a row-index join"
"EW-0498","100.000","interpolation_400_500","prototype_synthetic_interpolated","Temperature-based linear model from second database; not a row-index join"
"EW-0499","99.990","interpolation_400_500","prototype_synthetic_interpolated","Temperature-based linear model from second database; not a row-index join"
"EW-0500","100.000","extrapolation_outside_400_500","prototype_synthetic_extrapolated","Temperature-based linear model from second database; not a row-index join"
"EW-0501","100.010","interpolation_400_500","prototype_synthetic_interpolated","Temperature-based linear model from second database; not a row-index join"
"EW-0502","100.000","interpolation_400_500","prototype_synthetic_interpolated","Temperature-based linear model from second database; not a row-index join"
"EW-0503","100.000","extrapolation_outside_400_500","prototype_synthetic_extrapolated","Temperature-based linear model from second database; not a row-index join"
"EW-0504","100.000","interpolation_400_500","prototype_synthetic_interpolated","Temperature-based linear model from second database; not a row-index join"
"EW-0505","100.000","interpolation_400_500","prototype_synthetic_interpolated","Temperature-based linear model from second database; not a row-index join"
"EW-0506","100.000","extrapolation_outside_400_500","prototype_synthetic_extrapolated","Temperature-based linear model from second database; not a row-index join"
"EW-0507","99.990","interpolation_400_500","prototype_synthetic_interpolated","Temperature-based linear model from second database; not a row-index join"
"EW-0508","100.000","interpolation_400_500","prototype_synthetic_interpolated","Temperature-based linear model from second database; not a row-index join"
"EW-0509","100.000","extrapolation_outside_400_500","prototype_synthetic_extrapolated","Temperature-based linear model from second database; not a row-index join"
"EW-0510","100.000","extrapolation_outside_400_500","prototype_synthetic_extrapolated","Temperature-based linear model from second database; not a row-index join"
"EW-0511","100.000","extrapolation_outside_400_500","prototype_synthetic_extrapolated","Temperature-based linear model from second database; not a row-index join"
"EW-0512","100.010","extrapolation_outside_400_500","prototype_synthetic_extrapolated","Temperature-based linear model from second database; not a row-index join"
"EW-0513","99.990","interpolation_400_500","prototype_synthetic_interpolated","Temperature-based linear model from second database; not a row-index join"
"EW-0514","100.000","interpolation_400_500","prototype_synthetic_interpolated","Temperature-based linear model from second database; not a row-index join"
"EW-0515","100.000","extrapolation_outside_400_500","prototype_synthetic_extrapolated","Temperature-based linear model from second database; not a row-index join"
"EW-0516","100.010","interpolation_400_500","prototype_synthetic_interpolated","Temperature-based linear model from second database; not a row-index join"
"EW-0517","100.000","interpolation_400_500","prototype_synthetic_interpolated","Temperature-based linear model from second database; not a row-index join"
"EW-0518","99.990","interpolation_400_500","prototype_synthetic_interpolated","Temperature-based linear model from second database; not a row-index join"
"EW-0519","99.990","extrapolation_outside_400_500","prototype_synthetic_extrapolated","Temperature-based linear model from second database; not a row-index join"
"EW-0520","100.010","interpolation_400_500","prototype_synthetic_interpolated","Temperature-based linear model from second database; not a row-index join"
"EW-0521","100.010","interpolation_400_500","prototype_synthetic_interpolated","Temperature-based linear model from second database; not a row-index join"
"EW-0522","100.010","extrapolation_outside_400_500","prototype_synthetic_extrapolated","Temperature-based linear model from second database; not a row-index join"
"EW-0523","100.000","interpolation_400_500","prototype_synthetic_interpolated","Temperature-based linear model from second database; not a row-index join"
"EW-0524","100.000","interpolation_400_500","prototype_synthetic_interpolated","Temperature-based linear model from second database; not a row-index join"
"EW-0525","100.010","extrapolation_outside_400_500","prototype_synthetic_extrapolated","Temperature-based linear model from second database; not a row-index join"
"EW-0526","100.000","interpolation_400_500","prototype_synthetic_interpolated","Temperature-based linear model from second database; not a row-index join"
"EW-0527","100.000","interpolation_400_500","prototype_synthetic_interpolated","Temperature-based linear model from second database; not a row-index join"
"EW-0528","100.000","interpolation_400_500","prototype_synthetic_interpolated","Temperature-based linear model from second database; not a row-index join"
"EW-0529","100.000","interpolation_400_500","prototype_synthetic_interpolated","Temperature-based linear model from second database; not a row-index join"
"EW-0530","100.000","extrapolation_outside_400_500","prototype_synthetic_extrapolated","Temperature-based linear model from second database; not a row-index join"
"EW-0531","100.010","extrapolation_outside_400_500","prototype_synthetic_extrapolated","Temperature-based linear model from second database; not a row-index join"
"EW-0532","100.000","interpolation_400_500","prototype_synthetic_interpolated","Temperature-based linear model from second database; not a row-index join"
"EW-0533","100.000","interpolation_400_500","prototype_synthetic_interpolated","Temperature-based linear model from second database; not a row-index join"
"EW-0534","100.000","extrapolation_outside_400_500","prototype_synthetic_extrapolated","Temperature-based linear model from second database; not a row-index join"
"EW-0535","100.000","interpolation_400_500","prototype_synthetic_interpolated","Temperature-based linear model from second database; not a row-index join"
"EW-0536","100.010","interpolation_400_500","prototype_synthetic_interpolated","Temperature-based linear model from second database; not a row-index join"
"EW-0537","100.010","interpolation_400_500","prototype_synthetic_interpolated","Temperature-based linear model from second database; not a row-index join"
"EW-0538","99.990","interpolation_400_500","prototype_synthetic_interpolated","Temperature-based linear model from second database; not a row-index join"
"EW-0539","100.000","extrapolation_outside_400_500","prototype_synthetic_extrapolated","Temperature-based linear model from second database; not a row-index join"
"EW-0540","100.000","interpolation_400_500","prototype_synthetic_interpolated","Temperature-based linear model from second database; not a row-index join"
"EW-0541","100.010","extrapolation_outside_400_500","prototype_synthetic_extrapolated","Temperature-based linear model from second database; not a row-index join"
"EW-0542","100.000","interpolation_400_500","prototype_synthetic_interpolated","Temperature-based linear model from second database; not a row-index join"
"EW-0543","100.000","extrapolation_outside_400_500","prototype_synthetic_extrapolated","Temperature-based linear model from second database; not a row-index join"
"EW-0544","100.000","interpolation_400_500","prototype_synthetic_interpolated","Temperature-based linear model from second database; not a row-index join"
"EW-0545","100.000","extrapolation_outside_400_500","prototype_synthetic_extrapolated","Temperature-based linear model from second database; not a row-index join"
"EW-0546","100.000","extrapolation_outside_400_500","prototype_synthetic_extrapolated","Temperature-based linear model from second database; not a row-index join"
"EW-0547","100.000","extrapolation_outside_400_500","prototype_synthetic_extrapolated","Temperature-based linear model from second database; not a row-index join"
"EW-0548","100.000","extrapolation_outside_400_500","prototype_synthetic_extrapolated","Temperature-based linear model from second database; not a row-index join"
"EW-0549","100.000","extrapolation_outside_400_500","prototype_synthetic_extrapolated","Temperature-based linear model from second database; not a row-index join"
"EW-0550","99.990","extrapolation_outside_400_500","prototype_synthetic_extrapolated","Temperature-based linear model from second database; not a row-index join"
"EW-0551","100.000","interpolation_400_500","prototype_synthetic_interpolated","Temperature-based linear model from second database; not a row-index join"
"EW-0552","100.000","interpolation_400_500","prototype_synthetic_interpolated","Temperature-based linear model from second database; not a row-index join"
"EW-0553","100.000","interpolation_400_500","prototype_synthetic_interpolated","Temperature-based linear model from second database; not a row-index join"
"EW-0554","100.000","interpolation_400_500","prototype_synthetic_interpolated","Temperature-based linear model from second database; not a row-index join"
"EW-0555","100.000","interpolation_400_500","prototype_synthetic_interpolated","Temperature-based linear model from second database; not a row-index join"
"EW-0556","100.000","interpolation_400_500","prototype_synthetic_interpolated","Temperature-based linear model from second database; not a row-index join"
"EW-0557","99.990","interpolation_400_500","prototype_synthetic_interpolated","Temperature-based linear model from second database; not a row-index join"
"EW-0558","100.000","extrapolation_outside_400_500","prototype_synthetic_extrapolated","Temperature-based linear model from second database; not a row-index join"
"EW-0559","100.000","extrapolation_outside_400_500","prototype_synthetic_extrapolated","Temperature-based linear model from second database; not a row-index join"
"EW-0560","100.000","interpolation_400_500","prototype_synthetic_interpolated","Temperature-based linear model from second database; not a row-index join"
"EW-0561","100.000","interpolation_400_500","prototype_synthetic_interpolated","Temperature-based linear model from second database; not a row-index join"
"EW-0562","100.000","interpolation_400_500","prototype_synthetic_interpolated","Temperature-based linear model from second database; not a row-index join"
"EW-0563","100.010","extrapolation_outside_400_500","prototype_synthetic_extrapolated","Temperature-based linear model from second database; not a row-index join"
"EW-0564","99.990","extrapolation_outside_400_500","prototype_synthetic_extrapolated","Temperature-based linear model from second database; not a row-index join"
"EW-0565","100.000","extrapolation_outside_400_500","prototype_synthetic_extrapolated","Temperature-based linear model from second database; not a row-index join"
"EW-0566","100.000","interpolation_400_500","prototype_synthetic_interpolated","Temperature-based linear model from second database; not a row-index join"
"EW-0567","100.000","extrapolation_outside_400_500","prototype_synthetic_extrapolated","Temperature-based linear model from second database; not a row-index join"
"EW-0568","100.000","interpolation_400_500","prototype_synthetic_interpolated","Temperature-based linear model from second database; not a row-index join"
"EW-0569","100.000","interpolation_400_500","prototype_synthetic_interpolated","Temperature-based linear model from second database; not a row-index join"
"EW-0570","100.000","interpolation_400_500","prototype_synthetic_interpolated","Temperature-based linear model from second database; not a row-index join"
"EW-0571","100.000","extrapolation_outside_400_500","prototype_synthetic_extrapolated","Temperature-based linear model from second database; not a row-index join"
"EW-0572","100.000","interpolation_400_500","prototype_synthetic_interpolated","Temperature-based linear model from second database; not a row-index join"
"EW-0573","99.990","extrapolation_outside_400_500","prototype_synthetic_extrapolated","Temperature-based linear model from second database; not a row-index join"
"EW-0574","99.990","interpolation_400_500","prototype_synthetic_interpolated","Temperature-based linear model from second database; not a row-index join"
"EW-0575","100.000","extrapolation_outside_400_500","prototype_synthetic_extrapolated","Temperature-based linear model from second database; not a row-index join"
"EW-0576","100.000","interpolation_400_500","prototype_synthetic_interpolated","Temperature-based linear model from second database; not a row-index join"
"EW-0577","100.010","extrapolation_outside_400_500","prototype_synthetic_extrapolated","Temperature-based linear model from second database; not a row-index join"
"EW-0578","99.990","extrapolation_outside_400_500","prototype_synthetic_extrapolated","Temperature-based linear model from second database; not a row-index join"
"EW-0579","100.000","interpolation_400_500","prototype_synthetic_interpolated","Temperature-based linear model from second database; not a row-index join"
"EW-0580","100.010","interpolation_400_500","prototype_synthetic_interpolated","Temperature-based linear model from second database; not a row-index join"
"EW-0581","100.000","interpolation_400_500","prototype_synthetic_interpolated","Temperature-based linear model from second database; not a row-index join"
"EW-0582","100.000","extrapolation_outside_400_500","prototype_synthetic_extrapolated","Temperature-based linear model from second database; not a row-index join"
"EW-0583","100.000","interpolation_400_500","prototype_synthetic_interpolated","Temperature-based linear model from second database; not a row-index join"
"EW-0584","100.000","extrapolation_outside_400_500","prototype_synthetic_extrapolated","Temperature-based linear model from second database; not a row-index join"
"EW-0585","100.000","interpolation_400_500","prototype_synthetic_interpolated","Temperature-based linear model from second database; not a row-index join"
"EW-0586","100.000","interpolation_400_500","prototype_synthetic_interpolated","Temperature-based linear model from second database; not a row-index join"
"EW-0587","100.000","interpolation_400_500","prototype_synthetic_interpolated","Temperature-based linear model from second database; not a row-index join"
"EW-0588","100.000","interpolation_400_500","prototype_synthetic_interpolated","Temperature-based linear model from second database; not a row-index join"
"EW-0589","100.000","extrapolation_outside_400_500","prototype_synthetic_extrapolated","Temperature-based linear model from second database; not a row-index join"
"EW-0590","100.000","interpolation_400_500","prototype_synthetic_interpolated","Temperature-based linear model from second database; not a row-index join"
"EW-0591","100.000","interpolation_400_500","prototype_synthetic_interpolated","Temperature-based linear model from second database; not a row-index join"
"EW-0592","100.000","extrapolation_outside_400_500","prototype_synthetic_extrapolated","Temperature-based linear model from second database; not a row-index join"
"EW-0593","100.000","extrapolation_outside_400_500","prototype_synthetic_extrapolated","Temperature-based linear model from second database; not a row-index join"
"EW-0594","100.000","extrapolation_outside_400_500","prototype_synthetic_extrapolated","Temperature-based linear model from second database; not a row-index join"
"EW-0595","100.010","extrapolation_outside_400_500","prototype_synthetic_extrapolated","Temperature-based linear model from second database; not a row-index join"
"EW-0596","100.000","extrapolation_outside_400_500","prototype_synthetic_extrapolated","Temperature-based linear model from second database; not a row-index join"
"EW-0597","100.000","interpolation_400_500","prototype_synthetic_interpolated","Temperature-based linear model from second database; not a row-index join"
"EW-0598","100.010","interpolation_400_500","prototype_synthetic_interpolated","Temperature-based linear model from second database; not a row-index join"
"EW-0599","100.000","extrapolation_outside_400_500","prototype_synthetic_extrapolated","Temperature-based linear model from second database; not a row-index join"
"EW-0600","100.000","extrapolation_outside_400_500","prototype_synthetic_extrapolated","Temperature-based linear model from second database; not a row-index join"
"EW-0601","100.000","extrapolation_outside_400_500","prototype_synthetic_extrapolated","Temperature-based linear model from second database; not a row-index join"
"EW-0602","100.000","extrapolation_outside_400_500","prototype_synthetic_extrapolated","Temperature-based linear model from second database; not a row-index join"
"EW-0603","100.000","extrapolation_outside_400_500","prototype_synthetic_extrapolated","Temperature-based linear model from second database; not a row-index join"
"EW-0604","100.000","interpolation_400_500","prototype_synthetic_interpolated","Temperature-based linear model from second database; not a row-index join"
"EW-0605","100.010","interpolation_400_500","prototype_synthetic_interpolated","Temperature-based linear model from second database; not a row-index join"
"EW-0606","100.000","interpolation_400_500","prototype_synthetic_interpolated","Temperature-based linear model from second database; not a row-index join"
"EW-0607","100.010","interpolation_400_500","prototype_synthetic_interpolated","Temperature-based linear model from second database; not a row-index join"
"EW-0608","100.000","interpolation_400_500","prototype_synthetic_interpolated","Temperature-based linear model from second database; not a row-index join"
"EW-0609","99.990","interpolation_400_500","prototype_synthetic_interpolated","Temperature-based linear model from second database; not a row-index join"
"EW-0610","100.000","extrapolation_outside_400_500","prototype_synthetic_extrapolated","Temperature-based linear model from second database; not a row-index join"
"EW-0611","100.000","interpolation_400_500","prototype_synthetic_interpolated","Temperature-based linear model from second database; not a row-index join"
"EW-0612","100.000","extrapolation_outside_400_500","prototype_synthetic_extrapolated","Temperature-based linear model from second database; not a row-index join"
"EW-0613","100.000","interpolation_400_500","prototype_synthetic_interpolated","Temperature-based linear model from second database; not a row-index join"
"EW-0614","100.000","interpolation_400_500","prototype_synthetic_interpolated","Temperature-based linear model from second database; not a row-index join"
"EW-0615","100.010","extrapolation_outside_400_500","prototype_synthetic_extrapolated","Temperature-based linear model from second database; not a row-index join"
"EW-0616","100.000","interpolation_400_500","prototype_synthetic_interpolated","Temperature-based linear model from second database; not a row-index join"
"EW-0617","100.000","extrapolation_outside_400_500","prototype_synthetic_extrapolated","Temperature-based linear model from second database; not a row-index join"
"EW-0618","100.000","interpolation_400_500","prototype_synthetic_interpolated","Temperature-based linear model from second database; not a row-index join"
"EW-0619","100.000","extrapolation_outside_400_500","prototype_synthetic_extrapolated","Temperature-based linear model from second database; not a row-index join"
"EW-0620","100.000","interpolation_400_500","prototype_synthetic_interpolated","Temperature-based linear model from second database; not a row-index join"
"EW-0621","99.990","extrapolation_outside_400_500","prototype_synthetic_extrapolated","Temperature-based linear model from second database; not a row-index join"
"EW-0622","100.000","interpolation_400_500","prototype_synthetic_interpolated","Temperature-based linear model from second database; not a row-index join"
"EW-0623","100.000","extrapolation_outside_400_500","prototype_synthetic_extrapolated","Temperature-based linear model from second database; not a row-index join"
"EW-0624","100.000","extrapolation_outside_400_500","prototype_synthetic_extrapolated","Temperature-based linear model from second database; not a row-index join"
"EW-0625","100.000","interpolation_400_500","prototype_synthetic_interpolated","Temperature-based linear model from second database; not a row-index join"
"EW-0626","100.000","extrapolation_outside_400_500","prototype_synthetic_extrapolated","Temperature-based linear model from second database; not a row-index join"
"EW-0627","99.990","extrapolation_outside_400_500","prototype_synthetic_extrapolated","Temperature-based linear model from second database; not a row-index join"
"EW-0628","100.000","extrapolation_outside_400_500","prototype_synthetic_extrapolated","Temperature-based linear model from second database; not a row-index join"
"EW-0629","100.010","interpolation_400_500","prototype_synthetic_interpolated","Temperature-based linear model from second database; not a row-index join"
"EW-0630","100.000","extrapolation_outside_400_500","prototype_synthetic_extrapolated","Temperature-based linear model from second database; not a row-index join"
"EW-0631","100.000","extrapolation_outside_400_500","prototype_synthetic_extrapolated","Temperature-based linear model from second database; not a row-index join"
"EW-0632","100.000","interpolation_400_500","prototype_synthetic_interpolated","Temperature-based linear model from second database; not a row-index join"
"EW-0633","100.010","interpolation_400_500","prototype_synthetic_interpolated","Temperature-based linear model from second database; not a row-index join"
"EW-0634","100.000","interpolation_400_500","prototype_synthetic_interpolated","Temperature-based linear model from second database; not a row-index join"
"EW-0635","99.990","extrapolation_outside_400_500","prototype_synthetic_extrapolated","Temperature-based linear model from second database; not a row-index join"
"EW-0636","100.000","extrapolation_outside_400_500","prototype_synthetic_extrapolated","Temperature-based linear model from second database; not a row-index join"
"EW-0637","100.010","interpolation_400_500","prototype_synthetic_interpolated","Temperature-based linear model from second database; not a row-index join"
"EW-0638","100.010","extrapolation_outside_400_500","prototype_synthetic_extrapolated","Temperature-based linear model from second database; not a row-index join"
"EW-0639","99.990","extrapolation_outside_400_500","prototype_synthetic_extrapolated","Temperature-based linear model from second database; not a row-index join"
"EW-0640","100.000","interpolation_400_500","prototype_synthetic_interpolated","Temperature-based linear model from second database; not a row-index join"
"EW-0641","100.000","interpolation_400_500","prototype_synthetic_interpolated","Temperature-based linear model from second database; not a row-index join"
"EW-0642","100.000","interpolation_400_500","prototype_synthetic_interpolated","Temperature-based linear model from second database; not a row-index join"
"EW-0643","100.000","interpolation_400_500","prototype_synthetic_interpolated","Temperature-based linear model from second database; not a row-index join"
"EW-0644","99.990","interpolation_400_500","prototype_synthetic_interpolated","Temperature-based linear model from second database; not a row-index join"
"EW-0645","99.990","interpolation_400_500","prototype_synthetic_interpolated","Temperature-based linear model from second database; not a row-index join"
"EW-0646","100.010","interpolation_400_500","prototype_synthetic_interpolated","Temperature-based linear model from second database; not a row-index join"
"EW-0647","100.000","extrapolation_outside_400_500","prototype_synthetic_extrapolated","Temperature-based linear model from second database; not a row-index join"
"EW-0648","100.000","extrapolation_outside_400_500","prototype_synthetic_extrapolated","Temperature-based linear model from second database; not a row-index join"
"EW-0649","100.000","interpolation_400_500","prototype_synthetic_interpolated","Temperature-based linear model from second database; not a row-index join"
"EW-0650","100.000","extrapolation_outside_400_500","prototype_synthetic_extrapolated","Temperature-based linear model from second database; not a row-index join"
"EW-0651","100.000","extrapolation_outside_400_500","prototype_synthetic_extrapolated","Temperature-based linear model from second database; not a row-index join"
"EW-0652","100.000","interpolation_400_500","prototype_synthetic_interpolated","Temperature-based linear model from second database; not a row-index join"
"EW-0653","99.990","interpolation_400_500","prototype_synthetic_interpolated","Temperature-based linear model from second database; not a row-index join"
"EW-0654","99.990","extrapolation_outside_400_500","prototype_synthetic_extrapolated","Temperature-based linear model from second database; not a row-index join"
"EW-0655","100.000","interpolation_400_500","prototype_synthetic_interpolated","Temperature-based linear model from second database; not a row-index join"
"EW-0656","100.000","interpolation_400_500","prototype_synthetic_interpolated","Temperature-based linear model from second database; not a row-index join"
"EW-0657","100.010","extrapolation_outside_400_500","prototype_synthetic_extrapolated","Temperature-based linear model from second database; not a row-index join"
"EW-0658","100.000","interpolation_400_500","prototype_synthetic_interpolated","Temperature-based linear model from second database; not a row-index join"
"EW-0659","99.990","extrapolation_outside_400_500","prototype_synthetic_extrapolated","Temperature-based linear model from second database; not a row-index join"
"EW-0660","100.010","interpolation_400_500","prototype_synthetic_interpolated","Temperature-based linear model from second database; not a row-index join"
"EW-0661","100.000","interpolation_400_500","prototype_synthetic_interpolated","Temperature-based linear model from second database; not a row-index join"
"EW-0662","100.000","extrapolation_outside_400_500","prototype_synthetic_extrapolated","Temperature-based linear model from second database; not a row-index join"
"EW-0663","100.000","extrapolation_outside_400_500","prototype_synthetic_extrapolated","Temperature-based linear model from second database; not a row-index join"
"EW-0664","100.000","interpolation_400_500","prototype_synthetic_interpolated","Temperature-based linear model from second database; not a row-index join"
"EW-0665","100.000","interpolation_400_500","prototype_synthetic_interpolated","Temperature-based linear model from second database; not a row-index join"
"EW-0666","100.000","interpolation_400_500","prototype_synthetic_interpolated","Temperature-based linear model from second database; not a row-index join"
"EW-0667","100.000","interpolation_400_500","prototype_synthetic_interpolated","Temperature-based linear model from second database; not a row-index join"
"EW-0668","100.000","interpolation_400_500","prototype_synthetic_interpolated","Temperature-based linear model from second database; not a row-index join"
"EW-0669","100.010","interpolation_400_500","prototype_synthetic_interpolated","Temperature-based linear model from second database; not a row-index join"
"EW-0670","100.000","interpolation_400_500","prototype_synthetic_interpolated","Temperature-based linear model from second database; not a row-index join"
"EW-0671","100.000","extrapolation_outside_400_500","prototype_synthetic_extrapolated","Temperature-based linear model from second database; not a row-index join"
"EW-0672","100.000","extrapolation_outside_400_500","prototype_synthetic_extrapolated","Temperature-based linear model from second database; not a row-index join"
"EW-0673","100.000","interpolation_400_500","prototype_synthetic_interpolated","Temperature-based linear model from second database; not a row-index join"
"EW-0674","100.000","interpolation_400_500","prototype_synthetic_interpolated","Temperature-based linear model from second database; not a row-index join"
"EW-0675","100.000","extrapolation_outside_400_500","prototype_synthetic_extrapolated","Temperature-based linear model from second database; not a row-index join"
"EW-0676","100.000","extrapolation_outside_400_500","prototype_synthetic_extrapolated","Temperature-based linear model from second database; not a row-index join"
"EW-0677","100.000","interpolation_400_500","prototype_synthetic_interpolated","Temperature-based linear model from second database; not a row-index join"
"EW-0678","100.000","interpolation_400_500","prototype_synthetic_interpolated","Temperature-based linear model from second database; not a row-index join"
"EW-0679","100.000","extrapolation_outside_400_500","prototype_synthetic_extrapolated","Temperature-based linear model from second database; not a row-index join"
"EW-0680","99.990","extrapolation_outside_400_500","prototype_synthetic_extrapolated","Temperature-based linear model from second database; not a row-index join"
"EW-0681","100.000","interpolation_400_500","prototype_synthetic_interpolated","Temperature-based linear model from second database; not a row-index join"
"EW-0682","100.010","extrapolation_outside_400_500","prototype_synthetic_extrapolated","Temperature-based linear model from second database; not a row-index join"
"EW-0683","100.000","extrapolation_outside_400_500","prototype_synthetic_extrapolated","Temperature-based linear model from second database; not a row-index join"
"EW-0684","100.000","interpolation_400_500","prototype_synthetic_interpolated","Temperature-based linear model from second database; not a row-index join"
"EW-0685","100.000","extrapolation_outside_400_500","prototype_synthetic_extrapolated","Temperature-based linear model from second database; not a row-index join"
"EW-0686","100.000","interpolation_400_500","prototype_synthetic_interpolated","Temperature-based linear model from second database; not a row-index join"
"EW-0687","100.000","interpolation_400_500","prototype_synthetic_interpolated","Temperature-based linear model from second database; not a row-index join"
"EW-0688","100.000","interpolation_400_500","prototype_synthetic_interpolated","Temperature-based linear model from second database; not a row-index join"
"EW-0689","100.000","interpolation_400_500","prototype_synthetic_interpolated","Temperature-based linear model from second database; not a row-index join"
"EW-0690","100.000","extrapolation_outside_400_500","prototype_synthetic_extrapolated","Temperature-based linear model from second database; not a row-index join"
"EW-0691","99.990","interpolation_400_500","prototype_synthetic_interpolated","Temperature-based linear model from second database; not a row-index join"
"EW-0692","99.990","extrapolation_outside_400_500","prototype_synthetic_extrapolated","Temperature-based linear model from second database; not a row-index join"
"EW-0693","100.000","interpolation_400_500","prototype_synthetic_interpolated","Temperature-based linear model from second database; not a row-index join"
"EW-0694","100.000","interpolation_400_500","prototype_synthetic_interpolated","Temperature-based linear model from second database; not a row-index join"
"EW-0695","100.010","extrapolation_outside_400_500","prototype_synthetic_extrapolated","Temperature-based linear model from second database; not a row-index join"
"EW-0696","100.000","extrapolation_outside_400_500","prototype_synthetic_extrapolated","Temperature-based linear model from second database; not a row-index join"
"EW-0697","100.000","extrapolation_outside_400_500","prototype_synthetic_extrapolated","Temperature-based linear model from second database; not a row-index join"
"EW-0698","100.000","interpolation_400_500","prototype_synthetic_interpolated","Temperature-based linear model from second database; not a row-index join"
"EW-0699","100.000","interpolation_400_500","prototype_synthetic_interpolated","Temperature-based linear model from second database; not a row-index join"
"EW-0700","100.000","interpolation_400_500","prototype_synthetic_interpolated","Temperature-based linear model from second database; not a row-index join"
"EW-0701","100.000","interpolation_400_500","prototype_synthetic_interpolated","Temperature-based linear model from second database; not a row-index join"
"EW-0702","100.010","extrapolation_outside_400_500","prototype_synthetic_extrapolated","Temperature-based linear model from second database; not a row-index join"
"EW-0703","100.000","extrapolation_outside_400_500","prototype_synthetic_extrapolated","Temperature-based linear model from second database; not a row-index join"
"EW-0704","100.000","extrapolation_outside_400_500","prototype_synthetic_extrapolated","Temperature-based linear model from second database; not a row-index join"
"EW-0705","100.000","interpolation_400_500","prototype_synthetic_interpolated","Temperature-based linear model from second database; not a row-index join"
"EW-0706","100.000","interpolation_400_500","prototype_synthetic_interpolated","Temperature-based linear model from second database; not a row-index join"
"EW-0707","100.000","extrapolation_outside_400_500","prototype_synthetic_extrapolated","Temperature-based linear model from second database; not a row-index join"
"EW-0708","100.000","interpolation_400_500","prototype_synthetic_interpolated","Temperature-based linear model from second database; not a row-index join"
"EW-0709","100.010","interpolation_400_500","prototype_synthetic_interpolated","Temperature-based linear model from second database; not a row-index join"
"EW-0710","100.000","extrapolation_outside_400_500","prototype_synthetic_extrapolated","Temperature-based linear model from second database; not a row-index join"
"EW-0711","100.000","extrapolation_outside_400_500","prototype_synthetic_extrapolated","Temperature-based linear model from second database; not a row-index join"
"EW-0712","100.010","interpolation_400_500","prototype_synthetic_interpolated","Temperature-based linear model from second database; not a row-index join"
"EW-0713","100.000","extrapolation_outside_400_500","prototype_synthetic_extrapolated","Temperature-based linear model from second database; not a row-index join"
"EW-0714","100.000","extrapolation_outside_400_500","prototype_synthetic_extrapolated","Temperature-based linear model from second database; not a row-index join"
"EW-0715","100.000","interpolation_400_500","prototype_synthetic_interpolated","Temperature-based linear model from second database; not a row-index join"
"EW-0716","100.000","interpolation_400_500","prototype_synthetic_interpolated","Temperature-based linear model from second database; not a row-index join"
"EW-0717","100.000","interpolation_400_500","prototype_synthetic_interpolated","Temperature-based linear model from second database; not a row-index join"
"EW-0718","100.010","interpolation_400_500","prototype_synthetic_interpolated","Temperature-based linear model from second database; not a row-index join"
"EW-0719","100.010","interpolation_400_500","prototype_synthetic_interpolated","Temperature-based linear model from second database; not a row-index join"
"EW-0720","100.000","interpolation_400_500","prototype_synthetic_interpolated","Temperature-based linear model from second database; not a row-index join"
"EW-0721","100.000","interpolation_400_500","prototype_synthetic_interpolated","Temperature-based linear model from second database; not a row-index join"
"EW-0722","100.010","interpolation_400_500","prototype_synthetic_interpolated","Temperature-based linear model from second database; not a row-index join"
"EW-0723","100.000","extrapolation_outside_400_500","prototype_synthetic_extrapolated","Temperature-based linear model from second database; not a row-index join"
"EW-0724","100.000","extrapolation_outside_400_500","prototype_synthetic_extrapolated","Temperature-based linear model from second database; not a row-index join"
"EW-0725","100.010","interpolation_400_500","prototype_synthetic_interpolated","Temperature-based linear model from second database; not a row-index join"
"EW-0726","100.000","extrapolation_outside_400_500","prototype_synthetic_extrapolated","Temperature-based linear model from second database; not a row-index join"
"EW-0727","100.000","interpolation_400_500","prototype_synthetic_interpolated","Temperature-based linear model from second database; not a row-index join"
"EW-0728","100.000","interpolation_400_500","prototype_synthetic_interpolated","Temperature-based linear model from second database; not a row-index join"
"EW-0729","100.000","extrapolation_outside_400_500","prototype_synthetic_extrapolated","Temperature-based linear model from second database; not a row-index join"
"EW-0730","100.000","extrapolation_outside_400_500","prototype_synthetic_extrapolated","Temperature-based linear model from second database; not a row-index join"
"EW-0731","100.000","extrapolation_outside_400_500","prototype_synthetic_extrapolated","Temperature-based linear model from second database; not a row-index join"
"EW-0732","99.990","interpolation_400_500","prototype_synthetic_interpolated","Temperature-based linear model from second database; not a row-index join"
"EW-0733","100.000","extrapolation_outside_400_500","prototype_synthetic_extrapolated","Temperature-based linear model from second database; not a row-index join"
"EW-0734","100.000","extrapolation_outside_400_500","prototype_synthetic_extrapolated","Temperature-based linear model from second database; not a row-index join"
"EW-0735","100.000","interpolation_400_500","prototype_synthetic_interpolated","Temperature-based linear model from second database; not a row-index join"
"EW-0736","100.000","extrapolation_outside_400_500","prototype_synthetic_extrapolated","Temperature-based linear model from second database; not a row-index join"
"EW-0737","100.000","interpolation_400_500","prototype_synthetic_interpolated","Temperature-based linear model from second database; not a row-index join"
"EW-0738","100.010","interpolation_400_500","prototype_synthetic_interpolated","Temperature-based linear model from second database; not a row-index join"
"EW-0739","100.000","interpolation_400_500","prototype_synthetic_interpolated","Temperature-based linear model from second database; not a row-index join"
"EW-0740","100.000","extrapolation_outside_400_500","prototype_synthetic_extrapolated","Temperature-based linear model from second database; not a row-index join"
"EW-0741","100.000","interpolation_400_500","prototype_synthetic_interpolated","Temperature-based linear model from second database; not a row-index join"
"EW-0742","100.000","interpolation_400_500","prototype_synthetic_interpolated","Temperature-based linear model from second database; not a row-index join"
"EW-0743","99.990","interpolation_400_500","prototype_synthetic_interpolated","Temperature-based linear model from second database; not a row-index join"
"EW-0744","100.000","extrapolation_outside_400_500","prototype_synthetic_extrapolated","Temperature-based linear model from second database; not a row-index join"
"EW-0745","100.000","interpolation_400_500","prototype_synthetic_interpolated","Temperature-based linear model from second database; not a row-index join"
"EW-0746","100.000","extrapolation_outside_400_500","prototype_synthetic_extrapolated","Temperature-based linear model from second database; not a row-index join"
"EW-0747","100.000","extrapolation_outside_400_500","prototype_synthetic_extrapolated","Temperature-based linear model from second database; not a row-index join"
"EW-0748","100.000","interpolation_400_500","prototype_synthetic_interpolated","Temperature-based linear model from second database; not a row-index join"
"EW-0749","100.000","interpolation_400_500","prototype_synthetic_interpolated","Temperature-based linear model from second database; not a row-index join"
"EW-0750","100.010","interpolation_400_500","prototype_synthetic_interpolated","Temperature-based linear model from second database; not a row-index join"
"EW-0751","100.000","interpolation_400_500","prototype_synthetic_interpolated","Temperature-based linear model from second database; not a row-index join"
"EW-0752","100.000","interpolation_400_500","prototype_synthetic_interpolated","Temperature-based linear model from second database; not a row-index join"
"EW-0753","100.000","interpolation_400_500","prototype_synthetic_interpolated","Temperature-based linear model from second database; not a row-index join"
"EW-0754","100.000","extrapolation_outside_400_500","prototype_synthetic_extrapolated","Temperature-based linear model from second database; not a row-index join"
"EW-0755","100.000","extrapolation_outside_400_500","prototype_synthetic_extrapolated","Temperature-based linear model from second database; not a row-index join"
"EW-0756","100.000","extrapolation_outside_400_500","prototype_synthetic_extrapolated","Temperature-based linear model from second database; not a row-index join"
"EW-0757","100.000","interpolation_400_500","prototype_synthetic_interpolated","Temperature-based linear model from second database; not a row-index join"
"EW-0758","99.990","interpolation_400_500","prototype_synthetic_interpolated","Temperature-based linear model from second database; not a row-index join"
"EW-0759","100.000","interpolation_400_500","prototype_synthetic_interpolated","Temperature-based linear model from second database; not a row-index join"
"EW-0760","100.000","extrapolation_outside_400_500","prototype_synthetic_extrapolated","Temperature-based linear model from second database; not a row-index join"
"EW-0761","100.010","extrapolation_outside_400_500","prototype_synthetic_extrapolated","Temperature-based linear model from second database; not a row-index join"
"EW-0762","100.000","interpolation_400_500","prototype_synthetic_interpolated","Temperature-based linear model from second database; not a row-index join"
"EW-0763","100.000","interpolation_400_500","prototype_synthetic_interpolated","Temperature-based linear model from second database; not a row-index join"
"EW-0764","100.000","extrapolation_outside_400_500","prototype_synthetic_extrapolated","Temperature-based linear model from second database; not a row-index join"
"EW-0765","100.000","interpolation_400_500","prototype_synthetic_interpolated","Temperature-based linear model from second database; not a row-index join"
"EW-0766","100.000","interpolation_400_500","prototype_synthetic_interpolated","Temperature-based linear model from second database; not a row-index join"
"EW-0767","100.000","interpolation_400_500","prototype_synthetic_interpolated","Temperature-based linear model from second database; not a row-index join"
"EW-0768","100.000","interpolation_400_500","prototype_synthetic_interpolated","Temperature-based linear model from second database; not a row-index join"
"EW-0769","99.990","extrapolation_outside_400_500","prototype_synthetic_extrapolated","Temperature-based linear model from second database; not a row-index join"
"EW-0770","100.010","interpolation_400_500","prototype_synthetic_interpolated","Temperature-based linear model from second database; not a row-index join"
"EW-0771","100.000","interpolation_400_500","prototype_synthetic_interpolated","Temperature-based linear model from second database; not a row-index join"
"EW-0772","100.000","interpolation_400_500","prototype_synthetic_interpolated","Temperature-based linear model from second database; not a row-index join"
"EW-0773","100.000","interpolation_400_500","prototype_synthetic_interpolated","Temperature-based linear model from second database; not a row-index join"
"EW-0774","100.000","extrapolation_outside_400_500","prototype_synthetic_extrapolated","Temperature-based linear model from second database; not a row-index join"
"EW-0775","99.990","extrapolation_outside_400_500","prototype_synthetic_extrapolated","Temperature-based linear model from second database; not a row-index join"
"EW-0776","100.000","extrapolation_outside_400_500","prototype_synthetic_extrapolated","Temperature-based linear model from second database; not a row-index join"
"EW-0777","100.000","extrapolation_outside_400_500","prototype_synthetic_extrapolated","Temperature-based linear model from second database; not a row-index join"
"EW-0778","100.000","extrapolation_outside_400_500","prototype_synthetic_extrapolated","Temperature-based linear model from second database; not a row-index join"
"EW-0779","100.010","extrapolation_outside_400_500","prototype_synthetic_extrapolated","Temperature-based linear model from second database; not a row-index join"
"EW-0780","99.990","interpolation_400_500","prototype_synthetic_interpolated","Temperature-based linear model from second database; not a row-index join"
"EW-0781","100.000","interpolation_400_500","prototype_synthetic_interpolated","Temperature-based linear model from second database; not a row-index join"
"EW-0782","100.000","interpolation_400_500","prototype_synthetic_interpolated","Temperature-based linear model from second database; not a row-index join"
"EW-0783","100.000","extrapolation_outside_400_500","prototype_synthetic_extrapolated","Temperature-based linear model from second database; not a row-index join"
"EW-0784","100.000","extrapolation_outside_400_500","prototype_synthetic_extrapolated","Temperature-based linear model from second database; not a row-index join"
"EW-0785","100.000","extrapolation_outside_400_500","prototype_synthetic_extrapolated","Temperature-based linear model from second database; not a row-index join"
"EW-0786","100.010","extrapolation_outside_400_500","prototype_synthetic_extrapolated","Temperature-based linear model from second database; not a row-index join"
"EW-0787","100.000","extrapolation_outside_400_500","prototype_synthetic_extrapolated","Temperature-based linear model from second database; not a row-index join"
"EW-0788","100.000","extrapolation_outside_400_500","prototype_synthetic_extrapolated","Temperature-based linear model from second database; not a row-index join"
"EW-0789","100.000","extrapolation_outside_400_500","prototype_synthetic_extrapolated","Temperature-based linear model from second database; not a row-index join"
"EW-0790","100.000","extrapolation_outside_400_500","prototype_synthetic_extrapolated","Temperature-based linear model from second database; not a row-index join"
"EW-0791","99.990","interpolation_400_500","prototype_synthetic_interpolated","Temperature-based linear model from second database; not a row-index join"
"EW-0792","100.000","extrapolation_outside_400_500","prototype_synthetic_extrapolated","Temperature-based linear model from second database; not a row-index join"
"EW-0793","100.000","extrapolation_outside_400_500","prototype_synthetic_extrapolated","Temperature-based linear model from second database; not a row-index join"
"EW-0794","100.000","interpolation_400_500","prototype_synthetic_interpolated","Temperature-based linear model from second database; not a row-index join"
"EW-0795","100.000","extrapolation_outside_400_500","prototype_synthetic_extrapolated","Temperature-based linear model from second database; not a row-index join"
"EW-0796","100.000","interpolation_400_500","prototype_synthetic_interpolated","Temperature-based linear model from second database; not a row-index join"
"EW-0797","100.000","interpolation_400_500","prototype_synthetic_interpolated","Temperature-based linear model from second database; not a row-index join"
"EW-0798","100.000","interpolation_400_500","prototype_synthetic_interpolated","Temperature-based linear model from second database; not a row-index join"
"EW-0799","100.000","interpolation_400_500","prototype_synthetic_interpolated","Temperature-based linear model from second database; not a row-index join"
"EW-0800","99.990","extrapolation_outside_400_500","prototype_synthetic_extrapolated","Temperature-based linear model from second database; not a row-index join"
"EW-0801","100.000","extrapolation_outside_400_500","prototype_synthetic_extrapolated","Temperature-based linear model from second database; not a row-index join"
"EW-0802","100.010","interpolation_400_500","prototype_synthetic_interpolated","Temperature-based linear model from second database; not a row-index join"
"EW-0803","100.000","interpolation_400_500","prototype_synthetic_interpolated","Temperature-based linear model from second database; not a row-index join"
"EW-0804","100.000","interpolation_400_500","prototype_synthetic_interpolated","Temperature-based linear model from second database; not a row-index join"
"EW-0805","100.000","extrapolation_outside_400_500","prototype_synthetic_extrapolated","Temperature-based linear model from second database; not a row-index join"
"EW-0806","100.000","interpolation_400_500","prototype_synthetic_interpolated","Temperature-based linear model from second database; not a row-index join"
"EW-0807","100.000","interpolation_400_500","prototype_synthetic_interpolated","Temperature-based linear model from second database; not a row-index join"
"EW-0808","100.000","extrapolation_outside_400_500","prototype_synthetic_extrapolated","Temperature-based linear model from second database; not a row-index join"
"EW-0809","100.000","interpolation_400_500","prototype_synthetic_interpolated","Temperature-based linear model from second database; not a row-index join"
"EW-0810","100.000","extrapolation_outside_400_500","prototype_synthetic_extrapolated","Temperature-based linear model from second database; not a row-index join"
"EW-0811","100.000","interpolation_400_500","prototype_synthetic_interpolated","Temperature-based linear model from second database; not a row-index join"
"EW-0812","100.000","extrapolation_outside_400_500","prototype_synthetic_extrapolated","Temperature-based linear model from second database; not a row-index join"
"EW-0813","100.000","extrapolation_outside_400_500","prototype_synthetic_extrapolated","Temperature-based linear model from second database; not a row-index join"
"EW-0814","100.000","extrapolation_outside_400_500","prototype_synthetic_extrapolated","Temperature-based linear model from second database; not a row-index join"
"EW-0815","100.000","extrapolation_outside_400_500","prototype_synthetic_extrapolated","Temperature-based linear model from second database; not a row-index join"
"EW-0816","100.000","extrapolation_outside_400_500","prototype_synthetic_extrapolated","Temperature-based linear model from second database; not a row-index join"
"EW-0817","100.000","extrapolation_outside_400_500","prototype_synthetic_extrapolated","Temperature-based linear model from second database; not a row-index join"
"EW-0818","99.990","extrapolation_outside_400_500","prototype_synthetic_extrapolated","Temperature-based linear model from second database; not a row-index join"
"EW-0819","100.000","interpolation_400_500","prototype_synthetic_interpolated","Temperature-based linear model from second database; not a row-index join"
"EW-0820","100.000","interpolation_400_500","prototype_synthetic_interpolated","Temperature-based linear model from second database; not a row-index join"
"EW-0821","100.000","extrapolation_outside_400_500","prototype_synthetic_extrapolated","Temperature-based linear model from second database; not a row-index join"
"EW-0822","100.000","interpolation_400_500","prototype_synthetic_interpolated","Temperature-based linear model from second database; not a row-index join"
"EW-0823","100.000","interpolation_400_500","prototype_synthetic_interpolated","Temperature-based linear model from second database; not a row-index join"
"EW-0824","99.990","extrapolation_outside_400_500","prototype_synthetic_extrapolated","Temperature-based linear model from second database; not a row-index join"
"EW-0825","100.000","interpolation_400_500","prototype_synthetic_interpolated","Temperature-based linear model from second database; not a row-index join"
"EW-0826","100.000","extrapolation_outside_400_500","prototype_synthetic_extrapolated","Temperature-based linear model from second database; not a row-index join"
"EW-0827","100.000","interpolation_400_500","prototype_synthetic_interpolated","Temperature-based linear model from second database; not a row-index join"
"EW-0828","100.000","extrapolation_outside_400_500","prototype_synthetic_extrapolated","Temperature-based linear model from second database; not a row-index join"
"EW-0829","100.000","extrapolation_outside_400_500","prototype_synthetic_extrapolated","Temperature-based linear model from second database; not a row-index join"
"EW-0830","100.000","interpolation_400_500","prototype_synthetic_interpolated","Temperature-based linear model from second database; not a row-index join"
"EW-0831","100.000","interpolation_400_500","prototype_synthetic_interpolated","Temperature-based linear model from second database; not a row-index join"
"EW-0832","100.000","extrapolation_outside_400_500","prototype_synthetic_extrapolated","Temperature-based linear model from second database; not a row-index join"
"EW-0833","100.000","extrapolation_outside_400_500","prototype_synthetic_extrapolated","Temperature-based linear model from second database; not a row-index join"
"EW-0834","100.000","extrapolation_outside_400_500","prototype_synthetic_extrapolated","Temperature-based linear model from second database; not a row-index join"
"EW-0835","100.000","extrapolation_outside_400_500","prototype_synthetic_extrapolated","Temperature-based linear model from second database; not a row-index join"
"EW-0836","100.000","extrapolation_outside_400_500","prototype_synthetic_extrapolated","Temperature-based linear model from second database; not a row-index join"
"EW-0837","100.000","interpolation_400_500","prototype_synthetic_interpolated","Temperature-based linear model from second database; not a row-index join"
"EW-0838","100.000","extrapolation_outside_400_500","prototype_synthetic_extrapolated","Temperature-based linear model from second database; not a row-index join"
"EW-0839","100.000","interpolation_400_500","prototype_synthetic_interpolated","Temperature-based linear model from second database; not a row-index join"
"EW-0840","99.990","extrapolation_outside_400_500","prototype_synthetic_extrapolated","Temperature-based linear model from second database; not a row-index join"
"EW-0841","100.000","interpolation_400_500","prototype_synthetic_interpolated","Temperature-based linear model from second database; not a row-index join"
"EW-0842","100.010","interpolation_400_500","prototype_synthetic_interpolated","Temperature-based linear model from second database; not a row-index join"
"EW-0843","99.990","extrapolation_outside_400_500","prototype_synthetic_extrapolated","Temperature-based linear model from second database; not a row-index join"
"EW-0844","100.000","interpolation_400_500","prototype_synthetic_interpolated","Temperature-based linear model from second database; not a row-index join"
"EW-0845","100.000","extrapolation_outside_400_500","prototype_synthetic_extrapolated","Temperature-based linear model from second database; not a row-index join"
"EW-0846","100.000","interpolation_400_500","prototype_synthetic_interpolated","Temperature-based linear model from second database; not a row-index join"
"EW-0847","100.000","extrapolation_outside_400_500","prototype_synthetic_extrapolated","Temperature-based linear model from second database; not a row-index join"
"EW-0848","100.010","interpolation_400_500","prototype_synthetic_interpolated","Temperature-based linear model from second database; not a row-index join"
"EW-0849","100.000","interpolation_400_500","prototype_synthetic_interpolated","Temperature-based linear model from second database; not a row-index join"
"EW-0850","100.000","interpolation_400_500","prototype_synthetic_interpolated","Temperature-based linear model from second database; not a row-index join"
"EW-0851","100.000","interpolation_400_500","prototype_synthetic_interpolated","Temperature-based linear model from second database; not a row-index join"
"EW-0852","100.010","extrapolation_outside_400_500","prototype_synthetic_extrapolated","Temperature-based linear model from second database; not a row-index join"
"EW-0853","100.000","extrapolation_outside_400_500","prototype_synthetic_extrapolated","Temperature-based linear model from second database; not a row-index join"
"EW-0854","99.990","interpolation_400_500","prototype_synthetic_interpolated","Temperature-based linear model from second database; not a row-index join"
"EW-0855","100.000","extrapolation_outside_400_500","prototype_synthetic_extrapolated","Temperature-based linear model from second database; not a row-index join"
"EW-0856","100.010","extrapolation_outside_400_500","prototype_synthetic_extrapolated","Temperature-based linear model from second database; not a row-index join"
"EW-0857","100.000","interpolation_400_500","prototype_synthetic_interpolated","Temperature-based linear model from second database; not a row-index join"
"EW-0858","100.000","extrapolation_outside_400_500","prototype_synthetic_extrapolated","Temperature-based linear model from second database; not a row-index join"
"EW-0859","99.990","interpolation_400_500","prototype_synthetic_interpolated","Temperature-based linear model from second database; not a row-index join"
"EW-0860","100.000","interpolation_400_500","prototype_synthetic_interpolated","Temperature-based linear model from second database; not a row-index join"
"EW-0861","100.000","extrapolation_outside_400_500","prototype_synthetic_extrapolated","Temperature-based linear model from second database; not a row-index join"
"EW-0862","100.000","interpolation_400_500","prototype_synthetic_interpolated","Temperature-based linear model from second database; not a row-index join"
"EW-0863","100.000","extrapolation_outside_400_500","prototype_synthetic_extrapolated","Temperature-based linear model from second database; not a row-index join"
"EW-0864","100.000","interpolation_400_500","prototype_synthetic_interpolated","Temperature-based linear model from second database; not a row-index join"
"EW-0865","99.990","extrapolation_outside_400_500","prototype_synthetic_extrapolated","Temperature-based linear model from second database; not a row-index join"
"EW-0866","100.000","interpolation_400_500","prototype_synthetic_interpolated","Temperature-based linear model from second database; not a row-index join"
"EW-0867","100.010","interpolation_400_500","prototype_synthetic_interpolated","Temperature-based linear model from second database; not a row-index join"
"EW-0868","100.000","interpolation_400_500","prototype_synthetic_interpolated","Temperature-based linear model from second database; not a row-index join"
"EW-0869","100.000","extrapolation_outside_400_500","prototype_synthetic_extrapolated","Temperature-based linear model from second database; not a row-index join"
"EW-0870","100.000","interpolation_400_500","prototype_synthetic_interpolated","Temperature-based linear model from second database; not a row-index join"
"EW-0871","100.000","extrapolation_outside_400_500","prototype_synthetic_extrapolated","Temperature-based linear model from second database; not a row-index join"
"EW-0872","100.000","interpolation_400_500","prototype_synthetic_interpolated","Temperature-based linear model from second database; not a row-index join"
"EW-0873","100.000","extrapolation_outside_400_500","prototype_synthetic_extrapolated","Temperature-based linear model from second database; not a row-index join"
"EW-0874","100.000","extrapolation_outside_400_500","prototype_synthetic_extrapolated","Temperature-based linear model from second database; not a row-index join"
"EW-0875","100.000","extrapolation_outside_400_500","prototype_synthetic_extrapolated","Temperature-based linear model from second database; not a row-index join"
"EW-0876","100.000","interpolation_400_500","prototype_synthetic_interpolated","Temperature-based linear model from second database; not a row-index join"
"EW-0877","100.000","interpolation_400_500","prototype_synthetic_interpolated","Temperature-based linear model from second database; not a row-index join"
"EW-0878","100.000","extrapolation_outside_400_500","prototype_synthetic_extrapolated","Temperature-based linear model from second database; not a row-index join"
"EW-0879","100.000","extrapolation_outside_400_500","prototype_synthetic_extrapolated","Temperature-based linear model from second database; not a row-index join"
"EW-0880","99.990","extrapolation_outside_400_500","prototype_synthetic_extrapolated","Temperature-based linear model from second database; not a row-index join"
"EW-0881","100.000","interpolation_400_500","prototype_synthetic_interpolated","Temperature-based linear model from second database; not a row-index join"
"EW-0882","100.000","extrapolation_outside_400_500","prototype_synthetic_extrapolated","Temperature-based linear model from second database; not a row-index join"
"EW-0883","100.000","interpolation_400_500","prototype_synthetic_interpolated","Temperature-based linear model from second database; not a row-index join"
"EW-0884","100.000","extrapolation_outside_400_500","prototype_synthetic_extrapolated","Temperature-based linear model from second database; not a row-index join"
"EW-0885","100.000","extrapolation_outside_400_500","prototype_synthetic_extrapolated","Temperature-based linear model from second database; not a row-index join"
"EW-0886","100.000","interpolation_400_500","prototype_synthetic_interpolated","Temperature-based linear model from second database; not a row-index join"
"EW-0887","100.000","interpolation_400_500","prototype_synthetic_interpolated","Temperature-based linear model from second database; not a row-index join"
"EW-0888","100.010","interpolation_400_500","prototype_synthetic_interpolated","Temperature-based linear model from second database; not a row-index join"
"EW-0889","99.990","interpolation_400_500","prototype_synthetic_interpolated","Temperature-based linear model from second database; not a row-index join"
"EW-0890","100.010","interpolation_400_500","prototype_synthetic_interpolated","Temperature-based linear model from second database; not a row-index join"
"EW-0891","100.010","extrapolation_outside_400_500","prototype_synthetic_extrapolated","Temperature-based linear model from second database; not a row-index join"
"EW-0892","100.000","interpolation_400_500","prototype_synthetic_interpolated","Temperature-based linear model from second database; not a row-index join"
"EW-0893","100.000","extrapolation_outside_400_500","prototype_synthetic_extrapolated","Temperature-based linear model from second database; not a row-index join"
"EW-0894","100.000","extrapolation_outside_400_500","prototype_synthetic_extrapolated","Temperature-based linear model from second database; not a row-index join"
"EW-0895","100.000","extrapolation_outside_400_500","prototype_synthetic_extrapolated","Temperature-based linear model from second database; not a row-index join"
"EW-0896","99.990","interpolation_400_500","prototype_synthetic_interpolated","Temperature-based linear model from second database; not a row-index join"
"EW-0897","100.000","interpolation_400_500","prototype_synthetic_interpolated","Temperature-based linear model from second database; not a row-index join"
"EW-0898","99.990","interpolation_400_500","prototype_synthetic_interpolated","Temperature-based linear model from second database; not a row-index join"
"EW-0899","100.010","interpolation_400_500","prototype_synthetic_interpolated","Temperature-based linear model from second database; not a row-index join"
"EW-0900","100.000","extrapolation_outside_400_500","prototype_synthetic_extrapolated","Temperature-based linear model from second database; not a row-index join"
"EW-0901","100.000","extrapolation_outside_400_500","prototype_synthetic_extrapolated","Temperature-based linear model from second database; not a row-index join"
"EW-0902","100.000","interpolation_400_500","prototype_synthetic_interpolated","Temperature-based linear model from second database; not a row-index join"
"EW-0903","100.000","interpolation_400_500","prototype_synthetic_interpolated","Temperature-based linear model from second database; not a row-index join"
"EW-0904","100.010","interpolation_400_500","prototype_synthetic_interpolated","Temperature-based linear model from second database; not a row-index join"
"EW-0905","100.010","extrapolation_outside_400_500","prototype_synthetic_extrapolated","Temperature-based linear model from second database; not a row-index join"
"EW-0906","100.000","extrapolation_outside_400_500","prototype_synthetic_extrapolated","Temperature-based linear model from second database; not a row-index join"
"EW-0907","100.000","interpolation_400_500","prototype_synthetic_interpolated","Temperature-based linear model from second database; not a row-index join"
"EW-0908","100.000","interpolation_400_500","prototype_synthetic_interpolated","Temperature-based linear model from second database; not a row-index join"
"EW-0909","99.990","interpolation_400_500","prototype_synthetic_interpolated","Temperature-based linear model from second database; not a row-index join"
"EW-0910","100.010","extrapolation_outside_400_500","prototype_synthetic_extrapolated","Temperature-based linear model from second database; not a row-index join"
"EW-0911","100.000","interpolation_400_500","prototype_synthetic_interpolated","Temperature-based linear model from second database; not a row-index join"
"EW-0912","100.000","interpolation_400_500","prototype_synthetic_interpolated","Temperature-based linear model from second database; not a row-index join"
"EW-0913","100.000","interpolation_400_500","prototype_synthetic_interpolated","Temperature-based linear model from second database; not a row-index join"
"EW-0914","100.000","interpolation_400_500","prototype_synthetic_interpolated","Temperature-based linear model from second database; not a row-index join"
"EW-0915","100.000","extrapolation_outside_400_500","prototype_synthetic_extrapolated","Temperature-based linear model from second database; not a row-index join"
"EW-0916","100.000","interpolation_400_500","prototype_synthetic_interpolated","Temperature-based linear model from second database; not a row-index join"
"EW-0917","100.000","extrapolation_outside_400_500","prototype_synthetic_extrapolated","Temperature-based linear model from second database; not a row-index join"
"EW-0918","100.010","interpolation_400_500","prototype_synthetic_interpolated","Temperature-based linear model from second database; not a row-index join"
"EW-0919","100.000","interpolation_400_500","prototype_synthetic_interpolated","Temperature-based linear model from second database; not a row-index join"
"EW-0920","99.990","extrapolation_outside_400_500","prototype_synthetic_extrapolated","Temperature-based linear model from second database; not a row-index join"
"EW-0921","100.000","extrapolation_outside_400_500","prototype_synthetic_extrapolated","Temperature-based linear model from second database; not a row-index join"
"EW-0922","100.000","interpolation_400_500","prototype_synthetic_interpolated","Temperature-based linear model from second database; not a row-index join"
"EW-0923","100.000","interpolation_400_500","prototype_synthetic_interpolated","Temperature-based linear model from second database; not a row-index join"
"EW-0924","100.000","interpolation_400_500","prototype_synthetic_interpolated","Temperature-based linear model from second database; not a row-index join"
"EW-0925","100.000","interpolation_400_500","prototype_synthetic_interpolated","Temperature-based linear model from second database; not a row-index join"
"EW-0926","100.000","extrapolation_outside_400_500","prototype_synthetic_extrapolated","Temperature-based linear model from second database; not a row-index join"
"EW-0927","100.000","extrapolation_outside_400_500","prototype_synthetic_extrapolated","Temperature-based linear model from second database; not a row-index join"
"EW-0928","100.000","extrapolation_outside_400_500","prototype_synthetic_extrapolated","Temperature-based linear model from second database; not a row-index join"
"EW-0929","100.000","interpolation_400_500","prototype_synthetic_interpolated","Temperature-based linear model from second database; not a row-index join"
"EW-0930","100.000","extrapolation_outside_400_500","prototype_synthetic_extrapolated","Temperature-based linear model from second database; not a row-index join"
"EW-0931","100.000","extrapolation_outside_400_500","prototype_synthetic_extrapolated","Temperature-based linear model from second database; not a row-index join"
"EW-0932","100.000","extrapolation_outside_400_500","prototype_synthetic_extrapolated","Temperature-based linear model from second database; not a row-index join"
"EW-0933","100.000","interpolation_400_500","prototype_synthetic_interpolated","Temperature-based linear model from second database; not a row-index join"
"EW-0934","100.000","interpolation_400_500","prototype_synthetic_interpolated","Temperature-based linear model from second database; not a row-index join"
"EW-0935","100.010","interpolation_400_500","prototype_synthetic_interpolated","Temperature-based linear model from second database; not a row-index join"
"EW-0936","100.010","interpolation_400_500","prototype_synthetic_interpolated","Temperature-based linear model from second database; not a row-index join"
"EW-0937","100.000","extrapolation_outside_400_500","prototype_synthetic_extrapolated","Temperature-based linear model from second database; not a row-index join"
"EW-0938","100.000","interpolation_400_500","prototype_synthetic_interpolated","Temperature-based linear model from second database; not a row-index join"
"EW-0939","100.000","interpolation_400_500","prototype_synthetic_interpolated","Temperature-based linear model from second database; not a row-index join"
"EW-0940","100.000","interpolation_400_500","prototype_synthetic_interpolated","Temperature-based linear model from second database; not a row-index join"
"EW-0941","100.000","extrapolation_outside_400_500","prototype_synthetic_extrapolated","Temperature-based linear model from second database; not a row-index join"
"EW-0942","100.000","extrapolation_outside_400_500","prototype_synthetic_extrapolated","Temperature-based linear model from second database; not a row-index join"
"EW-0943","99.990","interpolation_400_500","prototype_synthetic_interpolated","Temperature-based linear model from second database; not a row-index join"
"EW-0944","99.990","interpolation_400_500","prototype_synthetic_interpolated","Temperature-based linear model from second database; not a row-index join"
"EW-0945","100.000","extrapolation_outside_400_500","prototype_synthetic_extrapolated","Temperature-based linear model from second database; not a row-index join"
"EW-0946","100.010","interpolation_400_500","prototype_synthetic_interpolated","Temperature-based linear model from second database; not a row-index join"
"EW-0947","99.990","interpolation_400_500","prototype_synthetic_interpolated","Temperature-based linear model from second database; not a row-index join"
"EW-0948","100.000","extrapolation_outside_400_500","prototype_synthetic_extrapolated","Temperature-based linear model from second database; not a row-index join"
"EW-0949","100.000","extrapolation_outside_400_500","prototype_synthetic_extrapolated","Temperature-based linear model from second database; not a row-index join"
"EW-0950","100.000","interpolation_400_500","prototype_synthetic_interpolated","Temperature-based linear model from second database; not a row-index join"
"EW-0951","99.990","interpolation_400_500","prototype_synthetic_interpolated","Temperature-based linear model from second database; not a row-index join"
"EW-0952","100.000","interpolation_400_500","prototype_synthetic_interpolated","Temperature-based linear model from second database; not a row-index join"
"EW-0953","100.000","interpolation_400_500","prototype_synthetic_interpolated","Temperature-based linear model from second database; not a row-index join"
"EW-0954","100.000","interpolation_400_500","prototype_synthetic_interpolated","Temperature-based linear model from second database; not a row-index join"
"EW-0955","100.000","interpolation_400_500","prototype_synthetic_interpolated","Temperature-based linear model from second database; not a row-index join"
"EW-0956","100.000","extrapolation_outside_400_500","prototype_synthetic_extrapolated","Temperature-based linear model from second database; not a row-index join"
"EW-0957","100.000","extrapolation_outside_400_500","prototype_synthetic_extrapolated","Temperature-based linear model from second database; not a row-index join"
"EW-0958","100.000","interpolation_400_500","prototype_synthetic_interpolated","Temperature-based linear model from second database; not a row-index join"
"EW-0959","100.000","interpolation_400_500","prototype_synthetic_interpolated","Temperature-based linear model from second database; not a row-index join"
"EW-0960","100.000","interpolation_400_500","prototype_synthetic_interpolated","Temperature-based linear model from second database; not a row-index join"
"EW-0961","100.000","interpolation_400_500","prototype_synthetic_interpolated","Temperature-based linear model from second database; not a row-index join"
"EW-0962","100.000","interpolation_400_500","prototype_synthetic_interpolated","Temperature-based linear model from second database; not a row-index join"
"EW-0963","100.000","interpolation_400_500","prototype_synthetic_interpolated","Temperature-based linear model from second database; not a row-index join"
"EW-0964","100.000","interpolation_400_500","prototype_synthetic_interpolated","Temperature-based linear model from second database; not a row-index join"
"EW-0965","100.000","extrapolation_outside_400_500","prototype_synthetic_extrapolated","Temperature-based linear model from second database; not a row-index join"
"EW-0966","100.000","interpolation_400_500","prototype_synthetic_interpolated","Temperature-based linear model from second database; not a row-index join"
"EW-0967","100.000","interpolation_400_500","prototype_synthetic_interpolated","Temperature-based linear model from second database; not a row-index join"
"EW-0968","100.000","extrapolation_outside_400_500","prototype_synthetic_extrapolated","Temperature-based linear model from second database; not a row-index join"
"EW-0969","100.000","interpolation_400_500","prototype_synthetic_interpolated","Temperature-based linear model from second database; not a row-index join"
"EW-0970","100.000","interpolation_400_500","prototype_synthetic_interpolated","Temperature-based linear model from second database; not a row-index join"
"EW-0971","100.000","interpolation_400_500","prototype_synthetic_interpolated","Temperature-based linear model from second database; not a row-index join"
"EW-0972","100.000","interpolation_400_500","prototype_synthetic_interpolated","Temperature-based linear model from second database; not a row-index join"
"EW-0973","100.000","extrapolation_outside_400_500","prototype_synthetic_extrapolated","Temperature-based linear model from second database; not a row-index join"
"EW-0974","100.000","interpolation_400_500","prototype_synthetic_interpolated","Temperature-based linear model from second database; not a row-index join"
"EW-0975","100.010","interpolation_400_500","prototype_synthetic_interpolated","Temperature-based linear model from second database; not a row-index join"
"EW-0976","99.990","interpolation_400_500","prototype_synthetic_interpolated","Temperature-based linear model from second database; not a row-index join"
"EW-0977","100.000","interpolation_400_500","prototype_synthetic_interpolated","Temperature-based linear model from second database; not a row-index join"
"EW-0978","99.990","extrapolation_outside_400_500","prototype_synthetic_extrapolated","Temperature-based linear model from second database; not a row-index join"
"EW-0979","100.000","interpolation_400_500","prototype_synthetic_interpolated","Temperature-based linear model from second database; not a row-index join"
"EW-0980","100.000","interpolation_400_500","prototype_synthetic_interpolated","Temperature-based linear model from second database; not a row-index join"
"EW-0981","100.000","interpolation_400_500","prototype_synthetic_interpolated","Temperature-based linear model from second database; not a row-index join"
"EW-0982","100.010","interpolation_400_500","prototype_synthetic_interpolated","Temperature-based linear model from second database; not a row-index join"
"EW-0983","100.000","interpolation_400_500","prototype_synthetic_interpolated","Temperature-based linear model from second database; not a row-index join"
"EW-0984","100.000","interpolation_400_500","prototype_synthetic_interpolated","Temperature-based linear model from second database; not a row-index join"
"EW-0985","100.000","interpolation_400_500","prototype_synthetic_interpolated","Temperature-based linear model from second database; not a row-index join"
"EW-0986","100.000","extrapolation_outside_400_500","prototype_synthetic_extrapolated","Temperature-based linear model from second database; not a row-index join"
"EW-0987","100.000","interpolation_400_500","prototype_synthetic_interpolated","Temperature-based linear model from second database; not a row-index join"
"EW-0988","100.000","interpolation_400_500","prototype_synthetic_interpolated","Temperature-based linear model from second database; not a row-index join"
"EW-0989","100.000","extrapolation_outside_400_500","prototype_synthetic_extrapolated","Temperature-based linear model from second database; not a row-index join"
"EW-0990","100.000","interpolation_400_500","prototype_synthetic_interpolated","Temperature-based linear model from second database; not a row-index join"
"EW-0991","100.000","interpolation_400_500","prototype_synthetic_interpolated","Temperature-based linear model from second database; not a row-index join"
"EW-0992","100.000","extrapolation_outside_400_500","prototype_synthetic_extrapolated","Temperature-based linear model from second database; not a row-index join"
"EW-0993","100.000","interpolation_400_500","prototype_synthetic_interpolated","Temperature-based linear model from second database; not a row-index join"
"EW-0994","100.000","interpolation_400_500","prototype_synthetic_interpolated","Temperature-based linear model from second database; not a row-index join"
"EW-0995","100.000","extrapolation_outside_400_500","prototype_synthetic_extrapolated","Temperature-based linear model from second database; not a row-index join"
"EW-0996","100.000","extrapolation_outside_400_500","prototype_synthetic_extrapolated","Temperature-based linear model from second database; not a row-index join"
"EW-0997","100.000","extrapolation_outside_400_500","prototype_synthetic_extrapolated","Temperature-based linear model from second database; not a row-index join"
"EW-0998","100.010","interpolation_400_500","prototype_synthetic_interpolated","Temperature-based linear model from second database; not a row-index join"
"EW-0999","100.000","extrapolation_outside_400_500","prototype_synthetic_extrapolated","Temperature-based linear model from second database; not a row-index join"
"EW-1000","100.000","interpolation_400_500","prototype_synthetic_interpolated","Temperature-based linear model from second database; not a row-index join"
