Famille,Sortie,Essai,RMSE_CV_normalisee,Etat,Hyperparametres
Ridge polynomial Optuna,Solid_Yield_pct,1,0.9482488024618944,COMPLETE,"{""alpha"": 4033.8008326003933, ""degree"": 1}"
Ridge polynomial Optuna,Solid_Yield_pct,2,0.9205161951644204,COMPLETE,"{""alpha"": 0.0017699302940633358, ""degree"": 2, ""interaction_only"": false}"
Ridge polynomial Optuna,Solid_Yield_pct,3,0.9037425296340242,COMPLETE,"{""alpha"": 849.9808989183019, ""degree"": 1}"
Ridge polynomial Optuna,Solid_Yield_pct,4,0.9514489376033815,COMPLETE,"{""alpha"": 5744.851636320435, ""degree"": 2, ""interaction_only"": false}"
Ridge polynomial Optuna,Solid_Yield_pct,5,0.919955183680725,COMPLETE,"{""alpha"": 0.0029324868872723803, ""degree"": 2, ""interaction_only"": false}"
Ridge polynomial Optuna,Solid_Yield_pct,6,0.8676100417422971,COMPLETE,"{""alpha"": 1.5777981883365035, ""degree"": 1}"
Ridge polynomial Optuna,Solid_Yield_pct,7,0.8710176961797153,COMPLETE,"{""alpha"": 0.02137140731637301, ""degree"": 1}"
Ridge polynomial Optuna,Solid_Yield_pct,8,0.9113185676413057,COMPLETE,"{""alpha"": 0.08528933855762823, ""degree"": 2, ""interaction_only"": true}"
Ridge polynomial Optuna,Solid_Yield_pct,9,0.8716779093778714,COMPLETE,"{""alpha"": 191.16469627784303, ""degree"": 1}"
Ridge polynomial Optuna,Solid_Yield_pct,10,0.8677820947619359,COMPLETE,"{""alpha"": 1.2997969313168272, ""degree"": 1}"
Ridge polynomial Optuna,Solid_Yield_pct,11,0.9221347718688604,COMPLETE,"{""alpha"": 0.00011491548505141244, ""degree"": 2, ""interaction_only"": true}"
Ridge polynomial Optuna,Solid_Yield_pct,12,0.8668860729347925,COMPLETE,"{""alpha"": 3.4703163618886914, ""degree"": 1}"
Ridge polynomial Optuna,Solid_Yield_pct,13,0.8655235731670364,COMPLETE,"{""alpha"": 9.970698123570347, ""degree"": 1}"
Ridge polynomial Optuna,Solid_Yield_pct,14,0.865469279216818,COMPLETE,"{""alpha"": 10.353070210856437, ""degree"": 1}"
Ridge polynomial Optuna,Solid_Yield_pct,15,0.8646490176556183,COMPLETE,"{""alpha"": 54.10284187479002, ""degree"": 1}"
Ridge polynomial Optuna,Solid_Yield_pct,16,0.8647449373798771,COMPLETE,"{""alpha"": 57.72167884195828, ""degree"": 1}"
Ridge polynomial Optuna,Solid_Yield_pct,17,0.8650744057257544,COMPLETE,"{""alpha"": 68.0989609916682, ""degree"": 1}"
Ridge polynomial Optuna,Solid_Yield_pct,18,0.865521616772799,COMPLETE,"{""alpha"": 79.50259625615243, ""degree"": 1}"
Ridge polynomial Optuna,Solid_Yield_pct,19,0.8700328779761177,COMPLETE,"{""alpha"": 0.1618849905458632, ""degree"": 1}"
Ridge polynomial Optuna,Solid_Yield_pct,20,0.8963319048961678,COMPLETE,"{""alpha"": 653.4611052533896, ""degree"": 1}"
Ridge polynomial Optuna,Solid_Yield_pct,21,0.8806990921047154,COMPLETE,"{""alpha"": 25.933909567325717, ""degree"": 2, ""interaction_only"": true}"
Ridge polynomial Optuna,Solid_Yield_pct,22,0.8667627382589167,COMPLETE,"{""alpha"": 106.11948952931587, ""degree"": 1}"
Ridge polynomial Optuna,Solid_Yield_pct,23,0.8933815011670845,COMPLETE,"{""alpha"": 585.4124947018355, ""degree"": 1}"
Ridge polynomial Optuna,Solid_Yield_pct,24,0.8644052166493337,COMPLETE,"{""alpha"": 40.10349028386352, ""degree"": 1}"
Ridge polynomial Optuna,Solid_Yield_pct,25,0.8688728731864804,COMPLETE,"{""alpha"": 0.4716612926577614, ""degree"": 1}"
Ridge polynomial Optuna,Solid_Yield_pct,26,0.8647290847644011,COMPLETE,"{""alpha"": 19.11412534284714, ""degree"": 1}"
Ridge polynomial Optuna,Solid_Yield_pct,27,0.8650524170443766,COMPLETE,"{""alpha"": 14.36777380369279, ""degree"": 1}"
Ridge polynomial Optuna,Solid_Yield_pct,28,0.866655618600592,COMPLETE,"{""alpha"": 4.224633660774393, ""degree"": 1}"
Ridge polynomial Optuna,Solid_Yield_pct,29,0.8788535505345729,COMPLETE,"{""alpha"": 308.0663827099802, ""degree"": 1}"
Ridge polynomial Optuna,Solid_Yield_pct,30,0.924330544613764,COMPLETE,"{""alpha"": 1706.2146140782247, ""degree"": 1}"
Ridge polynomial Optuna,Solid_Yield_pct,31,0.93201874608107,COMPLETE,"{""alpha"": 2225.0735829331124, ""degree"": 1}"
Ridge polynomial Optuna,Solid_Yield_pct,32,0.8643782414324932,COMPLETE,"{""alpha"": 33.995569865049816, ""degree"": 1}"
Ridge polynomial Optuna,Solid_Yield_pct,33,0.8644241246846793,COMPLETE,"{""alpha"": 28.439680420726766, ""degree"": 1}"
Ridge polynomial Optuna,Solid_Yield_pct,34,0.8644414864849163,COMPLETE,"{""alpha"": 27.28669076992054, ""degree"": 1}"
Ridge polynomial Optuna,Solid_Yield_pct,35,0.8666457291684203,COMPLETE,"{""alpha"": 4.255043711407923, ""degree"": 1}"
Ridge polynomial Optuna,Solid_Yield_pct,36,0.9602733324359726,COMPLETE,"{""alpha"": 6578.57340144134, ""degree"": 1}"
Ridge polynomial Optuna,Solid_Yield_pct,37,0.8736562236264961,COMPLETE,"{""alpha"": 223.11673454597204, ""degree"": 1}"
Ridge polynomial Optuna,Solid_Yield_pct,38,0.9002170105745952,COMPLETE,"{""alpha"": 0.6646697598010682, ""degree"": 2, ""interaction_only"": false}"
Ridge polynomial Optuna,Solid_Yield_pct,39,0.8643791912967862,COMPLETE,"{""alpha"": 35.53912535264598, ""degree"": 1}"
Ridge polynomial Optuna,Solid_Yield_pct,40,0.8660814633834202,COMPLETE,"{""alpha"": 6.42616367734066, ""degree"": 1}"
Ridge polynomial Optuna,Solid_Yield_pct,41,0.8673679348280778,COMPLETE,"{""alpha"": 2.001775560413872, ""degree"": 1}"
Ridge polynomial Optuna,Solid_Yield_pct,42,0.8643788368323669,COMPLETE,"{""alpha"": 33.51789128018018, ""degree"": 1}"
Ridge polynomial Optuna,Solid_Yield_pct,43,0.864406464622235,COMPLETE,"{""alpha"": 29.96099781210944, ""degree"": 1}"
Ridge polynomial Optuna,Solid_Yield_pct,44,0.8714399911305932,COMPLETE,"{""alpha"": 187.2972851647718, ""degree"": 1}"
Ridge polynomial Optuna,Solid_Yield_pct,45,0.8899405599070184,COMPLETE,"{""alpha"": 511.9987088080266, ""degree"": 1}"
Ridge polynomial Optuna,Solid_Yield_pct,46,0.9271485642411106,COMPLETE,"{""alpha"": 1879.1016965893223, ""degree"": 1}"
Ridge polynomial Optuna,Solid_Yield_pct,47,0.8690627589205702,COMPLETE,"{""alpha"": 147.8325070402471, ""degree"": 1}"
Ridge polynomial Optuna,Solid_Yield_pct,48,0.8644381989919321,COMPLETE,"{""alpha"": 43.196179505105434, ""degree"": 1}"
Ridge polynomial Optuna,Solid_Yield_pct,49,0.8711618933484461,COMPLETE,"{""alpha"": 0.006713201506744596, ""degree"": 1}"
Ridge polynomial Optuna,Solid_Yield_pct,50,0.9220547774745261,COMPLETE,"{""alpha"": 0.0003062226456375338, ""degree"": 2, ""interaction_only"": true}"
Ridge polynomial Optuna,Liquid_Yield_pct,1,0.9137435247242951,COMPLETE,"{""alpha"": 7.45645350658851, ""degree"": 1}"
Ridge polynomial Optuna,Liquid_Yield_pct,2,0.9199146343991778,COMPLETE,"{""alpha"": 0.008408469626163215, ""degree"": 1}"
Ridge polynomial Optuna,Liquid_Yield_pct,3,0.9368111959818602,COMPLETE,"{""alpha"": 746.6205298916575, ""degree"": 1}"
Ridge polynomial Optuna,Liquid_Yield_pct,4,0.9315601762094591,COMPLETE,"{""alpha"": 74.12869766248274, ""degree"": 2, ""interaction_only"": false}"
Ridge polynomial Optuna,Liquid_Yield_pct,5,0.9215257897614227,COMPLETE,"{""alpha"": 260.8416561734611, ""degree"": 1}"
Ridge polynomial Optuna,Liquid_Yield_pct,6,0.920042658045752,COMPLETE,"{""alpha"": 0.00028515401653038847, ""degree"": 1}"
Ridge polynomial Optuna,Liquid_Yield_pct,7,0.9891000174766468,COMPLETE,"{""alpha"": 0.033788722194360056, ""degree"": 2, ""interaction_only"": true}"
Ridge polynomial Optuna,Liquid_Yield_pct,8,0.9319240040004079,COMPLETE,"{""alpha"": 556.9260775925086, ""degree"": 1}"
Ridge polynomial Optuna,Liquid_Yield_pct,9,0.9634358906732181,COMPLETE,"{""alpha"": 4324.192317571502, ""degree"": 2, ""interaction_only"": false}"
Ridge polynomial Optuna,Liquid_Yield_pct,10,0.9129798003313339,COMPLETE,"{""alpha"": 22.792775546329416, ""degree"": 1}"
Ridge polynomial Optuna,Liquid_Yield_pct,11,0.9531369749862696,COMPLETE,"{""alpha"": 1.2503104450410565, ""degree"": 2, ""interaction_only"": true}"
Ridge polynomial Optuna,Liquid_Yield_pct,12,0.9137655720206028,COMPLETE,"{""alpha"": 7.289767190875161, ""degree"": 1}"
Ridge polynomial Optuna,Liquid_Yield_pct,13,0.9150830764736557,COMPLETE,"{""alpha"": 1.595570649339134, ""degree"": 1}"
Ridge polynomial Optuna,Liquid_Yield_pct,14,0.9131461364676354,COMPLETE,"{""alpha"": 14.98740098675162, ""degree"": 1}"
Ridge polynomial Optuna,Liquid_Yield_pct,15,0.918808128367251,COMPLETE,"{""alpha"": 0.08213863316185492, ""degree"": 1}"
Ridge polynomial Optuna,Liquid_Yield_pct,16,0.9129565459195081,COMPLETE,"{""alpha"": 27.59375412347819, ""degree"": 1}"
Ridge polynomial Optuna,Liquid_Yield_pct,17,0.917071270621715,COMPLETE,"{""alpha"": 0.42036732020313594, ""degree"": 1}"
Ridge polynomial Optuna,Liquid_Yield_pct,18,0.9696830360662562,COMPLETE,"{""alpha"": 6735.827093654406, ""degree"": 2, ""interaction_only"": false}"
Ridge polynomial Optuna,Liquid_Yield_pct,19,0.9132754830705236,COMPLETE,"{""alpha"": 51.63543843657419, ""degree"": 1}"
Ridge polynomial Optuna,Liquid_Yield_pct,20,0.9200347424094462,COMPLETE,"{""alpha"": 0.0007769799893139208, ""degree"": 1}"
Ridge polynomial Optuna,Liquid_Yield_pct,21,0.931212892741744,COMPLETE,"{""alpha"": 52.859785291220014, ""degree"": 2, ""interaction_only"": true}"
Ridge polynomial Optuna,Liquid_Yield_pct,22,0.9132068821874032,COMPLETE,"{""alpha"": 13.478001540143136, ""degree"": 1}"
Ridge polynomial Optuna,Liquid_Yield_pct,23,0.9156532738222485,COMPLETE,"{""alpha"": 0.819015483770884, ""degree"": 1}"
Ridge polynomial Optuna,Liquid_Yield_pct,24,0.9134443795421422,COMPLETE,"{""alpha"": 10.234129751843867, ""degree"": 1}"
Ridge polynomial Optuna,Liquid_Yield_pct,25,0.9169108491893734,COMPLETE,"{""alpha"": 152.30681355909388, ""degree"": 1}"
Ridge polynomial Optuna,Liquid_Yield_pct,26,0.9499847360404745,COMPLETE,"{""alpha"": 1602.6984283814515, ""degree"": 1}"
Ridge polynomial Optuna,Liquid_Yield_pct,27,0.9183759583004345,COMPLETE,"{""alpha"": 0.1653664751809745, ""degree"": 1}"
Ridge polynomial Optuna,Liquid_Yield_pct,28,0.9146009017888538,COMPLETE,"{""alpha"": 2.7258613229418613, ""degree"": 1}"
Ridge polynomial Optuna,Liquid_Yield_pct,29,0.9129573760888665,COMPLETE,"{""alpha"": 26.825785075193973, ""degree"": 1}"
Ridge polynomial Optuna,Liquid_Yield_pct,30,0.9143745898086525,COMPLETE,"{""alpha"": 3.8910114809358496, ""degree"": 1}"
Ridge polynomial Optuna,Liquid_Yield_pct,31,0.9129567990442086,COMPLETE,"{""alpha"": 27.24597389508766, ""degree"": 1}"
Ridge polynomial Optuna,Liquid_Yield_pct,32,0.9129538953680708,COMPLETE,"{""alpha"": 28.098153541776636, ""degree"": 1}"
Ridge polynomial Optuna,Liquid_Yield_pct,33,0.9178436171564867,COMPLETE,"{""alpha"": 174.17734960124233, ""degree"": 1}"
Ridge polynomial Optuna,Liquid_Yield_pct,34,0.9129898252332588,COMPLETE,"{""alpha"": 33.2993424977591, ""degree"": 1}"
Ridge polynomial Optuna,Liquid_Yield_pct,35,0.9332849637971756,COMPLETE,"{""alpha"": 605.4113218095632, ""degree"": 1}"
Ridge polynomial Optuna,Liquid_Yield_pct,36,0.9160674928285234,COMPLETE,"{""alpha"": 132.14059220566787, ""degree"": 1}"
Ridge polynomial Optuna,Liquid_Yield_pct,37,0.9140551964307926,COMPLETE,"{""alpha"": 5.499007317147109, ""degree"": 1}"
Ridge polynomial Optuna,Liquid_Yield_pct,38,0.9534557848792244,COMPLETE,"{""alpha"": 1973.121604496731, ""degree"": 1}"
Ridge polynomial Optuna,Liquid_Yield_pct,39,0.9231077138905815,COMPLETE,"{""alpha"": 299.71091379890106, ""degree"": 1}"
Ridge polynomial Optuna,Liquid_Yield_pct,40,0.9199705216149845,COMPLETE,"{""alpha"": 0.004817584127636462, ""degree"": 1}"
Ridge polynomial Optuna,Liquid_Yield_pct,41,0.9136531295917413,COMPLETE,"{""alpha"": 66.59276456153789, ""degree"": 1}"
Ridge polynomial Optuna,Liquid_Yield_pct,42,0.9130120388731455,COMPLETE,"{""alpha"": 20.290307863197093, ""degree"": 1}"
Ridge polynomial Optuna,Liquid_Yield_pct,43,0.9129683197559894,COMPLETE,"{""alpha"": 24.188793746995497, ""degree"": 1}"
Ridge polynomial Optuna,Liquid_Yield_pct,44,0.9144571887143883,COMPLETE,"{""alpha"": 3.211280979103081, ""degree"": 1}"
Ridge polynomial Optuna,Liquid_Yield_pct,45,0.9129563283765073,COMPLETE,"{""alpha"": 29.569925202327088, ""degree"": 1}"
Ridge polynomial Optuna,Liquid_Yield_pct,46,0.9169426075857314,COMPLETE,"{""alpha"": 0.4581735498566675, ""degree"": 1}"
Ridge polynomial Optuna,Liquid_Yield_pct,47,0.9236833948327346,COMPLETE,"{""alpha"": 314.2438058165929, ""degree"": 1}"
Ridge polynomial Optuna,Liquid_Yield_pct,48,0.9156394818839969,COMPLETE,"{""alpha"": 121.67109159113647, ""degree"": 1}"
Ridge polynomial Optuna,Liquid_Yield_pct,49,0.9478436007421294,COMPLETE,"{""alpha"": 1412.9822982761793, ""degree"": 1}"
Ridge polynomial Optuna,Liquid_Yield_pct,50,0.9418260626943334,COMPLETE,"{""alpha"": 8.13001660042684, ""degree"": 2, ""interaction_only"": true}"
Ridge polynomial Optuna,Gas_Yield_pct,1,0.9763137914738564,COMPLETE,"{""alpha"": 0.07656084005661672, ""degree"": 2, ""interaction_only"": true}"
Ridge polynomial Optuna,Gas_Yield_pct,2,0.9212656990554855,COMPLETE,"{""alpha"": 7.48009381749308, ""degree"": 1}"
Ridge polynomial Optuna,Gas_Yield_pct,3,0.9251967971339926,COMPLETE,"{""alpha"": 0.1873185894920063, ""degree"": 1}"
Ridge polynomial Optuna,Gas_Yield_pct,4,0.9694932641914947,COMPLETE,"{""alpha"": 0.44974761763062443, ""degree"": 2, ""interaction_only"": true}"
Ridge polynomial Optuna,Gas_Yield_pct,5,0.9262709705962763,COMPLETE,"{""alpha"": 0.0008085550779705774, ""degree"": 1}"
Ridge polynomial Optuna,Gas_Yield_pct,6,0.967722478069297,COMPLETE,"{""alpha"": 4568.5307513017815, ""degree"": 1}"
Ridge polynomial Optuna,Gas_Yield_pct,7,1.0102690761816868,COMPLETE,"{""alpha"": 0.005135686405474892, ""degree"": 2, ""interaction_only"": false}"
Ridge polynomial Optuna,Gas_Yield_pct,8,0.9389773849771539,COMPLETE,"{""alpha"": 979.2768348883639, ""degree"": 2, ""interaction_only"": true}"
Ridge polynomial Optuna,Gas_Yield_pct,9,0.9202620196260298,COMPLETE,"{""alpha"": 20.835732931921296, ""degree"": 1}"
Ridge polynomial Optuna,Gas_Yield_pct,10,0.9931610428847707,COMPLETE,"{""alpha"": 0.0018760400714942361, ""degree"": 2, ""interaction_only"": true}"
Ridge polynomial Optuna,Gas_Yield_pct,11,0.9195182597778695,COMPLETE,"{""alpha"": 79.04046202659974, ""degree"": 1}"
Ridge polynomial Optuna,Gas_Yield_pct,12,0.9195290062968275,COMPLETE,"{""alpha"": 61.15958350486291, ""degree"": 1}"
Ridge polynomial Optuna,Gas_Yield_pct,13,0.92005913381346,COMPLETE,"{""alpha"": 138.5346818641224, ""degree"": 1}"
Ridge polynomial Optuna,Gas_Yield_pct,14,0.9212553899409717,COMPLETE,"{""alpha"": 7.553311818615678, ""degree"": 1}"
Ridge polynomial Optuna,Gas_Yield_pct,15,0.9200109390616861,COMPLETE,"{""alpha"": 135.19806249934678, ""degree"": 1}"
Ridge polynomial Optuna,Gas_Yield_pct,16,0.9760302575481316,COMPLETE,"{""alpha"": 7536.663270384135, ""degree"": 1}"
Ridge polynomial Optuna,Gas_Yield_pct,17,0.921951664295684,COMPLETE,"{""alpha"": 237.75420402969144, ""degree"": 1}"
Ridge polynomial Optuna,Gas_Yield_pct,18,0.9231396061891415,COMPLETE,"{""alpha"": 1.2297173274091815, ""degree"": 1}"
Ridge polynomial Optuna,Gas_Yield_pct,19,0.919963698374392,COMPLETE,"{""alpha"": 29.565905127973785, ""degree"": 1}"
Ridge polynomial Optuna,Gas_Yield_pct,20,0.9260752566908291,COMPLETE,"{""alpha"": 0.026646208422046694, ""degree"": 1}"
Ridge polynomial Optuna,Gas_Yield_pct,21,0.9374275693990514,COMPLETE,"{""alpha"": 822.2752712308378, ""degree"": 2, ""interaction_only"": false}"
Ridge polynomial Optuna,Gas_Yield_pct,22,0.9201750749279721,COMPLETE,"{""alpha"": 22.91816825472789, ""degree"": 1}"
Ridge polynomial Optuna,Gas_Yield_pct,23,0.9231483511609107,COMPLETE,"{""alpha"": 1.4813789051096873, ""degree"": 1}"
Ridge polynomial Optuna,Gas_Yield_pct,24,0.9196218061927519,COMPLETE,"{""alpha"": 48.08603574047232, ""degree"": 1}"
Ridge polynomial Optuna,Gas_Yield_pct,25,0.926276192590926,COMPLETE,"{""alpha"": 0.00015642171669659886, ""degree"": 1}"
Ridge polynomial Optuna,Gas_Yield_pct,26,0.9346060740692128,COMPLETE,"{""alpha"": 794.4617813110914, ""degree"": 1}"
Ridge polynomial Optuna,Gas_Yield_pct,27,0.9223350720345234,COMPLETE,"{""alpha"": 3.012993972036057, ""degree"": 1}"
Ridge polynomial Optuna,Gas_Yield_pct,28,0.9195614159718039,COMPLETE,"{""alpha"": 55.099322286041826, ""degree"": 1}"
Ridge polynomial Optuna,Gas_Yield_pct,29,0.9231530481830894,COMPLETE,"{""alpha"": 290.13636697713173, ""degree"": 1}"
Ridge polynomial Optuna,Gas_Yield_pct,30,0.9337757574667623,COMPLETE,"{""alpha"": 81.4809771161369, ""degree"": 2, ""interaction_only"": false}"
Ridge polynomial Optuna,Gas_Yield_pct,31,0.9602805563357422,COMPLETE,"{""alpha"": 3084.034176365933, ""degree"": 1}"
Ridge polynomial Optuna,Gas_Yield_pct,32,0.9195614792302045,COMPLETE,"{""alpha"": 55.08998222159726, ""degree"": 1}"
Ridge polynomial Optuna,Gas_Yield_pct,33,0.92148743413098,COMPLETE,"{""alpha"": 6.159301059297673, ""degree"": 1}"
Ridge polynomial Optuna,Gas_Yield_pct,34,0.9205032195357485,COMPLETE,"{""alpha"": 16.210763725238404, ""degree"": 1}"
Ridge polynomial Optuna,Gas_Yield_pct,35,0.9260548829138481,COMPLETE,"{""alpha"": 410.10342139827407, ""degree"": 1}"
Ridge polynomial Optuna,Gas_Yield_pct,36,0.9244136856750964,COMPLETE,"{""alpha"": 0.33498462382589944, ""degree"": 1}"
Ridge polynomial Optuna,Gas_Yield_pct,37,0.9195107839157981,COMPLETE,"{""alpha"": 74.80821287608491, ""degree"": 1}"
Ridge polynomial Optuna,Gas_Yield_pct,38,0.9215095725267319,COMPLETE,"{""alpha"": 6.036464907061475, ""degree"": 1}"
Ridge polynomial Optuna,Gas_Yield_pct,39,0.957728554083339,COMPLETE,"{""alpha"": 2710.88282928774, ""degree"": 1}"
Ridge polynomial Optuna,Gas_Yield_pct,40,0.9232172844594189,COMPLETE,"{""alpha"": 1.0426044601883233, ""degree"": 1}"
Ridge polynomial Optuna,Gas_Yield_pct,41,0.9482623320527065,COMPLETE,"{""alpha"": 1687.9766051069305, ""degree"": 1}"
Ridge polynomial Optuna,Gas_Yield_pct,42,0.9195117056393896,COMPLETE,"{""alpha"": 75.56613512517112, ""degree"": 1}"
Ridge polynomial Optuna,Gas_Yield_pct,43,0.9197663139645572,COMPLETE,"{""alpha"": 115.02086229976808, ""degree"": 1}"
Ridge polynomial Optuna,Gas_Yield_pct,44,0.9207999446242772,COMPLETE,"{""alpha"": 12.09464540510852, ""degree"": 1}"
Ridge polynomial Optuna,Gas_Yield_pct,45,0.9242664247294812,COMPLETE,"{""alpha"": 336.51455728162256, ""degree"": 1}"
Ridge polynomial Optuna,Gas_Yield_pct,46,0.9195419428995406,COMPLETE,"{""alpha"": 85.94415533818824, ""degree"": 1}"
Ridge polynomial Optuna,Gas_Yield_pct,47,0.9208966098608553,COMPLETE,"{""alpha"": 187.2037909313972, ""degree"": 1}"
Ridge polynomial Optuna,Gas_Yield_pct,48,0.9291346941772218,COMPLETE,"{""alpha"": 540.1404696260106, ""degree"": 1}"
Ridge polynomial Optuna,Gas_Yield_pct,49,0.9222576407035478,COMPLETE,"{""alpha"": 3.2130589270874785, ""degree"": 1}"
Ridge polynomial Optuna,Gas_Yield_pct,50,0.9372451226457261,COMPLETE,"{""alpha"": 34.49532675053351, ""degree"": 2, ""interaction_only"": false}"
Ridge polynomial Optuna,HBr_pct,1,0.368556667647194,COMPLETE,"{""alpha"": 0.00041525658553425105, ""degree"": 2, ""interaction_only"": false}"
Ridge polynomial Optuna,HBr_pct,2,0.3406758641023503,COMPLETE,"{""alpha"": 0.6059876286355067, ""degree"": 1}"
Ridge polynomial Optuna,HBr_pct,3,0.34161262552433086,COMPLETE,"{""alpha"": 0.002025795423443532, ""degree"": 1}"
Ridge polynomial Optuna,HBr_pct,4,0.3445309650036772,COMPLETE,"{""alpha"": 10.450413181546102, ""degree"": 1}"
Ridge polynomial Optuna,HBr_pct,5,0.35141766606974023,COMPLETE,"{""alpha"": 0.5791699055264872, ""degree"": 2, ""interaction_only"": true}"
Ridge polynomial Optuna,HBr_pct,6,0.34697344294550064,COMPLETE,"{""alpha"": 24.240635042944362, ""degree"": 2, ""interaction_only"": true}"
Ridge polynomial Optuna,HBr_pct,7,0.34151192228785276,COMPLETE,"{""alpha"": 0.020772976127722605, ""degree"": 1}"
Ridge polynomial Optuna,HBr_pct,8,0.35106949355378136,COMPLETE,"{""alpha"": 0.673625373328467, ""degree"": 2, ""interaction_only"": true}"
Ridge polynomial Optuna,HBr_pct,9,0.34110128192324557,COMPLETE,"{""alpha"": 0.12701649984796864, ""degree"": 1}"
Ridge polynomial Optuna,HBr_pct,10,0.3658438833939859,COMPLETE,"{""alpha"": 0.006297506958887951, ""degree"": 2, ""interaction_only"": true}"
Ridge polynomial Optuna,HBr_pct,11,0.7296036958101924,COMPLETE,"{""alpha"": 8025.046112465363, ""degree"": 1}"
Ridge polynomial Optuna,HBr_pct,12,0.3409310573453121,COMPLETE,"{""alpha"": 0.1938174499784047, ""degree"": 1}"
Ridge polynomial Optuna,HBr_pct,13,0.3461832208521067,COMPLETE,"{""alpha"": 19.835371780193825, ""degree"": 1}"
Ridge polynomial Optuna,HBr_pct,14,0.3764097593622048,COMPLETE,"{""alpha"": 275.436912929955, ""degree"": 1}"
Ridge polynomial Optuna,HBr_pct,15,0.3411027932646345,COMPLETE,"{""alpha"": 0.1264009824359034, ""degree"": 1}"
Ridge polynomial Optuna,HBr_pct,16,0.3416237461231389,COMPLETE,"{""alpha"": 0.00010260848661667922, ""degree"": 1}"
Ridge polynomial Optuna,HBr_pct,17,0.341835813708052,COMPLETE,"{""alpha"": 3.0062702979039715, ""degree"": 1}"
Ridge polynomial Optuna,HBr_pct,18,0.3414076313833437,COMPLETE,"{""alpha"": 0.04317782863738863, ""degree"": 1}"
Ridge polynomial Optuna,HBr_pct,19,0.3627778678219971,COMPLETE,"{""alpha"": 172.0632248022698, ""degree"": 1}"
Ridge polynomial Optuna,HBr_pct,20,0.3408539600414364,COMPLETE,"{""alpha"": 1.0052420819268042, ""degree"": 1}"
Ridge polynomial Optuna,HBr_pct,21,0.3504260777310225,COMPLETE,"{""alpha"": 1.9313166280912575, ""degree"": 2, ""interaction_only"": false}"
Ridge polynomial Optuna,HBr_pct,22,0.3409200949062998,COMPLETE,"{""alpha"": 0.20107218523475115, ""degree"": 1}"
Ridge polynomial Optuna,HBr_pct,23,0.34154187990424834,COMPLETE,"{""alpha"": 0.014929975207039611, ""degree"": 1}"
Ridge polynomial Optuna,HBr_pct,24,0.34185841546676066,COMPLETE,"{""alpha"": 3.047590792203142, ""degree"": 1}"
Ridge polynomial Optuna,HBr_pct,25,0.34068171318621,COMPLETE,"{""alpha"": 0.6349883758998971, ""degree"": 1}"
Ridge polynomial Optuna,HBr_pct,26,0.3408066593285467,COMPLETE,"{""alpha"": 0.9701175072028193, ""degree"": 1}"
Ridge polynomial Optuna,HBr_pct,27,0.381683460144367,COMPLETE,"{""alpha"": 315.25266024251806, ""degree"": 1}"
Ridge polynomial Optuna,HBr_pct,28,0.35148237773338215,COMPLETE,"{""alpha"": 74.27828486879186, ""degree"": 1}"
Ridge polynomial Optuna,HBr_pct,29,0.4948526967692713,COMPLETE,"{""alpha"": 1514.0833143016903, ""degree"": 1}"
Ridge polynomial Optuna,HBr_pct,30,0.3481624428005249,COMPLETE,"{""alpha"": 9.273611809582523, ""degree"": 2, ""interaction_only"": false}"
Ridge polynomial Optuna,HBr_pct,31,0.3416116310159053,COMPLETE,"{""alpha"": 0.002199108875846646, ""degree"": 1}"
Ridge polynomial Optuna,HBr_pct,32,0.3407837353430986,COMPLETE,"{""alpha"": 0.9174884966795223, ""degree"": 1}"
Ridge polynomial Optuna,HBr_pct,33,0.34074487861060276,COMPLETE,"{""alpha"": 0.33227248022928574, ""degree"": 1}"
Ridge polynomial Optuna,HBr_pct,34,0.3414008728261608,COMPLETE,"{""alpha"": 0.0447540062263569, ""degree"": 1}"
Ridge polynomial Optuna,HBr_pct,35,0.3429113029072906,COMPLETE,"{""alpha"": 5.265022919990468, ""degree"": 1}"
Ridge polynomial Optuna,HBr_pct,36,0.34096397138731105,COMPLETE,"{""alpha"": 0.17371762993214895, ""degree"": 1}"
Ridge polynomial Optuna,HBr_pct,37,0.340731548352914,COMPLETE,"{""alpha"": 0.3599341188424785, ""degree"": 1}"
Ridge polynomial Optuna,HBr_pct,38,0.3406841486830647,COMPLETE,"{""alpha"": 0.3802318937293145, ""degree"": 1}"
Ridge polynomial Optuna,HBr_pct,39,0.3414153853296367,COMPLETE,"{""alpha"": 0.04138970820632744, ""degree"": 1}"
Ridge polynomial Optuna,HBr_pct,40,0.34159717877760165,COMPLETE,"{""alpha"": 0.004742703110263026, ""degree"": 1}"
Ridge polynomial Optuna,HBr_pct,41,0.3481288132988383,COMPLETE,"{""alpha"": 41.42929375506161, ""degree"": 2, ""interaction_only"": false}"
Ridge polynomial Optuna,HBr_pct,42,0.34067890525170885,COMPLETE,"{""alpha"": 0.40565714477727427, ""degree"": 1}"
Ridge polynomial Optuna,HBr_pct,43,0.3412351857019934,COMPLETE,"{""alpha"": 0.08951326014026774, ""degree"": 1}"
Ridge polynomial Optuna,HBr_pct,44,0.3406811836868617,COMPLETE,"{""alpha"": 0.3936099935777887, ""degree"": 1}"
Ridge polynomial Optuna,HBr_pct,45,0.34067156921166497,COMPLETE,"{""alpha"": 0.5806420173012931, ""degree"": 1}"
Ridge polynomial Optuna,HBr_pct,46,0.34317590245183704,COMPLETE,"{""alpha"": 5.942919501309577, ""degree"": 1}"
Ridge polynomial Optuna,HBr_pct,47,0.34129476608493553,COMPLETE,"{""alpha"": 1.8936530599102763, ""degree"": 1}"
Ridge polynomial Optuna,HBr_pct,48,0.3415528330173766,COMPLETE,"{""alpha"": 0.012852413162018213, ""degree"": 1}"
Ridge polynomial Optuna,HBr_pct,49,0.3453768251070598,COMPLETE,"{""alpha"": 14.580650163309572, ""degree"": 1}"
Ridge polynomial Optuna,HBr_pct,50,0.3413179114702717,COMPLETE,"{""alpha"": 0.06556412681664651, ""degree"": 1}"
Ridge polynomial Optuna,Br2_pct,1,0.3821384373653478,COMPLETE,"{""alpha"": 116.0397854631897, ""degree"": 2, ""interaction_only"": false}"
Ridge polynomial Optuna,Br2_pct,2,0.5940529898394891,COMPLETE,"{""alpha"": 3147.015340273735, ""degree"": 1}"
Ridge polynomial Optuna,Br2_pct,3,0.37012970215124413,COMPLETE,"{""alpha"": 0.33646324368332187, ""degree"": 1}"
Ridge polynomial Optuna,Br2_pct,4,0.4017802631497833,COMPLETE,"{""alpha"": 0.00047781924568973173, ""degree"": 2, ""interaction_only"": true}"
Ridge polynomial Optuna,Br2_pct,5,0.38104110298103383,COMPLETE,"{""alpha"": 92.41355508066403, ""degree"": 1}"
Ridge polynomial Optuna,Br2_pct,6,0.3962189550229033,COMPLETE,"{""alpha"": 261.1345733808513, ""degree"": 2, ""interaction_only"": false}"
Ridge polynomial Optuna,Br2_pct,7,0.37288064275460625,COMPLETE,"{""alpha"": 10.52312443382663, ""degree"": 1}"
Ridge polynomial Optuna,Br2_pct,8,0.3703803991525775,COMPLETE,"{""alpha"": 0.0250762620818316, ""degree"": 1}"
Ridge polynomial Optuna,Br2_pct,9,0.370198950688335,COMPLETE,"{""alpha"": 0.09499234796646724, ""degree"": 1}"
Ridge polynomial Optuna,Br2_pct,10,0.7413186447699635,COMPLETE,"{""alpha"": 8398.653252297263, ""degree"": 1}"
Ridge polynomial Optuna,Br2_pct,11,0.401841101408224,COMPLETE,"{""alpha"": 0.00010280984214163427, ""degree"": 2, ""interaction_only"": true}"
Ridge polynomial Optuna,Br2_pct,12,0.37015160074589104,COMPLETE,"{""alpha"": 0.28457872799071793, ""degree"": 1}"
Ridge polynomial Optuna,Br2_pct,13,0.3701205349704394,COMPLETE,"{""alpha"": 0.3631233046798378, ""degree"": 1}"
Ridge polynomial Optuna,Br2_pct,14,0.3704032660564685,COMPLETE,"{""alpha"": 1.8864485274374374, ""degree"": 1}"
Ridge polynomial Optuna,Br2_pct,15,0.3704176322897903,COMPLETE,"{""alpha"": 0.005789309030984569, ""degree"": 1}"
Ridge polynomial Optuna,Br2_pct,16,0.3702505908641467,COMPLETE,"{""alpha"": 1.4763976577135849, ""degree"": 1}"
Ridge polynomial Optuna,Br2_pct,17,0.37042132992388666,COMPLETE,"{""alpha"": 0.004004136287427376, ""degree"": 1}"
Ridge polynomial Optuna,Br2_pct,18,0.381399192359998,COMPLETE,"{""alpha"": 3.7815739900043326, ""degree"": 2, ""interaction_only"": false}"
Ridge polynomial Optuna,Br2_pct,19,0.3701422363533403,COMPLETE,"{""alpha"": 0.30514032244649636, ""degree"": 1}"
Ridge polynomial Optuna,Br2_pct,20,0.37306483775840754,COMPLETE,"{""alpha"": 11.528276039884247, ""degree"": 1}"
Ridge polynomial Optuna,Br2_pct,21,0.3958840781684593,COMPLETE,"{""alpha"": 0.0558047143229123, ""degree"": 2, ""interaction_only"": true}"
Ridge polynomial Optuna,Br2_pct,22,0.37016059970292464,COMPLETE,"{""alpha"": 0.2665861499513146, ""degree"": 1}"
Ridge polynomial Optuna,Br2_pct,23,0.3701005720520091,COMPLETE,"{""alpha"": 0.44092950068286535, ""degree"": 1}"
Ridge polynomial Optuna,Br2_pct,24,0.3703975710836763,COMPLETE,"{""alpha"": 0.015871954503685188, ""degree"": 1}"
Ridge polynomial Optuna,Br2_pct,25,0.37013912988878483,COMPLETE,"{""alpha"": 0.7375759949023845, ""degree"": 1}"
Ridge polynomial Optuna,Br2_pct,26,0.37399845547432337,COMPLETE,"{""alpha"": 17.00925925158289, ""degree"": 1}"
Ridge polynomial Optuna,Br2_pct,27,0.37042345986832476,COMPLETE,"{""alpha"": 0.002985711339568683, ""degree"": 1}"
Ridge polynomial Optuna,Br2_pct,28,0.3701657883949097,COMPLETE,"{""alpha"": 0.1361295069989075, ""degree"": 1}"
Ridge polynomial Optuna,Br2_pct,29,0.3701436295812772,COMPLETE,"{""alpha"": 0.6776994502428207, ""degree"": 1}"
Ridge polynomial Optuna,Br2_pct,30,0.37871742376067674,COMPLETE,"{""alpha"": 66.5687310679706, ""degree"": 1}"
Ridge polynomial Optuna,Br2_pct,31,0.37038008908194253,COMPLETE,"{""alpha"": 0.02524767107275841, ""degree"": 1}"
Ridge polynomial Optuna,Br2_pct,32,0.37023559409701945,COMPLETE,"{""alpha"": 1.4254773898191517, ""degree"": 1}"
Ridge polynomial Optuna,Br2_pct,33,0.3715478205141251,COMPLETE,"{""alpha"": 5.327562052663173, ""degree"": 1}"
Ridge polynomial Optuna,Br2_pct,34,0.3701458952317034,COMPLETE,"{""alpha"": 0.6481672893838518, ""degree"": 1}"
Ridge polynomial Optuna,Br2_pct,35,0.4418117624919124,COMPLETE,"{""alpha"": 654.3374549347093, ""degree"": 1}"
Ridge polynomial Optuna,Br2_pct,36,0.3761291564371637,COMPLETE,"{""alpha"": 36.38433906321873, ""degree"": 1}"
Ridge polynomial Optuna,Br2_pct,37,0.3859561790950996,COMPLETE,"{""alpha"": 0.8257260652572515, ""degree"": 2, ""interaction_only"": false}"
Ridge polynomial Optuna,Br2_pct,38,0.370322573931343,COMPLETE,"{""alpha"": 0.060752876464774265, ""degree"": 1}"
Ridge polynomial Optuna,Br2_pct,39,0.3712813710447832,COMPLETE,"{""alpha"": 4.493001342711941, ""degree"": 1}"
Ridge polynomial Optuna,Br2_pct,40,0.3701655190673314,COMPLETE,"{""alpha"": 0.13650413267693584, ""degree"": 1}"
Ridge polynomial Optuna,Br2_pct,41,0.37040065435055414,COMPLETE,"{""alpha"": 0.014277062266768217, ""degree"": 1}"
Ridge polynomial Optuna,Br2_pct,42,0.37017054427760543,COMPLETE,"{""alpha"": 0.24834906078163457, ""degree"": 1}"
Ridge polynomial Optuna,Br2_pct,43,0.37011514454273253,COMPLETE,"{""alpha"": 0.38083468777682283, ""degree"": 1}"
Ridge polynomial Optuna,Br2_pct,44,0.3701516273712535,COMPLETE,"{""alpha"": 0.5993040024364409, ""degree"": 1}"
Ridge polynomial Optuna,Br2_pct,45,0.3706696876411652,COMPLETE,"{""alpha"": 2.8102867676691594, ""degree"": 1}"
Ridge polynomial Optuna,Br2_pct,46,0.37033001991949066,COMPLETE,"{""alpha"": 0.05569546500492045, ""degree"": 1}"
Ridge polynomial Optuna,Br2_pct,47,0.3704261664457852,COMPLETE,"{""alpha"": 0.0017018457963651494, ""degree"": 1}"
Ridge polynomial Optuna,Br2_pct,48,0.37017587041929007,COMPLETE,"{""alpha"": 1.2501362445680693, ""degree"": 1}"
Ridge polynomial Optuna,Br2_pct,49,0.3701382546641043,COMPLETE,"{""alpha"": 0.31456093385826933, ""degree"": 1}"
Ridge polynomial Optuna,Br2_pct,50,0.3701824722157424,COMPLETE,"{""alpha"": 0.11428282118520895, ""degree"": 1}"
Ridge polynomial Optuna,HCl_pct,1,0.7077917997168699,COMPLETE,"{""alpha"": 6249.780368147412, ""degree"": 1}"
Ridge polynomial Optuna,HCl_pct,2,0.4225376000247648,COMPLETE,"{""alpha"": 249.3657555794415, ""degree"": 2, ""interaction_only"": true}"
Ridge polynomial Optuna,HCl_pct,3,0.44044154325177765,COMPLETE,"{""alpha"": 0.009401454622420315, ""degree"": 2, ""interaction_only"": true}"
Ridge polynomial Optuna,HCl_pct,4,0.40126106795247773,COMPLETE,"{""alpha"": 0.00015562910975425615, ""degree"": 1}"
Ridge polynomial Optuna,HCl_pct,5,0.40121830974537775,COMPLETE,"{""alpha"": 0.025321619756289555, ""degree"": 1}"
Ridge polynomial Optuna,HCl_pct,6,0.5558133986162787,COMPLETE,"{""alpha"": 2175.4464248295253, ""degree"": 2, ""interaction_only"": false}"
Ridge polynomial Optuna,HCl_pct,7,0.4012430478223673,COMPLETE,"{""alpha"": 0.015430611347617446, ""degree"": 1}"
Ridge polynomial Optuna,HCl_pct,8,0.44333491675991665,COMPLETE,"{""alpha"": 0.00011012949444848036, ""degree"": 2, ""interaction_only"": true}"
Ridge polynomial Optuna,HCl_pct,9,0.593596352432422,COMPLETE,"{""alpha"": 3033.0975594460597, ""degree"": 2, ""interaction_only"": false}"
Ridge polynomial Optuna,HCl_pct,10,0.43769957686716576,COMPLETE,"{""alpha"": 0.022267863160682192, ""degree"": 2, ""interaction_only"": true}"
Ridge polynomial Optuna,HCl_pct,11,0.4011837044542867,COMPLETE,"{""alpha"": 5.078841139912639, ""degree"": 1}"
Ridge polynomial Optuna,HCl_pct,12,0.401440763335586,COMPLETE,"{""alpha"": 6.431878152466455, ""degree"": 1}"
Ridge polynomial Optuna,HCl_pct,13,0.4006189803810485,COMPLETE,"{""alpha"": 1.7431824833758425, ""degree"": 1}"
Ridge polynomial Optuna,HCl_pct,14,0.4009009153959703,COMPLETE,"{""alpha"": 3.663536825425196, ""degree"": 1}"
Ridge polynomial Optuna,HCl_pct,15,0.40058198848253346,COMPLETE,"{""alpha"": 1.3028349260982315, ""degree"": 1}"
Ridge polynomial Optuna,HCl_pct,16,0.40058446756368254,COMPLETE,"{""alpha"": 0.722414043039853, ""degree"": 1}"
Ridge polynomial Optuna,HCl_pct,17,0.4008140424987613,COMPLETE,"{""alpha"": 0.32487208957590064, ""degree"": 1}"
Ridge polynomial Optuna,HCl_pct,18,0.4057439104021262,COMPLETE,"{""alpha"": 55.78542824408728, ""degree"": 1}"
Ridge polynomial Optuna,HCl_pct,19,0.4009369507096306,COMPLETE,"{""alpha"": 0.16788114062594714, ""degree"": 1}"
Ridge polynomial Optuna,HCl_pct,20,0.4081657286550323,COMPLETE,"{""alpha"": 86.40478669170702, ""degree"": 1}"
Ridge polynomial Optuna,HCl_pct,21,0.4012551003981768,COMPLETE,"{""alpha"": 0.0023937046203059125, ""degree"": 1}"
Ridge polynomial Optuna,HCl_pct,22,0.40061047503280517,COMPLETE,"{""alpha"": 0.5926634519709039, ""degree"": 1}"
Ridge polynomial Optuna,HCl_pct,23,0.40065821344004016,COMPLETE,"{""alpha"": 0.463716655152679, ""degree"": 1}"
Ridge polynomial Optuna,HCl_pct,24,0.40333214859029,COMPLETE,"{""alpha"": 22.388850516480517, ""degree"": 1}"
Ridge polynomial Optuna,HCl_pct,25,0.4009616159526582,COMPLETE,"{""alpha"": 0.14874566410754375, ""degree"": 1}"
Ridge polynomial Optuna,HCl_pct,26,0.4005920372093067,COMPLETE,"{""alpha"": 1.0911604037232763, ""degree"": 1}"
Ridge polynomial Optuna,HCl_pct,27,0.401125965609255,COMPLETE,"{""alpha"": 0.07691804719917376, ""degree"": 1}"
Ridge polynomial Optuna,HCl_pct,28,0.4005941300825683,COMPLETE,"{""alpha"": 1.6735362188907585, ""degree"": 1}"
Ridge polynomial Optuna,HCl_pct,29,0.40300259839616004,COMPLETE,"{""alpha"": 18.569302988204814, ""degree"": 1}"
Ridge polynomial Optuna,HCl_pct,30,0.40125277807986953,COMPLETE,"{""alpha"": 0.0032716900556835423, ""degree"": 1}"
Ridge polynomial Optuna,HCl_pct,31,0.447267982318545,COMPLETE,"{""alpha"": 454.07148379677665, ""degree"": 1}"
Ridge polynomial Optuna,HCl_pct,32,0.40058392830252865,COMPLETE,"{""alpha"": 1.2249131101567743, ""degree"": 1}"
Ridge polynomial Optuna,HCl_pct,33,0.40058666062840736,COMPLETE,"{""alpha"": 1.1667596127673776, ""degree"": 1}"
Ridge polynomial Optuna,HCl_pct,34,0.40175932320860913,COMPLETE,"{""alpha"": 8.386082649183798, ""degree"": 1}"
Ridge polynomial Optuna,HCl_pct,35,0.4006276925062249,COMPLETE,"{""alpha"": 1.854124190812652, ""degree"": 1}"
Ridge polynomial Optuna,HCl_pct,36,0.40112307053759305,COMPLETE,"{""alpha"": 0.07838651832389693, ""degree"": 1}"
Ridge polynomial Optuna,HCl_pct,37,0.4025796097024883,COMPLETE,"{""alpha"": 14.523164177815131, ""degree"": 1}"
Ridge polynomial Optuna,HCl_pct,38,0.4332221050390091,COMPLETE,"{""alpha"": 0.07703829966495465, ""degree"": 2, ""interaction_only"": false}"
Ridge polynomial Optuna,HCl_pct,39,0.425756182330246,COMPLETE,"{""alpha"": 255.97081412201422, ""degree"": 1}"
Ridge polynomial Optuna,HCl_pct,40,0.4012600601413984,COMPLETE,"{""alpha"": 0.0005317884646001617, ""degree"": 1}"
Ridge polynomial Optuna,HCl_pct,41,0.4005860019512065,COMPLETE,"{""alpha"": 0.6840317855551208, ""degree"": 1}"
Ridge polynomial Optuna,HCl_pct,42,0.40061000283076326,COMPLETE,"{""alpha"": 0.5942106509068626, ""degree"": 1}"
Ridge polynomial Optuna,HCl_pct,43,0.40069947677778944,COMPLETE,"{""alpha"": 2.7689427364323387, ""degree"": 1}"
Ridge polynomial Optuna,HCl_pct,44,0.4009133035333404,COMPLETE,"{""alpha"": 0.187440477785884, ""degree"": 1}"
Ridge polynomial Optuna,HCl_pct,45,0.40056431295945866,COMPLETE,"{""alpha"": 0.830856963869758, ""degree"": 1}"
Ridge polynomial Optuna,HCl_pct,46,0.401202865717902,COMPLETE,"{""alpha"": 0.04090549725809657, ""degree"": 1}"
Ridge polynomial Optuna,HCl_pct,47,0.44404840234088583,COMPLETE,"{""alpha"": 0.008327804088408965, ""degree"": 2, ""interaction_only"": false}"
Ridge polynomial Optuna,HCl_pct,48,0.400811828077367,COMPLETE,"{""alpha"": 0.32762333893754914, ""degree"": 1}"
Ridge polynomial Optuna,HCl_pct,49,0.4012257163945133,COMPLETE,"{""alpha"": 5.221381530449322, ""degree"": 1}"
Ridge polynomial Optuna,HCl_pct,50,0.40056390903293543,COMPLETE,"{""alpha"": 0.833503910924193, ""degree"": 1}"
Ridge polynomial Optuna,Cl2_pct,1,0.5290905669493251,COMPLETE,"{""alpha"": 1357.0196532463278, ""degree"": 1}"
Ridge polynomial Optuna,Cl2_pct,2,0.41237101808780974,COMPLETE,"{""alpha"": 0.024649664902095376, ""degree"": 1}"
Ridge polynomial Optuna,Cl2_pct,3,0.4275513715034519,COMPLETE,"{""alpha"": 0.3802778743976725, ""degree"": 2, ""interaction_only"": true}"
Ridge polynomial Optuna,Cl2_pct,4,0.4651947214989568,COMPLETE,"{""alpha"": 0.0013651401466999462, ""degree"": 2, ""interaction_only"": false}"
Ridge polynomial Optuna,Cl2_pct,5,0.4193314228581572,COMPLETE,"{""alpha"": 71.75328711776105, ""degree"": 1}"
Ridge polynomial Optuna,Cl2_pct,6,0.41227710720020544,COMPLETE,"{""alpha"": 5.520205834883099, ""degree"": 1}"
Ridge polynomial Optuna,Cl2_pct,7,0.4113931200607979,COMPLETE,"{""alpha"": 0.4319391473273532, ""degree"": 1}"
Ridge polynomial Optuna,Cl2_pct,8,0.4117993933791748,COMPLETE,"{""alpha"": 0.18650123250387818, ""degree"": 1}"
Ridge polynomial Optuna,Cl2_pct,9,0.41252294275011786,COMPLETE,"{""alpha"": 0.00019809910794320968, ""degree"": 1}"
Ridge polynomial Optuna,Cl2_pct,10,0.41249494583997376,COMPLETE,"{""alpha"": 0.005099406211640216, ""degree"": 1}"
Ridge polynomial Optuna,Cl2_pct,11,0.7506776256368031,COMPLETE,"{""alpha"": 8954.990857605464, ""degree"": 2, ""interaction_only"": true}"
Ridge polynomial Optuna,Cl2_pct,12,0.4116170954420889,COMPLETE,"{""alpha"": 0.2744221734541681, ""degree"": 1}"
Ridge polynomial Optuna,Cl2_pct,13,0.4111727598950573,COMPLETE,"{""alpha"": 1.9911794511136753, ""degree"": 1}"
Ridge polynomial Optuna,Cl2_pct,14,0.41366500405674167,COMPLETE,"{""alpha"": 11.24607365646244, ""degree"": 1}"
Ridge polynomial Optuna,Cl2_pct,15,0.4193804305397717,COMPLETE,"{""alpha"": 5.561193909723807, ""degree"": 2, ""interaction_only"": false}"
Ridge polynomial Optuna,Cl2_pct,16,0.4260956713913876,COMPLETE,"{""alpha"": 148.07961498600326, ""degree"": 1}"
Ridge polynomial Optuna,Cl2_pct,17,0.4110015070434784,COMPLETE,"{""alpha"": 0.9665345048223516, ""degree"": 1}"
Ridge polynomial Optuna,Cl2_pct,18,0.454624841453211,COMPLETE,"{""alpha"": 0.021394644255618652, ""degree"": 2, ""interaction_only"": false}"
Ridge polynomial Optuna,Cl2_pct,19,0.4174971725335587,COMPLETE,"{""alpha"": 47.910833395663566, ""degree"": 1}"
Ridge polynomial Optuna,Cl2_pct,20,0.41100616089195485,COMPLETE,"{""alpha"": 1.1783679363379744, ""degree"": 1}"
Ridge polynomial Optuna,Cl2_pct,21,0.44610954225439237,COMPLETE,"{""alpha"": 424.6230002574181, ""degree"": 2, ""interaction_only"": true}"
Ridge polynomial Optuna,Cl2_pct,22,0.4111001695515082,COMPLETE,"{""alpha"": 1.6947890411403737, ""degree"": 1}"
Ridge polynomial Optuna,Cl2_pct,23,0.4110013579833575,COMPLETE,"{""alpha"": 1.0927157652909434, ""degree"": 1}"
Ridge polynomial Optuna,Cl2_pct,24,0.4121730072163297,COMPLETE,"{""alpha"": 0.06885953537924577, ""degree"": 1}"
Ridge polynomial Optuna,Cl2_pct,25,0.41507862496541287,COMPLETE,"{""alpha"": 20.64646808183969, ""degree"": 1}"
Ridge polynomial Optuna,Cl2_pct,26,0.41100648816003993,COMPLETE,"{""alpha"": 1.182603663111916, ""degree"": 1}"
Ridge polynomial Optuna,Cl2_pct,27,0.41222924931261484,COMPLETE,"{""alpha"": 0.05502000952720019, ""degree"": 1}"
Ridge polynomial Optuna,Cl2_pct,28,0.4124800158339082,COMPLETE,"{""alpha"": 0.007768185631034056, ""degree"": 1}"
Ridge polynomial Optuna,Cl2_pct,29,0.41100234731676766,COMPLETE,"{""alpha"": 1.1168565129116501, ""degree"": 1}"
Ridge polynomial Optuna,Cl2_pct,30,0.5361516484855671,COMPLETE,"{""alpha"": 1470.4992121398475, ""degree"": 1}"
Ridge polynomial Optuna,Cl2_pct,31,0.4119764132413196,COMPLETE,"{""alpha"": 0.12489214603143199, ""degree"": 1}"
Ridge polynomial Optuna,Cl2_pct,32,0.41101114305540404,COMPLETE,"{""alpha"": 1.23465262767982, ""degree"": 1}"
Ridge polynomial Optuna,Cl2_pct,33,0.41200651427687934,COMPLETE,"{""alpha"": 4.650940059458403, ""degree"": 1}"
Ridge polynomial Optuna,Cl2_pct,34,0.4112057797835781,COMPLETE,"{""alpha"": 0.5402407715189234, ""degree"": 1}"
Ridge polynomial Optuna,Cl2_pct,35,0.414667875883894,COMPLETE,"{""alpha"": 17.408951011056466, ""degree"": 1}"
Ridge polynomial Optuna,Cl2_pct,36,0.4111782767714199,COMPLETE,"{""alpha"": 0.5851278961786153, ""degree"": 1}"
Ridge polynomial Optuna,Cl2_pct,37,0.41141478793446035,COMPLETE,"{""alpha"": 2.883995046256388, ""degree"": 1}"
Ridge polynomial Optuna,Cl2_pct,38,0.41213085906549923,COMPLETE,"{""alpha"": 0.07981211698372913, ""degree"": 1}"
Ridge polynomial Optuna,Cl2_pct,39,0.41238375620537815,COMPLETE,"{""alpha"": 0.02203657863925773, ""degree"": 1}"
Ridge polynomial Optuna,Cl2_pct,40,0.4165990235406283,COMPLETE,"{""alpha"": 36.53694645942965, ""degree"": 1}"
Ridge polynomial Optuna,Cl2_pct,41,0.4132133710547573,COMPLETE,"{""alpha"": 9.112689993234758, ""degree"": 1}"
Ridge polynomial Optuna,Cl2_pct,42,0.41100067632522547,COMPLETE,"{""alpha"": 1.0686536191904754, ""degree"": 1}"
Ridge polynomial Optuna,Cl2_pct,43,0.4110023544968671,COMPLETE,"{""alpha"": 0.9482374797396903, ""degree"": 1}"
Ridge polynomial Optuna,Cl2_pct,44,0.4116966752316834,COMPLETE,"{""alpha"": 0.23290896863382832, ""degree"": 1}"
Ridge polynomial Optuna,Cl2_pct,45,0.4111875514755613,COMPLETE,"{""alpha"": 0.569265737475602, ""degree"": 1}"
Ridge polynomial Optuna,Cl2_pct,46,0.41221167395832126,COMPLETE,"{""alpha"": 5.304921157016144, ""degree"": 1}"
Ridge polynomial Optuna,Cl2_pct,47,0.4114872753725174,COMPLETE,"{""alpha"": 0.3563685989945221, ""degree"": 1}"
Ridge polynomial Optuna,Cl2_pct,48,0.4125227306978446,COMPLETE,"{""alpha"": 0.0002347261865662422, ""degree"": 1}"
Ridge polynomial Optuna,Cl2_pct,49,0.41139475037874407,COMPLETE,"{""alpha"": 2.82510719741614, ""degree"": 1}"
Ridge polynomial Optuna,Cl2_pct,50,0.41103227458148933,COMPLETE,"{""alpha"": 0.7483941386608552, ""degree"": 1}"
Ridge polynomial Optuna,HF_pct,1,0.5557237909663633,COMPLETE,"{""alpha"": 0.00947315527034657, ""degree"": 1}"
Ridge polynomial Optuna,HF_pct,2,0.5686903460294974,COMPLETE,"{""alpha"": 3.4282878220805553, ""degree"": 2, ""interaction_only"": false}"
Ridge polynomial Optuna,HF_pct,3,0.6225164281980862,COMPLETE,"{""alpha"": 1478.5663145480128, ""degree"": 2, ""interaction_only"": true}"
Ridge polynomial Optuna,HF_pct,4,0.5682915247055245,COMPLETE,"{""alpha"": 262.6904124705467, ""degree"": 2, ""interaction_only"": false}"
Ridge polynomial Optuna,HF_pct,5,0.6097848802107593,COMPLETE,"{""alpha"": 0.0002960374702633765, ""degree"": 2, ""interaction_only"": true}"
Ridge polynomial Optuna,HF_pct,6,0.5554429637271393,COMPLETE,"{""alpha"": 0.03142773893586274, ""degree"": 1}"
Ridge polynomial Optuna,HF_pct,7,0.5653195862525855,COMPLETE,"{""alpha"": 7.096845240067042, ""degree"": 2, ""interaction_only"": true}"
Ridge polynomial Optuna,HF_pct,8,0.5543939916926354,COMPLETE,"{""alpha"": 0.23248443341637842, ""degree"": 1}"
Ridge polynomial Optuna,HF_pct,9,0.6097367765243158,COMPLETE,"{""alpha"": 0.0004058644630584085, ""degree"": 2, ""interaction_only"": true}"
Ridge polynomial Optuna,HF_pct,10,0.6374457441590626,COMPLETE,"{""alpha"": 1927.90097842574, ""degree"": 1}"
Ridge polynomial Optuna,HF_pct,11,0.5531467291483124,COMPLETE,"{""alpha"": 1.0434407120881166, ""degree"": 1}"
Ridge polynomial Optuna,HF_pct,12,0.5535081478899858,COMPLETE,"{""alpha"": 0.7343933793172405, ""degree"": 1}"
Ridge polynomial Optuna,HF_pct,13,0.5512445136065903,COMPLETE,"{""alpha"": 8.624320356491342, ""degree"": 1}"
Ridge polynomial Optuna,HF_pct,14,0.5507688550957622,COMPLETE,"{""alpha"": 61.30739444944704, ""degree"": 1}"
Ridge polynomial Optuna,HF_pct,15,0.5510862582269308,COMPLETE,"{""alpha"": 74.85004145798018, ""degree"": 1}"
Ridge polynomial Optuna,HF_pct,16,0.5512456226749048,COMPLETE,"{""alpha"": 80.62916995963019, ""degree"": 1}"
Ridge polynomial Optuna,HF_pct,17,0.8050535692434997,COMPLETE,"{""alpha"": 9525.526933684028, ""degree"": 1}"
Ridge polynomial Optuna,HF_pct,18,0.5506274434346773,COMPLETE,"{""alpha"": 53.40705390979381, ""degree"": 1}"
Ridge polynomial Optuna,HF_pct,19,0.5504676610681642,COMPLETE,"{""alpha"": 33.72394908213033, ""degree"": 1}"
Ridge polynomial Optuna,HF_pct,20,0.5622049285358843,COMPLETE,"{""alpha"": 311.30226933446625, ""degree"": 1}"
Ridge polynomial Optuna,HF_pct,21,0.5505524086884105,COMPLETE,"{""alpha"": 22.93179245612262, ""degree"": 1}"
Ridge polynomial Optuna,HF_pct,22,0.5505433997430683,COMPLETE,"{""alpha"": 23.426389333130547, ""degree"": 1}"
Ridge polynomial Optuna,HF_pct,23,0.550830962596996,COMPLETE,"{""alpha"": 14.158578198245465, ""degree"": 1}"
Ridge polynomial Optuna,HF_pct,24,0.552489212781013,COMPLETE,"{""alpha"": 1.9236013428756655, ""degree"": 1}"
Ridge polynomial Optuna,HF_pct,25,0.5548058400912511,COMPLETE,"{""alpha"": 0.11492003268374683, ""degree"": 1}"
Ridge polynomial Optuna,HF_pct,26,0.5505426224769614,COMPLETE,"{""alpha"": 23.470504607788733, ""degree"": 1}"
Ridge polynomial Optuna,HF_pct,27,0.5605941585497828,COMPLETE,"{""alpha"": 281.9206044820901, ""degree"": 1}"
Ridge polynomial Optuna,HF_pct,28,0.6107753984618519,COMPLETE,"{""alpha"": 1277.4118240886137, ""degree"": 1}"
Ridge polynomial Optuna,HF_pct,29,0.5538185130898103,COMPLETE,"{""alpha"": 0.4262012273528016, ""degree"": 1}"
Ridge polynomial Optuna,HF_pct,30,0.5557562494968821,COMPLETE,"{""alpha"": 0.005604903046297397, ""degree"": 1}"
Ridge polynomial Optuna,HF_pct,31,0.5519059066229824,COMPLETE,"{""alpha"": 4.393268255377565, ""degree"": 1}"
Ridge polynomial Optuna,HF_pct,32,0.5507605626578631,COMPLETE,"{""alpha"": 15.71880456938705, ""degree"": 1}"
Ridge polynomial Optuna,HF_pct,33,0.550483937059776,COMPLETE,"{""alpha"": 27.92624129660044, ""degree"": 1}"
Ridge polynomial Optuna,HF_pct,34,0.5504830350563367,COMPLETE,"{""alpha"": 28.02543649880032, ""degree"": 1}"
Ridge polynomial Optuna,HF_pct,35,0.5522329733300566,COMPLETE,"{""alpha"": 2.6563702527065085, ""degree"": 1}"
Ridge polynomial Optuna,HF_pct,36,0.5731313291214845,COMPLETE,"{""alpha"": 508.8081972023037, ""degree"": 1}"
Ridge polynomial Optuna,HF_pct,37,0.5631917731255278,COMPLETE,"{""alpha"": 114.46070170680763, ""degree"": 2, ""interaction_only"": false}"
Ridge polynomial Optuna,HF_pct,38,0.5504668547270978,COMPLETE,"{""alpha"": 34.24764643413109, ""degree"": 1}"
Ridge polynomial Optuna,HF_pct,39,0.6051957359701844,COMPLETE,"{""alpha"": 1058.537445666629, ""degree"": 2, ""interaction_only"": false}"
Ridge polynomial Optuna,HF_pct,40,0.6943645569634864,COMPLETE,"{""alpha"": 3649.7721806962127, ""degree"": 1}"
Ridge polynomial Optuna,HF_pct,41,0.5515702005591475,COMPLETE,"{""alpha"": 6.137524853179175, ""degree"": 1}"
Ridge polynomial Optuna,HF_pct,42,0.5504702300939869,COMPLETE,"{""alpha"": 31.714490226418583, ""degree"": 1}"
Ridge polynomial Optuna,HF_pct,43,0.5538685825894222,COMPLETE,"{""alpha"": 149.75778295639114, ""degree"": 1}"
Ridge polynomial Optuna,HF_pct,44,0.5504837479141517,COMPLETE,"{""alpha"": 39.336853750601314, ""degree"": 1}"
Ridge polynomial Optuna,HF_pct,45,0.5743077003109095,COMPLETE,"{""alpha"": 530.3931613202003, ""degree"": 1}"
Ridge polynomial Optuna,HF_pct,46,0.5547902521219896,COMPLETE,"{""alpha"": 169.7279521870406, ""degree"": 1}"
Ridge polynomial Optuna,HF_pct,47,0.5529920941586782,COMPLETE,"{""alpha"": 1.2111563802630023, ""degree"": 1}"
Ridge polynomial Optuna,HF_pct,48,0.5505516024752959,COMPLETE,"{""alpha"": 47.82609713466658, ""degree"": 1}"
Ridge polynomial Optuna,HF_pct,49,0.5516432502645807,COMPLETE,"{""alpha"": 5.697024402651024, ""degree"": 1}"
Ridge polynomial Optuna,HF_pct,50,0.5509367466768198,COMPLETE,"{""alpha"": 12.223613303394263, ""degree"": 1}"
Extra Trees Optuna,Solid_Yield_pct,1,0.8845553392687782,COMPLETE,"{""bootstrap"": true, ""max_depth"": 10, ""max_features"": 0.6619052269867146, ""min_samples_leaf"": 3, ""min_samples_split"": 10, ""n_estimators"": 520}"
Extra Trees Optuna,Solid_Yield_pct,2,0.8859213678056834,COMPLETE,"{""bootstrap"": true, ""max_depth"": 16, ""max_features"": 0.9197464567714682, ""min_samples_leaf"": 6, ""min_samples_split"": 6, ""n_estimators"": 200}"
Extra Trees Optuna,Solid_Yield_pct,3,0.8883466652199091,COMPLETE,"{""bootstrap"": true, ""max_depth"": 24, ""max_features"": 0.8539889445045213, ""min_samples_leaf"": 4, ""min_samples_split"": 7, ""n_estimators"": 160}"
Extra Trees Optuna,Solid_Yield_pct,4,0.911345590543714,COMPLETE,"{""bootstrap"": false, ""max_depth"": 10, ""max_features"": 0.948336334197575, ""min_samples_leaf"": 1, ""min_samples_split"": 5, ""n_estimators"": 360}"
Extra Trees Optuna,Solid_Yield_pct,5,0.8990410009847281,COMPLETE,"{""bootstrap"": false, ""max_depth"": 16, ""max_features"": 0.6329804767955509, ""min_samples_leaf"": 3, ""min_samples_split"": 7, ""n_estimators"": 160}"
Extra Trees Optuna,Solid_Yield_pct,6,0.892224403278466,COMPLETE,"{""bootstrap"": true, ""max_depth"": 16, ""max_features"": 0.8749929485362988, ""min_samples_leaf"": 3, ""min_samples_split"": 4, ""n_estimators"": 520}"
Extra Trees Optuna,Solid_Yield_pct,7,0.882111682471692,COMPLETE,"{""bootstrap"": true, ""max_depth"": 6, ""max_features"": 0.6467799209421987, ""min_samples_leaf"": 4, ""min_samples_split"": 4, ""n_estimators"": 320}"
Extra Trees Optuna,Solid_Yield_pct,8,0.9140792471641594,COMPLETE,"{""bootstrap"": false, ""max_depth"": 10, ""max_features"": 0.9595177393006531, ""min_samples_leaf"": 1, ""min_samples_split"": 5, ""n_estimators"": 160}"
Extra Trees Optuna,Solid_Yield_pct,9,0.885626172626892,COMPLETE,"{""bootstrap"": true, ""max_depth"": 16, ""max_features"": 0.6981998998116101, ""min_samples_leaf"": 3, ""min_samples_split"": 8, ""n_estimators"": 400}"
Extra Trees Optuna,Solid_Yield_pct,10,0.8836906954377804,COMPLETE,"{""bootstrap"": false, ""max_depth"": 6, ""max_features"": 0.4756820045782689, ""min_samples_leaf"": 1, ""min_samples_split"": 7, ""n_estimators"": 360}"
Extra Trees Optuna,Solid_Yield_pct,11,0.8880106714080636,COMPLETE,"{""bootstrap"": true, ""max_depth"": 6, ""max_features"": 0.45616641077273534, ""min_samples_leaf"": 6, ""min_samples_split"": 2, ""n_estimators"": 280}"
Extra Trees Optuna,Solid_Yield_pct,12,0.8871855841059931,COMPLETE,"{""bootstrap"": false, ""max_depth"": 6, ""max_features"": 0.46413191497494244, ""min_samples_leaf"": 5, ""min_samples_split"": 12, ""n_estimators"": 360}"
Extra Trees Optuna,Solid_Yield_pct,13,0.9091638712501882,COMPLETE,"{""bootstrap"": false, ""max_depth"": null, ""max_features"": 0.5704246787757442, ""min_samples_leaf"": 2, ""min_samples_split"": 2, ""n_estimators"": 280}"
Extra Trees Optuna,Solid_Yield_pct,14,0.8848388679285077,COMPLETE,"{""bootstrap"": false, ""max_depth"": 6, ""max_features"": 0.7698672475720579, ""min_samples_leaf"": 5, ""min_samples_split"": 9, ""n_estimators"": 440}"
Extra Trees Optuna,Solid_Yield_pct,15,0.8821859320532465,COMPLETE,"{""bootstrap"": true, ""max_depth"": 6, ""max_features"": 0.5397276145256339, ""min_samples_leaf"": 2, ""min_samples_split"": 4, ""n_estimators"": 280}"
Extra Trees Optuna,Solid_Yield_pct,16,0.8821859320532465,COMPLETE,"{""bootstrap"": true, ""max_depth"": 6, ""max_features"": 0.5505847806411758, ""min_samples_leaf"": 2, ""min_samples_split"": 3, ""n_estimators"": 280}"
Extra Trees Optuna,Solid_Yield_pct,17,0.8874883568996612,COMPLETE,"{""bootstrap"": true, ""max_depth"": null, ""max_features"": 0.7426843770235733, ""min_samples_leaf"": 4, ""min_samples_split"": 4, ""n_estimators"": 240}"
Extra Trees Optuna,Solid_Yield_pct,18,0.8908441923067137,COMPLETE,"{""bootstrap"": true, ""max_depth"": 24, ""max_features"": 0.5624468465737893, ""min_samples_leaf"": 2, ""min_samples_split"": 4, ""n_estimators"": 320}"
Extra Trees Optuna,Solid_Yield_pct,19,0.8827940334327863,COMPLETE,"{""bootstrap"": true, ""max_depth"": 6, ""max_features"": 0.616504390149721, ""min_samples_leaf"": 4, ""min_samples_split"": 3, ""n_estimators"": 240}"
Extra Trees Optuna,Solid_Yield_pct,20,0.8863159931800147,COMPLETE,"{""bootstrap"": true, ""max_depth"": 6, ""max_features"": 0.5304966471194323, ""min_samples_leaf"": 5, ""min_samples_split"": 5, ""n_estimators"": 440}"
Extra Trees Optuna,Solid_Yield_pct,21,0.883542596196307,COMPLETE,"{""bootstrap"": true, ""max_depth"": 6, ""max_features"": 0.8010660689968013, ""min_samples_leaf"": 2, ""min_samples_split"": 3, ""n_estimators"": 320}"
Extra Trees Optuna,Solid_Yield_pct,22,0.8837157774192607,COMPLETE,"{""bootstrap"": true, ""max_depth"": 6, ""max_features"": 0.5244450469944391, ""min_samples_leaf"": 2, ""min_samples_split"": 3, ""n_estimators"": 280}"
Extra Trees Optuna,Solid_Yield_pct,23,0.8822936941742825,COMPLETE,"{""bootstrap"": true, ""max_depth"": 6, ""max_features"": 0.6045857639038636, ""min_samples_leaf"": 2, ""min_samples_split"": 2, ""n_estimators"": 240}"
Extra Trees Optuna,Solid_Yield_pct,24,0.8822540982318815,COMPLETE,"{""bootstrap"": true, ""max_depth"": 6, ""max_features"": 0.7044457060954161, ""min_samples_leaf"": 1, ""min_samples_split"": 4, ""n_estimators"": 320}"
Extra Trees Optuna,Solid_Yield_pct,25,0.8845726062644509,COMPLETE,"{""bootstrap"": true, ""max_depth"": 6, ""max_features"": 0.5211241712493254, ""min_samples_leaf"": 3, ""min_samples_split"": 6, ""n_estimators"": 280}"
Extra Trees Optuna,Solid_Yield_pct,26,0.8849619901095854,COMPLETE,"{""bootstrap"": true, ""max_depth"": 24, ""max_features"": 0.6678920207215058, ""min_samples_leaf"": 4, ""min_samples_split"": 3, ""n_estimators"": 200}"
Extra Trees Optuna,Solid_Yield_pct,27,0.8908975182094064,COMPLETE,"{""bootstrap"": true, ""max_depth"": null, ""max_features"": 0.5874724522249952, ""min_samples_leaf"": 2, ""min_samples_split"": 5, ""n_estimators"": 320}"
Extra Trees Optuna,Solid_Yield_pct,28,0.8845504771952835,COMPLETE,"{""bootstrap"": true, ""max_depth"": 6, ""max_features"": 0.5033287813058239, ""min_samples_leaf"": 3, ""min_samples_split"": 6, ""n_estimators"": 400}"
Extra Trees Optuna,Solid_Yield_pct,29,0.882644516422029,COMPLETE,"{""bootstrap"": true, ""max_depth"": 6, ""max_features"": 0.5513480597611433, ""min_samples_leaf"": 1, ""min_samples_split"": 3, ""n_estimators"": 200}"
Extra Trees Optuna,Solid_Yield_pct,30,0.8839388598002808,COMPLETE,"{""bootstrap"": true, ""max_depth"": 10, ""max_features"": 0.6548754856277011, ""min_samples_leaf"": 3, ""min_samples_split"": 11, ""n_estimators"": 480}"
Extra Trees Optuna,Solid_Yield_pct,31,0.8827834233891325,COMPLETE,"{""bootstrap"": true, ""max_depth"": 6, ""max_features"": 0.6810029132082834, ""min_samples_leaf"": 5, ""min_samples_split"": 4, ""n_estimators"": 240}"
Extra Trees Optuna,Solid_Yield_pct,32,0.8822540982318815,COMPLETE,"{""bootstrap"": true, ""max_depth"": 6, ""max_features"": 0.7087316033491013, ""min_samples_leaf"": 1, ""min_samples_split"": 4, ""n_estimators"": 320}"
Extra Trees Optuna,Solid_Yield_pct,33,0.8814084101948632,COMPLETE,"{""bootstrap"": true, ""max_depth"": 6, ""max_features"": 0.6417768651593208, ""min_samples_leaf"": 1, ""min_samples_split"": 5, ""n_estimators"": 320}"
Extra Trees Optuna,Solid_Yield_pct,34,0.8816599874943393,COMPLETE,"{""bootstrap"": true, ""max_depth"": 6, ""max_features"": 0.6367877044358964, ""min_samples_leaf"": 2, ""min_samples_split"": 6, ""n_estimators"": 280}"
Extra Trees Optuna,Solid_Yield_pct,35,0.8915112161097886,COMPLETE,"{""bootstrap"": true, ""max_depth"": 24, ""max_features"": 0.6238398394094387, ""min_samples_leaf"": 1, ""min_samples_split"": 7, ""n_estimators"": 360}"
Extra Trees Optuna,Solid_Yield_pct,36,0.8871870110625562,COMPLETE,"{""bootstrap"": true, ""max_depth"": 10, ""max_features"": 0.6478902238792488, ""min_samples_leaf"": 2, ""min_samples_split"": 6, ""n_estimators"": 400}"
Extra Trees Optuna,Solid_Yield_pct,37,0.8968908545780124,COMPLETE,"{""bootstrap"": true, ""max_depth"": 16, ""max_features"": 0.7248744993474562, ""min_samples_leaf"": 1, ""min_samples_split"": 5, ""n_estimators"": 320}"
Extra Trees Optuna,Solid_Yield_pct,38,0.8854276402901897,COMPLETE,"{""bootstrap"": true, ""max_depth"": 6, ""max_features"": 0.588755966275143, ""min_samples_leaf"": 6, ""min_samples_split"": 8, ""n_estimators"": 280}"
Extra Trees Optuna,Solid_Yield_pct,39,0.8868003000277664,COMPLETE,"{""bootstrap"": true, ""max_depth"": null, ""max_features"": 0.7699101783733602, ""min_samples_leaf"": 4, ""min_samples_split"": 6, ""n_estimators"": 360}"
Extra Trees Optuna,Solid_Yield_pct,40,0.9132686331701441,COMPLETE,"{""bootstrap"": false, ""max_depth"": 16, ""max_features"": 0.8424449370547669, ""min_samples_leaf"": 1, ""min_samples_split"": 8, ""n_estimators"": 240}"
Extra Trees Optuna,Solid_Yield_pct,41,0.8887894343926366,COMPLETE,"{""bootstrap"": true, ""max_depth"": 10, ""max_features"": 0.6384542817463825, ""min_samples_leaf"": 3, ""min_samples_split"": 5, ""n_estimators"": 200}"
Extra Trees Optuna,Solid_Yield_pct,42,0.8837157774192607,COMPLETE,"{""bootstrap"": true, ""max_depth"": 6, ""max_features"": 0.4922671847345074, ""min_samples_leaf"": 2, ""min_samples_split"": 4, ""n_estimators"": 280}"
Extra Trees Optuna,Solid_Yield_pct,43,0.8811312027883714,COMPLETE,"{""bootstrap"": true, ""max_depth"": 6, ""max_features"": 0.5918196276796828, ""min_samples_leaf"": 2, ""min_samples_split"": 6, ""n_estimators"": 280}"
Extra Trees Optuna,Solid_Yield_pct,44,0.8812469531285526,COMPLETE,"{""bootstrap"": true, ""max_depth"": 6, ""max_features"": 0.5998971972140057, ""min_samples_leaf"": 2, ""min_samples_split"": 7, ""n_estimators"": 320}"
Extra Trees Optuna,Solid_Yield_pct,45,0.8843269968651292,COMPLETE,"{""bootstrap"": true, ""max_depth"": 6, ""max_features"": 0.6808335438043169, ""min_samples_leaf"": 3, ""min_samples_split"": 7, ""n_estimators"": 360}"
Extra Trees Optuna,Solid_Yield_pct,46,0.8833010180514149,COMPLETE,"{""bootstrap"": false, ""max_depth"": 6, ""max_features"": 0.5953795617406961, ""min_samples_leaf"": 1, ""min_samples_split"": 9, ""n_estimators"": 320}"
Extra Trees Optuna,Solid_Yield_pct,47,0.8814302851324708,COMPLETE,"{""bootstrap"": true, ""max_depth"": 6, ""max_features"": 0.6279831781268459, ""min_samples_leaf"": 2, ""min_samples_split"": 6, ""n_estimators"": 360}"
Extra Trees Optuna,Solid_Yield_pct,48,0.8830688267127144,COMPLETE,"{""bootstrap"": true, ""max_depth"": 6, ""max_features"": 0.9973174023882276, ""min_samples_leaf"": 2, ""min_samples_split"": 7, ""n_estimators"": 360}"
Extra Trees Optuna,Solid_Yield_pct,49,0.898067014213719,COMPLETE,"{""bootstrap"": false, ""max_depth"": 16, ""max_features"": 0.5726796449310866, ""min_samples_leaf"": 2, ""min_samples_split"": 8, ""n_estimators"": 400}"
Extra Trees Optuna,Solid_Yield_pct,50,0.8899166077924866,COMPLETE,"{""bootstrap"": true, ""max_depth"": 24, ""max_features"": 0.6195916640221781, ""min_samples_leaf"": 2, ""min_samples_split"": 6, ""n_estimators"": 360}"
Extra Trees Optuna,Liquid_Yield_pct,1,0.9414873920483512,COMPLETE,"{""bootstrap"": true, ""max_depth"": 24, ""max_features"": 0.5595807662979393, ""min_samples_leaf"": 1, ""min_samples_split"": 2, ""n_estimators"": 440}"
Extra Trees Optuna,Liquid_Yield_pct,2,0.9325588770633008,COMPLETE,"{""bootstrap"": false, ""max_depth"": 10, ""max_features"": 0.5009262090160831, ""min_samples_leaf"": 2, ""min_samples_split"": 5, ""n_estimators"": 160}"
Extra Trees Optuna,Liquid_Yield_pct,3,0.9435468678168126,COMPLETE,"{""bootstrap"": false, ""max_depth"": 24, ""max_features"": 0.9046068568269772, ""min_samples_leaf"": 2, ""min_samples_split"": 11, ""n_estimators"": 240}"
Extra Trees Optuna,Liquid_Yield_pct,4,0.9239724557175254,COMPLETE,"{""bootstrap"": true, ""max_depth"": 10, ""max_features"": 0.5414890045245349, ""min_samples_leaf"": 5, ""min_samples_split"": 7, ""n_estimators"": 360}"
Extra Trees Optuna,Liquid_Yield_pct,5,0.9306723359136887,COMPLETE,"{""bootstrap"": false, ""max_depth"": 10, ""max_features"": 0.6130252320253382, ""min_samples_leaf"": 2, ""min_samples_split"": 8, ""n_estimators"": 440}"
Extra Trees Optuna,Liquid_Yield_pct,6,0.9286181204981174,COMPLETE,"{""bootstrap"": true, ""max_depth"": 24, ""max_features"": 0.5425588243652241, ""min_samples_leaf"": 2, ""min_samples_split"": 8, ""n_estimators"": 520}"
Extra Trees Optuna,Liquid_Yield_pct,7,0.9333886708637656,COMPLETE,"{""bootstrap"": false, ""max_depth"": 10, ""max_features"": 0.8009769732269335, ""min_samples_leaf"": 5, ""min_samples_split"": 6, ""n_estimators"": 280}"
Extra Trees Optuna,Liquid_Yield_pct,8,0.9291249285398683,COMPLETE,"{""bootstrap"": true, ""max_depth"": 24, ""max_features"": 0.7581189441578233, ""min_samples_leaf"": 5, ""min_samples_split"": 8, ""n_estimators"": 360}"
Extra Trees Optuna,Liquid_Yield_pct,9,0.9237591090600745,COMPLETE,"{""bootstrap"": true, ""max_depth"": 10, ""max_features"": 0.5971105089266179, ""min_samples_leaf"": 5, ""min_samples_split"": 8, ""n_estimators"": 520}"
Extra Trees Optuna,Liquid_Yield_pct,10,0.9264381903891552,COMPLETE,"{""bootstrap"": true, ""max_depth"": 24, ""max_features"": 0.55033474724731, ""min_samples_leaf"": 2, ""min_samples_split"": 12, ""n_estimators"": 520}"
Extra Trees Optuna,Liquid_Yield_pct,11,0.9271008341678509,COMPLETE,"{""bootstrap"": true, ""max_depth"": 16, ""max_features"": 0.9608798616615608, ""min_samples_leaf"": 6, ""min_samples_split"": 2, ""n_estimators"": 160}"
Extra Trees Optuna,Liquid_Yield_pct,12,0.92717284089026,COMPLETE,"{""bootstrap"": true, ""max_depth"": null, ""max_features"": 0.6706537411356426, ""min_samples_leaf"": 4, ""min_samples_split"": 6, ""n_estimators"": 400}"
Extra Trees Optuna,Liquid_Yield_pct,13,0.9247111821081331,COMPLETE,"{""bootstrap"": true, ""max_depth"": 6, ""max_features"": 0.45357078821313646, ""min_samples_leaf"": 4, ""min_samples_split"": 10, ""n_estimators"": 320}"
Extra Trees Optuna,Liquid_Yield_pct,14,0.925115034501834,COMPLETE,"{""bootstrap"": true, ""max_depth"": 10, ""max_features"": 0.6785189091572041, ""min_samples_leaf"": 6, ""min_samples_split"": 4, ""n_estimators"": 480}"
Extra Trees Optuna,Liquid_Yield_pct,15,0.9251284504440811,COMPLETE,"{""bootstrap"": true, ""max_depth"": 10, ""max_features"": 0.6416216888374547, ""min_samples_leaf"": 4, ""min_samples_split"": 9, ""n_estimators"": 240}"
Extra Trees Optuna,Liquid_Yield_pct,16,0.9292083368230377,COMPLETE,"{""bootstrap"": true, ""max_depth"": 16, ""max_features"": 0.7590516945664869, ""min_samples_leaf"": 5, ""min_samples_split"": 7, ""n_estimators"": 360}"
Extra Trees Optuna,Liquid_Yield_pct,17,0.9260290779029973,COMPLETE,"{""bootstrap"": true, ""max_depth"": 6, ""max_features"": 0.45808476053430724, ""min_samples_leaf"": 5, ""min_samples_split"": 4, ""n_estimators"": 440}"
Extra Trees Optuna,Liquid_Yield_pct,18,0.9273317286815077,COMPLETE,"{""bootstrap"": true, ""max_depth"": null, ""max_features"": 0.6000761703810286, ""min_samples_leaf"": 3, ""min_samples_split"": 10, ""n_estimators"": 360}"
Extra Trees Optuna,Liquid_Yield_pct,19,0.9296707610487077,COMPLETE,"{""bootstrap"": false, ""max_depth"": 10, ""max_features"": 0.716264641430705, ""min_samples_leaf"": 6, ""min_samples_split"": 7, ""n_estimators"": 480}"
Extra Trees Optuna,Liquid_Yield_pct,20,0.9275491419997142,COMPLETE,"{""bootstrap"": true, ""max_depth"": 10, ""max_features"": 0.8288801656278448, ""min_samples_leaf"": 4, ""min_samples_split"": 9, ""n_estimators"": 280}"
Extra Trees Optuna,Liquid_Yield_pct,21,0.9271537521565364,COMPLETE,"{""bootstrap"": true, ""max_depth"": 10, ""max_features"": 0.5854193019767219, ""min_samples_leaf"": 3, ""min_samples_split"": 6, ""n_estimators"": 400}"
Extra Trees Optuna,Liquid_Yield_pct,22,0.9243031296132047,COMPLETE,"{""bootstrap"": true, ""max_depth"": 6, ""max_features"": 0.4692962264756615, ""min_samples_leaf"": 4, ""min_samples_split"": 10, ""n_estimators"": 320}"
Extra Trees Optuna,Liquid_Yield_pct,23,0.9263582571271594,COMPLETE,"{""bootstrap"": true, ""max_depth"": 6, ""max_features"": 0.5024154875750029, ""min_samples_leaf"": 5, ""min_samples_split"": 10, ""n_estimators"": 320}"
Extra Trees Optuna,Liquid_Yield_pct,24,0.9233564231728352,COMPLETE,"{""bootstrap"": true, ""max_depth"": 6, ""max_features"": 0.5005703518272836, ""min_samples_leaf"": 3, ""min_samples_split"": 12, ""n_estimators"": 200}"
Extra Trees Optuna,Liquid_Yield_pct,25,0.9233564231728352,COMPLETE,"{""bootstrap"": true, ""max_depth"": 6, ""max_features"": 0.5123073890655154, ""min_samples_leaf"": 3, ""min_samples_split"": 12, ""n_estimators"": 200}"
Extra Trees Optuna,Liquid_Yield_pct,26,0.9233564231728352,COMPLETE,"{""bootstrap"": true, ""max_depth"": 6, ""max_features"": 0.5081929890601433, ""min_samples_leaf"": 3, ""min_samples_split"": 12, ""n_estimators"": 200}"
Extra Trees Optuna,Liquid_Yield_pct,27,0.922547323360484,COMPLETE,"{""bootstrap"": false, ""max_depth"": 6, ""max_features"": 0.5188966482523754, ""min_samples_leaf"": 3, ""min_samples_split"": 12, ""n_estimators"": 200}"
Extra Trees Optuna,Liquid_Yield_pct,28,0.922547323360484,COMPLETE,"{""bootstrap"": false, ""max_depth"": 6, ""max_features"": 0.4939596851432076, ""min_samples_leaf"": 3, ""min_samples_split"": 12, ""n_estimators"": 200}"
Extra Trees Optuna,Liquid_Yield_pct,29,0.9229005349864174,COMPLETE,"{""bootstrap"": false, ""max_depth"": 6, ""max_features"": 0.4868161938707869, ""min_samples_leaf"": 1, ""min_samples_split"": 11, ""n_estimators"": 200}"
Extra Trees Optuna,Liquid_Yield_pct,30,0.9210299016526667,COMPLETE,"{""bootstrap"": false, ""max_depth"": 6, ""max_features"": 0.5682801574968537, ""min_samples_leaf"": 1, ""min_samples_split"": 11, ""n_estimators"": 240}"
Extra Trees Optuna,Liquid_Yield_pct,31,0.922385748921142,COMPLETE,"{""bootstrap"": false, ""max_depth"": 6, ""max_features"": 0.6439650978698837, ""min_samples_leaf"": 1, ""min_samples_split"": 11, ""n_estimators"": 240}"
Extra Trees Optuna,Liquid_Yield_pct,32,0.922385748921142,COMPLETE,"{""bootstrap"": false, ""max_depth"": 6, ""max_features"": 0.6369393801935281, ""min_samples_leaf"": 1, ""min_samples_split"": 11, ""n_estimators"": 240}"
Extra Trees Optuna,Liquid_Yield_pct,33,0.922385748921142,COMPLETE,"{""bootstrap"": false, ""max_depth"": 6, ""max_features"": 0.6659975363147463, ""min_samples_leaf"": 1, ""min_samples_split"": 11, ""n_estimators"": 240}"
Extra Trees Optuna,Liquid_Yield_pct,34,0.922385748921142,COMPLETE,"{""bootstrap"": false, ""max_depth"": 6, ""max_features"": 0.6459700395490197, ""min_samples_leaf"": 1, ""min_samples_split"": 11, ""n_estimators"": 240}"
Extra Trees Optuna,Liquid_Yield_pct,35,0.9215176826328735,COMPLETE,"{""bootstrap"": false, ""max_depth"": 6, ""max_features"": 0.7073347582715745, ""min_samples_leaf"": 1, ""min_samples_split"": 11, ""n_estimators"": 280}"
Extra Trees Optuna,Liquid_Yield_pct,36,0.9214848081567858,COMPLETE,"{""bootstrap"": false, ""max_depth"": 6, ""max_features"": 0.7149019913627681, ""min_samples_leaf"": 1, ""min_samples_split"": 9, ""n_estimators"": 280}"
Extra Trees Optuna,Liquid_Yield_pct,37,0.9425075814690504,COMPLETE,"{""bootstrap"": false, ""max_depth"": 16, ""max_features"": 0.7121124858725087, ""min_samples_leaf"": 1, ""min_samples_split"": 9, ""n_estimators"": 280}"
Extra Trees Optuna,Liquid_Yield_pct,38,0.9439553517797948,COMPLETE,"{""bootstrap"": false, ""max_depth"": null, ""max_features"": 0.706604325603892, ""min_samples_leaf"": 1, ""min_samples_split"": 9, ""n_estimators"": 280}"
Extra Trees Optuna,Liquid_Yield_pct,39,0.9206047178117498,COMPLETE,"{""bootstrap"": false, ""max_depth"": 6, ""max_features"": 0.7666245217226955, ""min_samples_leaf"": 2, ""min_samples_split"": 10, ""n_estimators"": 160}"
Extra Trees Optuna,Liquid_Yield_pct,40,0.9232138109658958,COMPLETE,"{""bootstrap"": false, ""max_depth"": 6, ""max_features"": 0.844152751023426, ""min_samples_leaf"": 2, ""min_samples_split"": 10, ""n_estimators"": 160}"
Extra Trees Optuna,Liquid_Yield_pct,41,0.941448977503312,COMPLETE,"{""bootstrap"": false, ""max_depth"": 24, ""max_features"": 0.7662798192264171, ""min_samples_leaf"": 2, ""min_samples_split"": 9, ""n_estimators"": 160}"
Extra Trees Optuna,Liquid_Yield_pct,42,0.9206153991763986,COMPLETE,"{""bootstrap"": false, ""max_depth"": 6, ""max_features"": 0.7379699689833833, ""min_samples_leaf"": 1, ""min_samples_split"": 11, ""n_estimators"": 280}"
Extra Trees Optuna,Liquid_Yield_pct,43,0.9230434260773892,COMPLETE,"{""bootstrap"": false, ""max_depth"": 6, ""max_features"": 0.8762917666012559, ""min_samples_leaf"": 2, ""min_samples_split"": 11, ""n_estimators"": 280}"
Extra Trees Optuna,Liquid_Yield_pct,44,0.9219059460385083,COMPLETE,"{""bootstrap"": false, ""max_depth"": 6, ""max_features"": 0.8011709590487048, ""min_samples_leaf"": 1, ""min_samples_split"": 10, ""n_estimators"": 320}"
Extra Trees Optuna,Liquid_Yield_pct,45,0.921231146226463,COMPLETE,"{""bootstrap"": false, ""max_depth"": 6, ""max_features"": 0.7395164759892008, ""min_samples_leaf"": 2, ""min_samples_split"": 8, ""n_estimators"": 280}"
Extra Trees Optuna,Liquid_Yield_pct,46,0.9213502907728787,COMPLETE,"{""bootstrap"": false, ""max_depth"": 6, ""max_features"": 0.7358714991460605, ""min_samples_leaf"": 2, ""min_samples_split"": 8, ""n_estimators"": 320}"
Extra Trees Optuna,Liquid_Yield_pct,47,0.9441618480696942,COMPLETE,"{""bootstrap"": false, ""max_depth"": 24, ""max_features"": 0.742582943345112, ""min_samples_leaf"": 2, ""min_samples_split"": 8, ""n_estimators"": 320}"
Extra Trees Optuna,Liquid_Yield_pct,48,0.9432891365014188,COMPLETE,"{""bootstrap"": false, ""max_depth"": 16, ""max_features"": 0.7863670718878935, ""min_samples_leaf"": 2, ""min_samples_split"": 8, ""n_estimators"": 360}"
Extra Trees Optuna,Liquid_Yield_pct,49,0.9510148684156547,COMPLETE,"{""bootstrap"": false, ""max_depth"": null, ""max_features"": 0.9925475627449984, ""min_samples_leaf"": 2, ""min_samples_split"": 8, ""n_estimators"": 160}"
Extra Trees Optuna,Liquid_Yield_pct,50,0.9227565267930469,COMPLETE,"{""bootstrap"": false, ""max_depth"": 6, ""max_features"": 0.8312222220112806, ""min_samples_leaf"": 2, ""min_samples_split"": 7, ""n_estimators"": 240}"
Extra Trees Optuna,Gas_Yield_pct,1,0.9221185388847329,COMPLETE,"{""bootstrap"": true, ""max_depth"": null, ""max_features"": 0.823976447337883, ""min_samples_leaf"": 5, ""min_samples_split"": 7, ""n_estimators"": 160}"
Extra Trees Optuna,Gas_Yield_pct,2,0.9294328808720312,COMPLETE,"{""bootstrap"": false, ""max_depth"": 24, ""max_features"": 0.7511716295020718, ""min_samples_leaf"": 3, ""min_samples_split"": 6, ""n_estimators"": 160}"
Extra Trees Optuna,Gas_Yield_pct,3,0.9257924623729048,COMPLETE,"{""bootstrap"": false, ""max_depth"": 16, ""max_features"": 0.7107214654965537, ""min_samples_leaf"": 4, ""min_samples_split"": 10, ""n_estimators"": 440}"
Extra Trees Optuna,Gas_Yield_pct,4,0.9246919169989243,COMPLETE,"{""bootstrap"": false, ""max_depth"": 16, ""max_features"": 0.7993302236161539, ""min_samples_leaf"": 6, ""min_samples_split"": 12, ""n_estimators"": 320}"
Extra Trees Optuna,Gas_Yield_pct,5,0.9197376472501644,COMPLETE,"{""bootstrap"": true, ""max_depth"": 24, ""max_features"": 0.6008713626395444, ""min_samples_leaf"": 6, ""min_samples_split"": 3, ""n_estimators"": 480}"
Extra Trees Optuna,Gas_Yield_pct,6,0.9204688409601418,COMPLETE,"{""bootstrap"": true, ""max_depth"": 10, ""max_features"": 0.5331732583856508, ""min_samples_leaf"": 5, ""min_samples_split"": 5, ""n_estimators"": 400}"
Extra Trees Optuna,Gas_Yield_pct,7,0.9225733899712367,COMPLETE,"{""bootstrap"": true, ""max_depth"": 16, ""max_features"": 0.931798250745477, ""min_samples_leaf"": 4, ""min_samples_split"": 10, ""n_estimators"": 320}"
Extra Trees Optuna,Gas_Yield_pct,8,0.9383766869095949,COMPLETE,"{""bootstrap"": false, ""max_depth"": 16, ""max_features"": 0.46805276170375354, ""min_samples_leaf"": 1, ""min_samples_split"": 3, ""n_estimators"": 320}"
Extra Trees Optuna,Gas_Yield_pct,9,0.9211643179980123,COMPLETE,"{""bootstrap"": false, ""max_depth"": 6, ""max_features"": 0.6407220994601109, ""min_samples_leaf"": 1, ""min_samples_split"": 10, ""n_estimators"": 440}"
Extra Trees Optuna,Gas_Yield_pct,10,0.9271091825996803,COMPLETE,"{""bootstrap"": false, ""max_depth"": 24, ""max_features"": 0.6613354349010767, ""min_samples_leaf"": 2, ""min_samples_split"": 11, ""n_estimators"": 280}"
Extra Trees Optuna,Gas_Yield_pct,11,0.9218385186351352,COMPLETE,"{""bootstrap"": true, ""max_depth"": 24, ""max_features"": 0.9924292693700681, ""min_samples_leaf"": 6, ""min_samples_split"": 2, ""n_estimators"": 520}"
Extra Trees Optuna,Gas_Yield_pct,12,0.9206445902380663,COMPLETE,"{""bootstrap"": true, ""max_depth"": 10, ""max_features"": 0.5272833923112996, ""min_samples_leaf"": 5, ""min_samples_split"": 5, ""n_estimators"": 440}"
Extra Trees Optuna,Gas_Yield_pct,13,0.9194860975071253,COMPLETE,"{""bootstrap"": true, ""max_depth"": 10, ""max_features"": 0.5663825544521249, ""min_samples_leaf"": 5, ""min_samples_split"": 4, ""n_estimators"": 520}"
Extra Trees Optuna,Gas_Yield_pct,14,0.9201712289976769,COMPLETE,"{""bootstrap"": true, ""max_depth"": 10, ""max_features"": 0.591215842706573, ""min_samples_leaf"": 6, ""min_samples_split"": 3, ""n_estimators"": 520}"
Extra Trees Optuna,Gas_Yield_pct,15,0.9218932913434269,COMPLETE,"{""bootstrap"": true, ""max_depth"": null, ""max_features"": 0.45382434909517044, ""min_samples_leaf"": 4, ""min_samples_split"": 3, ""n_estimators"": 520}"
Extra Trees Optuna,Gas_Yield_pct,16,0.9211818711628028,COMPLETE,"{""bootstrap"": true, ""max_depth"": 6, ""max_features"": 0.5830764625009822, ""min_samples_leaf"": 5, ""min_samples_split"": 8, ""n_estimators"": 480}"
Extra Trees Optuna,Gas_Yield_pct,17,0.9194422399864619,COMPLETE,"{""bootstrap"": true, ""max_depth"": 10, ""max_features"": 0.6442728641106585, ""min_samples_leaf"": 6, ""min_samples_split"": 4, ""n_estimators"": 400}"
Extra Trees Optuna,Gas_Yield_pct,18,0.9232939160455137,COMPLETE,"{""bootstrap"": true, ""max_depth"": 10, ""max_features"": 0.6994949061367465, ""min_samples_leaf"": 3, ""min_samples_split"": 5, ""n_estimators"": 360}"
Extra Trees Optuna,Gas_Yield_pct,19,0.9200184576090435,COMPLETE,"{""bootstrap"": true, ""max_depth"": 10, ""max_features"": 0.5333369151152288, ""min_samples_leaf"": 5, ""min_samples_split"": 4, ""n_estimators"": 240}"
Extra Trees Optuna,Gas_Yield_pct,20,0.9207823713562646,COMPLETE,"{""bootstrap"": true, ""max_depth"": 10, ""max_features"": 0.8546925376870871, ""min_samples_leaf"": 4, ""min_samples_split"": 8, ""n_estimators"": 400}"
Extra Trees Optuna,Gas_Yield_pct,21,0.920059820267323,COMPLETE,"{""bootstrap"": true, ""max_depth"": 10, ""max_features"": 0.6409429572970551, ""min_samples_leaf"": 6, ""min_samples_split"": 2, ""n_estimators"": 240}"
Extra Trees Optuna,Gas_Yield_pct,22,0.9208815816574326,COMPLETE,"{""bootstrap"": true, ""max_depth"": 24, ""max_features"": 0.5843047863336231, ""min_samples_leaf"": 6, ""min_samples_split"": 4, ""n_estimators"": 480}"
Extra Trees Optuna,Gas_Yield_pct,23,0.9197376472501644,COMPLETE,"{""bootstrap"": true, ""max_depth"": 24, ""max_features"": 0.609506202369878, ""min_samples_leaf"": 6, ""min_samples_split"": 4, ""n_estimators"": 480}"
Extra Trees Optuna,Gas_Yield_pct,24,0.9204688409601418,COMPLETE,"{""bootstrap"": true, ""max_depth"": 10, ""max_features"": 0.5115421380749916, ""min_samples_leaf"": 5, ""min_samples_split"": 6, ""n_estimators"": 400}"
Extra Trees Optuna,Gas_Yield_pct,25,0.92046621360158,COMPLETE,"{""bootstrap"": true, ""max_depth"": 6, ""max_features"": 0.7038852365642857, ""min_samples_leaf"": 6, ""min_samples_split"": 2, ""n_estimators"": 480}"
Extra Trees Optuna,Gas_Yield_pct,26,0.9210661237306947,COMPLETE,"{""bootstrap"": true, ""max_depth"": null, ""max_features"": 0.6671242011037776, ""min_samples_leaf"": 5, ""min_samples_split"": 4, ""n_estimators"": 440}"
Extra Trees Optuna,Gas_Yield_pct,27,0.919699538470861,COMPLETE,"{""bootstrap"": true, ""max_depth"": 24, ""max_features"": 0.6169556809174792, ""min_samples_leaf"": 6, ""min_samples_split"": 6, ""n_estimators"": 520}"
Extra Trees Optuna,Gas_Yield_pct,28,0.9194860975071253,COMPLETE,"{""bootstrap"": true, ""max_depth"": 10, ""max_features"": 0.5577413372818691, ""min_samples_leaf"": 5, ""min_samples_split"": 6, ""n_estimators"": 520}"
Extra Trees Optuna,Gas_Yield_pct,29,0.9210623489568054,COMPLETE,"{""bootstrap"": true, ""max_depth"": 10, ""max_features"": 0.5046095775640445, ""min_samples_leaf"": 3, ""min_samples_split"": 7, ""n_estimators"": 360}"
Extra Trees Optuna,Gas_Yield_pct,30,0.9198551995452948,COMPLETE,"{""bootstrap"": true, ""max_depth"": 10, ""max_features"": 0.5628229867305685, ""min_samples_leaf"": 5, ""min_samples_split"": 7, ""n_estimators"": 160}"
Extra Trees Optuna,Gas_Yield_pct,31,0.9217496059288353,COMPLETE,"{""bootstrap"": true, ""max_depth"": 10, ""max_features"": 0.7604410081393109, ""min_samples_leaf"": 4, ""min_samples_split"": 7, ""n_estimators"": 520}"
Extra Trees Optuna,Gas_Yield_pct,32,0.9216258220145,COMPLETE,"{""bootstrap"": true, ""max_depth"": null, ""max_features"": 0.5537144513772725, ""min_samples_leaf"": 5, ""min_samples_split"": 6, ""n_estimators"": 520}"
Extra Trees Optuna,Gas_Yield_pct,33,0.9195916301680682,COMPLETE,"{""bootstrap"": true, ""max_depth"": 10, ""max_features"": 0.6306861853270705, ""min_samples_leaf"": 6, ""min_samples_split"": 5, ""n_estimators"": 520}"
Extra Trees Optuna,Gas_Yield_pct,34,0.9215161143228979,COMPLETE,"{""bootstrap"": true, ""max_depth"": 10, ""max_features"": 0.7421150126281258, ""min_samples_leaf"": 5, ""min_samples_split"": 5, ""n_estimators"": 480}"
Extra Trees Optuna,Gas_Yield_pct,35,0.920128304925942,COMPLETE,"{""bootstrap"": false, ""max_depth"": 10, ""max_features"": 0.4851815808942942, ""min_samples_leaf"": 6, ""min_samples_split"": 8, ""n_estimators"": 440}"
Extra Trees Optuna,Gas_Yield_pct,36,0.9209910129546426,COMPLETE,"{""bootstrap"": true, ""max_depth"": 10, ""max_features"": 0.6759992076850394, ""min_samples_leaf"": 5, ""min_samples_split"": 5, ""n_estimators"": 520}"
Extra Trees Optuna,Gas_Yield_pct,37,0.9240024496542235,COMPLETE,"{""bootstrap"": false, ""max_depth"": 10, ""max_features"": 0.631735629172682, ""min_samples_leaf"": 4, ""min_samples_split"": 4, ""n_estimators"": 480}"
Extra Trees Optuna,Gas_Yield_pct,38,0.9205610400527824,COMPLETE,"{""bootstrap"": true, ""max_depth"": 10, ""max_features"": 0.5715818782978663, ""min_samples_leaf"": 6, ""min_samples_split"": 6, ""n_estimators"": 360}"
Extra Trees Optuna,Gas_Yield_pct,39,0.9206050272015073,COMPLETE,"{""bootstrap"": true, ""max_depth"": 16, ""max_features"": 0.7624973444669015, ""min_samples_leaf"": 5, ""min_samples_split"": 3, ""n_estimators"": 400}"
Extra Trees Optuna,Gas_Yield_pct,40,0.9234802654316271,COMPLETE,"{""bootstrap"": false, ""max_depth"": 10, ""max_features"": 0.8235392862838995, ""min_samples_leaf"": 6, ""min_samples_split"": 5, ""n_estimators"": 440}"
Extra Trees Optuna,Gas_Yield_pct,41,0.9206583502191787,COMPLETE,"{""bootstrap"": true, ""max_depth"": 6, ""max_features"": 0.5545724257599008, ""min_samples_leaf"": 4, ""min_samples_split"": 9, ""n_estimators"": 520}"
Extra Trees Optuna,Gas_Yield_pct,42,0.919699538470861,COMPLETE,"{""bootstrap"": true, ""max_depth"": 24, ""max_features"": 0.6295584020298977, ""min_samples_leaf"": 6, ""min_samples_split"": 6, ""n_estimators"": 520}"
Extra Trees Optuna,Gas_Yield_pct,43,0.9197376472501644,COMPLETE,"{""bootstrap"": true, ""max_depth"": 24, ""max_features"": 0.6174152254798699, ""min_samples_leaf"": 6, ""min_samples_split"": 7, ""n_estimators"": 480}"
Extra Trees Optuna,Gas_Yield_pct,44,0.9196712536518297,COMPLETE,"{""bootstrap"": true, ""max_depth"": 16, ""max_features"": 0.6589976255749261, ""min_samples_leaf"": 6, ""min_samples_split"": 5, ""n_estimators"": 520}"
Extra Trees Optuna,Gas_Yield_pct,45,0.9209937777242899,COMPLETE,"{""bootstrap"": true, ""max_depth"": 16, ""max_features"": 0.7283772885081892, ""min_samples_leaf"": 5, ""min_samples_split"": 4, ""n_estimators"": 440}"
Extra Trees Optuna,Gas_Yield_pct,46,0.922321943068788,COMPLETE,"{""bootstrap"": false, ""max_depth"": 16, ""max_features"": 0.6735374361853805, ""min_samples_leaf"": 6, ""min_samples_split"": 5, ""n_estimators"": 480}"
Extra Trees Optuna,Gas_Yield_pct,47,0.9201276629670669,COMPLETE,"{""bootstrap"": true, ""max_depth"": 16, ""max_features"": 0.6520554279550088, ""min_samples_leaf"": 5, ""min_samples_split"": 3, ""n_estimators"": 520}"
Extra Trees Optuna,Gas_Yield_pct,48,0.9236094218857008,COMPLETE,"{""bootstrap"": true, ""max_depth"": 16, ""max_features"": 0.6973986529926199, ""min_samples_leaf"": 2, ""min_samples_split"": 12, ""n_estimators"": 480}"
Extra Trees Optuna,Gas_Yield_pct,49,0.9199747135610472,COMPLETE,"{""bootstrap"": true, ""max_depth"": null, ""max_features"": 0.6038304169829215, ""min_samples_leaf"": 6, ""min_samples_split"": 5, ""n_estimators"": 280}"
Extra Trees Optuna,Gas_Yield_pct,50,0.9194860975071253,COMPLETE,"{""bootstrap"": true, ""max_depth"": 10, ""max_features"": 0.5342146453604777, ""min_samples_leaf"": 5, ""min_samples_split"": 4, ""n_estimators"": 520}"
Extra Trees Optuna,HBr_pct,1,0.34720875141583385,COMPLETE,"{""bootstrap"": true, ""max_depth"": 24, ""max_features"": 0.8336668841077577, ""min_samples_leaf"": 2, ""min_samples_split"": 8, ""n_estimators"": 240}"
Extra Trees Optuna,HBr_pct,2,0.34651404053356283,COMPLETE,"{""bootstrap"": true, ""max_depth"": 16, ""max_features"": 0.7451816213521598, ""min_samples_leaf"": 3, ""min_samples_split"": 6, ""n_estimators"": 360}"
Extra Trees Optuna,HBr_pct,3,0.3489001079000221,COMPLETE,"{""bootstrap"": true, ""max_depth"": 24, ""max_features"": 0.49596761697020153, ""min_samples_leaf"": 2, ""min_samples_split"": 4, ""n_estimators"": 160}"
Extra Trees Optuna,HBr_pct,4,0.35248870633295465,COMPLETE,"{""bootstrap"": false, ""max_depth"": null, ""max_features"": 0.8450209350874549, ""min_samples_leaf"": 3, ""min_samples_split"": 7, ""n_estimators"": 200}"
Extra Trees Optuna,HBr_pct,5,0.3552317684720872,COMPLETE,"{""bootstrap"": false, ""max_depth"": 24, ""max_features"": 0.8600357806971591, ""min_samples_leaf"": 2, ""min_samples_split"": 6, ""n_estimators"": 440}"
Extra Trees Optuna,HBr_pct,6,0.3447487167787934,COMPLETE,"{""bootstrap"": false, ""max_depth"": 6, ""max_features"": 0.8726010481391585, ""min_samples_leaf"": 5, ""min_samples_split"": 9, ""n_estimators"": 240}"
Extra Trees Optuna,HBr_pct,7,0.34809290865482057,COMPLETE,"{""bootstrap"": true, ""max_depth"": 6, ""max_features"": 0.45747564868401785, ""min_samples_leaf"": 2, ""min_samples_split"": 6, ""n_estimators"": 360}"
Extra Trees Optuna,HBr_pct,8,0.34383050511628505,COMPLETE,"{""bootstrap"": true, ""max_depth"": 10, ""max_features"": 0.6552053244136267, ""min_samples_leaf"": 5, ""min_samples_split"": 3, ""n_estimators"": 240}"
Extra Trees Optuna,HBr_pct,9,0.3454970458386283,COMPLETE,"{""bootstrap"": true, ""max_depth"": null, ""max_features"": 0.523622289598605, ""min_samples_leaf"": 1, ""min_samples_split"": 11, ""n_estimators"": 480}"
Extra Trees Optuna,HBr_pct,10,0.3467254145670155,COMPLETE,"{""bootstrap"": true, ""max_depth"": 16, ""max_features"": 0.5932562259230156, ""min_samples_leaf"": 3, ""min_samples_split"": 5, ""n_estimators"": 200}"
Extra Trees Optuna,HBr_pct,11,0.34706815767660654,COMPLETE,"{""bootstrap"": false, ""max_depth"": 10, ""max_features"": 0.9672101270119906, ""min_samples_leaf"": 6, ""min_samples_split"": 2, ""n_estimators"": 320}"
Extra Trees Optuna,HBr_pct,12,0.3436283790078948,COMPLETE,"{""bootstrap"": false, ""max_depth"": 6, ""max_features"": 0.6683414501395288, ""min_samples_leaf"": 6, ""min_samples_split"": 12, ""n_estimators"": 280}"
Extra Trees Optuna,HBr_pct,13,0.3441066464090361,COMPLETE,"{""bootstrap"": false, ""max_depth"": 10, ""max_features"": 0.6559243046063505, ""min_samples_leaf"": 5, ""min_samples_split"": 12, ""n_estimators"": 280}"
Extra Trees Optuna,HBr_pct,14,0.34515486618201724,COMPLETE,"{""bootstrap"": false, ""max_depth"": 10, ""max_features"": 0.6835242929860793, ""min_samples_leaf"": 6, ""min_samples_split"": 2, ""n_estimators"": 320}"
Extra Trees Optuna,HBr_pct,15,0.34325187135106533,COMPLETE,"{""bootstrap"": true, ""max_depth"": 6, ""max_features"": 0.7336788385654204, ""min_samples_leaf"": 5, ""min_samples_split"": 10, ""n_estimators"": 400}"
Extra Trees Optuna,HBr_pct,16,0.34376066145721407,COMPLETE,"{""bootstrap"": false, ""max_depth"": 6, ""max_features"": 0.7515878374839882, ""min_samples_leaf"": 4, ""min_samples_split"": 10, ""n_estimators"": 520}"
Extra Trees Optuna,HBr_pct,17,0.3461734222179301,COMPLETE,"{""bootstrap"": true, ""max_depth"": 6, ""max_features"": 0.5705560884996819, ""min_samples_leaf"": 6, ""min_samples_split"": 12, ""n_estimators"": 400}"
Extra Trees Optuna,HBr_pct,18,0.3436453761359871,COMPLETE,"{""bootstrap"": false, ""max_depth"": 6, ""max_features"": 0.7559947967467455, ""min_samples_leaf"": 4, ""min_samples_split"": 10, ""n_estimators"": 440}"
Extra Trees Optuna,HBr_pct,19,0.34389271210478844,COMPLETE,"{""bootstrap"": true, ""max_depth"": 6, ""max_features"": 0.7046789483953543, ""min_samples_leaf"": 5, ""min_samples_split"": 10, ""n_estimators"": 400}"
Extra Trees Optuna,HBr_pct,20,0.3432985793950868,COMPLETE,"{""bootstrap"": false, ""max_depth"": 6, ""max_features"": 0.6264905231375748, ""min_samples_leaf"": 4, ""min_samples_split"": 11, ""n_estimators"": 320}"
Extra Trees Optuna,HBr_pct,21,0.34439559389382723,COMPLETE,"{""bootstrap"": true, ""max_depth"": 6, ""max_features"": 0.5987074596938957, ""min_samples_leaf"": 4, ""min_samples_split"": 8, ""n_estimators"": 360}"
Extra Trees Optuna,HBr_pct,22,0.3439198731193226,COMPLETE,"{""bootstrap"": false, ""max_depth"": 6, ""max_features"": 0.6285212280342173, ""min_samples_leaf"": 6, ""min_samples_split"": 11, ""n_estimators"": 320}"
Extra Trees Optuna,HBr_pct,23,0.34377404183227184,COMPLETE,"{""bootstrap"": false, ""max_depth"": 6, ""max_features"": 0.7109592249161523, ""min_samples_leaf"": 5, ""min_samples_split"": 11, ""n_estimators"": 280}"
Extra Trees Optuna,HBr_pct,24,0.34448615494169266,COMPLETE,"{""bootstrap"": false, ""max_depth"": 6, ""max_features"": 0.790177005106579, ""min_samples_leaf"": 4, ""min_samples_split"": 12, ""n_estimators"": 280}"
Extra Trees Optuna,HBr_pct,25,0.3440595501501515,COMPLETE,"{""bootstrap"": false, ""max_depth"": 6, ""max_features"": 0.5465072160077402, ""min_samples_leaf"": 6, ""min_samples_split"": 9, ""n_estimators"": 400}"
Extra Trees Optuna,HBr_pct,26,0.345876347868097,COMPLETE,"{""bootstrap"": false, ""max_depth"": 16, ""max_features"": 0.6274559188780896, ""min_samples_leaf"": 5, ""min_samples_split"": 11, ""n_estimators"": 320}"
Extra Trees Optuna,HBr_pct,27,0.3490206650589913,COMPLETE,"{""bootstrap"": false, ""max_depth"": null, ""max_features"": 0.7960628495839336, ""min_samples_leaf"": 4, ""min_samples_split"": 9, ""n_estimators"": 440}"
Extra Trees Optuna,HBr_pct,28,0.345057373976557,COMPLETE,"{""bootstrap"": false, ""max_depth"": 6, ""max_features"": 0.9013829408019214, ""min_samples_leaf"": 5, ""min_samples_split"": 12, ""n_estimators"": 360}"
Extra Trees Optuna,HBr_pct,29,0.3446994328439904,COMPLETE,"{""bootstrap"": true, ""max_depth"": 6, ""max_features"": 0.6783990090976414, ""min_samples_leaf"": 6, ""min_samples_split"": 10, ""n_estimators"": 280}"
Extra Trees Optuna,HBr_pct,30,0.3471548937096784,COMPLETE,"{""bootstrap"": true, ""max_depth"": 24, ""max_features"": 0.7983921665290414, ""min_samples_leaf"": 3, ""min_samples_split"": 8, ""n_estimators"": 480}"
Extra Trees Optuna,HBr_pct,31,0.3442477001068812,COMPLETE,"{""bootstrap"": false, ""max_depth"": 6, ""max_features"": 0.723077280106981, ""min_samples_leaf"": 4, ""min_samples_split"": 11, ""n_estimators"": 200}"
Extra Trees Optuna,HBr_pct,32,0.3436453761359871,COMPLETE,"{""bootstrap"": false, ""max_depth"": 6, ""max_features"": 0.7522449469177173, ""min_samples_leaf"": 4, ""min_samples_split"": 10, ""n_estimators"": 440}"
Extra Trees Optuna,HBr_pct,33,0.3448884400161423,COMPLETE,"{""bootstrap"": false, ""max_depth"": 6, ""max_features"": 0.7704773591982302, ""min_samples_leaf"": 3, ""min_samples_split"": 9, ""n_estimators"": 480}"
Extra Trees Optuna,HBr_pct,34,0.34754954942076727,COMPLETE,"{""bootstrap"": false, ""max_depth"": 16, ""max_features"": 0.6301882112512928, ""min_samples_leaf"": 4, ""min_samples_split"": 10, ""n_estimators"": 400}"
Extra Trees Optuna,HBr_pct,35,0.3478464128397071,COMPLETE,"{""bootstrap"": false, ""max_depth"": 24, ""max_features"": 0.8196271704619537, ""min_samples_leaf"": 5, ""min_samples_split"": 11, ""n_estimators"": 520}"
Extra Trees Optuna,HBr_pct,36,0.34445727850861435,COMPLETE,"{""bootstrap"": false, ""max_depth"": 6, ""max_features"": 0.7235404664248153, ""min_samples_leaf"": 3, ""min_samples_split"": 7, ""n_estimators"": 440}"
Extra Trees Optuna,HBr_pct,37,0.34626489786582154,COMPLETE,"{""bootstrap"": true, ""max_depth"": null, ""max_features"": 0.6764766549931681, ""min_samples_leaf"": 4, ""min_samples_split"": 8, ""n_estimators"": 160}"
Extra Trees Optuna,HBr_pct,38,0.3448042409846009,COMPLETE,"{""bootstrap"": false, ""max_depth"": 6, ""max_features"": 0.8872948049744607, ""min_samples_leaf"": 5, ""min_samples_split"": 12, ""n_estimators"": 240}"
Extra Trees Optuna,HBr_pct,39,0.34448795089692735,COMPLETE,"{""bootstrap"": true, ""max_depth"": 24, ""max_features"": 0.8239198201386411, ""min_samples_leaf"": 6, ""min_samples_split"": 10, ""n_estimators"": 360}"
Extra Trees Optuna,HBr_pct,40,0.34626097380961196,COMPLETE,"{""bootstrap"": false, ""max_depth"": 6, ""max_features"": 0.5107294885814305, ""min_samples_leaf"": 5, ""min_samples_split"": 9, ""n_estimators"": 440}"
Extra Trees Optuna,HBr_pct,41,0.3441365448041946,COMPLETE,"{""bootstrap"": true, ""max_depth"": 16, ""max_features"": 0.5877334866639286, ""min_samples_leaf"": 1, ""min_samples_split"": 11, ""n_estimators"": 240}"
Extra Trees Optuna,HBr_pct,42,0.34372683906646784,COMPLETE,"{""bootstrap"": false, ""max_depth"": 6, ""max_features"": 0.75070194837537, ""min_samples_leaf"": 4, ""min_samples_split"": 10, ""n_estimators"": 480}"
Extra Trees Optuna,HBr_pct,43,0.3436453761359871,COMPLETE,"{""bootstrap"": false, ""max_depth"": 6, ""max_features"": 0.7692216572568538, ""min_samples_leaf"": 4, ""min_samples_split"": 10, ""n_estimators"": 440}"
Extra Trees Optuna,HBr_pct,44,0.34446234613278837,COMPLETE,"{""bootstrap"": false, ""max_depth"": 6, ""max_features"": 0.7340769803652464, ""min_samples_leaf"": 3, ""min_samples_split"": 11, ""n_estimators"": 400}"
Extra Trees Optuna,HBr_pct,45,0.3437528441471541,COMPLETE,"{""bootstrap"": false, ""max_depth"": 6, ""max_features"": 0.6591054990893114, ""min_samples_leaf"": 4, ""min_samples_split"": 12, ""n_estimators"": 360}"
Extra Trees Optuna,HBr_pct,46,0.34884113370577285,COMPLETE,"{""bootstrap"": false, ""max_depth"": null, ""max_features"": 0.685975581722705, ""min_samples_leaf"": 3, ""min_samples_split"": 9, ""n_estimators"": 440}"
Extra Trees Optuna,HBr_pct,47,0.347144811985589,COMPLETE,"{""bootstrap"": false, ""max_depth"": 10, ""max_features"": 0.8469121970642581, ""min_samples_leaf"": 5, ""min_samples_split"": 8, ""n_estimators"": 480}"
Extra Trees Optuna,HBr_pct,48,0.3431367026394236,COMPLETE,"{""bootstrap"": true, ""max_depth"": 6, ""max_features"": 0.7714137004329534, ""min_samples_leaf"": 2, ""min_samples_split"": 10, ""n_estimators"": 320}"
Extra Trees Optuna,HBr_pct,49,0.3446602356382915,COMPLETE,"{""bootstrap"": true, ""max_depth"": 6, ""max_features"": 0.7033565552821079, ""min_samples_leaf"": 6, ""min_samples_split"": 4, ""n_estimators"": 320}"
Extra Trees Optuna,HBr_pct,50,0.3433000555354835,COMPLETE,"{""bootstrap"": true, ""max_depth"": 6, ""max_features"": 0.6476518790915097, ""min_samples_leaf"": 2, ""min_samples_split"": 7, ""n_estimators"": 280}"
Extra Trees Optuna,Br2_pct,1,0.3891389722262992,COMPLETE,"{""bootstrap"": false, ""max_depth"": 24, ""max_features"": 0.9696378157796932, ""min_samples_leaf"": 1, ""min_samples_split"": 5, ""n_estimators"": 320}"
Extra Trees Optuna,Br2_pct,2,0.3743673614019022,COMPLETE,"{""bootstrap"": false, ""max_depth"": null, ""max_features"": 0.6442793891124826, ""min_samples_leaf"": 5, ""min_samples_split"": 3, ""n_estimators"": 240}"
Extra Trees Optuna,Br2_pct,3,0.37592167992299796,COMPLETE,"{""bootstrap"": false, ""max_depth"": 6, ""max_features"": 0.9286536702738545, ""min_samples_leaf"": 4, ""min_samples_split"": 4, ""n_estimators"": 360}"
Extra Trees Optuna,Br2_pct,4,0.3794421495154138,COMPLETE,"{""bootstrap"": false, ""max_depth"": null, ""max_features"": 0.9238241775029449, ""min_samples_leaf"": 4, ""min_samples_split"": 2, ""n_estimators"": 280}"
Extra Trees Optuna,Br2_pct,5,0.38148776403568174,COMPLETE,"{""bootstrap"": false, ""max_depth"": 24, ""max_features"": 0.9470416138522717, ""min_samples_leaf"": 4, ""min_samples_split"": 5, ""n_estimators"": 440}"
Extra Trees Optuna,Br2_pct,6,0.3803118245483951,COMPLETE,"{""bootstrap"": false, ""max_depth"": 10, ""max_features"": 0.9035655283233925, ""min_samples_leaf"": 4, ""min_samples_split"": 5, ""n_estimators"": 240}"
Extra Trees Optuna,Br2_pct,7,0.3747194261917611,COMPLETE,"{""bootstrap"": false, ""max_depth"": null, ""max_features"": 0.6577571936050417, ""min_samples_leaf"": 6, ""min_samples_split"": 8, ""n_estimators"": 360}"
Extra Trees Optuna,Br2_pct,8,0.38148776403568174,COMPLETE,"{""bootstrap"": false, ""max_depth"": 24, ""max_features"": 0.9817751693441648, ""min_samples_leaf"": 4, ""min_samples_split"": 2, ""n_estimators"": 440}"
Extra Trees Optuna,Br2_pct,9,0.3760879599195637,COMPLETE,"{""bootstrap"": true, ""max_depth"": null, ""max_features"": 0.5194476811050182, ""min_samples_leaf"": 2, ""min_samples_split"": 7, ""n_estimators"": 480}"
Extra Trees Optuna,Br2_pct,10,0.3791152752524346,COMPLETE,"{""bootstrap"": true, ""max_depth"": 10, ""max_features"": 0.8390817876210098, ""min_samples_leaf"": 1, ""min_samples_split"": 5, ""n_estimators"": 480}"
Extra Trees Optuna,Br2_pct,11,0.37788733203751657,COMPLETE,"{""bootstrap"": true, ""max_depth"": 16, ""max_features"": 0.45586654646238467, ""min_samples_leaf"": 6, ""min_samples_split"": 12, ""n_estimators"": 160}"
Extra Trees Optuna,Br2_pct,12,0.37476170237713624,COMPLETE,"{""bootstrap"": false, ""max_depth"": null, ""max_features"": 0.6589440419693406, ""min_samples_leaf"": 6, ""min_samples_split"": 10, ""n_estimators"": 200}"
Extra Trees Optuna,Br2_pct,13,0.3756782443957782,COMPLETE,"{""bootstrap"": false, ""max_depth"": null, ""max_features"": 0.6797028864544108, ""min_samples_leaf"": 6, ""min_samples_split"": 8, ""n_estimators"": 360}"
Extra Trees Optuna,Br2_pct,14,0.37636794358802,COMPLETE,"{""bootstrap"": false, ""max_depth"": null, ""max_features"": 0.6712711166227576, ""min_samples_leaf"": 5, ""min_samples_split"": 8, ""n_estimators"": 280}"
Extra Trees Optuna,Br2_pct,15,0.3749160778234331,COMPLETE,"{""bootstrap"": true, ""max_depth"": 16, ""max_features"": 0.5809563675805428, ""min_samples_leaf"": 5, ""min_samples_split"": 12, ""n_estimators"": 360}"
Extra Trees Optuna,Br2_pct,16,0.37447046926458594,COMPLETE,"{""bootstrap"": false, ""max_depth"": 6, ""max_features"": 0.7536117613367558, ""min_samples_leaf"": 5, ""min_samples_split"": 9, ""n_estimators"": 200}"
Extra Trees Optuna,Br2_pct,17,0.37473384412615773,COMPLETE,"{""bootstrap"": false, ""max_depth"": 6, ""max_features"": 0.7747781186332399, ""min_samples_leaf"": 3, ""min_samples_split"": 10, ""n_estimators"": 160}"
Extra Trees Optuna,Br2_pct,18,0.37427984903071665,COMPLETE,"{""bootstrap"": false, ""max_depth"": 6, ""max_features"": 0.7572892020945973, ""min_samples_leaf"": 5, ""min_samples_split"": 10, ""n_estimators"": 240}"
Extra Trees Optuna,Br2_pct,19,0.37430342300820135,COMPLETE,"{""bootstrap"": true, ""max_depth"": 6, ""max_features"": 0.7587503699651053, ""min_samples_leaf"": 3, ""min_samples_split"": 3, ""n_estimators"": 240}"
Extra Trees Optuna,Br2_pct,20,0.3743647159173484,COMPLETE,"{""bootstrap"": true, ""max_depth"": 6, ""max_features"": 0.7575704271580105, ""min_samples_leaf"": 2, ""min_samples_split"": 6, ""n_estimators"": 280}"
Extra Trees Optuna,Br2_pct,21,0.3740086910326722,COMPLETE,"{""bootstrap"": true, ""max_depth"": 6, ""max_features"": 0.8351325693807897, ""min_samples_leaf"": 3, ""min_samples_split"": 10, ""n_estimators"": 200}"
Extra Trees Optuna,Br2_pct,22,0.3740767153716503,COMPLETE,"{""bootstrap"": true, ""max_depth"": 6, ""max_features"": 0.8308764537716351, ""min_samples_leaf"": 3, ""min_samples_split"": 11, ""n_estimators"": 200}"
Extra Trees Optuna,Br2_pct,23,0.3740767153716503,COMPLETE,"{""bootstrap"": true, ""max_depth"": 6, ""max_features"": 0.8532264339401139, ""min_samples_leaf"": 3, ""min_samples_split"": 11, ""n_estimators"": 200}"
Extra Trees Optuna,Br2_pct,24,0.3740767153716503,COMPLETE,"{""bootstrap"": true, ""max_depth"": 6, ""max_features"": 0.847107189163818, ""min_samples_leaf"": 3, ""min_samples_split"": 11, ""n_estimators"": 200}"
Extra Trees Optuna,Br2_pct,25,0.37350209379377686,COMPLETE,"{""bootstrap"": true, ""max_depth"": 6, ""max_features"": 0.8513377404446303, ""min_samples_leaf"": 2, ""min_samples_split"": 11, ""n_estimators"": 160}"
Extra Trees Optuna,Br2_pct,26,0.37350209379377686,COMPLETE,"{""bootstrap"": true, ""max_depth"": 6, ""max_features"": 0.8068496861317204, ""min_samples_leaf"": 2, ""min_samples_split"": 11, ""n_estimators"": 160}"
Extra Trees Optuna,Br2_pct,27,0.374688441243253,COMPLETE,"{""bootstrap"": true, ""max_depth"": 6, ""max_features"": 0.8880170991748432, ""min_samples_leaf"": 2, ""min_samples_split"": 9, ""n_estimators"": 160}"
Extra Trees Optuna,Br2_pct,28,0.37356614422893203,COMPLETE,"{""bootstrap"": true, ""max_depth"": 6, ""max_features"": 0.8098167238799816, ""min_samples_leaf"": 2, ""min_samples_split"": 12, ""n_estimators"": 160}"
Extra Trees Optuna,Br2_pct,29,0.3752395403809908,COMPLETE,"{""bootstrap"": true, ""max_depth"": 10, ""max_features"": 0.7896646149313329, ""min_samples_leaf"": 2, ""min_samples_split"": 12, ""n_estimators"": 160}"
Extra Trees Optuna,Br2_pct,30,0.37432240451066134,COMPLETE,"{""bootstrap"": true, ""max_depth"": 16, ""max_features"": 0.7129085980032286, ""min_samples_leaf"": 1, ""min_samples_split"": 11, ""n_estimators"": 160}"
Extra Trees Optuna,Br2_pct,31,0.375070258826636,COMPLETE,"{""bootstrap"": true, ""max_depth"": 24, ""max_features"": 0.8065939876857317, ""min_samples_leaf"": 1, ""min_samples_split"": 12, ""n_estimators"": 160}"
Extra Trees Optuna,Br2_pct,32,0.3741926867335227,COMPLETE,"{""bootstrap"": true, ""max_depth"": 6, ""max_features"": 0.8810345219134831, ""min_samples_leaf"": 2, ""min_samples_split"": 10, ""n_estimators"": 200}"
Extra Trees Optuna,Br2_pct,33,0.3747641116246048,COMPLETE,"{""bootstrap"": true, ""max_depth"": 6, ""max_features"": 0.7148714294193436, ""min_samples_leaf"": 2, ""min_samples_split"": 9, ""n_estimators"": 160}"
Extra Trees Optuna,Br2_pct,34,0.37282120283126013,COMPLETE,"{""bootstrap"": true, ""max_depth"": 6, ""max_features"": 0.8114110671332934, ""min_samples_leaf"": 1, ""min_samples_split"": 11, ""n_estimators"": 240}"
Extra Trees Optuna,Br2_pct,35,0.37282120283126013,COMPLETE,"{""bootstrap"": true, ""max_depth"": 6, ""max_features"": 0.8012211933034881, ""min_samples_leaf"": 1, ""min_samples_split"": 11, ""n_estimators"": 240}"
Extra Trees Optuna,Br2_pct,36,0.37351207142812826,COMPLETE,"{""bootstrap"": true, ""max_depth"": 6, ""max_features"": 0.7197657561171281, ""min_samples_leaf"": 1, ""min_samples_split"": 11, ""n_estimators"": 320}"
Extra Trees Optuna,Br2_pct,37,0.3730265300809896,COMPLETE,"{""bootstrap"": true, ""max_depth"": 6, ""max_features"": 0.8799760756967748, ""min_samples_leaf"": 1, ""min_samples_split"": 11, ""n_estimators"": 320}"
Extra Trees Optuna,Br2_pct,38,0.37591041951516513,COMPLETE,"{""bootstrap"": true, ""max_depth"": 24, ""max_features"": 0.9324694893915741, ""min_samples_leaf"": 1, ""min_samples_split"": 9, ""n_estimators"": 320}"
Extra Trees Optuna,Br2_pct,39,0.37484522303552115,COMPLETE,"{""bootstrap"": true, ""max_depth"": 10, ""max_features"": 0.866357548553289, ""min_samples_leaf"": 1, ""min_samples_split"": 10, ""n_estimators"": 280}"
Extra Trees Optuna,Br2_pct,40,0.37297096015264125,COMPLETE,"{""bootstrap"": true, ""max_depth"": 6, ""max_features"": 0.9045500648842234, ""min_samples_leaf"": 1, ""min_samples_split"": 11, ""n_estimators"": 400}"
Extra Trees Optuna,Br2_pct,41,0.3734312217017065,COMPLETE,"{""bootstrap"": true, ""max_depth"": 6, ""max_features"": 0.9703099566015946, ""min_samples_leaf"": 1, ""min_samples_split"": 12, ""n_estimators"": 400}"
Extra Trees Optuna,Br2_pct,42,0.3734312217017065,COMPLETE,"{""bootstrap"": true, ""max_depth"": 6, ""max_features"": 0.9550368321434508, ""min_samples_leaf"": 1, ""min_samples_split"": 12, ""n_estimators"": 400}"
Extra Trees Optuna,Br2_pct,43,0.37297096015264125,COMPLETE,"{""bootstrap"": true, ""max_depth"": 6, ""max_features"": 0.9038923002433428, ""min_samples_leaf"": 1, ""min_samples_split"": 11, ""n_estimators"": 400}"
Extra Trees Optuna,Br2_pct,44,0.37297096015264125,COMPLETE,"{""bootstrap"": true, ""max_depth"": 6, ""max_features"": 0.91417472399845, ""min_samples_leaf"": 1, ""min_samples_split"": 11, ""n_estimators"": 400}"
Extra Trees Optuna,Br2_pct,45,0.37616275885548484,COMPLETE,"{""bootstrap"": true, ""max_depth"": 16, ""max_features"": 0.9926343162451112, ""min_samples_leaf"": 1, ""min_samples_split"": 10, ""n_estimators"": 520}"
Extra Trees Optuna,Br2_pct,46,0.374834707901152,COMPLETE,"{""bootstrap"": true, ""max_depth"": 24, ""max_features"": 0.9134497672550407, ""min_samples_leaf"": 1, ""min_samples_split"": 11, ""n_estimators"": 400}"
Extra Trees Optuna,Br2_pct,47,0.37274186071254667,COMPLETE,"{""bootstrap"": true, ""max_depth"": 6, ""max_features"": 0.9086583126111912, ""min_samples_leaf"": 1, ""min_samples_split"": 9, ""n_estimators"": 440}"
Extra Trees Optuna,Br2_pct,48,0.373415371635103,COMPLETE,"{""bootstrap"": true, ""max_depth"": 6, ""max_features"": 0.937938666564798, ""min_samples_leaf"": 1, ""min_samples_split"": 7, ""n_estimators"": 440}"
Extra Trees Optuna,Br2_pct,49,0.37372792953381,COMPLETE,"{""bootstrap"": true, ""max_depth"": 6, ""max_features"": 0.6172233956611322, ""min_samples_leaf"": 1, ""min_samples_split"": 8, ""n_estimators"": 480}"
Extra Trees Optuna,Br2_pct,50,0.3766314184364678,COMPLETE,"{""bootstrap"": true, ""max_depth"": 10, ""max_features"": 0.957369054708288, ""min_samples_leaf"": 1, ""min_samples_split"": 9, ""n_estimators"": 440}"
Extra Trees Optuna,HCl_pct,1,0.4077935519074011,COMPLETE,"{""bootstrap"": true, ""max_depth"": 24, ""max_features"": 0.7170774260683894, ""min_samples_leaf"": 1, ""min_samples_split"": 6, ""n_estimators"": 280}"
Extra Trees Optuna,HCl_pct,2,0.4021967422782806,COMPLETE,"{""bootstrap"": false, ""max_depth"": 6, ""max_features"": 0.5491234054395862, ""min_samples_leaf"": 2, ""min_samples_split"": 10, ""n_estimators"": 400}"
Extra Trees Optuna,HCl_pct,3,0.40420053772485137,COMPLETE,"{""bootstrap"": true, ""max_depth"": 10, ""max_features"": 0.45833209768026395, ""min_samples_leaf"": 1, ""min_samples_split"": 2, ""n_estimators"": 240}"
Extra Trees Optuna,HCl_pct,4,0.40415008061981766,COMPLETE,"{""bootstrap"": true, ""max_depth"": null, ""max_features"": 0.493874831604297, ""min_samples_leaf"": 5, ""min_samples_split"": 6, ""n_estimators"": 320}"
Extra Trees Optuna,HCl_pct,5,0.40420529155583235,COMPLETE,"{""bootstrap"": false, ""max_depth"": 16, ""max_features"": 0.5696262240515045, ""min_samples_leaf"": 4, ""min_samples_split"": 9, ""n_estimators"": 320}"
Extra Trees Optuna,HCl_pct,6,0.4038948957030077,COMPLETE,"{""bootstrap"": false, ""max_depth"": 6, ""max_features"": 0.994666339474787, ""min_samples_leaf"": 5, ""min_samples_split"": 6, ""n_estimators"": 480}"
Extra Trees Optuna,HCl_pct,7,0.4033022328336363,COMPLETE,"{""bootstrap"": true, ""max_depth"": null, ""max_features"": 0.9705183634242682, ""min_samples_leaf"": 5, ""min_samples_split"": 8, ""n_estimators"": 200}"
Extra Trees Optuna,HCl_pct,8,0.40531644028211844,COMPLETE,"{""bootstrap"": false, ""max_depth"": 24, ""max_features"": 0.6102189476127611, ""min_samples_leaf"": 4, ""min_samples_split"": 7, ""n_estimators"": 160}"
Extra Trees Optuna,HCl_pct,9,0.41168507360723733,COMPLETE,"{""bootstrap"": false, ""max_depth"": 24, ""max_features"": 0.8954751396472145, ""min_samples_leaf"": 3, ""min_samples_split"": 3, ""n_estimators"": 160}"
Extra Trees Optuna,HCl_pct,10,0.4036742252484289,COMPLETE,"{""bootstrap"": false, ""max_depth"": 10, ""max_features"": 0.4519353542685791, ""min_samples_leaf"": 5, ""min_samples_split"": 8, ""n_estimators"": 400}"
Extra Trees Optuna,HCl_pct,11,0.40294043778137284,COMPLETE,"{""bootstrap"": false, ""max_depth"": 6, ""max_features"": 0.7891790196117591, ""min_samples_leaf"": 2, ""min_samples_split"": 12, ""n_estimators"": 520}"
Extra Trees Optuna,HCl_pct,12,0.40294043778137284,COMPLETE,"{""bootstrap"": false, ""max_depth"": 6, ""max_features"": 0.7525932083938455, ""min_samples_leaf"": 2, ""min_samples_split"": 12, ""n_estimators"": 520}"
Extra Trees Optuna,HCl_pct,13,0.40276050696181065,COMPLETE,"{""bootstrap"": false, ""max_depth"": 6, ""max_features"": 0.7811620058946688, ""min_samples_leaf"": 2, ""min_samples_split"": 12, ""n_estimators"": 440}"
Extra Trees Optuna,HCl_pct,14,0.4026813168197544,COMPLETE,"{""bootstrap"": false, ""max_depth"": 6, ""max_features"": 0.6564744526554228, ""min_samples_leaf"": 2, ""min_samples_split"": 10, ""n_estimators"": 400}"
Extra Trees Optuna,HCl_pct,15,0.4025029958000614,COMPLETE,"{""bootstrap"": false, ""max_depth"": 6, ""max_features"": 0.6215062660478463, ""min_samples_leaf"": 3, ""min_samples_split"": 10, ""n_estimators"": 400}"
Extra Trees Optuna,HCl_pct,16,0.4040397743221623,COMPLETE,"{""bootstrap"": false, ""max_depth"": 16, ""max_features"": 0.5577198828125545, ""min_samples_leaf"": 3, ""min_samples_split"": 10, ""n_estimators"": 360}"
Extra Trees Optuna,HCl_pct,17,0.40221878112021103,COMPLETE,"{""bootstrap"": false, ""max_depth"": 6, ""max_features"": 0.6681465056673463, ""min_samples_leaf"": 3, ""min_samples_split"": 10, ""n_estimators"": 440}"
Extra Trees Optuna,HCl_pct,18,0.4024683954587883,COMPLETE,"{""bootstrap"": false, ""max_depth"": 6, ""max_features"": 0.6674580259479097, ""min_samples_leaf"": 6, ""min_samples_split"": 11, ""n_estimators"": 440}"
Extra Trees Optuna,HCl_pct,19,0.4034219545962565,COMPLETE,"{""bootstrap"": true, ""max_depth"": 6, ""max_features"": 0.5393646425775436, ""min_samples_leaf"": 4, ""min_samples_split"": 9, ""n_estimators"": 480}"
Extra Trees Optuna,HCl_pct,20,0.4132430839637138,COMPLETE,"{""bootstrap"": false, ""max_depth"": 10, ""max_features"": 0.8410160471395934, ""min_samples_leaf"": 1, ""min_samples_split"": 4, ""n_estimators"": 360}"
Extra Trees Optuna,HCl_pct,21,0.4055919344338754,COMPLETE,"{""bootstrap"": false, ""max_depth"": 16, ""max_features"": 0.7085054112557625, ""min_samples_leaf"": 3, ""min_samples_split"": 11, ""n_estimators"": 440}"
Extra Trees Optuna,HCl_pct,22,0.40295797797255933,COMPLETE,"{""bootstrap"": false, ""max_depth"": 6, ""max_features"": 0.6665226039282421, ""min_samples_leaf"": 6, ""min_samples_split"": 11, ""n_estimators"": 440}"
Extra Trees Optuna,HCl_pct,23,0.4027973696761461,COMPLETE,"{""bootstrap"": false, ""max_depth"": 6, ""max_features"": 0.6204669206864901, ""min_samples_leaf"": 6, ""min_samples_split"": 11, ""n_estimators"": 480}"
Extra Trees Optuna,HCl_pct,24,0.4027489030765744,COMPLETE,"{""bootstrap"": false, ""max_depth"": 6, ""max_features"": 0.6902147860158128, ""min_samples_leaf"": 6, ""min_samples_split"": 9, ""n_estimators"": 360}"
Extra Trees Optuna,HCl_pct,25,0.4035019552158955,COMPLETE,"{""bootstrap"": false, ""max_depth"": 6, ""max_features"": 0.5169110067542737, ""min_samples_leaf"": 2, ""min_samples_split"": 10, ""n_estimators"": 440}"
Extra Trees Optuna,HCl_pct,26,0.40442755654710527,COMPLETE,"{""bootstrap"": false, ""max_depth"": null, ""max_features"": 0.5906456114023634, ""min_samples_leaf"": 4, ""min_samples_split"": 8, ""n_estimators"": 400}"
Extra Trees Optuna,HCl_pct,27,0.4026035636601084,COMPLETE,"{""bootstrap"": true, ""max_depth"": 6, ""max_features"": 0.7521034718094586, ""min_samples_leaf"": 1, ""min_samples_split"": 11, ""n_estimators"": 480}"
Extra Trees Optuna,HCl_pct,28,0.40255539381101935,COMPLETE,"{""bootstrap"": false, ""max_depth"": 6, ""max_features"": 0.8439881364557318, ""min_samples_leaf"": 3, ""min_samples_split"": 9, ""n_estimators"": 320}"
Extra Trees Optuna,HCl_pct,29,0.4027944802882991,COMPLETE,"{""bootstrap"": false, ""max_depth"": 6, ""max_features"": 0.6497569339804368, ""min_samples_leaf"": 2, ""min_samples_split"": 11, ""n_estimators"": 520}"
Extra Trees Optuna,HCl_pct,30,0.40668348175604196,COMPLETE,"{""bootstrap"": true, ""max_depth"": 24, ""max_features"": 0.7325997796383689, ""min_samples_leaf"": 1, ""min_samples_split"": 7, ""n_estimators"": 360}"
Extra Trees Optuna,HCl_pct,31,0.40325177395547857,COMPLETE,"{""bootstrap"": false, ""max_depth"": null, ""max_features"": 0.4967972516446083, ""min_samples_leaf"": 6, ""min_samples_split"": 12, ""n_estimators"": 280}"
Extra Trees Optuna,HCl_pct,32,0.4025029958000614,COMPLETE,"{""bootstrap"": false, ""max_depth"": 6, ""max_features"": 0.6343975378629555, ""min_samples_leaf"": 3, ""min_samples_split"": 10, ""n_estimators"": 400}"
Extra Trees Optuna,HCl_pct,33,0.40221878112021103,COMPLETE,"{""bootstrap"": false, ""max_depth"": 6, ""max_features"": 0.6834820908295386, ""min_samples_leaf"": 3, ""min_samples_split"": 10, ""n_estimators"": 440}"
Extra Trees Optuna,HCl_pct,34,0.40523721932896056,COMPLETE,"{""bootstrap"": false, ""max_depth"": 10, ""max_features"": 0.6890757005764148, ""min_samples_leaf"": 4, ""min_samples_split"": 9, ""n_estimators"": 440}"
Extra Trees Optuna,HCl_pct,35,0.4029460273005325,COMPLETE,"{""bootstrap"": true, ""max_depth"": 6, ""max_features"": 0.5855669225037787, ""min_samples_leaf"": 1, ""min_samples_split"": 10, ""n_estimators"": 480}"
Extra Trees Optuna,HCl_pct,36,0.4046022425179515,COMPLETE,"{""bootstrap"": false, ""max_depth"": 16, ""max_features"": 0.6949949608782074, ""min_samples_leaf"": 5, ""min_samples_split"": 11, ""n_estimators"": 440}"
Extra Trees Optuna,HCl_pct,37,0.4022078606198587,COMPLETE,"{""bootstrap"": false, ""max_depth"": 6, ""max_features"": 0.5459261132100908, ""min_samples_leaf"": 3, ""min_samples_split"": 8, ""n_estimators"": 400}"
Extra Trees Optuna,HCl_pct,38,0.40367912574824577,COMPLETE,"{""bootstrap"": true, ""max_depth"": 24, ""max_features"": 0.4931804606880715, ""min_samples_leaf"": 3, ""min_samples_split"": 7, ""n_estimators"": 320}"
Extra Trees Optuna,HCl_pct,39,0.4046682569660117,COMPLETE,"{""bootstrap"": false, ""max_depth"": null, ""max_features"": 0.5388244405588926, ""min_samples_leaf"": 4, ""min_samples_split"": 8, ""n_estimators"": 280}"
Extra Trees Optuna,HCl_pct,40,0.40261904940837523,COMPLETE,"{""bootstrap"": false, ""max_depth"": 6, ""max_features"": 0.5894417506351786, ""min_samples_leaf"": 3, ""min_samples_split"": 5, ""n_estimators"": 400}"
Extra Trees Optuna,HCl_pct,41,0.40519561227608936,COMPLETE,"{""bootstrap"": false, ""max_depth"": 10, ""max_features"": 0.47581914967456174, ""min_samples_leaf"": 2, ""min_samples_split"": 6, ""n_estimators"": 360}"
Extra Trees Optuna,HCl_pct,42,0.4023875658147212,COMPLETE,"{""bootstrap"": false, ""max_depth"": 6, ""max_features"": 0.6738571145878323, ""min_samples_leaf"": 5, ""min_samples_split"": 9, ""n_estimators"": 440}"
Extra Trees Optuna,HCl_pct,43,0.4025357593081238,COMPLETE,"{""bootstrap"": false, ""max_depth"": 6, ""max_features"": 0.563112343787778, ""min_samples_leaf"": 5, ""min_samples_split"": 8, ""n_estimators"": 480}"
Extra Trees Optuna,HCl_pct,44,0.40183670412931816,COMPLETE,"{""bootstrap"": false, ""max_depth"": 6, ""max_features"": 0.7325622328043956, ""min_samples_leaf"": 3, ""min_samples_split"": 9, ""n_estimators"": 400}"
Extra Trees Optuna,HCl_pct,45,0.4029754785877758,COMPLETE,"{""bootstrap"": false, ""max_depth"": 6, ""max_features"": 0.7967896704258973, ""min_samples_leaf"": 3, ""min_samples_split"": 9, ""n_estimators"": 400}"
Extra Trees Optuna,HCl_pct,46,0.401855512845534,COMPLETE,"{""bootstrap"": false, ""max_depth"": 6, ""max_features"": 0.7316412902835895, ""min_samples_leaf"": 4, ""min_samples_split"": 7, ""n_estimators"": 400}"
Extra Trees Optuna,HCl_pct,47,0.40320229737020064,COMPLETE,"{""bootstrap"": false, ""max_depth"": 6, ""max_features"": 0.7343896616229184, ""min_samples_leaf"": 4, ""min_samples_split"": 7, ""n_estimators"": 360}"
Extra Trees Optuna,HCl_pct,48,0.41117172945814645,COMPLETE,"{""bootstrap"": false, ""max_depth"": 24, ""max_features"": 0.8176304874875304, ""min_samples_leaf"": 2, ""min_samples_split"": 8, ""n_estimators"": 400}"
Extra Trees Optuna,HCl_pct,49,0.4040970111962374,COMPLETE,"{""bootstrap"": true, ""max_depth"": 16, ""max_features"": 0.8966599586205198, ""min_samples_leaf"": 4, ""min_samples_split"": 5, ""n_estimators"": 320}"
Extra Trees Optuna,HCl_pct,50,0.4031842220170964,COMPLETE,"{""bootstrap"": false, ""max_depth"": 6, ""max_features"": 0.7656751053162344, ""min_samples_leaf"": 4, ""min_samples_split"": 6, ""n_estimators"": 400}"
Extra Trees Optuna,Cl2_pct,1,0.41960886195179903,COMPLETE,"{""bootstrap"": false, ""max_depth"": 24, ""max_features"": 0.9535525879678757, ""min_samples_leaf"": 6, ""min_samples_split"": 4, ""n_estimators"": 360}"
Extra Trees Optuna,Cl2_pct,2,0.428097525286055,COMPLETE,"{""bootstrap"": false, ""max_depth"": null, ""max_features"": 0.6437218076404054, ""min_samples_leaf"": 2, ""min_samples_split"": 6, ""n_estimators"": 360}"
Extra Trees Optuna,Cl2_pct,3,0.4169203985675957,COMPLETE,"{""bootstrap"": true, ""max_depth"": null, ""max_features"": 0.953724994234679, ""min_samples_leaf"": 4, ""min_samples_split"": 4, ""n_estimators"": 320}"
Extra Trees Optuna,Cl2_pct,4,0.41436980182971517,COMPLETE,"{""bootstrap"": false, ""max_depth"": 16, ""max_features"": 0.5284161790122057, ""min_samples_leaf"": 5, ""min_samples_split"": 3, ""n_estimators"": 440}"
Extra Trees Optuna,Cl2_pct,5,0.4227421465611846,COMPLETE,"{""bootstrap"": false, ""max_depth"": 16, ""max_features"": 0.8306903862817818, ""min_samples_leaf"": 4, ""min_samples_split"": 2, ""n_estimators"": 480}"
Extra Trees Optuna,Cl2_pct,6,0.41327750576321964,COMPLETE,"{""bootstrap"": true, ""max_depth"": 6, ""max_features"": 0.992450920989538, ""min_samples_leaf"": 3, ""min_samples_split"": 5, ""n_estimators"": 360}"
Extra Trees Optuna,Cl2_pct,7,0.4333391544187724,COMPLETE,"{""bootstrap"": false, ""max_depth"": 24, ""max_features"": 0.817016461516355, ""min_samples_leaf"": 2, ""min_samples_split"": 6, ""n_estimators"": 200}"
Extra Trees Optuna,Cl2_pct,8,0.4218037765887507,COMPLETE,"{""bootstrap"": true, ""max_depth"": 24, ""max_features"": 0.6073510816860237, ""min_samples_leaf"": 2, ""min_samples_split"": 2, ""n_estimators"": 200}"
Extra Trees Optuna,Cl2_pct,9,0.4225444909996668,COMPLETE,"{""bootstrap"": false, ""max_depth"": 16, ""max_features"": 0.8461920627207846, ""min_samples_leaf"": 4, ""min_samples_split"": 7, ""n_estimators"": 160}"
Extra Trees Optuna,Cl2_pct,10,0.4242176414979448,COMPLETE,"{""bootstrap"": false, ""max_depth"": 24, ""max_features"": 0.8872098871982423, ""min_samples_leaf"": 3, ""min_samples_split"": 11, ""n_estimators"": 200}"
Extra Trees Optuna,Cl2_pct,11,0.4106927738092562,COMPLETE,"{""bootstrap"": true, ""max_depth"": 6, ""max_features"": 0.7221932650220921, ""min_samples_leaf"": 1, ""min_samples_split"": 12, ""n_estimators"": 520}"
Extra Trees Optuna,Cl2_pct,12,0.4106927738092562,COMPLETE,"{""bootstrap"": true, ""max_depth"": 6, ""max_features"": 0.7259263504858298, ""min_samples_leaf"": 1, ""min_samples_split"": 12, ""n_estimators"": 520}"
Extra Trees Optuna,Cl2_pct,13,0.4106927738092562,COMPLETE,"{""bootstrap"": true, ""max_depth"": 6, ""max_features"": 0.7177072186102466, ""min_samples_leaf"": 1, ""min_samples_split"": 12, ""n_estimators"": 520}"
Extra Trees Optuna,Cl2_pct,14,0.4188183691711326,COMPLETE,"{""bootstrap"": true, ""max_depth"": 10, ""max_features"": 0.7540078854709945, ""min_samples_leaf"": 1, ""min_samples_split"": 10, ""n_estimators"": 520}"
Extra Trees Optuna,Cl2_pct,15,0.4115785813145406,COMPLETE,"{""bootstrap"": true, ""max_depth"": 6, ""max_features"": 0.7031518899888524, ""min_samples_leaf"": 1, ""min_samples_split"": 9, ""n_estimators"": 440}"
Extra Trees Optuna,Cl2_pct,16,0.4142269809019264,COMPLETE,"{""bootstrap"": true, ""max_depth"": 6, ""max_features"": 0.4567326404667632, ""min_samples_leaf"": 1, ""min_samples_split"": 12, ""n_estimators"": 440}"
Extra Trees Optuna,Cl2_pct,17,0.41064561822504697,COMPLETE,"{""bootstrap"": true, ""max_depth"": 6, ""max_features"": 0.6261894799010524, ""min_samples_leaf"": 2, ""min_samples_split"": 9, ""n_estimators"": 520}"
Extra Trees Optuna,Cl2_pct,18,0.41398290449639336,COMPLETE,"{""bootstrap"": true, ""max_depth"": 10, ""max_features"": 0.6091750991410958, ""min_samples_leaf"": 3, ""min_samples_split"": 8, ""n_estimators"": 480}"
Extra Trees Optuna,Cl2_pct,19,0.4117712369968852,COMPLETE,"{""bootstrap"": true, ""max_depth"": 6, ""max_features"": 0.5422725641475062, ""min_samples_leaf"": 2, ""min_samples_split"": 10, ""n_estimators"": 480}"
Extra Trees Optuna,Cl2_pct,20,0.4109631602090705,COMPLETE,"{""bootstrap"": true, ""max_depth"": 6, ""max_features"": 0.6536897115482624, ""min_samples_leaf"": 2, ""min_samples_split"": 9, ""n_estimators"": 400}"
Extra Trees Optuna,Cl2_pct,21,0.41127406931772176,COMPLETE,"{""bootstrap"": true, ""max_depth"": 6, ""max_features"": 0.7634725935410123, ""min_samples_leaf"": 3, ""min_samples_split"": 10, ""n_estimators"": 280}"
Extra Trees Optuna,Cl2_pct,22,0.4106927738092562,COMPLETE,"{""bootstrap"": true, ""max_depth"": 6, ""max_features"": 0.6909857345802546, ""min_samples_leaf"": 1, ""min_samples_split"": 12, ""n_estimators"": 520}"
Extra Trees Optuna,Cl2_pct,23,0.4112412160063827,COMPLETE,"{""bootstrap"": true, ""max_depth"": 6, ""max_features"": 0.781498524256674, ""min_samples_leaf"": 1, ""min_samples_split"": 11, ""n_estimators"": 520}"
Extra Trees Optuna,Cl2_pct,24,0.41150019019531303,COMPLETE,"{""bootstrap"": true, ""max_depth"": 6, ""max_features"": 0.5840049540085847, ""min_samples_leaf"": 2, ""min_samples_split"": 11, ""n_estimators"": 480}"
Extra Trees Optuna,Cl2_pct,25,0.41083202351234266,COMPLETE,"{""bootstrap"": true, ""max_depth"": 6, ""max_features"": 0.6623027637189914, ""min_samples_leaf"": 1, ""min_samples_split"": 8, ""n_estimators"": 520}"
Extra Trees Optuna,Cl2_pct,26,0.4161917484378888,COMPLETE,"{""bootstrap"": true, ""max_depth"": null, ""max_features"": 0.7293391779953219, ""min_samples_leaf"": 2, ""min_samples_split"": 9, ""n_estimators"": 440}"
Extra Trees Optuna,Cl2_pct,27,0.41559491898917955,COMPLETE,"{""bootstrap"": true, ""max_depth"": 10, ""max_features"": 0.5487573619049475, ""min_samples_leaf"": 1, ""min_samples_split"": 11, ""n_estimators"": 480}"
Extra Trees Optuna,Cl2_pct,28,0.41204945640952584,COMPLETE,"{""bootstrap"": true, ""max_depth"": 6, ""max_features"": 0.492294501228827, ""min_samples_leaf"": 2, ""min_samples_split"": 12, ""n_estimators"": 400}"
Extra Trees Optuna,Cl2_pct,29,0.41143873242762385,COMPLETE,"{""bootstrap"": true, ""max_depth"": 6, ""max_features"": 0.7948418067183292, ""min_samples_leaf"": 3, ""min_samples_split"": 8, ""n_estimators"": 520}"
Extra Trees Optuna,Cl2_pct,30,0.4123775834659894,COMPLETE,"{""bootstrap"": true, ""max_depth"": 6, ""max_features"": 0.8789361312298173, ""min_samples_leaf"": 6, ""min_samples_split"": 10, ""n_estimators"": 400}"
Extra Trees Optuna,Cl2_pct,31,0.41599606437511516,COMPLETE,"{""bootstrap"": true, ""max_depth"": 10, ""max_features"": 0.6697259386884095, ""min_samples_leaf"": 1, ""min_samples_split"": 11, ""n_estimators"": 480}"
Extra Trees Optuna,Cl2_pct,32,0.4106927738092562,COMPLETE,"{""bootstrap"": true, ""max_depth"": 6, ""max_features"": 0.7234926010970341, ""min_samples_leaf"": 1, ""min_samples_split"": 12, ""n_estimators"": 520}"
Extra Trees Optuna,Cl2_pct,33,0.41104873958928884,COMPLETE,"{""bootstrap"": true, ""max_depth"": 6, ""max_features"": 0.6269700963322631, ""min_samples_leaf"": 1, ""min_samples_split"": 12, ""n_estimators"": 520}"
Extra Trees Optuna,Cl2_pct,34,0.41531148127301976,COMPLETE,"{""bootstrap"": true, ""max_depth"": null, ""max_features"": 0.7308574718430613, ""min_samples_leaf"": 2, ""min_samples_split"": 12, ""n_estimators"": 480}"
Extra Trees Optuna,Cl2_pct,35,0.41262068537674085,COMPLETE,"{""bootstrap"": false, ""max_depth"": 6, ""max_features"": 0.6936281065047237, ""min_samples_leaf"": 1, ""min_samples_split"": 11, ""n_estimators"": 520}"
Extra Trees Optuna,Cl2_pct,36,0.4156401644238742,COMPLETE,"{""bootstrap"": true, ""max_depth"": 16, ""max_features"": 0.5776492502430494, ""min_samples_leaf"": 2, ""min_samples_split"": 10, ""n_estimators"": 440}"
Extra Trees Optuna,Cl2_pct,37,0.4225537877914631,COMPLETE,"{""bootstrap"": true, ""max_depth"": null, ""max_features"": 0.7539466410520017, ""min_samples_leaf"": 1, ""min_samples_split"": 7, ""n_estimators"": 480}"
Extra Trees Optuna,Cl2_pct,38,0.41213753372381845,COMPLETE,"{""bootstrap"": false, ""max_depth"": 6, ""max_features"": 0.644352949510599, ""min_samples_leaf"": 2, ""min_samples_split"": 4, ""n_estimators"": 520}"
Extra Trees Optuna,Cl2_pct,39,0.4161917484378888,COMPLETE,"{""bootstrap"": true, ""max_depth"": 24, ""max_features"": 0.6816034369407948, ""min_samples_leaf"": 2, ""min_samples_split"": 9, ""n_estimators"": 440}"
Extra Trees Optuna,Cl2_pct,40,0.4198535198674628,COMPLETE,"{""bootstrap"": false, ""max_depth"": 16, ""max_features"": 0.809952559880355, ""min_samples_leaf"": 5, ""min_samples_split"": 6, ""n_estimators"": 480}"
Extra Trees Optuna,Cl2_pct,41,0.41260089009188505,COMPLETE,"{""bootstrap"": true, ""max_depth"": 6, ""max_features"": 0.8533195613468794, ""min_samples_leaf"": 1, ""min_samples_split"": 5, ""n_estimators"": 280}"
Extra Trees Optuna,Cl2_pct,42,0.4106927738092562,COMPLETE,"{""bootstrap"": true, ""max_depth"": 6, ""max_features"": 0.71220917848977, ""min_samples_leaf"": 1, ""min_samples_split"": 12, ""n_estimators"": 520}"
Extra Trees Optuna,Cl2_pct,43,0.4106927738092562,COMPLETE,"{""bootstrap"": true, ""max_depth"": 6, ""max_features"": 0.6884823373195095, ""min_samples_leaf"": 1, ""min_samples_split"": 12, ""n_estimators"": 520}"
Extra Trees Optuna,Cl2_pct,44,0.41116071829148426,COMPLETE,"{""bootstrap"": true, ""max_depth"": 6, ""max_features"": 0.6249263230398696, ""min_samples_leaf"": 1, ""min_samples_split"": 11, ""n_estimators"": 520}"
Extra Trees Optuna,Cl2_pct,45,0.41784254819127764,COMPLETE,"{""bootstrap"": true, ""max_depth"": 24, ""max_features"": 0.7460727194004473, ""min_samples_leaf"": 1, ""min_samples_split"": 12, ""n_estimators"": 480}"
Extra Trees Optuna,Cl2_pct,46,0.410684862700907,COMPLETE,"{""bootstrap"": true, ""max_depth"": 6, ""max_features"": 0.7900572680290996, ""min_samples_leaf"": 3, ""min_samples_split"": 11, ""n_estimators"": 520}"
Extra Trees Optuna,Cl2_pct,47,0.41360399787689966,COMPLETE,"{""bootstrap"": false, ""max_depth"": 6, ""max_features"": 0.9113426640412854, ""min_samples_leaf"": 4, ""min_samples_split"": 11, ""n_estimators"": 480}"
Extra Trees Optuna,Cl2_pct,48,0.41094226627462904,COMPLETE,"{""bootstrap"": true, ""max_depth"": 6, ""max_features"": 0.7825264350340353, ""min_samples_leaf"": 3, ""min_samples_split"": 10, ""n_estimators"": 440}"
Extra Trees Optuna,Cl2_pct,49,0.4141961212232156,COMPLETE,"{""bootstrap"": true, ""max_depth"": 16, ""max_features"": 0.7558258157415626, ""min_samples_leaf"": 4, ""min_samples_split"": 11, ""n_estimators"": 480}"
Extra Trees Optuna,Cl2_pct,50,0.41707228728269197,COMPLETE,"{""bootstrap"": true, ""max_depth"": null, ""max_features"": 0.8262363584632965, ""min_samples_leaf"": 3, ""min_samples_split"": 10, ""n_estimators"": 520}"
Extra Trees Optuna,HF_pct,1,0.5626125759705216,COMPLETE,"{""bootstrap"": true, ""max_depth"": null, ""max_features"": 0.7800856590064449, ""min_samples_leaf"": 3, ""min_samples_split"": 7, ""n_estimators"": 480}"
Extra Trees Optuna,HF_pct,2,0.5593678964257969,COMPLETE,"{""bootstrap"": true, ""max_depth"": 24, ""max_features"": 0.9398465412559011, ""min_samples_leaf"": 5, ""min_samples_split"": 12, ""n_estimators"": 520}"
Extra Trees Optuna,HF_pct,3,0.5649781943389954,COMPLETE,"{""bootstrap"": false, ""max_depth"": null, ""max_features"": 0.8433570571928665, ""min_samples_leaf"": 5, ""min_samples_split"": 12, ""n_estimators"": 200}"
Extra Trees Optuna,HF_pct,4,0.5688988256297639,COMPLETE,"{""bootstrap"": false, ""max_depth"": 10, ""max_features"": 0.7965660455742495, ""min_samples_leaf"": 2, ""min_samples_split"": 11, ""n_estimators"": 360}"
Extra Trees Optuna,HF_pct,5,0.5765783447178273,COMPLETE,"{""bootstrap"": false, ""max_depth"": 10, ""max_features"": 0.8440059779249247, ""min_samples_leaf"": 1, ""min_samples_split"": 2, ""n_estimators"": 400}"
Extra Trees Optuna,HF_pct,6,0.5656480210995849,COMPLETE,"{""bootstrap"": true, ""max_depth"": null, ""max_features"": 0.45002891062838735, ""min_samples_leaf"": 1, ""min_samples_split"": 6, ""n_estimators"": 400}"
Extra Trees Optuna,HF_pct,7,0.5582589478082793,COMPLETE,"{""bootstrap"": true, ""max_depth"": null, ""max_features"": 0.8622931231961845, ""min_samples_leaf"": 5, ""min_samples_split"": 12, ""n_estimators"": 280}"
Extra Trees Optuna,HF_pct,8,0.5638165688169434,COMPLETE,"{""bootstrap"": false, ""max_depth"": null, ""max_features"": 0.8953530955055928, ""min_samples_leaf"": 6, ""min_samples_split"": 2, ""n_estimators"": 440}"
Extra Trees Optuna,HF_pct,9,0.5574322370874045,COMPLETE,"{""bootstrap"": true, ""max_depth"": 6, ""max_features"": 0.9825646871576945, ""min_samples_leaf"": 6, ""min_samples_split"": 4, ""n_estimators"": 280}"
Extra Trees Optuna,HF_pct,10,0.5654975552909691,COMPLETE,"{""bootstrap"": false, ""max_depth"": 24, ""max_features"": 0.9841032861529657, ""min_samples_leaf"": 5, ""min_samples_split"": 12, ""n_estimators"": 200}"
Extra Trees Optuna,HF_pct,11,0.5580530572830845,COMPLETE,"{""bootstrap"": true, ""max_depth"": 6, ""max_features"": 0.6585706799076023, ""min_samples_leaf"": 3, ""min_samples_split"": 5, ""n_estimators"": 280}"
Extra Trees Optuna,HF_pct,12,0.5580530572830845,COMPLETE,"{""bootstrap"": true, ""max_depth"": 6, ""max_features"": 0.6634470674614519, ""min_samples_leaf"": 3, ""min_samples_split"": 5, ""n_estimators"": 280}"
Extra Trees Optuna,HF_pct,13,0.5580530572830845,COMPLETE,"{""bootstrap"": true, ""max_depth"": 6, ""max_features"": 0.6418674135640385, ""min_samples_leaf"": 3, ""min_samples_split"": 4, ""n_estimators"": 280}"
Extra Trees Optuna,HF_pct,14,0.5555803504751188,COMPLETE,"{""bootstrap"": true, ""max_depth"": 16, ""max_features"": 0.4615796999399324, ""min_samples_leaf"": 6, ""min_samples_split"": 8, ""n_estimators"": 320}"
Extra Trees Optuna,HF_pct,15,0.5555803504751188,COMPLETE,"{""bootstrap"": true, ""max_depth"": 16, ""max_features"": 0.4527905577003271, ""min_samples_leaf"": 6, ""min_samples_split"": 9, ""n_estimators"": 320}"
Extra Trees Optuna,HF_pct,16,0.5569675676693546,COMPLETE,"{""bootstrap"": true, ""max_depth"": 16, ""max_features"": 0.47296912023117155, ""min_samples_leaf"": 6, ""min_samples_split"": 9, ""n_estimators"": 360}"
Extra Trees Optuna,HF_pct,17,0.5579909608592855,COMPLETE,"{""bootstrap"": true, ""max_depth"": 16, ""max_features"": 0.5405734663539332, ""min_samples_leaf"": 4, ""min_samples_split"": 9, ""n_estimators"": 160}"
Extra Trees Optuna,HF_pct,18,0.5568285442636796,COMPLETE,"{""bootstrap"": true, ""max_depth"": 16, ""max_features"": 0.5788634127091195, ""min_samples_leaf"": 6, ""min_samples_split"": 9, ""n_estimators"": 360}"
Extra Trees Optuna,HF_pct,19,0.5579656973297686,COMPLETE,"{""bootstrap"": true, ""max_depth"": 16, ""max_features"": 0.5091308250644732, ""min_samples_leaf"": 4, ""min_samples_split"": 8, ""n_estimators"": 320}"
Extra Trees Optuna,HF_pct,20,0.557336472953671,COMPLETE,"{""bootstrap"": true, ""max_depth"": 16, ""max_features"": 0.5813378055658849, ""min_samples_leaf"": 6, ""min_samples_split"": 8, ""n_estimators"": 240}"
Extra Trees Optuna,HF_pct,21,0.5582845762569687,COMPLETE,"{""bootstrap"": true, ""max_depth"": 16, ""max_features"": 0.511182589755788, ""min_samples_leaf"": 4, ""min_samples_split"": 10, ""n_estimators"": 320}"
Extra Trees Optuna,HF_pct,22,0.5568285442636796,COMPLETE,"{""bootstrap"": true, ""max_depth"": 16, ""max_features"": 0.5915328653903944, ""min_samples_leaf"": 6, ""min_samples_split"": 10, ""n_estimators"": 360}"
Extra Trees Optuna,HF_pct,23,0.5569147234280881,COMPLETE,"{""bootstrap"": true, ""max_depth"": 16, ""max_features"": 0.5650246916372066, ""min_samples_leaf"": 6, ""min_samples_split"": 8, ""n_estimators"": 400}"
Extra Trees Optuna,HF_pct,24,0.5584221185093383,COMPLETE,"{""bootstrap"": true, ""max_depth"": 16, ""max_features"": 0.4981435349177063, ""min_samples_leaf"": 5, ""min_samples_split"": 10, ""n_estimators"": 320}"
Extra Trees Optuna,HF_pct,25,0.5576430468407525,COMPLETE,"{""bootstrap"": true, ""max_depth"": 16, ""max_features"": 0.7084634426860215, ""min_samples_leaf"": 6, ""min_samples_split"": 7, ""n_estimators"": 360}"
Extra Trees Optuna,HF_pct,26,0.5565097125490357,COMPLETE,"{""bootstrap"": true, ""max_depth"": 16, ""max_features"": 0.45191482494794827, ""min_samples_leaf"": 5, ""min_samples_split"": 9, ""n_estimators"": 440}"
Extra Trees Optuna,HF_pct,27,0.5587956793413915,COMPLETE,"{""bootstrap"": false, ""max_depth"": 16, ""max_features"": 0.4577670036387552, ""min_samples_leaf"": 5, ""min_samples_split"": 7, ""n_estimators"": 520}"
Extra Trees Optuna,HF_pct,28,0.5584646448762366,COMPLETE,"{""bootstrap"": true, ""max_depth"": 24, ""max_features"": 0.5298877940198921, ""min_samples_leaf"": 4, ""min_samples_split"": 9, ""n_estimators"": 440}"
Extra Trees Optuna,HF_pct,29,0.5580815866373771,COMPLETE,"{""bootstrap"": true, ""max_depth"": 10, ""max_features"": 0.47230411231868663, ""min_samples_leaf"": 5, ""min_samples_split"": 11, ""n_estimators"": 440}"
Extra Trees Optuna,HF_pct,30,0.5570268280605071,COMPLETE,"{""bootstrap"": true, ""max_depth"": 16, ""max_features"": 0.6224861175091955, ""min_samples_leaf"": 5, ""min_samples_split"": 6, ""n_estimators"": 480}"
Extra Trees Optuna,HF_pct,31,0.557751831475168,COMPLETE,"{""bootstrap"": true, ""max_depth"": 16, ""max_features"": 0.5445674453547956, ""min_samples_leaf"": 4, ""min_samples_split"": 8, ""n_estimators"": 240}"
Extra Trees Optuna,HF_pct,32,0.557948194796411,COMPLETE,"{""bootstrap"": true, ""max_depth"": 16, ""max_features"": 0.7097755703744678, ""min_samples_leaf"": 6, ""min_samples_split"": 9, ""n_estimators"": 320}"
Extra Trees Optuna,HF_pct,33,0.5564045601997955,COMPLETE,"{""bootstrap"": true, ""max_depth"": 16, ""max_features"": 0.4797743978495933, ""min_samples_leaf"": 6, ""min_samples_split"": 10, ""n_estimators"": 480}"
Extra Trees Optuna,HF_pct,34,0.5578643033215905,COMPLETE,"{""bootstrap"": true, ""max_depth"": 24, ""max_features"": 0.4896318733218681, ""min_samples_leaf"": 5, ""min_samples_split"": 11, ""n_estimators"": 480}"
Extra Trees Optuna,HF_pct,35,0.5552098517099322,COMPLETE,"{""bootstrap"": true, ""max_depth"": 16, ""max_features"": 0.4531296537198425, ""min_samples_leaf"": 6, ""min_samples_split"": 10, ""n_estimators"": 520}"
Extra Trees Optuna,HF_pct,36,0.5578818733473296,COMPLETE,"{""bootstrap"": false, ""max_depth"": 10, ""max_features"": 0.5169215424768723, ""min_samples_leaf"": 6, ""min_samples_split"": 10, ""n_estimators"": 520}"
Extra Trees Optuna,HF_pct,37,0.5564045601997955,COMPLETE,"{""bootstrap"": true, ""max_depth"": 16, ""max_features"": 0.48506508204841525, ""min_samples_leaf"": 6, ""min_samples_split"": 11, ""n_estimators"": 480}"
Extra Trees Optuna,HF_pct,38,0.5595000948990123,COMPLETE,"{""bootstrap"": false, ""max_depth"": 16, ""max_features"": 0.5464909303260617, ""min_samples_leaf"": 6, ""min_samples_split"": 10, ""n_estimators"": 520}"
Extra Trees Optuna,HF_pct,39,0.5564045601997955,COMPLETE,"{""bootstrap"": true, ""max_depth"": null, ""max_features"": 0.4857374412003405, ""min_samples_leaf"": 6, ""min_samples_split"": 11, ""n_estimators"": 480}"
Extra Trees Optuna,HF_pct,40,0.5569431972874673,COMPLETE,"{""bootstrap"": true, ""max_depth"": 10, ""max_features"": 0.4550846973011037, ""min_samples_leaf"": 5, ""min_samples_split"": 7, ""n_estimators"": 400}"
Extra Trees Optuna,HF_pct,41,0.5578830322089916,COMPLETE,"{""bootstrap"": false, ""max_depth"": 24, ""max_features"": 0.5200990630019952, ""min_samples_leaf"": 6, ""min_samples_split"": 12, ""n_estimators"": 240}"
Extra Trees Optuna,HF_pct,42,0.5561985147101346,COMPLETE,"{""bootstrap"": true, ""max_depth"": 16, ""max_features"": 0.4886231799380146, ""min_samples_leaf"": 6, ""min_samples_split"": 11, ""n_estimators"": 520}"
Extra Trees Optuna,HF_pct,43,0.5561985147101346,COMPLETE,"{""bootstrap"": true, ""max_depth"": 16, ""max_features"": 0.4893078087728331, ""min_samples_leaf"": 6, ""min_samples_split"": 10, ""n_estimators"": 520}"
Extra Trees Optuna,HF_pct,44,0.5559846519177104,COMPLETE,"{""bootstrap"": true, ""max_depth"": 16, ""max_features"": 0.6064850839498901, ""min_samples_leaf"": 6, ""min_samples_split"": 11, ""n_estimators"": 520}"
Extra Trees Optuna,HF_pct,45,0.5596298838127299,COMPLETE,"{""bootstrap"": true, ""max_depth"": null, ""max_features"": 0.606046229953828, ""min_samples_leaf"": 2, ""min_samples_split"": 12, ""n_estimators"": 520}"
Extra Trees Optuna,HF_pct,46,0.5575110870303115,COMPLETE,"{""bootstrap"": true, ""max_depth"": 16, ""max_features"": 0.787218814649085, ""min_samples_leaf"": 6, ""min_samples_split"": 11, ""n_estimators"": 520}"
Extra Trees Optuna,HF_pct,47,0.5557991506091939,COMPLETE,"{""bootstrap"": true, ""max_depth"": 6, ""max_features"": 0.748531030047889, ""min_samples_leaf"": 5, ""min_samples_split"": 12, ""n_estimators"": 160}"
Extra Trees Optuna,HF_pct,48,0.5557991506091939,COMPLETE,"{""bootstrap"": true, ""max_depth"": 6, ""max_features"": 0.7533933778241976, ""min_samples_leaf"": 5, ""min_samples_split"": 12, ""n_estimators"": 160}"
Extra Trees Optuna,HF_pct,49,0.5590752902781991,COMPLETE,"{""bootstrap"": false, ""max_depth"": 6, ""max_features"": 0.7505030247167964, ""min_samples_leaf"": 5, ""min_samples_split"": 12, ""n_estimators"": 160}"
Extra Trees Optuna,HF_pct,50,0.5578380062145983,COMPLETE,"{""bootstrap"": true, ""max_depth"": 6, ""max_features"": 0.9355432100716978, ""min_samples_leaf"": 5, ""min_samples_split"": 12, ""n_estimators"": 200}"
MLP Optuna,Solid_Yield_pct,1,0.8881906340035979,COMPLETE,"{""activation"": ""tanh"", ""alpha"": 0.002084090729210636, ""batch_size"": 64, ""learning_rate_init"": 0.00037344441183154864, ""n_layers"": 2, ""units_layer_1"": 2, ""units_layer_2"": 2}"
MLP Optuna,Solid_Yield_pct,2,0.8834338903686787,COMPLETE,"{""activation"": ""relu"", ""alpha"": 3.72005288348098e-05, ""batch_size"": 32, ""learning_rate_init"": 0.0007848362307688574, ""n_layers"": 1, ""units_layer_1"": 4}"
MLP Optuna,Solid_Yield_pct,3,0.8883822586055213,COMPLETE,"{""activation"": ""relu"", ""alpha"": 0.026826508746073355, ""batch_size"": 64, ""learning_rate_init"": 0.0005810841757208575, ""n_layers"": 1, ""units_layer_1"": 2}"
MLP Optuna,Solid_Yield_pct,4,0.8747539505312009,COMPLETE,"{""activation"": ""relu"", ""alpha"": 0.01679082041836097, ""batch_size"": 64, ""learning_rate_init"": 0.001217983304913854, ""n_layers"": 2, ""units_layer_1"": 4, ""units_layer_2"": 2}"
MLP Optuna,Solid_Yield_pct,5,0.8778625146645105,COMPLETE,"{""activation"": ""relu"", ""alpha"": 0.015259087616895994, ""batch_size"": 64, ""learning_rate_init"": 0.0014835782943170004, ""n_layers"": 1, ""units_layer_1"": 2}"
MLP Optuna,Solid_Yield_pct,6,0.8712702331364743,COMPLETE,"{""activation"": ""tanh"", ""alpha"": 0.00011319045008061459, ""batch_size"": 64, ""learning_rate_init"": 0.00010376515172492465, ""n_layers"": 1, ""units_layer_1"": 4}"
MLP Optuna,Solid_Yield_pct,7,0.8723595350846113,COMPLETE,"{""activation"": ""tanh"", ""alpha"": 0.05961067773194171, ""batch_size"": 32, ""learning_rate_init"": 0.0004080817337939005, ""n_layers"": 1, ""units_layer_1"": 2}"
MLP Optuna,Solid_Yield_pct,8,0.8671042367935131,COMPLETE,"{""activation"": ""tanh"", ""alpha"": 0.019573783671626092, ""batch_size"": 32, ""learning_rate_init"": 0.004961202256684723, ""n_layers"": 1, ""units_layer_1"": 4}"
MLP Optuna,Solid_Yield_pct,9,0.8761903309754902,COMPLETE,"{""activation"": ""relu"", ""alpha"": 0.0683758838246378, ""batch_size"": 16, ""learning_rate_init"": 0.0044596762736230046, ""n_layers"": 1, ""units_layer_1"": 4}"
MLP Optuna,Solid_Yield_pct,10,0.8840527477198566,COMPLETE,"{""activation"": ""relu"", ""alpha"": 0.04610212562659802, ""batch_size"": 32, ""learning_rate_init"": 0.0026733984108954314, ""n_layers"": 2, ""units_layer_1"": 4, ""units_layer_2"": 2}"
MLP Optuna,Solid_Yield_pct,11,0.8826503001768021,COMPLETE,"{""activation"": ""tanh"", ""alpha"": 0.0007351554660339155, ""batch_size"": 16, ""learning_rate_init"": 0.00013026615297358614, ""n_layers"": 2, ""units_layer_1"": 4, ""units_layer_2"": 2}"
MLP Optuna,Solid_Yield_pct,12,0.86894205743491,COMPLETE,"{""activation"": ""tanh"", ""alpha"": 1.315375544420138e-05, ""batch_size"": 32, ""learning_rate_init"": 0.00015216883610286402, ""n_layers"": 1, ""units_layer_1"": 4}"
MLP Optuna,Solid_Yield_pct,13,0.8686594603703384,COMPLETE,"{""activation"": ""tanh"", ""alpha"": 1.635774694420908e-05, ""batch_size"": 32, ""learning_rate_init"": 0.000205383374519308, ""n_layers"": 1, ""units_layer_1"": 4}"
MLP Optuna,Solid_Yield_pct,14,0.8681323168118021,COMPLETE,"{""activation"": ""tanh"", ""alpha"": 0.000629699813820972, ""batch_size"": 32, ""learning_rate_init"": 0.004762802744417693, ""n_layers"": 1, ""units_layer_1"": 4}"
MLP Optuna,Solid_Yield_pct,15,0.868096951916845,COMPLETE,"{""activation"": ""tanh"", ""alpha"": 0.0033119618532702713, ""batch_size"": 32, ""learning_rate_init"": 0.004692454494974222, ""n_layers"": 1, ""units_layer_1"": 4}"
MLP Optuna,Solid_Yield_pct,16,0.8710224554734518,COMPLETE,"{""activation"": ""tanh"", ""alpha"": 0.00439861884867364, ""batch_size"": 32, ""learning_rate_init"": 0.0025246332295740365, ""n_layers"": 1, ""units_layer_1"": 4}"
MLP Optuna,Solid_Yield_pct,17,0.8709212494862655,COMPLETE,"{""activation"": ""tanh"", ""alpha"": 0.004426396366686908, ""batch_size"": 32, ""learning_rate_init"": 0.0025534813785340047, ""n_layers"": 1, ""units_layer_1"": 4}"
MLP Optuna,Solid_Yield_pct,18,0.8848332015749458,COMPLETE,"{""activation"": ""tanh"", ""alpha"": 0.006825594440327685, ""batch_size"": 16, ""learning_rate_init"": 0.003348226671465154, ""n_layers"": 2, ""units_layer_1"": 4, ""units_layer_2"": 2}"
MLP Optuna,Solid_Yield_pct,19,0.8724094361287026,COMPLETE,"{""activation"": ""tanh"", ""alpha"": 0.0008469765518346526, ""batch_size"": 32, ""learning_rate_init"": 0.0016360288178231123, ""n_layers"": 1, ""units_layer_1"": 2}"
MLP Optuna,Solid_Yield_pct,20,0.8711785176924369,COMPLETE,"{""activation"": ""tanh"", ""alpha"": 0.00019814051850154484, ""batch_size"": 32, ""learning_rate_init"": 0.003603365542296655, ""n_layers"": 1, ""units_layer_1"": 4}"
MLP Optuna,Solid_Yield_pct,21,0.883599148204343,COMPLETE,"{""activation"": ""tanh"", ""alpha"": 0.0016250967598688696, ""batch_size"": 16, ""learning_rate_init"": 0.0019115165540067637, ""n_layers"": 2, ""units_layer_1"": 4, ""units_layer_2"": 2}"
MLP Optuna,Solid_Yield_pct,22,0.8682655363114831,COMPLETE,"{""activation"": ""tanh"", ""alpha"": 0.00021868856107500024, ""batch_size"": 32, ""learning_rate_init"": 0.004680545351286717, ""n_layers"": 1, ""units_layer_1"": 4}"
MLP Optuna,Solid_Yield_pct,23,0.868158966700636,COMPLETE,"{""activation"": ""tanh"", ""alpha"": 0.0004821324202721101, ""batch_size"": 32, ""learning_rate_init"": 0.004747370938374203, ""n_layers"": 1, ""units_layer_1"": 4}"
MLP Optuna,Solid_Yield_pct,24,0.8699680482973647,COMPLETE,"{""activation"": ""tanh"", ""alpha"": 0.009866004483413451, ""batch_size"": 32, ""learning_rate_init"": 0.0033259922363611224, ""n_layers"": 1, ""units_layer_1"": 4}"
MLP Optuna,Solid_Yield_pct,25,0.8692130947518807,COMPLETE,"{""activation"": ""tanh"", ""alpha"": 0.002293469800677594, ""batch_size"": 32, ""learning_rate_init"": 0.00216296099682931, ""n_layers"": 1, ""units_layer_1"": 4}"
MLP Optuna,Solid_Yield_pct,26,0.874141380420659,COMPLETE,"{""activation"": ""tanh"", ""alpha"": 0.0003512720030494459, ""batch_size"": 32, ""learning_rate_init"": 0.00362629602043821, ""n_layers"": 1, ""units_layer_1"": 4}"
MLP Optuna,Solid_Yield_pct,27,0.8729432422395111,COMPLETE,"{""activation"": ""tanh"", ""alpha"": 0.0012044163697066553, ""batch_size"": 32, ""learning_rate_init"": 0.0011491535005840913, ""n_layers"": 1, ""units_layer_1"": 2}"
MLP Optuna,Solid_Yield_pct,28,0.8680482843443776,COMPLETE,"{""activation"": ""tanh"", ""alpha"": 0.003876364623607915, ""batch_size"": 32, ""learning_rate_init"": 0.0047079507858536875, ""n_layers"": 1, ""units_layer_1"": 4}"
MLP Optuna,Solid_Yield_pct,29,0.8683970929492529,COMPLETE,"{""activation"": ""tanh"", ""alpha"": 0.003770061113412769, ""batch_size"": 16, ""learning_rate_init"": 0.0032378943967725383, ""n_layers"": 1, ""units_layer_1"": 4}"
MLP Optuna,Solid_Yield_pct,30,0.8786004505258772,COMPLETE,"{""activation"": ""tanh"", ""alpha"": 0.027708731827555507, ""batch_size"": 32, ""learning_rate_init"": 0.0020514025262143927, ""n_layers"": 2, ""units_layer_1"": 2, ""units_layer_2"": 2}"
MLP Optuna,Solid_Yield_pct,31,0.8691680223364819,COMPLETE,"{""activation"": ""tanh"", ""alpha"": 0.09776047941239922, ""batch_size"": 64, ""learning_rate_init"": 0.002958459211216662, ""n_layers"": 1, ""units_layer_1"": 4}"
MLP Optuna,Solid_Yield_pct,32,0.867019181525993,COMPLETE,"{""activation"": ""tanh"", ""alpha"": 0.001884488787135227, ""batch_size"": 32, ""learning_rate_init"": 0.004933484777279632, ""n_layers"": 1, ""units_layer_1"": 4}"
MLP Optuna,Solid_Yield_pct,33,0.86701607446048,COMPLETE,"{""activation"": ""tanh"", ""alpha"": 0.0021385801338162907, ""batch_size"": 32, ""learning_rate_init"": 0.004929766087448001, ""n_layers"": 1, ""units_layer_1"": 4}"
MLP Optuna,Solid_Yield_pct,34,0.8721084725409008,COMPLETE,"{""activation"": ""tanh"", ""alpha"": 0.010075551947433446, ""batch_size"": 32, ""learning_rate_init"": 0.0038172982073056373, ""n_layers"": 1, ""units_layer_1"": 4}"
MLP Optuna,Solid_Yield_pct,35,0.8831031154860014,COMPLETE,"{""activation"": ""relu"", ""alpha"": 0.0022338358345229525, ""batch_size"": 32, ""learning_rate_init"": 0.00376981628165909, ""n_layers"": 1, ""units_layer_1"": 4}"
MLP Optuna,Solid_Yield_pct,36,0.8803536982692434,COMPLETE,"{""activation"": ""relu"", ""alpha"": 0.02508658675258693, ""batch_size"": 64, ""learning_rate_init"": 0.004941418869053499, ""n_layers"": 1, ""units_layer_1"": 4}"
MLP Optuna,Solid_Yield_pct,37,0.8706093230288594,COMPLETE,"{""activation"": ""tanh"", ""alpha"": 0.007828894001432428, ""batch_size"": 32, ""learning_rate_init"": 0.002509892379164381, ""n_layers"": 1, ""units_layer_1"": 2}"
MLP Optuna,Solid_Yield_pct,38,0.8702452714838284,COMPLETE,"{""activation"": ""tanh"", ""alpha"": 0.0012063428178132444, ""batch_size"": 64, ""learning_rate_init"": 0.0013924272214444245, ""n_layers"": 1, ""units_layer_1"": 4}"
MLP Optuna,Solid_Yield_pct,39,0.8821380307921182,COMPLETE,"{""activation"": ""relu"", ""alpha"": 0.014620829491613042, ""batch_size"": 32, ""learning_rate_init"": 0.004071088435122466, ""n_layers"": 1, ""units_layer_1"": 4}"
MLP Optuna,Solid_Yield_pct,40,0.8728174702832663,COMPLETE,"{""activation"": ""tanh"", ""alpha"": 0.005041874308295273, ""batch_size"": 32, ""learning_rate_init"": 0.002885882959892198, ""n_layers"": 1, ""units_layer_1"": 2}"
MLP Optuna,Solid_Yield_pct,41,0.880691531051362,COMPLETE,"{""activation"": ""relu"", ""alpha"": 5.59463435835102e-05, ""batch_size"": 32, ""learning_rate_init"": 0.0010612673947254937, ""n_layers"": 1, ""units_layer_1"": 4}"
MLP Optuna,Solid_Yield_pct,42,0.8669758684048539,COMPLETE,"{""activation"": ""tanh"", ""alpha"": 0.002130643793722127, ""batch_size"": 32, ""learning_rate_init"": 0.004978601636761351, ""n_layers"": 1, ""units_layer_1"": 4}"
MLP Optuna,Solid_Yield_pct,43,0.8710421979773638,COMPLETE,"{""activation"": ""tanh"", ""alpha"": 0.0027871108363742626, ""batch_size"": 32, ""learning_rate_init"": 0.004055870297535637, ""n_layers"": 1, ""units_layer_1"": 4}"
MLP Optuna,Solid_Yield_pct,44,0.8704598882705337,COMPLETE,"{""activation"": ""tanh"", ""alpha"": 0.001308941557913631, ""batch_size"": 32, ""learning_rate_init"": 0.0030253861412428036, ""n_layers"": 1, ""units_layer_1"": 4}"
MLP Optuna,Solid_Yield_pct,45,0.8707773560898293,COMPLETE,"{""activation"": ""tanh"", ""alpha"": 0.0019122630613165098, ""batch_size"": 32, ""learning_rate_init"": 0.004123706709100269, ""n_layers"": 1, ""units_layer_1"": 4}"
MLP Optuna,Solid_Yield_pct,46,0.868737530629784,COMPLETE,"{""activation"": ""tanh"", ""alpha"": 0.02928315027489717, ""batch_size"": 64, ""learning_rate_init"": 0.0005327199931075053, ""n_layers"": 1, ""units_layer_1"": 4}"
MLP Optuna,Solid_Yield_pct,47,0.8722035454092723,COMPLETE,"{""activation"": ""tanh"", ""alpha"": 0.013977537551773948, ""batch_size"": 16, ""learning_rate_init"": 0.004826005601456493, ""n_layers"": 1, ""units_layer_1"": 4}"
MLP Optuna,Solid_Yield_pct,48,0.8685691023307495,COMPLETE,"{""activation"": ""tanh"", ""alpha"": 0.006239481842466348, ""batch_size"": 32, ""learning_rate_init"": 0.002247225586911228, ""n_layers"": 1, ""units_layer_1"": 4}"
MLP Optuna,Solid_Yield_pct,49,0.8818468588452337,COMPLETE,"{""activation"": ""relu"", ""alpha"": 0.0009268000402139226, ""batch_size"": 32, ""learning_rate_init"": 0.004014543384938896, ""n_layers"": 1, ""units_layer_1"": 4}"
MLP Optuna,Solid_Yield_pct,50,0.8729567737056134,COMPLETE,"{""activation"": ""tanh"", ""alpha"": 0.0004947406953128056, ""batch_size"": 32, ""learning_rate_init"": 0.00027482789564273685, ""n_layers"": 1, ""units_layer_1"": 2}"
MLP Optuna,Liquid_Yield_pct,1,0.9399042119182053,COMPLETE,"{""activation"": ""relu"", ""alpha"": 0.00024216760150562385, ""batch_size"": 32, ""learning_rate_init"": 0.0004862499488407273, ""n_layers"": 1, ""units_layer_1"": 4}"
MLP Optuna,Liquid_Yield_pct,2,0.941890058911978,COMPLETE,"{""activation"": ""tanh"", ""alpha"": 0.0006836742833477799, ""batch_size"": 16, ""learning_rate_init"": 0.001280467273519401, ""n_layers"": 2, ""units_layer_1"": 4, ""units_layer_2"": 2}"
MLP Optuna,Liquid_Yield_pct,3,0.9401623671124233,COMPLETE,"{""activation"": ""relu"", ""alpha"": 0.04175611314992891, ""batch_size"": 16, ""learning_rate_init"": 0.001189880338670308, ""n_layers"": 2, ""units_layer_1"": 2, ""units_layer_2"": 2}"
MLP Optuna,Liquid_Yield_pct,4,0.9459784952163888,COMPLETE,"{""activation"": ""relu"", ""alpha"": 0.024486005860342327, ""batch_size"": 16, ""learning_rate_init"": 0.00019949556098006768, ""n_layers"": 2, ""units_layer_1"": 2, ""units_layer_2"": 2}"
MLP Optuna,Liquid_Yield_pct,5,0.9307236412221055,COMPLETE,"{""activation"": ""tanh"", ""alpha"": 1.7320238072639968e-05, ""batch_size"": 32, ""learning_rate_init"": 0.0013931044944799386, ""n_layers"": 1, ""units_layer_1"": 4}"
MLP Optuna,Liquid_Yield_pct,6,0.9295615070586548,COMPLETE,"{""activation"": ""tanh"", ""alpha"": 1.2837148052903309e-05, ""batch_size"": 16, ""learning_rate_init"": 0.0009387945491109192, ""n_layers"": 1, ""units_layer_1"": 4}"
MLP Optuna,Liquid_Yield_pct,7,0.9396484665708688,COMPLETE,"{""activation"": ""tanh"", ""alpha"": 0.00409236519353101, ""batch_size"": 32, ""learning_rate_init"": 0.0002763285825523971, ""n_layers"": 2, ""units_layer_1"": 4, ""units_layer_2"": 2}"
MLP Optuna,Liquid_Yield_pct,8,0.9327785442391917,COMPLETE,"{""activation"": ""relu"", ""alpha"": 0.0001246965320313331, ""batch_size"": 16, ""learning_rate_init"": 0.003471087836726978, ""n_layers"": 2, ""units_layer_1"": 4, ""units_layer_2"": 2}"
MLP Optuna,Liquid_Yield_pct,9,0.9207670576354996,COMPLETE,"{""activation"": ""tanh"", ""alpha"": 0.03374564686513418, ""batch_size"": 16, ""learning_rate_init"": 0.0028545306318000035, ""n_layers"": 1, ""units_layer_1"": 2}"
MLP Optuna,Liquid_Yield_pct,10,0.9398000274110734,COMPLETE,"{""activation"": ""tanh"", ""alpha"": 2.61469647137598e-05, ""batch_size"": 32, ""learning_rate_init"": 0.0002018866735700166, ""n_layers"": 2, ""units_layer_1"": 4, ""units_layer_2"": 2}"
MLP Optuna,Liquid_Yield_pct,11,0.9202036113585041,COMPLETE,"{""activation"": ""tanh"", ""alpha"": 0.005341403790993566, ""batch_size"": 64, ""learning_rate_init"": 0.004601388062048382, ""n_layers"": 1, ""units_layer_1"": 2}"
MLP Optuna,Liquid_Yield_pct,12,0.9202214527972252,COMPLETE,"{""activation"": ""tanh"", ""alpha"": 0.006147887190286435, ""batch_size"": 64, ""learning_rate_init"": 0.0043001348066664625, ""n_layers"": 1, ""units_layer_1"": 2}"
MLP Optuna,Liquid_Yield_pct,13,0.9203704801025203,COMPLETE,"{""activation"": ""tanh"", ""alpha"": 0.00390790602249216, ""batch_size"": 64, ""learning_rate_init"": 0.003966646262516352, ""n_layers"": 1, ""units_layer_1"": 2}"
MLP Optuna,Liquid_Yield_pct,14,0.9204376137151314,COMPLETE,"{""activation"": ""tanh"", ""alpha"": 0.0028843435913197143, ""batch_size"": 64, ""learning_rate_init"": 0.004854850249270211, ""n_layers"": 1, ""units_layer_1"": 2}"
MLP Optuna,Liquid_Yield_pct,15,0.920605491275803,COMPLETE,"{""activation"": ""tanh"", ""alpha"": 0.012897487176606114, ""batch_size"": 64, ""learning_rate_init"": 0.0022302657819765264, ""n_layers"": 1, ""units_layer_1"": 2}"
MLP Optuna,Liquid_Yield_pct,16,0.9209905191196992,COMPLETE,"{""activation"": ""tanh"", ""alpha"": 0.09594292867083933, ""batch_size"": 64, ""learning_rate_init"": 0.0022217677791282063, ""n_layers"": 1, ""units_layer_1"": 2}"
MLP Optuna,Liquid_Yield_pct,17,1.0070479230233924,COMPLETE,"{""activation"": ""tanh"", ""alpha"": 0.0016379246589023778, ""batch_size"": 64, ""learning_rate_init"": 0.00010687978185510642, ""n_layers"": 1, ""units_layer_1"": 2}"
MLP Optuna,Liquid_Yield_pct,18,0.9200840636231135,COMPLETE,"{""activation"": ""tanh"", ""alpha"": 0.007233764500518838, ""batch_size"": 64, ""learning_rate_init"": 0.0020860663907365257, ""n_layers"": 1, ""units_layer_1"": 2}"
MLP Optuna,Liquid_Yield_pct,19,0.9320339456645481,COMPLETE,"{""activation"": ""relu"", ""alpha"": 0.0008108456897987663, ""batch_size"": 64, ""learning_rate_init"": 0.0005844124646514482, ""n_layers"": 1, ""units_layer_1"": 2}"
MLP Optuna,Liquid_Yield_pct,20,0.9198319509849971,COMPLETE,"{""activation"": ""tanh"", ""alpha"": 0.011982569642746412, ""batch_size"": 64, ""learning_rate_init"": 0.0019636420256038773, ""n_layers"": 1, ""units_layer_1"": 2}"
MLP Optuna,Liquid_Yield_pct,21,0.9201100357475263,COMPLETE,"{""activation"": ""tanh"", ""alpha"": 0.010329228513043425, ""batch_size"": 64, ""learning_rate_init"": 0.00212281061841134, ""n_layers"": 1, ""units_layer_1"": 2}"
MLP Optuna,Liquid_Yield_pct,22,0.919755037041899,COMPLETE,"{""activation"": ""tanh"", ""alpha"": 0.01328176180972826, ""batch_size"": 64, ""learning_rate_init"": 0.0018825922481015976, ""n_layers"": 1, ""units_layer_1"": 2}"
MLP Optuna,Liquid_Yield_pct,23,0.9198929392896151,COMPLETE,"{""activation"": ""tanh"", ""alpha"": 0.010013267478589064, ""batch_size"": 64, ""learning_rate_init"": 0.0017730578185515765, ""n_layers"": 1, ""units_layer_1"": 2}"
MLP Optuna,Liquid_Yield_pct,24,0.920664739482771,COMPLETE,"{""activation"": ""tanh"", ""alpha"": 0.019743246279097595, ""batch_size"": 64, ""learning_rate_init"": 0.0007927755863520014, ""n_layers"": 1, ""units_layer_1"": 2}"
MLP Optuna,Liquid_Yield_pct,25,0.921516197355008,COMPLETE,"{""activation"": ""tanh"", ""alpha"": 0.08645166045044227, ""batch_size"": 64, ""learning_rate_init"": 0.0015850999087120786, ""n_layers"": 1, ""units_layer_1"": 2}"
MLP Optuna,Liquid_Yield_pct,26,0.9195851404186847,COMPLETE,"{""activation"": ""tanh"", ""alpha"": 0.002017403110627973, ""batch_size"": 64, ""learning_rate_init"": 0.0009140886998044758, ""n_layers"": 1, ""units_layer_1"": 2}"
MLP Optuna,Liquid_Yield_pct,27,0.9315780887623359,COMPLETE,"{""activation"": ""relu"", ""alpha"": 0.0015987219491287305, ""batch_size"": 64, ""learning_rate_init"": 0.0008072711707933617, ""n_layers"": 1, ""units_layer_1"": 2}"
MLP Optuna,Liquid_Yield_pct,28,0.9209855409231128,COMPLETE,"{""activation"": ""tanh"", ""alpha"": 0.0002908720088281009, ""batch_size"": 64, ""learning_rate_init"": 0.0005434864829378157, ""n_layers"": 1, ""units_layer_1"": 2}"
MLP Optuna,Liquid_Yield_pct,29,0.9191837377994373,COMPLETE,"{""activation"": ""tanh"", ""alpha"": 0.0021316745050921453, ""batch_size"": 64, ""learning_rate_init"": 0.0010429986163185661, ""n_layers"": 1, ""units_layer_1"": 2}"
MLP Optuna,Liquid_Yield_pct,30,0.9394265096573851,COMPLETE,"{""activation"": ""relu"", ""alpha"": 0.00022775098255156873, ""batch_size"": 32, ""learning_rate_init"": 0.00036938144997994264, ""n_layers"": 1, ""units_layer_1"": 2}"
MLP Optuna,Liquid_Yield_pct,31,0.9191202249631456,COMPLETE,"{""activation"": ""tanh"", ""alpha"": 0.0019204477373456076, ""batch_size"": 64, ""learning_rate_init"": 0.00099779078250143, ""n_layers"": 1, ""units_layer_1"": 2}"
MLP Optuna,Liquid_Yield_pct,32,0.9191254308223652,COMPLETE,"{""activation"": ""tanh"", ""alpha"": 0.001787278767753823, ""batch_size"": 64, ""learning_rate_init"": 0.001022920784080748, ""n_layers"": 1, ""units_layer_1"": 2}"
MLP Optuna,Liquid_Yield_pct,33,0.9203266939803513,COMPLETE,"{""activation"": ""tanh"", ""alpha"": 0.0008436411874032864, ""batch_size"": 64, ""learning_rate_init"": 0.0006846449887158704, ""n_layers"": 1, ""units_layer_1"": 2}"
MLP Optuna,Liquid_Yield_pct,34,0.9191353041719328,COMPLETE,"{""activation"": ""tanh"", ""alpha"": 0.0018069755861142857, ""batch_size"": 64, ""learning_rate_init"": 0.0010291167324503485, ""n_layers"": 1, ""units_layer_1"": 2}"
MLP Optuna,Liquid_Yield_pct,35,0.9199798161609831,COMPLETE,"{""activation"": ""tanh"", ""alpha"": 0.0004279756779868811, ""batch_size"": 64, ""learning_rate_init"": 0.001270899380916962, ""n_layers"": 1, ""units_layer_1"": 2}"
MLP Optuna,Liquid_Yield_pct,36,0.9348679460137946,COMPLETE,"{""activation"": ""relu"", ""alpha"": 0.0012624934689850513, ""batch_size"": 32, ""learning_rate_init"": 0.0011255599558844815, ""n_layers"": 1, ""units_layer_1"": 4}"
MLP Optuna,Liquid_Yield_pct,37,0.9292839507858487,COMPLETE,"{""activation"": ""tanh"", ""alpha"": 0.000492153354943991, ""batch_size"": 16, ""learning_rate_init"": 0.00043108895325773657, ""n_layers"": 2, ""units_layer_1"": 2, ""units_layer_2"": 2}"
MLP Optuna,Liquid_Yield_pct,38,0.9280319010407526,COMPLETE,"{""activation"": ""tanh"", ""alpha"": 0.00012395196635696208, ""batch_size"": 64, ""learning_rate_init"": 0.0011243811886095026, ""n_layers"": 1, ""units_layer_1"": 4}"
MLP Optuna,Liquid_Yield_pct,39,0.9210672557333925,COMPLETE,"{""activation"": ""tanh"", ""alpha"": 0.002721177790954315, ""batch_size"": 32, ""learning_rate_init"": 0.0006837691200984776, ""n_layers"": 1, ""units_layer_1"": 2}"
MLP Optuna,Liquid_Yield_pct,40,0.9334451579086143,COMPLETE,"{""activation"": ""relu"", ""alpha"": 0.0009523460944796899, ""batch_size"": 16, ""learning_rate_init"": 0.0009876748057735492, ""n_layers"": 1, ""units_layer_1"": 4}"
MLP Optuna,Liquid_Yield_pct,41,0.9311557359451195,COMPLETE,"{""activation"": ""tanh"", ""alpha"": 0.002909473778286913, ""batch_size"": 64, ""learning_rate_init"": 0.001478543480832469, ""n_layers"": 2, ""units_layer_1"": 2, ""units_layer_2"": 2}"
MLP Optuna,Liquid_Yield_pct,42,0.9195217936373912,COMPLETE,"{""activation"": ""tanh"", ""alpha"": 0.00182392219616121, ""batch_size"": 64, ""learning_rate_init"": 0.0008817495202472712, ""n_layers"": 1, ""units_layer_1"": 2}"
MLP Optuna,Liquid_Yield_pct,43,0.9208169068215268,COMPLETE,"{""activation"": ""tanh"", ""alpha"": 0.001179832061774704, ""batch_size"": 64, ""learning_rate_init"": 0.0007242001094198223, ""n_layers"": 1, ""units_layer_1"": 2}"
MLP Optuna,Liquid_Yield_pct,44,0.9191850244807285,COMPLETE,"{""activation"": ""tanh"", ""alpha"": 0.00425344848810997, ""batch_size"": 64, ""learning_rate_init"": 0.0010516466444436482, ""n_layers"": 1, ""units_layer_1"": 2}"
MLP Optuna,Liquid_Yield_pct,45,0.919206751528615,COMPLETE,"{""activation"": ""tanh"", ""alpha"": 0.004338992471717003, ""batch_size"": 64, ""learning_rate_init"": 0.0010629348982827227, ""n_layers"": 1, ""units_layer_1"": 2}"
MLP Optuna,Liquid_Yield_pct,46,0.921691931667824,COMPLETE,"{""activation"": ""tanh"", ""alpha"": 0.0004924167264597278, ""batch_size"": 16, ""learning_rate_init"": 0.0013917189746961228, ""n_layers"": 1, ""units_layer_1"": 2}"
MLP Optuna,Liquid_Yield_pct,47,0.9290110529510909,COMPLETE,"{""activation"": ""tanh"", ""alpha"": 0.003300871084872835, ""batch_size"": 64, ""learning_rate_init"": 0.002802807294421357, ""n_layers"": 1, ""units_layer_1"": 4}"
MLP Optuna,Liquid_Yield_pct,48,0.9210331838398336,COMPLETE,"{""activation"": ""tanh"", ""alpha"": 0.005810287410411853, ""batch_size"": 32, ""learning_rate_init"": 0.0005855223265245268, ""n_layers"": 1, ""units_layer_1"": 2}"
MLP Optuna,Liquid_Yield_pct,49,0.9200089277823533,COMPLETE,"{""activation"": ""tanh"", ""alpha"": 0.0025327789081459485, ""batch_size"": 64, ""learning_rate_init"": 0.0012859369610701682, ""n_layers"": 1, ""units_layer_1"": 2}"
MLP Optuna,Liquid_Yield_pct,50,0.9200448184770327,COMPLETE,"{""activation"": ""tanh"", ""alpha"": 4.271480227921314e-05, ""batch_size"": 64, ""learning_rate_init"": 0.00043131169135393404, ""n_layers"": 1, ""units_layer_1"": 2}"
MLP Optuna,Gas_Yield_pct,1,0.9307475382397925,COMPLETE,"{""activation"": ""tanh"", ""alpha"": 0.00038493463638350673, ""batch_size"": 32, ""learning_rate_init"": 0.0001327378594977018, ""n_layers"": 1, ""units_layer_1"": 2}"
MLP Optuna,Gas_Yield_pct,2,0.9382651825278584,COMPLETE,"{""activation"": ""tanh"", ""alpha"": 2.127211209554109e-05, ""batch_size"": 16, ""learning_rate_init"": 0.00023573517521679942, ""n_layers"": 2, ""units_layer_1"": 2, ""units_layer_2"": 2}"
MLP Optuna,Gas_Yield_pct,3,0.9379035004991927,COMPLETE,"{""activation"": ""tanh"", ""alpha"": 0.01924518771629446, ""batch_size"": 32, ""learning_rate_init"": 0.001043216420003066, ""n_layers"": 2, ""units_layer_1"": 2, ""units_layer_2"": 2}"
MLP Optuna,Gas_Yield_pct,4,0.9609737388629114,COMPLETE,"{""activation"": ""tanh"", ""alpha"": 0.0004941951374794518, ""batch_size"": 32, ""learning_rate_init"": 0.00010535415983507591, ""n_layers"": 2, ""units_layer_1"": 2, ""units_layer_2"": 2}"
MLP Optuna,Gas_Yield_pct,5,0.9288713157650195,COMPLETE,"{""activation"": ""tanh"", ""alpha"": 1.211623999616036e-05, ""batch_size"": 64, ""learning_rate_init"": 0.003682519964327004, ""n_layers"": 1, ""units_layer_1"": 4}"
MLP Optuna,Gas_Yield_pct,6,0.9208633431994102,COMPLETE,"{""activation"": ""relu"", ""alpha"": 0.031228742939289275, ""batch_size"": 32, ""learning_rate_init"": 0.00021896765645967458, ""n_layers"": 1, ""units_layer_1"": 4}"
MLP Optuna,Gas_Yield_pct,7,0.9344825224536824,COMPLETE,"{""activation"": ""tanh"", ""alpha"": 0.028685619226827174, ""batch_size"": 64, ""learning_rate_init"": 0.0003971526039811621, ""n_layers"": 2, ""units_layer_1"": 4, ""units_layer_2"": 2}"
MLP Optuna,Gas_Yield_pct,8,0.9302878508649132,COMPLETE,"{""activation"": ""tanh"", ""alpha"": 0.0010843333481724668, ""batch_size"": 64, ""learning_rate_init"": 0.00011614818083914695, ""n_layers"": 1, ""units_layer_1"": 2}"
MLP Optuna,Gas_Yield_pct,9,0.9373892584040115,COMPLETE,"{""activation"": ""relu"", ""alpha"": 0.0005664937877189973, ""batch_size"": 16, ""learning_rate_init"": 0.00019448399813327461, ""n_layers"": 2, ""units_layer_1"": 2, ""units_layer_2"": 2}"
MLP Optuna,Gas_Yield_pct,10,0.9610345811094299,COMPLETE,"{""activation"": ""tanh"", ""alpha"": 0.005926267227732577, ""batch_size"": 64, ""learning_rate_init"": 0.00017338924866160783, ""n_layers"": 2, ""units_layer_1"": 2, ""units_layer_2"": 2}"
MLP Optuna,Gas_Yield_pct,11,0.9212322798723729,COMPLETE,"{""activation"": ""relu"", ""alpha"": 0.07289141025229236, ""batch_size"": 32, ""learning_rate_init"": 0.004072131797166211, ""n_layers"": 1, ""units_layer_1"": 4}"
MLP Optuna,Gas_Yield_pct,12,0.9219032009778196,COMPLETE,"{""activation"": ""relu"", ""alpha"": 0.09125793237442383, ""batch_size"": 32, ""learning_rate_init"": 0.00462309835025973, ""n_layers"": 1, ""units_layer_1"": 4}"
MLP Optuna,Gas_Yield_pct,13,0.9210325722753734,COMPLETE,"{""activation"": ""relu"", ""alpha"": 0.08465002795415812, ""batch_size"": 32, ""learning_rate_init"": 0.0014888815120079992, ""n_layers"": 1, ""units_layer_1"": 4}"
MLP Optuna,Gas_Yield_pct,14,0.9233687493864091,COMPLETE,"{""activation"": ""relu"", ""alpha"": 0.008899384924498288, ""batch_size"": 32, ""learning_rate_init"": 0.0009995341257756976, ""n_layers"": 1, ""units_layer_1"": 4}"
MLP Optuna,Gas_Yield_pct,15,0.9218725441865026,COMPLETE,"{""activation"": ""relu"", ""alpha"": 0.0035871224005536435, ""batch_size"": 32, ""learning_rate_init"": 0.0015132767850795502, ""n_layers"": 1, ""units_layer_1"": 4}"
MLP Optuna,Gas_Yield_pct,16,0.9209812445210357,COMPLETE,"{""activation"": ""relu"", ""alpha"": 0.0321954290162648, ""batch_size"": 32, ""learning_rate_init"": 0.0004236379905722637, ""n_layers"": 1, ""units_layer_1"": 4}"
MLP Optuna,Gas_Yield_pct,17,0.921479000919839,COMPLETE,"{""activation"": ""relu"", ""alpha"": 0.020748168363986193, ""batch_size"": 16, ""learning_rate_init"": 0.00040906725389182536, ""n_layers"": 1, ""units_layer_1"": 4}"
MLP Optuna,Gas_Yield_pct,18,0.9218091178353927,COMPLETE,"{""activation"": ""relu"", ""alpha"": 0.0015867791400974072, ""batch_size"": 32, ""learning_rate_init"": 0.00039811838210244673, ""n_layers"": 1, ""units_layer_1"": 4}"
MLP Optuna,Gas_Yield_pct,19,0.9214462475870834,COMPLETE,"{""activation"": ""relu"", ""alpha"": 0.03051917648556547, ""batch_size"": 32, ""learning_rate_init"": 0.0005785881063501384, ""n_layers"": 1, ""units_layer_1"": 4}"
MLP Optuna,Gas_Yield_pct,20,0.9218736208284929,COMPLETE,"{""activation"": ""relu"", ""alpha"": 8.921058160984188e-05, ""batch_size"": 16, ""learning_rate_init"": 0.00026659170605207693, ""n_layers"": 1, ""units_layer_1"": 4}"
MLP Optuna,Gas_Yield_pct,21,0.921773768729772,COMPLETE,"{""activation"": ""relu"", ""alpha"": 0.010884210689123432, ""batch_size"": 32, ""learning_rate_init"": 0.0005678178041222065, ""n_layers"": 1, ""units_layer_1"": 4}"
MLP Optuna,Gas_Yield_pct,22,0.9229685803015594,COMPLETE,"{""activation"": ""relu"", ""alpha"": 0.052273577526710885, ""batch_size"": 32, ""learning_rate_init"": 0.0017141306580543455, ""n_layers"": 1, ""units_layer_1"": 4}"
MLP Optuna,Gas_Yield_pct,23,0.9224032487639512,COMPLETE,"{""activation"": ""relu"", ""alpha"": 0.0903963692921086, ""batch_size"": 32, ""learning_rate_init"": 0.0027557017485266505, ""n_layers"": 1, ""units_layer_1"": 4}"
MLP Optuna,Gas_Yield_pct,24,0.9217741635237389,COMPLETE,"{""activation"": ""relu"", ""alpha"": 0.04127850035203629, ""batch_size"": 32, ""learning_rate_init"": 0.0007721145245222626, ""n_layers"": 1, ""units_layer_1"": 4}"
MLP Optuna,Gas_Yield_pct,25,0.9208402692570768,COMPLETE,"{""activation"": ""relu"", ""alpha"": 0.0037712184363972354, ""batch_size"": 32, ""learning_rate_init"": 0.0002780980831487431, ""n_layers"": 1, ""units_layer_1"": 4}"
MLP Optuna,Gas_Yield_pct,26,0.9209975645715499,COMPLETE,"{""activation"": ""relu"", ""alpha"": 0.002880948399094831, ""batch_size"": 32, ""learning_rate_init"": 0.0002975665333406963, ""n_layers"": 1, ""units_layer_1"": 4}"
MLP Optuna,Gas_Yield_pct,27,0.9211536672115128,COMPLETE,"{""activation"": ""relu"", ""alpha"": 0.011195410835246323, ""batch_size"": 32, ""learning_rate_init"": 0.00016334336991593188, ""n_layers"": 1, ""units_layer_1"": 4}"
MLP Optuna,Gas_Yield_pct,28,0.9210937431729327,COMPLETE,"{""activation"": ""relu"", ""alpha"": 0.004251616254365672, ""batch_size"": 32, ""learning_rate_init"": 0.0002683089815136428, ""n_layers"": 1, ""units_layer_1"": 4}"
MLP Optuna,Gas_Yield_pct,29,0.9216431878028543,COMPLETE,"{""activation"": ""relu"", ""alpha"": 0.00018172524146281468, ""batch_size"": 16, ""learning_rate_init"": 0.0005311579506342683, ""n_layers"": 1, ""units_layer_1"": 4}"
MLP Optuna,Gas_Yield_pct,30,0.9234746594400358,COMPLETE,"{""activation"": ""relu"", ""alpha"": 0.0018841061383193598, ""batch_size"": 64, ""learning_rate_init"": 0.00014646292819040448, ""n_layers"": 1, ""units_layer_1"": 4}"
MLP Optuna,Gas_Yield_pct,31,0.9214308997023357,COMPLETE,"{""activation"": ""relu"", ""alpha"": 0.01786228031075873, ""batch_size"": 32, ""learning_rate_init"": 0.00032122189562568907, ""n_layers"": 1, ""units_layer_1"": 4}"
MLP Optuna,Gas_Yield_pct,32,0.9213508666524852,COMPLETE,"{""activation"": ""relu"", ""alpha"": 0.0028123190830904145, ""batch_size"": 32, ""learning_rate_init"": 0.00020848308241088118, ""n_layers"": 1, ""units_layer_1"": 4}"
MLP Optuna,Gas_Yield_pct,33,0.9211912113209472,COMPLETE,"{""activation"": ""relu"", ""alpha"": 0.0061120079965223326, ""batch_size"": 32, ""learning_rate_init"": 0.0003329641929146703, ""n_layers"": 1, ""units_layer_1"": 4}"
MLP Optuna,Gas_Yield_pct,34,0.9209645975231506,COMPLETE,"{""activation"": ""relu"", ""alpha"": 0.0009008412127941114, ""batch_size"": 32, ""learning_rate_init"": 0.0002805335298506008, ""n_layers"": 1, ""units_layer_1"": 4}"
MLP Optuna,Gas_Yield_pct,35,0.9259629536170595,COMPLETE,"{""activation"": ""relu"", ""alpha"": 0.0002435268951792505, ""batch_size"": 32, ""learning_rate_init"": 0.00022968888238490207, ""n_layers"": 1, ""units_layer_1"": 2}"
MLP Optuna,Gas_Yield_pct,36,0.9282883492993255,COMPLETE,"{""activation"": ""tanh"", ""alpha"": 0.0009209180732698261, ""batch_size"": 32, ""learning_rate_init"": 0.000442721310719876, ""n_layers"": 1, ""units_layer_1"": 4}"
MLP Optuna,Gas_Yield_pct,37,0.9412941445719184,COMPLETE,"{""activation"": ""relu"", ""alpha"": 6.87233472637565e-05, ""batch_size"": 32, ""learning_rate_init"": 0.0007449760796803502, ""n_layers"": 2, ""units_layer_1"": 2, ""units_layer_2"": 2}"
MLP Optuna,Gas_Yield_pct,38,0.929010353283833,COMPLETE,"{""activation"": ""tanh"", ""alpha"": 0.0007201308280267675, ""batch_size"": 64, ""learning_rate_init"": 0.00013465497785124643, ""n_layers"": 1, ""units_layer_1"": 4}"
MLP Optuna,Gas_Yield_pct,39,0.9261418465119664,COMPLETE,"{""activation"": ""relu"", ""alpha"": 0.0003990695316257082, ""batch_size"": 16, ""learning_rate_init"": 0.0002546274599071802, ""n_layers"": 1, ""units_layer_1"": 2}"
MLP Optuna,Gas_Yield_pct,40,0.9434486386993111,COMPLETE,"{""activation"": ""tanh"", ""alpha"": 0.017533959931901304, ""batch_size"": 32, ""learning_rate_init"": 0.0001159183802914847, ""n_layers"": 2, ""units_layer_1"": 4, ""units_layer_2"": 2}"
MLP Optuna,Gas_Yield_pct,41,0.9226654597343737,COMPLETE,"{""activation"": ""relu"", ""alpha"": 0.0018322452748637686, ""batch_size"": 64, ""learning_rate_init"": 0.000192322837239462, ""n_layers"": 1, ""units_layer_1"": 4}"
MLP Optuna,Gas_Yield_pct,42,0.9208577020141302,COMPLETE,"{""activation"": ""relu"", ""alpha"": 0.0024578587022722484, ""batch_size"": 32, ""learning_rate_init"": 0.0003063345255830285, ""n_layers"": 1, ""units_layer_1"": 4}"
MLP Optuna,Gas_Yield_pct,43,0.921079276546017,COMPLETE,"{""activation"": ""relu"", ""alpha"": 0.005818293201783249, ""batch_size"": 32, ""learning_rate_init"": 0.00034903863725362083, ""n_layers"": 1, ""units_layer_1"": 4}"
MLP Optuna,Gas_Yield_pct,44,0.922247740736514,COMPLETE,"{""activation"": ""relu"", ""alpha"": 0.0012744677470066636, ""batch_size"": 32, ""learning_rate_init"": 0.0005000863954975755, ""n_layers"": 1, ""units_layer_1"": 4}"
MLP Optuna,Gas_Yield_pct,45,0.9204329005155006,COMPLETE,"{""activation"": ""relu"", ""alpha"": 0.04293805010631895, ""batch_size"": 32, ""learning_rate_init"": 0.00022611946436469066, ""n_layers"": 1, ""units_layer_1"": 4}"
MLP Optuna,Gas_Yield_pct,46,0.9310821061668495,COMPLETE,"{""activation"": ""tanh"", ""alpha"": 0.054805366044595245, ""batch_size"": 32, ""learning_rate_init"": 0.0002224663675005826, ""n_layers"": 1, ""units_layer_1"": 2}"
MLP Optuna,Gas_Yield_pct,47,0.9212088714532548,COMPLETE,"{""activation"": ""relu"", ""alpha"": 0.0002499052380278773, ""batch_size"": 32, ""learning_rate_init"": 0.0001727234593627688, ""n_layers"": 1, ""units_layer_1"": 4}"
MLP Optuna,Gas_Yield_pct,48,0.9212198081907902,COMPLETE,"{""activation"": ""relu"", ""alpha"": 0.013037268467550897, ""batch_size"": 32, ""learning_rate_init"": 0.00014641570697982912, ""n_layers"": 1, ""units_layer_1"": 4}"
MLP Optuna,Gas_Yield_pct,49,0.9208622394356214,COMPLETE,"{""activation"": ""relu"", ""alpha"": 0.0006109082808014528, ""batch_size"": 16, ""learning_rate_init"": 0.0002831989371241577, ""n_layers"": 1, ""units_layer_1"": 4}"
MLP Optuna,Gas_Yield_pct,50,0.9247324328556422,COMPLETE,"{""activation"": ""relu"", ""alpha"": 0.0005360499574779465, ""batch_size"": 16, ""learning_rate_init"": 0.00010696174077575436, ""n_layers"": 1, ""units_layer_1"": 2}"
MLP Optuna,HBr_pct,1,0.3587028794022661,COMPLETE,"{""activation"": ""relu"", ""alpha"": 2.0175798031744574e-05, ""batch_size"": 32, ""learning_rate_init"": 0.003993158142844061, ""n_layers"": 2, ""units_layer_1"": 2, ""units_layer_2"": 2}"
MLP Optuna,HBr_pct,2,0.34809747522578577,COMPLETE,"{""activation"": ""tanh"", ""alpha"": 0.00907867512280728, ""batch_size"": 64, ""learning_rate_init"": 0.000992810345157456, ""n_layers"": 1, ""units_layer_1"": 4}"
MLP Optuna,HBr_pct,3,0.3484414230384303,COMPLETE,"{""activation"": ""tanh"", ""alpha"": 0.0034744170682083873, ""batch_size"": 32, ""learning_rate_init"": 0.0016255567561230427, ""n_layers"": 1, ""units_layer_1"": 4}"
MLP Optuna,HBr_pct,4,0.607257134283398,COMPLETE,"{""activation"": ""relu"", ""alpha"": 0.0003031989947813624, ""batch_size"": 64, ""learning_rate_init"": 0.00027686498318283504, ""n_layers"": 1, ""units_layer_1"": 2}"
MLP Optuna,HBr_pct,5,0.39796678736728885,COMPLETE,"{""activation"": ""tanh"", ""alpha"": 8.056437980522649e-05, ""batch_size"": 32, ""learning_rate_init"": 0.0001006268869467756, ""n_layers"": 1, ""units_layer_1"": 2}"
MLP Optuna,HBr_pct,6,0.3514618706219198,COMPLETE,"{""activation"": ""tanh"", ""alpha"": 0.0001653706652273144, ""batch_size"": 16, ""learning_rate_init"": 0.0013202016921795567, ""n_layers"": 1, ""units_layer_1"": 2}"
MLP Optuna,HBr_pct,7,0.3554431729836057,COMPLETE,"{""activation"": ""tanh"", ""alpha"": 0.0004619372293692126, ""batch_size"": 16, ""learning_rate_init"": 0.004234407479925338, ""n_layers"": 1, ""units_layer_1"": 2}"
MLP Optuna,HBr_pct,8,0.35473858784120554,COMPLETE,"{""activation"": ""tanh"", ""alpha"": 9.787357577642974e-05, ""batch_size"": 32, ""learning_rate_init"": 0.004613449422002467, ""n_layers"": 1, ""units_layer_1"": 2}"
MLP Optuna,HBr_pct,9,0.35594555732862404,COMPLETE,"{""activation"": ""relu"", ""alpha"": 0.00012219852646183087, ""batch_size"": 16, ""learning_rate_init"": 0.0014771897464257553, ""n_layers"": 1, ""units_layer_1"": 4}"
MLP Optuna,HBr_pct,10,0.3501306136644617,COMPLETE,"{""activation"": ""tanh"", ""alpha"": 0.001427060951087405, ""batch_size"": 32, ""learning_rate_init"": 0.001205334070526556, ""n_layers"": 2, ""units_layer_1"": 4, ""units_layer_2"": 2}"
MLP Optuna,HBr_pct,11,0.43021577566521907,COMPLETE,"{""activation"": ""relu"", ""alpha"": 0.09249710490565231, ""batch_size"": 64, ""learning_rate_init"": 0.00042391802475049784, ""n_layers"": 2, ""units_layer_1"": 4, ""units_layer_2"": 2}"
MLP Optuna,HBr_pct,12,0.3493169846539228,COMPLETE,"{""activation"": ""tanh"", ""alpha"": 0.006485450803197101, ""batch_size"": 64, ""learning_rate_init"": 0.0007168771609907292, ""n_layers"": 1, ""units_layer_1"": 4}"
MLP Optuna,HBr_pct,13,0.3481221394630497,COMPLETE,"{""activation"": ""tanh"", ""alpha"": 0.015497582379617852, ""batch_size"": 64, ""learning_rate_init"": 0.0018856379220942628, ""n_layers"": 1, ""units_layer_1"": 4}"
MLP Optuna,HBr_pct,14,0.3488559467726886,COMPLETE,"{""activation"": ""tanh"", ""alpha"": 0.026100516651024128, ""batch_size"": 64, ""learning_rate_init"": 0.0023182102766658897, ""n_layers"": 1, ""units_layer_1"": 4}"
MLP Optuna,HBr_pct,15,0.3515742873066817,COMPLETE,"{""activation"": ""tanh"", ""alpha"": 0.016537816933783582, ""batch_size"": 64, ""learning_rate_init"": 0.0006870615604537107, ""n_layers"": 2, ""units_layer_1"": 4, ""units_layer_2"": 2}"
MLP Optuna,HBr_pct,16,0.3486117508429902,COMPLETE,"{""activation"": ""tanh"", ""alpha"": 0.0696071965484755, ""batch_size"": 64, ""learning_rate_init"": 0.0022883496317074514, ""n_layers"": 1, ""units_layer_1"": 4}"
MLP Optuna,HBr_pct,17,0.3493688962706111,COMPLETE,"{""activation"": ""tanh"", ""alpha"": 0.0023018477975484536, ""batch_size"": 64, ""learning_rate_init"": 0.0007173676729802964, ""n_layers"": 1, ""units_layer_1"": 4}"
MLP Optuna,HBr_pct,18,0.362587049730368,COMPLETE,"{""activation"": ""tanh"", ""alpha"": 0.012510098793755293, ""batch_size"": 64, ""learning_rate_init"": 0.00028741533098496883, ""n_layers"": 2, ""units_layer_1"": 4, ""units_layer_2"": 2}"
MLP Optuna,HBr_pct,19,0.3542750984249615,COMPLETE,"{""activation"": ""relu"", ""alpha"": 0.0011013929682047888, ""batch_size"": 64, ""learning_rate_init"": 0.0026311912840247683, ""n_layers"": 1, ""units_layer_1"": 4}"
MLP Optuna,HBr_pct,20,0.3478440817851628,COMPLETE,"{""activation"": ""tanh"", ""alpha"": 0.031134515182095736, ""batch_size"": 64, ""learning_rate_init"": 0.0009949834872654169, ""n_layers"": 1, ""units_layer_1"": 4}"
MLP Optuna,HBr_pct,21,0.34676493208501186,COMPLETE,"{""activation"": ""tanh"", ""alpha"": 0.040605460976147374, ""batch_size"": 16, ""learning_rate_init"": 0.0009598204357270801, ""n_layers"": 2, ""units_layer_1"": 4, ""units_layer_2"": 2}"
MLP Optuna,HBr_pct,22,0.345954919651247,COMPLETE,"{""activation"": ""tanh"", ""alpha"": 0.038593988519371465, ""batch_size"": 16, ""learning_rate_init"": 0.0009155922526567147, ""n_layers"": 2, ""units_layer_1"": 4, ""units_layer_2"": 2}"
MLP Optuna,HBr_pct,23,0.3477037464233222,COMPLETE,"{""activation"": ""tanh"", ""alpha"": 0.03568776859074114, ""batch_size"": 16, ""learning_rate_init"": 0.0004496151972464704, ""n_layers"": 2, ""units_layer_1"": 4, ""units_layer_2"": 2}"
MLP Optuna,HBr_pct,24,0.3478250503374937,COMPLETE,"{""activation"": ""tanh"", ""alpha"": 0.03693432478765939, ""batch_size"": 16, ""learning_rate_init"": 0.000444039609923308, ""n_layers"": 2, ""units_layer_1"": 4, ""units_layer_2"": 2}"
MLP Optuna,HBr_pct,25,0.347715664365784,COMPLETE,"{""activation"": ""tanh"", ""alpha"": 0.05391326048228829, ""batch_size"": 16, ""learning_rate_init"": 0.00046856450363903573, ""n_layers"": 2, ""units_layer_1"": 4, ""units_layer_2"": 2}"
MLP Optuna,HBr_pct,26,0.3551538917124449,COMPLETE,"{""activation"": ""tanh"", ""alpha"": 0.0056804140152377286, ""batch_size"": 16, ""learning_rate_init"": 0.00018555727962813557, ""n_layers"": 2, ""units_layer_1"": 4, ""units_layer_2"": 2}"
MLP Optuna,HBr_pct,27,0.3501546640928975,COMPLETE,"{""activation"": ""relu"", ""alpha"": 0.09753935519053142, ""batch_size"": 16, ""learning_rate_init"": 0.0005926158987320207, ""n_layers"": 2, ""units_layer_1"": 4, ""units_layer_2"": 2}"
MLP Optuna,HBr_pct,28,0.3510278075097789,COMPLETE,"{""activation"": ""tanh"", ""alpha"": 0.025602793203862426, ""batch_size"": 16, ""learning_rate_init"": 0.00025810361443352796, ""n_layers"": 2, ""units_layer_1"": 4, ""units_layer_2"": 2}"
MLP Optuna,HBr_pct,29,0.34651248257346384,COMPLETE,"{""activation"": ""tanh"", ""alpha"": 0.03402922659347987, ""batch_size"": 16, ""learning_rate_init"": 0.000941774784043318, ""n_layers"": 2, ""units_layer_1"": 4, ""units_layer_2"": 2}"
MLP Optuna,HBr_pct,30,0.3605264260801686,COMPLETE,"{""activation"": ""relu"", ""alpha"": 1.9854532832695195e-05, ""batch_size"": 16, ""learning_rate_init"": 0.0009556748927406013, ""n_layers"": 2, ""units_layer_1"": 2, ""units_layer_2"": 2}"
MLP Optuna,HBr_pct,31,0.3500764752318095,COMPLETE,"{""activation"": ""tanh"", ""alpha"": 0.004666043022560173, ""batch_size"": 16, ""learning_rate_init"": 0.0031566691413820115, ""n_layers"": 2, ""units_layer_1"": 4, ""units_layer_2"": 2}"
MLP Optuna,HBr_pct,32,0.3463796289590492,COMPLETE,"{""activation"": ""tanh"", ""alpha"": 0.042619426859921664, ""batch_size"": 16, ""learning_rate_init"": 0.0010026857286030105, ""n_layers"": 2, ""units_layer_1"": 4, ""units_layer_2"": 2}"
MLP Optuna,HBr_pct,33,0.3473022352148648,COMPLETE,"{""activation"": ""tanh"", ""alpha"": 0.0489545800692829, ""batch_size"": 16, ""learning_rate_init"": 0.0010166348516227222, ""n_layers"": 2, ""units_layer_1"": 4, ""units_layer_2"": 2}"
MLP Optuna,HBr_pct,34,0.3486347010986667,COMPLETE,"{""activation"": ""tanh"", ""alpha"": 0.01007335050387656, ""batch_size"": 16, ""learning_rate_init"": 0.0009656520652709287, ""n_layers"": 2, ""units_layer_1"": 4, ""units_layer_2"": 2}"
MLP Optuna,HBr_pct,35,0.3464664230497258,COMPLETE,"{""activation"": ""tanh"", ""alpha"": 0.020466745116754073, ""batch_size"": 16, ""learning_rate_init"": 0.001739863924179892, ""n_layers"": 2, ""units_layer_1"": 4, ""units_layer_2"": 2}"
MLP Optuna,HBr_pct,36,0.34699936701383804,COMPLETE,"{""activation"": ""tanh"", ""alpha"": 0.01844495080667718, ""batch_size"": 16, ""learning_rate_init"": 0.001771986992355324, ""n_layers"": 2, ""units_layer_1"": 4, ""units_layer_2"": 2}"
MLP Optuna,HBr_pct,37,0.34893228152478806,COMPLETE,"{""activation"": ""tanh"", ""alpha"": 0.008223260562320268, ""batch_size"": 16, ""learning_rate_init"": 0.0012746497188296374, ""n_layers"": 2, ""units_layer_1"": 2, ""units_layer_2"": 2}"
MLP Optuna,HBr_pct,38,0.3450597148854687,COMPLETE,"{""activation"": ""tanh"", ""alpha"": 0.06242146218182173, ""batch_size"": 32, ""learning_rate_init"": 0.0033169594724892994, ""n_layers"": 2, ""units_layer_1"": 4, ""units_layer_2"": 2}"
MLP Optuna,HBr_pct,39,0.35869478481551736,COMPLETE,"{""activation"": ""relu"", ""alpha"": 1.012067266328282e-05, ""batch_size"": 32, ""learning_rate_init"": 0.0033031237142731795, ""n_layers"": 2, ""units_layer_1"": 2, ""units_layer_2"": 2}"
MLP Optuna,HBr_pct,40,0.3476702360278647,COMPLETE,"{""activation"": ""tanh"", ""alpha"": 0.07453323824882763, ""batch_size"": 32, ""learning_rate_init"": 0.003790075207861212, ""n_layers"": 2, ""units_layer_1"": 4, ""units_layer_2"": 2}"
MLP Optuna,HBr_pct,41,0.34748629224227495,COMPLETE,"{""activation"": ""tanh"", ""alpha"": 0.0030332952403589906, ""batch_size"": 32, ""learning_rate_init"": 0.0019486742133397576, ""n_layers"": 2, ""units_layer_1"": 2, ""units_layer_2"": 2}"
MLP Optuna,HBr_pct,42,0.34791878398090803,COMPLETE,"{""activation"": ""tanh"", ""alpha"": 0.022605520898852583, ""batch_size"": 32, ""learning_rate_init"": 0.0015149906804854602, ""n_layers"": 2, ""units_layer_1"": 4, ""units_layer_2"": 2}"
MLP Optuna,HBr_pct,43,0.3474314906012717,COMPLETE,"{""activation"": ""tanh"", ""alpha"": 0.055097180560787155, ""batch_size"": 16, ""learning_rate_init"": 0.0012293749971874772, ""n_layers"": 2, ""units_layer_1"": 4, ""units_layer_2"": 2}"
MLP Optuna,HBr_pct,44,0.3516036017468706,COMPLETE,"{""activation"": ""tanh"", ""alpha"": 0.010694854929484259, ""batch_size"": 32, ""learning_rate_init"": 0.004992192892245585, ""n_layers"": 2, ""units_layer_1"": 4, ""units_layer_2"": 2}"
MLP Optuna,HBr_pct,45,0.3475524792253903,COMPLETE,"{""activation"": ""tanh"", ""alpha"": 0.020265873394010682, ""batch_size"": 16, ""learning_rate_init"": 0.0008140583030462547, ""n_layers"": 2, ""units_layer_1"": 4, ""units_layer_2"": 2}"
MLP Optuna,HBr_pct,46,0.3489748448376786,COMPLETE,"{""activation"": ""tanh"", ""alpha"": 0.06005920227051293, ""batch_size"": 16, ""learning_rate_init"": 0.0014527398941858827, ""n_layers"": 2, ""units_layer_1"": 4, ""units_layer_2"": 2}"
MLP Optuna,HBr_pct,47,0.348884869525461,COMPLETE,"{""activation"": ""tanh"", ""alpha"": 0.035835600835183126, ""batch_size"": 32, ""learning_rate_init"": 0.0005598332542615316, ""n_layers"": 2, ""units_layer_1"": 4, ""units_layer_2"": 2}"
MLP Optuna,HBr_pct,48,0.3562378142928755,COMPLETE,"{""activation"": ""relu"", ""alpha"": 0.013935391240356091, ""batch_size"": 16, ""learning_rate_init"": 0.0028753548121846473, ""n_layers"": 2, ""units_layer_1"": 4, ""units_layer_2"": 2}"
MLP Optuna,HBr_pct,49,0.35405097073886427,COMPLETE,"{""activation"": ""tanh"", ""alpha"": 0.08538907788664964, ""batch_size"": 16, ""learning_rate_init"": 0.0022642827085990296, ""n_layers"": 2, ""units_layer_1"": 2, ""units_layer_2"": 2}"
MLP Optuna,HBr_pct,50,0.35042550351764534,COMPLETE,"{""activation"": ""tanh"", ""alpha"": 0.007643232171421261, ""batch_size"": 32, ""learning_rate_init"": 0.0007921287313534166, ""n_layers"": 2, ""units_layer_1"": 4, ""units_layer_2"": 2}"
MLP Optuna,Br2_pct,1,0.38804318447713965,COMPLETE,"{""activation"": ""relu"", ""alpha"": 0.0022778414860931268, ""batch_size"": 32, ""learning_rate_init"": 0.00010275892371954724, ""n_layers"": 1, ""units_layer_1"": 4}"
MLP Optuna,Br2_pct,2,0.37683498683720973,COMPLETE,"{""activation"": ""relu"", ""alpha"": 0.010295575987706605, ""batch_size"": 64, ""learning_rate_init"": 0.0009576119511751002, ""n_layers"": 1, ""units_layer_1"": 4}"
MLP Optuna,Br2_pct,3,0.4289528393253856,COMPLETE,"{""activation"": ""tanh"", ""alpha"": 0.003701222574647932, ""batch_size"": 64, ""learning_rate_init"": 0.000163274653204799, ""n_layers"": 2, ""units_layer_1"": 4, ""units_layer_2"": 2}"
MLP Optuna,Br2_pct,4,0.3750793113365589,COMPLETE,"{""activation"": ""tanh"", ""alpha"": 0.0001284595546902317, ""batch_size"": 16, ""learning_rate_init"": 0.0005310983580788299, ""n_layers"": 1, ""units_layer_1"": 2}"
MLP Optuna,Br2_pct,5,0.3832843545643835,COMPLETE,"{""activation"": ""tanh"", ""alpha"": 0.005613112191311472, ""batch_size"": 64, ""learning_rate_init"": 0.0014554490658424655, ""n_layers"": 2, ""units_layer_1"": 4, ""units_layer_2"": 2}"
MLP Optuna,Br2_pct,6,0.3753817252434172,COMPLETE,"{""activation"": ""tanh"", ""alpha"": 0.003325311266931985, ""batch_size"": 32, ""learning_rate_init"": 0.004526040094823911, ""n_layers"": 2, ""units_layer_1"": 2, ""units_layer_2"": 2}"
MLP Optuna,Br2_pct,7,0.37951675243203614,COMPLETE,"{""activation"": ""relu"", ""alpha"": 0.0003738985113080742, ""batch_size"": 64, ""learning_rate_init"": 0.0006088434600638738, ""n_layers"": 1, ""units_layer_1"": 4}"
MLP Optuna,Br2_pct,8,0.3777345477590196,COMPLETE,"{""activation"": ""relu"", ""alpha"": 0.0031062856805771162, ""batch_size"": 16, ""learning_rate_init"": 0.00033609074439865696, ""n_layers"": 2, ""units_layer_1"": 4, ""units_layer_2"": 2}"
MLP Optuna,Br2_pct,9,0.44797589205662813,COMPLETE,"{""activation"": ""tanh"", ""alpha"": 0.00039511006152537795, ""batch_size"": 64, ""learning_rate_init"": 0.00013083946719394442, ""n_layers"": 2, ""units_layer_1"": 4, ""units_layer_2"": 2}"
MLP Optuna,Br2_pct,10,0.42125690510897673,COMPLETE,"{""activation"": ""tanh"", ""alpha"": 0.0003581695626378233, ""batch_size"": 32, ""learning_rate_init"": 0.00010743588826450392, ""n_layers"": 2, ""units_layer_1"": 4, ""units_layer_2"": 2}"
MLP Optuna,Br2_pct,11,0.37772813563682317,COMPLETE,"{""activation"": ""tanh"", ""alpha"": 1.6730043132283783e-05, ""batch_size"": 16, ""learning_rate_init"": 0.004124395298034304, ""n_layers"": 1, ""units_layer_1"": 2}"
MLP Optuna,Br2_pct,12,0.3745228751183155,COMPLETE,"{""activation"": ""tanh"", ""alpha"": 0.09612580516473555, ""batch_size"": 32, ""learning_rate_init"": 0.004197622598555275, ""n_layers"": 1, ""units_layer_1"": 2}"
MLP Optuna,Br2_pct,13,0.37409229249173104,COMPLETE,"{""activation"": ""tanh"", ""alpha"": 0.05183429334908629, ""batch_size"": 16, ""learning_rate_init"": 0.0019610710250226376, ""n_layers"": 1, ""units_layer_1"": 2}"
MLP Optuna,Br2_pct,14,0.3740368587860783,COMPLETE,"{""activation"": ""tanh"", ""alpha"": 0.09955523792794271, ""batch_size"": 32, ""learning_rate_init"": 0.002354999338435201, ""n_layers"": 1, ""units_layer_1"": 2}"
MLP Optuna,Br2_pct,15,0.37403085256078583,COMPLETE,"{""activation"": ""tanh"", ""alpha"": 0.09705777310786308, ""batch_size"": 16, ""learning_rate_init"": 0.001977565026548818, ""n_layers"": 1, ""units_layer_1"": 2}"
MLP Optuna,Br2_pct,16,0.3746244359465026,COMPLETE,"{""activation"": ""tanh"", ""alpha"": 0.025789102224064372, ""batch_size"": 32, ""learning_rate_init"": 0.0022457951343514406, ""n_layers"": 1, ""units_layer_1"": 2}"
MLP Optuna,Br2_pct,17,0.375699169088923,COMPLETE,"{""activation"": ""tanh"", ""alpha"": 0.017796073267665635, ""batch_size"": 16, ""learning_rate_init"": 0.002466354903140264, ""n_layers"": 1, ""units_layer_1"": 2}"
MLP Optuna,Br2_pct,18,0.37366693745318813,COMPLETE,"{""activation"": ""tanh"", ""alpha"": 0.09822885160479214, ""batch_size"": 16, ""learning_rate_init"": 0.0010897945046888559, ""n_layers"": 1, ""units_layer_1"": 2}"
MLP Optuna,Br2_pct,19,0.37630409242531754,COMPLETE,"{""activation"": ""relu"", ""alpha"": 0.028188109381466063, ""batch_size"": 16, ""learning_rate_init"": 0.0012749143918180932, ""n_layers"": 1, ""units_layer_1"": 2}"
MLP Optuna,Br2_pct,20,0.37340700125244075,COMPLETE,"{""activation"": ""tanh"", ""alpha"": 0.03164425913862546, ""batch_size"": 16, ""learning_rate_init"": 0.0007497582370591988, ""n_layers"": 1, ""units_layer_1"": 2}"
MLP Optuna,Br2_pct,21,0.37552467375125653,COMPLETE,"{""activation"": ""tanh"", ""alpha"": 0.010547786415431271, ""batch_size"": 16, ""learning_rate_init"": 0.0002811664391156555, ""n_layers"": 1, ""units_layer_1"": 2}"
MLP Optuna,Br2_pct,22,0.3736036620771604,COMPLETE,"{""activation"": ""tanh"", ""alpha"": 0.04858689767613354, ""batch_size"": 16, ""learning_rate_init"": 0.0008018646581210685, ""n_layers"": 1, ""units_layer_1"": 2}"
MLP Optuna,Br2_pct,23,0.37366950398656407,COMPLETE,"{""activation"": ""tanh"", ""alpha"": 0.03276458458368077, ""batch_size"": 16, ""learning_rate_init"": 0.0008075922541304657, ""n_layers"": 1, ""units_layer_1"": 2}"
MLP Optuna,Br2_pct,24,0.3746411392066216,COMPLETE,"{""activation"": ""tanh"", ""alpha"": 0.04762124591867491, ""batch_size"": 16, ""learning_rate_init"": 0.00048319613562097287, ""n_layers"": 1, ""units_layer_1"": 2}"
MLP Optuna,Br2_pct,25,0.37412171697112667,COMPLETE,"{""activation"": ""tanh"", ""alpha"": 0.011239856839429402, ""batch_size"": 16, ""learning_rate_init"": 0.0008877044328352509, ""n_layers"": 1, ""units_layer_1"": 2}"
MLP Optuna,Br2_pct,26,0.3757969927646229,COMPLETE,"{""activation"": ""tanh"", ""alpha"": 0.001222745351775481, ""batch_size"": 16, ""learning_rate_init"": 0.0003574832225349987, ""n_layers"": 1, ""units_layer_1"": 2}"
MLP Optuna,Br2_pct,27,0.3764906999163844,COMPLETE,"{""activation"": ""relu"", ""alpha"": 0.05450958239539135, ""batch_size"": 16, ""learning_rate_init"": 0.0012289797160807566, ""n_layers"": 1, ""units_layer_1"": 2}"
MLP Optuna,Br2_pct,28,0.3739137120229586,COMPLETE,"{""activation"": ""tanh"", ""alpha"": 0.015906849137477596, ""batch_size"": 16, ""learning_rate_init"": 0.0006651896243012824, ""n_layers"": 1, ""units_layer_1"": 2}"
MLP Optuna,Br2_pct,29,0.37577941409056625,COMPLETE,"{""activation"": ""tanh"", ""alpha"": 0.05011211982068694, ""batch_size"": 16, ""learning_rate_init"": 0.00021980877116236267, ""n_layers"": 1, ""units_layer_1"": 2}"
MLP Optuna,Br2_pct,30,0.3812254822316431,COMPLETE,"{""activation"": ""relu"", ""alpha"": 0.005949888966202176, ""batch_size"": 16, ""learning_rate_init"": 0.00046096738603593776, ""n_layers"": 1, ""units_layer_1"": 2}"
MLP Optuna,Br2_pct,31,0.3735391325578368,COMPLETE,"{""activation"": ""tanh"", ""alpha"": 0.020076485475109304, ""batch_size"": 16, ""learning_rate_init"": 0.0007476252820084135, ""n_layers"": 1, ""units_layer_1"": 2}"
MLP Optuna,Br2_pct,32,0.37414611608032283,COMPLETE,"{""activation"": ""tanh"", ""alpha"": 0.020865664348162383, ""batch_size"": 16, ""learning_rate_init"": 0.0010326741369324499, ""n_layers"": 1, ""units_layer_1"": 2}"
MLP Optuna,Br2_pct,33,0.3740165023449024,COMPLETE,"{""activation"": ""tanh"", ""alpha"": 0.0428420277214715, ""batch_size"": 16, ""learning_rate_init"": 0.0006811597070301733, ""n_layers"": 1, ""units_layer_1"": 2}"
MLP Optuna,Br2_pct,34,0.3740909561077813,COMPLETE,"{""activation"": ""tanh"", ""alpha"": 0.007840921625455426, ""batch_size"": 16, ""learning_rate_init"": 0.0010380397294360588, ""n_layers"": 1, ""units_layer_1"": 2}"
MLP Optuna,Br2_pct,35,0.3733497076169924,COMPLETE,"{""activation"": ""tanh"", ""alpha"": 0.015542300276098922, ""batch_size"": 16, ""learning_rate_init"": 0.0007893310236683775, ""n_layers"": 1, ""units_layer_1"": 2}"
MLP Optuna,Br2_pct,36,0.37577318855726183,COMPLETE,"{""activation"": ""tanh"", ""alpha"": 0.0018000162449919662, ""batch_size"": 64, ""learning_rate_init"": 0.0016278661000781413, ""n_layers"": 1, ""units_layer_1"": 2}"
MLP Optuna,Br2_pct,37,0.3765431103467568,COMPLETE,"{""activation"": ""relu"", ""alpha"": 0.012900923797076589, ""batch_size"": 16, ""learning_rate_init"": 0.0007731858530344479, ""n_layers"": 1, ""units_layer_1"": 4}"
MLP Optuna,Br2_pct,38,0.3790520396476643,COMPLETE,"{""activation"": ""tanh"", ""alpha"": 0.004336250510700108, ""batch_size"": 64, ""learning_rate_init"": 0.0004069972809055505, ""n_layers"": 1, ""units_layer_1"": 2}"
MLP Optuna,Br2_pct,39,0.37478181520808135,COMPLETE,"{""activation"": ""tanh"", ""alpha"": 0.006904086060923024, ""batch_size"": 16, ""learning_rate_init"": 0.0005517400729799209, ""n_layers"": 1, ""units_layer_1"": 2}"
MLP Optuna,Br2_pct,40,0.37838375770476407,COMPLETE,"{""activation"": ""relu"", ""alpha"": 0.02018173782626065, ""batch_size"": 16, ""learning_rate_init"": 0.0007700733621379908, ""n_layers"": 2, ""units_layer_1"": 4, ""units_layer_2"": 2}"
MLP Optuna,Br2_pct,41,0.37600877578932745,COMPLETE,"{""activation"": ""tanh"", ""alpha"": 1.4444122194295588e-05, ""batch_size"": 64, ""learning_rate_init"": 0.001526708768133063, ""n_layers"": 1, ""units_layer_1"": 2}"
MLP Optuna,Br2_pct,42,0.37366577955188757,COMPLETE,"{""activation"": ""tanh"", ""alpha"": 0.07120248412250804, ""batch_size"": 16, ""learning_rate_init"": 0.001074805084829887, ""n_layers"": 1, ""units_layer_1"": 2}"
MLP Optuna,Br2_pct,43,0.37377847687148585,COMPLETE,"{""activation"": ""tanh"", ""alpha"": 0.031982325110958054, ""batch_size"": 16, ""learning_rate_init"": 0.000612869070707065, ""n_layers"": 1, ""units_layer_1"": 2}"
MLP Optuna,Br2_pct,44,0.373796156800752,COMPLETE,"{""activation"": ""tanh"", ""alpha"": 0.06743317159339132, ""batch_size"": 16, ""learning_rate_init"": 0.0008985603150029688, ""n_layers"": 1, ""units_layer_1"": 2}"
MLP Optuna,Br2_pct,45,0.3755894076295545,COMPLETE,"{""activation"": ""tanh"", ""alpha"": 0.031216023823302644, ""batch_size"": 32, ""learning_rate_init"": 0.0012841070864464642, ""n_layers"": 1, ""units_layer_1"": 4}"
MLP Optuna,Br2_pct,46,0.3747296846992177,COMPLETE,"{""activation"": ""tanh"", ""alpha"": 4.429406376138232e-05, ""batch_size"": 16, ""learning_rate_init"": 0.0005581429551217686, ""n_layers"": 1, ""units_layer_1"": 2}"
MLP Optuna,Br2_pct,47,0.373508374251745,COMPLETE,"{""activation"": ""tanh"", ""alpha"": 0.06806264011811794, ""batch_size"": 16, ""learning_rate_init"": 0.0006962291546146132, ""n_layers"": 1, ""units_layer_1"": 2}"
MLP Optuna,Br2_pct,48,0.3769925380203759,COMPLETE,"{""activation"": ""tanh"", ""alpha"": 0.008986330137663342, ""batch_size"": 16, ""learning_rate_init"": 0.00028942015371592376, ""n_layers"": 1, ""units_layer_1"": 4}"
MLP Optuna,Br2_pct,49,0.37374858000576283,COMPLETE,"{""activation"": ""tanh"", ""alpha"": 0.013947016437886454, ""batch_size"": 32, ""learning_rate_init"": 0.00042938438448998856, ""n_layers"": 2, ""units_layer_1"": 2, ""units_layer_2"": 2}"
MLP Optuna,Br2_pct,50,0.37674390659764645,COMPLETE,"{""activation"": ""tanh"", ""alpha"": 0.0028375416946083676, ""batch_size"": 64, ""learning_rate_init"": 0.0007319822746970311, ""n_layers"": 1, ""units_layer_1"": 2}"
MLP Optuna,HCl_pct,1,0.4078640256663876,COMPLETE,"{""activation"": ""relu"", ""alpha"": 2.2061722824647157e-05, ""batch_size"": 32, ""learning_rate_init"": 0.001159164650266638, ""n_layers"": 1, ""units_layer_1"": 2}"
MLP Optuna,HCl_pct,2,0.41455513266568644,COMPLETE,"{""activation"": ""tanh"", ""alpha"": 0.0006984533914463585, ""batch_size"": 64, ""learning_rate_init"": 0.0032058010661475842, ""n_layers"": 1, ""units_layer_1"": 4}"
MLP Optuna,HCl_pct,3,0.40896514971126585,COMPLETE,"{""activation"": ""relu"", ""alpha"": 0.0009455223591714047, ""batch_size"": 32, ""learning_rate_init"": 0.0010104495996403173, ""n_layers"": 1, ""units_layer_1"": 2}"
MLP Optuna,HCl_pct,4,0.4077625968769203,COMPLETE,"{""activation"": ""relu"", ""alpha"": 0.008986926565164982, ""batch_size"": 32, ""learning_rate_init"": 0.0012995727176038979, ""n_layers"": 1, ""units_layer_1"": 2}"
MLP Optuna,HCl_pct,5,0.42012260756734304,COMPLETE,"{""activation"": ""tanh"", ""alpha"": 2.8297927223112706e-05, ""batch_size"": 16, ""learning_rate_init"": 0.00033718769058720127, ""n_layers"": 1, ""units_layer_1"": 2}"
MLP Optuna,HCl_pct,6,0.41403011206149365,COMPLETE,"{""activation"": ""relu"", ""alpha"": 0.00014376175558093783, ""batch_size"": 64, ""learning_rate_init"": 0.0020918876597350463, ""n_layers"": 1, ""units_layer_1"": 2}"
MLP Optuna,HCl_pct,7,0.5564233446516692,COMPLETE,"{""activation"": ""relu"", ""alpha"": 0.00023463762034970528, ""batch_size"": 64, ""learning_rate_init"": 0.00030330292958093537, ""n_layers"": 2, ""units_layer_1"": 4, ""units_layer_2"": 2}"
MLP Optuna,HCl_pct,8,0.4284205704459832,COMPLETE,"{""activation"": ""tanh"", ""alpha"": 3.0847165584162096e-05, ""batch_size"": 16, ""learning_rate_init"": 0.0001288802587993511, ""n_layers"": 1, ""units_layer_1"": 2}"
MLP Optuna,HCl_pct,9,0.41326242293815946,COMPLETE,"{""activation"": ""tanh"", ""alpha"": 9.925056459257378e-05, ""batch_size"": 32, ""learning_rate_init"": 0.00032673272425066366, ""n_layers"": 1, ""units_layer_1"": 4}"
MLP Optuna,HCl_pct,10,0.42011119572852157,COMPLETE,"{""activation"": ""tanh"", ""alpha"": 0.005256897080595489, ""batch_size"": 16, ""learning_rate_init"": 0.00012059442051918002, ""n_layers"": 1, ""units_layer_1"": 4}"
MLP Optuna,HCl_pct,11,0.4095257863098148,COMPLETE,"{""activation"": ""relu"", ""alpha"": 0.032855999194735405, ""batch_size"": 32, ""learning_rate_init"": 0.004273158413554022, ""n_layers"": 2, ""units_layer_1"": 2, ""units_layer_2"": 2}"
MLP Optuna,HCl_pct,12,0.4096534853067911,COMPLETE,"{""activation"": ""relu"", ""alpha"": 0.059752182439315724, ""batch_size"": 32, ""learning_rate_init"": 0.0011234294705487291, ""n_layers"": 2, ""units_layer_1"": 2, ""units_layer_2"": 2}"
MLP Optuna,HCl_pct,13,0.4088266699402855,COMPLETE,"{""activation"": ""relu"", ""alpha"": 0.0070473379003119715, ""batch_size"": 32, ""learning_rate_init"": 0.0010106804946235974, ""n_layers"": 1, ""units_layer_1"": 2}"
MLP Optuna,HCl_pct,14,0.407393451245235,COMPLETE,"{""activation"": ""relu"", ""alpha"": 0.006059196661586029, ""batch_size"": 32, ""learning_rate_init"": 0.0017404710313438797, ""n_layers"": 1, ""units_layer_1"": 2}"
MLP Optuna,HCl_pct,15,0.4086073310286438,COMPLETE,"{""activation"": ""relu"", ""alpha"": 0.007401129414220977, ""batch_size"": 32, ""learning_rate_init"": 0.0021423911811179943, ""n_layers"": 2, ""units_layer_1"": 2, ""units_layer_2"": 2}"
MLP Optuna,HCl_pct,16,0.41147655749789935,COMPLETE,"{""activation"": ""relu"", ""alpha"": 0.002483377797201088, ""batch_size"": 32, ""learning_rate_init"": 0.0005381067233838933, ""n_layers"": 1, ""units_layer_1"": 2}"
MLP Optuna,HCl_pct,17,0.4070378235671077,COMPLETE,"{""activation"": ""relu"", ""alpha"": 0.02295114071406906, ""batch_size"": 32, ""learning_rate_init"": 0.0018605124635471808, ""n_layers"": 1, ""units_layer_1"": 2}"
MLP Optuna,HCl_pct,18,0.4082018233135839,COMPLETE,"{""activation"": ""relu"", ""alpha"": 0.026177882137433772, ""batch_size"": 32, ""learning_rate_init"": 0.002067976267623055, ""n_layers"": 2, ""units_layer_1"": 2, ""units_layer_2"": 2}"
MLP Optuna,HCl_pct,19,0.41070272372383404,COMPLETE,"{""activation"": ""relu"", ""alpha"": 0.09668123382569667, ""batch_size"": 64, ""learning_rate_init"": 0.0006982912796469239, ""n_layers"": 1, ""units_layer_1"": 4}"
MLP Optuna,HCl_pct,20,0.4058775275934738,COMPLETE,"{""activation"": ""relu"", ""alpha"": 0.02062349089251158, ""batch_size"": 16, ""learning_rate_init"": 0.0033887660895634553, ""n_layers"": 1, ""units_layer_1"": 2}"
MLP Optuna,HCl_pct,21,0.4097230449497359,COMPLETE,"{""activation"": ""relu"", ""alpha"": 0.021662362745796148, ""batch_size"": 16, ""learning_rate_init"": 0.004802591083486048, ""n_layers"": 2, ""units_layer_1"": 2, ""units_layer_2"": 2}"
MLP Optuna,HCl_pct,22,0.4052881747181559,COMPLETE,"{""activation"": ""relu"", ""alpha"": 0.01601482900092743, ""batch_size"": 16, ""learning_rate_init"": 0.002838417133649424, ""n_layers"": 1, ""units_layer_1"": 2}"
MLP Optuna,HCl_pct,23,0.40578563178432,COMPLETE,"{""activation"": ""relu"", ""alpha"": 0.018502400235792856, ""batch_size"": 16, ""learning_rate_init"": 0.0031041160182493084, ""n_layers"": 1, ""units_layer_1"": 2}"
MLP Optuna,HCl_pct,24,0.40687598759532034,COMPLETE,"{""activation"": ""relu"", ""alpha"": 0.002146970915904807, ""batch_size"": 16, ""learning_rate_init"": 0.0031803338603923893, ""n_layers"": 1, ""units_layer_1"": 2}"
MLP Optuna,HCl_pct,25,0.4049695922868506,COMPLETE,"{""activation"": ""relu"", ""alpha"": 0.04889757595967703, ""batch_size"": 16, ""learning_rate_init"": 0.0030436595004055228, ""n_layers"": 1, ""units_layer_1"": 2}"
MLP Optuna,HCl_pct,26,0.4051960815310222,COMPLETE,"{""activation"": ""relu"", ""alpha"": 0.05923059741166826, ""batch_size"": 16, ""learning_rate_init"": 0.0027958673881764208, ""n_layers"": 1, ""units_layer_1"": 2}"
MLP Optuna,HCl_pct,27,0.41080397260653206,COMPLETE,"{""activation"": ""tanh"", ""alpha"": 0.05869489003459262, ""batch_size"": 16, ""learning_rate_init"": 0.0026026545924290054, ""n_layers"": 1, ""units_layer_1"": 4}"
MLP Optuna,HCl_pct,28,0.40645304627994117,COMPLETE,"{""activation"": ""relu"", ""alpha"": 0.08774584840187637, ""batch_size"": 16, ""learning_rate_init"": 0.00152201133525144, ""n_layers"": 1, ""units_layer_1"": 2}"
MLP Optuna,HCl_pct,29,0.4066405188905972,COMPLETE,"{""activation"": ""relu"", ""alpha"": 0.047727996824825286, ""batch_size"": 16, ""learning_rate_init"": 0.004328943104759642, ""n_layers"": 1, ""units_layer_1"": 2}"
MLP Optuna,HCl_pct,30,0.40610825016426666,COMPLETE,"{""activation"": ""relu"", ""alpha"": 0.012176693839644807, ""batch_size"": 16, ""learning_rate_init"": 0.002327681430350562, ""n_layers"": 1, ""units_layer_1"": 2}"
MLP Optuna,HCl_pct,31,0.4065948846913322,COMPLETE,"{""activation"": ""relu"", ""alpha"": 0.003351565752428994, ""batch_size"": 16, ""learning_rate_init"": 0.00270905838372969, ""n_layers"": 1, ""units_layer_1"": 2}"
MLP Optuna,HCl_pct,32,0.40649560721190153,COMPLETE,"{""activation"": ""relu"", ""alpha"": 0.012948055783715108, ""batch_size"": 16, ""learning_rate_init"": 0.0036656638698925144, ""n_layers"": 1, ""units_layer_1"": 2}"
MLP Optuna,HCl_pct,33,0.405154488309421,COMPLETE,"{""activation"": ""relu"", ""alpha"": 0.03829931473866648, ""batch_size"": 16, ""learning_rate_init"": 0.002901271207897298, ""n_layers"": 1, ""units_layer_1"": 2}"
MLP Optuna,HCl_pct,34,0.4065993550453726,COMPLETE,"{""activation"": ""relu"", ""alpha"": 0.049862824162551556, ""batch_size"": 16, ""learning_rate_init"": 0.001505478819898667, ""n_layers"": 1, ""units_layer_1"": 2}"
MLP Optuna,HCl_pct,35,0.4055281565825264,COMPLETE,"{""activation"": ""relu"", ""alpha"": 0.03605345721622909, ""batch_size"": 16, ""learning_rate_init"": 0.002718235482835693, ""n_layers"": 1, ""units_layer_1"": 2}"
MLP Optuna,HCl_pct,36,0.4165018036939099,COMPLETE,"{""activation"": ""tanh"", ""alpha"": 0.012460264672723749, ""batch_size"": 16, ""learning_rate_init"": 0.003959168570829192, ""n_layers"": 1, ""units_layer_1"": 2}"
MLP Optuna,HCl_pct,37,0.4090042391817456,COMPLETE,"{""activation"": ""relu"", ""alpha"": 0.001091499353182895, ""batch_size"": 16, ""learning_rate_init"": 0.004988696572084029, ""n_layers"": 1, ""units_layer_1"": 4}"
MLP Optuna,HCl_pct,38,0.4187215354689059,COMPLETE,"{""activation"": ""relu"", ""alpha"": 0.09686549939831217, ""batch_size"": 64, ""learning_rate_init"": 0.0007652630128862183, ""n_layers"": 1, ""units_layer_1"": 2}"
MLP Optuna,HCl_pct,39,0.41259854991383377,COMPLETE,"{""activation"": ""tanh"", ""alpha"": 0.039653074828368946, ""batch_size"": 16, ""learning_rate_init"": 0.0014121225872059386, ""n_layers"": 1, ""units_layer_1"": 2}"
MLP Optuna,HCl_pct,40,0.4083374991193473,COMPLETE,"{""activation"": ""relu"", ""alpha"": 0.014819893276377576, ""batch_size"": 64, ""learning_rate_init"": 0.0025377473787297255, ""n_layers"": 1, ""units_layer_1"": 2}"
MLP Optuna,HCl_pct,41,0.40657246320488794,COMPLETE,"{""activation"": ""relu"", ""alpha"": 1.0560837981962033e-05, ""batch_size"": 16, ""learning_rate_init"": 0.00018281204218718893, ""n_layers"": 1, ""units_layer_1"": 4}"
MLP Optuna,HCl_pct,42,0.4054166165562488,COMPLETE,"{""activation"": ""relu"", ""alpha"": 0.029630512979893803, ""batch_size"": 16, ""learning_rate_init"": 0.002991725419964963, ""n_layers"": 1, ""units_layer_1"": 2}"
MLP Optuna,HCl_pct,43,0.40443219696038823,COMPLETE,"{""activation"": ""relu"", ""alpha"": 0.06426362944804148, ""batch_size"": 16, ""learning_rate_init"": 0.003166767736770805, ""n_layers"": 1, ""units_layer_1"": 2}"
MLP Optuna,HCl_pct,44,0.40625595155095506,COMPLETE,"{""activation"": ""relu"", ""alpha"": 0.0696123181598714, ""batch_size"": 16, ""learning_rate_init"": 0.0038374814543556558, ""n_layers"": 1, ""units_layer_1"": 2}"
MLP Optuna,HCl_pct,45,0.40655904261645837,COMPLETE,"{""activation"": ""relu"", ""alpha"": 0.03630696987819016, ""batch_size"": 16, ""learning_rate_init"": 0.001990352043341462, ""n_layers"": 1, ""units_layer_1"": 2}"
MLP Optuna,HCl_pct,46,0.41228348652929336,COMPLETE,"{""activation"": ""tanh"", ""alpha"": 0.009715999658027913, ""batch_size"": 16, ""learning_rate_init"": 0.0017344085220743404, ""n_layers"": 1, ""units_layer_1"": 2}"
MLP Optuna,HCl_pct,47,0.4043699795526762,COMPLETE,"{""activation"": ""relu"", ""alpha"": 0.05607518773227513, ""batch_size"": 16, ""learning_rate_init"": 0.0034466917991715844, ""n_layers"": 1, ""units_layer_1"": 2}"
MLP Optuna,HCl_pct,48,0.4047986181500451,COMPLETE,"{""activation"": ""relu"", ""alpha"": 0.06847414838776084, ""batch_size"": 16, ""learning_rate_init"": 0.0033562635082989836, ""n_layers"": 1, ""units_layer_1"": 2}"
MLP Optuna,HCl_pct,49,0.40760424076483004,COMPLETE,"{""activation"": ""relu"", ""alpha"": 0.06909469613695549, ""batch_size"": 64, ""learning_rate_init"": 0.003517567780412904, ""n_layers"": 1, ""units_layer_1"": 4}"
MLP Optuna,HCl_pct,50,0.4136044828378728,COMPLETE,"{""activation"": ""tanh"", ""alpha"": 0.03089548994164223, ""batch_size"": 16, ""learning_rate_init"": 0.0023418625870352153, ""n_layers"": 1, ""units_layer_1"": 2}"
MLP Optuna,Cl2_pct,1,0.4262868841203894,COMPLETE,"{""activation"": ""relu"", ""alpha"": 0.001904861923466296, ""batch_size"": 16, ""learning_rate_init"": 0.0027405936533689427, ""n_layers"": 2, ""units_layer_1"": 4, ""units_layer_2"": 2}"
MLP Optuna,Cl2_pct,2,0.41548565235064416,COMPLETE,"{""activation"": ""tanh"", ""alpha"": 0.0009261620986972229, ""batch_size"": 32, ""learning_rate_init"": 0.0006939224042475253, ""n_layers"": 1, ""units_layer_1"": 2}"
MLP Optuna,Cl2_pct,3,0.4382605423128081,COMPLETE,"{""activation"": ""tanh"", ""alpha"": 0.04133570890388302, ""batch_size"": 64, ""learning_rate_init"": 0.0003012267501255378, ""n_layers"": 2, ""units_layer_1"": 2, ""units_layer_2"": 2}"
MLP Optuna,Cl2_pct,4,0.4168130779614595,COMPLETE,"{""activation"": ""relu"", ""alpha"": 0.0062117724677317136, ""batch_size"": 64, ""learning_rate_init"": 0.0006438077728810551, ""n_layers"": 1, ""units_layer_1"": 4}"
MLP Optuna,Cl2_pct,5,0.42017764098855304,COMPLETE,"{""activation"": ""tanh"", ""alpha"": 2.986918063582998e-05, ""batch_size"": 32, ""learning_rate_init"": 0.0012928666826839022, ""n_layers"": 1, ""units_layer_1"": 4}"
MLP Optuna,Cl2_pct,6,0.4204753858884273,COMPLETE,"{""activation"": ""relu"", ""alpha"": 0.02162033947711973, ""batch_size"": 16, ""learning_rate_init"": 0.00015131600051429602, ""n_layers"": 2, ""units_layer_1"": 2, ""units_layer_2"": 2}"
MLP Optuna,Cl2_pct,7,0.41880519087642104,COMPLETE,"{""activation"": ""tanh"", ""alpha"": 0.006311187043466285, ""batch_size"": 16, ""learning_rate_init"": 0.0013398368694278228, ""n_layers"": 1, ""units_layer_1"": 4}"
MLP Optuna,Cl2_pct,8,0.4198854789134134,COMPLETE,"{""activation"": ""relu"", ""alpha"": 0.011812542575747074, ""batch_size"": 16, ""learning_rate_init"": 0.00011246025316820397, ""n_layers"": 1, ""units_layer_1"": 4}"
MLP Optuna,Cl2_pct,9,0.41577395930875555,COMPLETE,"{""activation"": ""tanh"", ""alpha"": 0.0037638127537733676, ""batch_size"": 16, ""learning_rate_init"": 0.0003596902242047876, ""n_layers"": 1, ""units_layer_1"": 2}"
MLP Optuna,Cl2_pct,10,0.43007332488445293,COMPLETE,"{""activation"": ""relu"", ""alpha"": 0.0006726134299455417, ""batch_size"": 32, ""learning_rate_init"": 0.00021235607455913008, ""n_layers"": 2, ""units_layer_1"": 4, ""units_layer_2"": 2}"
MLP Optuna,Cl2_pct,11,0.42061114350187906,COMPLETE,"{""activation"": ""tanh"", ""alpha"": 8.849216606223908e-05, ""batch_size"": 32, ""learning_rate_init"": 0.00493440021546162, ""n_layers"": 2, ""units_layer_1"": 2, ""units_layer_2"": 2}"
MLP Optuna,Cl2_pct,12,0.416476567751615,COMPLETE,"{""activation"": ""tanh"", ""alpha"": 0.00034692337755971116, ""batch_size"": 32, ""learning_rate_init"": 0.0004637549868264652, ""n_layers"": 1, ""units_layer_1"": 2}"
MLP Optuna,Cl2_pct,13,0.4131313826683048,COMPLETE,"{""activation"": ""tanh"", ""alpha"": 0.0007753248504576344, ""batch_size"": 16, ""learning_rate_init"": 0.0007722986174670174, ""n_layers"": 1, ""units_layer_1"": 2}"
MLP Optuna,Cl2_pct,14,0.4148541287485686,COMPLETE,"{""activation"": ""tanh"", ""alpha"": 0.00031012819507812006, ""batch_size"": 32, ""learning_rate_init"": 0.0007484271009311849, ""n_layers"": 1, ""units_layer_1"": 2}"
MLP Optuna,Cl2_pct,15,0.41434927051133014,COMPLETE,"{""activation"": ""tanh"", ""alpha"": 0.00018970468802019072, ""batch_size"": 64, ""learning_rate_init"": 0.0010775311905176412, ""n_layers"": 1, ""units_layer_1"": 2}"
MLP Optuna,Cl2_pct,16,0.4158090373668112,COMPLETE,"{""activation"": ""tanh"", ""alpha"": 0.00012456964315719156, ""batch_size"": 64, ""learning_rate_init"": 0.0014139762674807031, ""n_layers"": 1, ""units_layer_1"": 2}"
MLP Optuna,Cl2_pct,17,0.4144690650898637,COMPLETE,"{""activation"": ""tanh"", ""alpha"": 1.0791351012090068e-05, ""batch_size"": 64, ""learning_rate_init"": 0.0023281720999209802, ""n_layers"": 1, ""units_layer_1"": 2}"
MLP Optuna,Cl2_pct,18,0.4150994304646626,COMPLETE,"{""activation"": ""tanh"", ""alpha"": 8.69760676230372e-05, ""batch_size"": 64, ""learning_rate_init"": 0.001016388947040573, ""n_layers"": 1, ""units_layer_1"": 2}"
MLP Optuna,Cl2_pct,19,0.4168230867471413,COMPLETE,"{""activation"": ""tanh"", ""alpha"": 0.08847922637646333, ""batch_size"": 16, ""learning_rate_init"": 0.0024650281636107952, ""n_layers"": 1, ""units_layer_1"": 2}"
MLP Optuna,Cl2_pct,20,0.42022253510798074,COMPLETE,"{""activation"": ""tanh"", ""alpha"": 0.0018602193478072055, ""batch_size"": 64, ""learning_rate_init"": 0.0004313938130282248, ""n_layers"": 1, ""units_layer_1"": 2}"
MLP Optuna,Cl2_pct,21,0.4195509881699607,COMPLETE,"{""activation"": ""tanh"", ""alpha"": 0.0002102716805629327, ""batch_size"": 64, ""learning_rate_init"": 0.0017712941089485842, ""n_layers"": 2, ""units_layer_1"": 2, ""units_layer_2"": 2}"
MLP Optuna,Cl2_pct,22,0.41241710839087486,COMPLETE,"{""activation"": ""tanh"", ""alpha"": 1.1193671901608235e-05, ""batch_size"": 64, ""learning_rate_init"": 0.0034263115740514596, ""n_layers"": 1, ""units_layer_1"": 2}"
MLP Optuna,Cl2_pct,23,0.41378244613693527,COMPLETE,"{""activation"": ""tanh"", ""alpha"": 3.078861972903393e-05, ""batch_size"": 64, ""learning_rate_init"": 0.004260902670548549, ""n_layers"": 1, ""units_layer_1"": 2}"
MLP Optuna,Cl2_pct,24,0.41323179803728705,COMPLETE,"{""activation"": ""tanh"", ""alpha"": 1.2049166733825066e-05, ""batch_size"": 64, ""learning_rate_init"": 0.004848296973678701, ""n_layers"": 1, ""units_layer_1"": 2}"
MLP Optuna,Cl2_pct,25,0.4124382577552808,COMPLETE,"{""activation"": ""tanh"", ""alpha"": 1.1106996991351625e-05, ""batch_size"": 64, ""learning_rate_init"": 0.0034104198502022272, ""n_layers"": 1, ""units_layer_1"": 2}"
MLP Optuna,Cl2_pct,26,0.41511866484500815,COMPLETE,"{""activation"": ""tanh"", ""alpha"": 2.8678947866844624e-05, ""batch_size"": 16, ""learning_rate_init"": 0.0033045511491385324, ""n_layers"": 1, ""units_layer_1"": 2}"
MLP Optuna,Cl2_pct,27,0.42305810510163716,COMPLETE,"{""activation"": ""relu"", ""alpha"": 4.2727824144852954e-05, ""batch_size"": 64, ""learning_rate_init"": 0.002018901149111787, ""n_layers"": 1, ""units_layer_1"": 2}"
MLP Optuna,Cl2_pct,28,0.4151786531567184,COMPLETE,"{""activation"": ""tanh"", ""alpha"": 1.8695737646065015e-05, ""batch_size"": 16, ""learning_rate_init"": 0.0033525842500027746, ""n_layers"": 1, ""units_layer_1"": 2}"
MLP Optuna,Cl2_pct,29,0.4153316536160868,COMPLETE,"{""activation"": ""tanh"", ""alpha"": 8.013454382545361e-05, ""batch_size"": 64, ""learning_rate_init"": 0.001772560320889867, ""n_layers"": 1, ""units_layer_1"": 2}"
MLP Optuna,Cl2_pct,30,0.41894627815635765,COMPLETE,"{""activation"": ""relu"", ""alpha"": 4.912315597101785e-05, ""batch_size"": 16, ""learning_rate_init"": 0.003305044855207372, ""n_layers"": 1, ""units_layer_1"": 4}"
MLP Optuna,Cl2_pct,31,0.4109131445509801,COMPLETE,"{""activation"": ""tanh"", ""alpha"": 0.000736096459480728, ""batch_size"": 64, ""learning_rate_init"": 0.002801344754439178, ""n_layers"": 1, ""units_layer_1"": 2}"
MLP Optuna,Cl2_pct,32,0.4109660895162115,COMPLETE,"{""activation"": ""tanh"", ""alpha"": 0.0010453587282937384, ""batch_size"": 64, ""learning_rate_init"": 0.002758468770966717, ""n_layers"": 1, ""units_layer_1"": 2}"
MLP Optuna,Cl2_pct,33,0.4111994388051915,COMPLETE,"{""activation"": ""tanh"", ""alpha"": 0.0020147324318267553, ""batch_size"": 64, ""learning_rate_init"": 0.0028968164826582462, ""n_layers"": 1, ""units_layer_1"": 2}"
MLP Optuna,Cl2_pct,34,0.4136859499047449,COMPLETE,"{""activation"": ""tanh"", ""alpha"": 0.0012757079337142783, ""batch_size"": 64, ""learning_rate_init"": 0.002492484541875627, ""n_layers"": 1, ""units_layer_1"": 2}"
MLP Optuna,Cl2_pct,35,0.4141254456646218,COMPLETE,"{""activation"": ""tanh"", ""alpha"": 0.0026225378825234444, ""batch_size"": 64, ""learning_rate_init"": 0.0038786420668418657, ""n_layers"": 1, ""units_layer_1"": 2}"
MLP Optuna,Cl2_pct,36,0.4109816874483472,COMPLETE,"{""activation"": ""tanh"", ""alpha"": 0.0005062275604941619, ""batch_size"": 64, ""learning_rate_init"": 0.0027461156090553274, ""n_layers"": 1, ""units_layer_1"": 2}"
MLP Optuna,Cl2_pct,37,0.41970295901941795,COMPLETE,"{""activation"": ""tanh"", ""alpha"": 0.000526582358202256, ""batch_size"": 64, ""learning_rate_init"": 0.001872595850498079, ""n_layers"": 1, ""units_layer_1"": 4}"
MLP Optuna,Cl2_pct,38,0.41913873403431057,COMPLETE,"{""activation"": ""relu"", ""alpha"": 0.001064029682048893, ""batch_size"": 64, ""learning_rate_init"": 0.0028819102434678085, ""n_layers"": 2, ""units_layer_1"": 2, ""units_layer_2"": 2}"
MLP Optuna,Cl2_pct,39,0.41497495162967013,COMPLETE,"{""activation"": ""tanh"", ""alpha"": 0.005388941438382717, ""batch_size"": 64, ""learning_rate_init"": 0.0015264808986343696, ""n_layers"": 1, ""units_layer_1"": 2}"
MLP Optuna,Cl2_pct,40,0.41987666769114246,COMPLETE,"{""activation"": ""tanh"", ""alpha"": 0.0020091059455943664, ""batch_size"": 64, ""learning_rate_init"": 0.0022026949986920954, ""n_layers"": 1, ""units_layer_1"": 4}"
MLP Optuna,Cl2_pct,41,0.42085471032339505,COMPLETE,"{""activation"": ""relu"", ""alpha"": 0.011539998136235234, ""batch_size"": 64, ""learning_rate_init"": 0.0028764410880456636, ""n_layers"": 1, ""units_layer_1"": 2}"
MLP Optuna,Cl2_pct,42,0.4123811879254175,COMPLETE,"{""activation"": ""tanh"", ""alpha"": 0.00045121255825724023, ""batch_size"": 64, ""learning_rate_init"": 0.002630506127971259, ""n_layers"": 1, ""units_layer_1"": 2}"
MLP Optuna,Cl2_pct,43,0.4109697062069785,COMPLETE,"{""activation"": ""tanh"", ""alpha"": 0.00042609604535070794, ""batch_size"": 64, ""learning_rate_init"": 0.0027554487444509225, ""n_layers"": 1, ""units_layer_1"": 2}"
MLP Optuna,Cl2_pct,44,0.41375969717787864,COMPLETE,"{""activation"": ""tanh"", ""alpha"": 0.0013855093547517478, ""batch_size"": 64, ""learning_rate_init"": 0.004278775227703625, ""n_layers"": 1, ""units_layer_1"": 2}"
MLP Optuna,Cl2_pct,45,0.4126107970821312,COMPLETE,"{""activation"": ""tanh"", ""alpha"": 0.0033915336793015455, ""batch_size"": 64, ""learning_rate_init"": 0.0021244668688096555, ""n_layers"": 1, ""units_layer_1"": 2}"
MLP Optuna,Cl2_pct,46,0.4205690942846381,COMPLETE,"{""activation"": ""tanh"", ""alpha"": 0.0007648055797174964, ""batch_size"": 32, ""learning_rate_init"": 0.0010903184480742867, ""n_layers"": 1, ""units_layer_1"": 4}"
MLP Optuna,Cl2_pct,47,0.4147389745990355,COMPLETE,"{""activation"": ""tanh"", ""alpha"": 0.00026143806072156234, ""batch_size"": 64, ""learning_rate_init"": 0.0015772969266332482, ""n_layers"": 1, ""units_layer_1"": 2}"
MLP Optuna,Cl2_pct,48,0.41084001704986617,COMPLETE,"{""activation"": ""tanh"", ""alpha"": 0.0004793032119198468, ""batch_size"": 64, ""learning_rate_init"": 0.0028647177048371966, ""n_layers"": 1, ""units_layer_1"": 2}"
MLP Optuna,Cl2_pct,49,0.4189030760558343,COMPLETE,"{""activation"": ""relu"", ""alpha"": 0.0004770978265763081, ""batch_size"": 32, ""learning_rate_init"": 0.003999694180159221, ""n_layers"": 1, ""units_layer_1"": 2}"
MLP Optuna,Cl2_pct,50,0.4181454415358098,COMPLETE,"{""activation"": ""tanh"", ""alpha"": 0.00013910023272626032, ""batch_size"": 64, ""learning_rate_init"": 0.002056799763168387, ""n_layers"": 2, ""units_layer_1"": 2, ""units_layer_2"": 2}"
MLP Optuna,HF_pct,1,0.5580039496673076,COMPLETE,"{""activation"": ""tanh"", ""alpha"": 0.00348588227116219, ""batch_size"": 16, ""learning_rate_init"": 0.0015613987191391253, ""n_layers"": 2, ""units_layer_1"": 2, ""units_layer_2"": 2}"
MLP Optuna,HF_pct,2,0.5580487804660577,COMPLETE,"{""activation"": ""relu"", ""alpha"": 0.0006919307014805859, ""batch_size"": 16, ""learning_rate_init"": 0.0004629418165653951, ""n_layers"": 1, ""units_layer_1"": 2}"
MLP Optuna,HF_pct,3,0.557055023881946,COMPLETE,"{""activation"": ""relu"", ""alpha"": 0.0005482643442423096, ""batch_size"": 16, ""learning_rate_init"": 0.0010314965797448524, ""n_layers"": 1, ""units_layer_1"": 2}"
MLP Optuna,HF_pct,4,0.5581261648740712,COMPLETE,"{""activation"": ""tanh"", ""alpha"": 0.03457493810051056, ""batch_size"": 32, ""learning_rate_init"": 0.00023602069121161893, ""n_layers"": 1, ""units_layer_1"": 2}"
MLP Optuna,HF_pct,5,0.6002807110194511,COMPLETE,"{""activation"": ""relu"", ""alpha"": 0.00026581114991759474, ""batch_size"": 16, ""learning_rate_init"": 0.0002495882947187811, ""n_layers"": 1, ""units_layer_1"": 4}"
MLP Optuna,HF_pct,6,1.0021653298028403,COMPLETE,"{""activation"": ""relu"", ""alpha"": 2.709101339065819e-05, ""batch_size"": 16, ""learning_rate_init"": 0.00013468635828979173, ""n_layers"": 2, ""units_layer_1"": 4, ""units_layer_2"": 2}"
MLP Optuna,HF_pct,7,0.5963585622351952,COMPLETE,"{""activation"": ""relu"", ""alpha"": 0.0012627177090319104, ""batch_size"": 16, ""learning_rate_init"": 0.00012434734080595994, ""n_layers"": 1, ""units_layer_1"": 4}"
MLP Optuna,HF_pct,8,0.5589185049009384,COMPLETE,"{""activation"": ""tanh"", ""alpha"": 1.8956848402514094e-05, ""batch_size"": 64, ""learning_rate_init"": 0.0018568244657820182, ""n_layers"": 2, ""units_layer_1"": 2, ""units_layer_2"": 2}"
MLP Optuna,HF_pct,9,0.5723959353976203,COMPLETE,"{""activation"": ""relu"", ""alpha"": 8.216729981249014e-05, ""batch_size"": 64, ""learning_rate_init"": 0.0008888735223922658, ""n_layers"": 1, ""units_layer_1"": 4}"
MLP Optuna,HF_pct,10,0.5812897118635814,COMPLETE,"{""activation"": ""relu"", ""alpha"": 0.04180222737646881, ""batch_size"": 32, ""learning_rate_init"": 0.002192535604494673, ""n_layers"": 2, ""units_layer_1"": 2, ""units_layer_2"": 2}"
MLP Optuna,HF_pct,11,0.5592579862968357,COMPLETE,"{""activation"": ""tanh"", ""alpha"": 0.0078042473595688255, ""batch_size"": 32, ""learning_rate_init"": 0.004977397311276811, ""n_layers"": 2, ""units_layer_1"": 2, ""units_layer_2"": 2}"
MLP Optuna,HF_pct,12,0.5585757259700778,COMPLETE,"{""activation"": ""tanh"", ""alpha"": 0.005037230443004698, ""batch_size"": 16, ""learning_rate_init"": 0.0010879688318101324, ""n_layers"": 2, ""units_layer_1"": 2, ""units_layer_2"": 2}"
MLP Optuna,HF_pct,13,0.5596251253235514,COMPLETE,"{""activation"": ""tanh"", ""alpha"": 0.0031350820712229546, ""batch_size"": 16, ""learning_rate_init"": 0.0009018935148095257, ""n_layers"": 1, ""units_layer_1"": 2}"
MLP Optuna,HF_pct,14,0.5599803704225323,COMPLETE,"{""activation"": ""tanh"", ""alpha"": 0.00033112732766114156, ""batch_size"": 16, ""learning_rate_init"": 0.0022941390942470006, ""n_layers"": 2, ""units_layer_1"": 2, ""units_layer_2"": 2}"
MLP Optuna,HF_pct,15,0.5554732945926313,COMPLETE,"{""activation"": ""relu"", ""alpha"": 0.008979586458352834, ""batch_size"": 64, ""learning_rate_init"": 0.004127709522418525, ""n_layers"": 1, ""units_layer_1"": 2}"
MLP Optuna,HF_pct,16,0.556210256491224,COMPLETE,"{""activation"": ""relu"", ""alpha"": 0.012388544638736808, ""batch_size"": 64, ""learning_rate_init"": 0.004496511550890698, ""n_layers"": 1, ""units_layer_1"": 2}"
MLP Optuna,HF_pct,17,0.5547773485480552,COMPLETE,"{""activation"": ""relu"", ""alpha"": 0.014459643395014264, ""batch_size"": 64, ""learning_rate_init"": 0.004162057898961083, ""n_layers"": 1, ""units_layer_1"": 2}"
MLP Optuna,HF_pct,18,0.5557518965773245,COMPLETE,"{""activation"": ""relu"", ""alpha"": 0.022387937017469262, ""batch_size"": 64, ""learning_rate_init"": 0.003302350611471664, ""n_layers"": 1, ""units_layer_1"": 2}"
MLP Optuna,HF_pct,19,0.5695365400057075,COMPLETE,"{""activation"": ""relu"", ""alpha"": 0.0819844268890052, ""batch_size"": 64, ""learning_rate_init"": 0.003060625166664049, ""n_layers"": 1, ""units_layer_1"": 4}"
MLP Optuna,HF_pct,20,0.5556590604908378,COMPLETE,"{""activation"": ""relu"", ""alpha"": 0.0018260353526148995, ""batch_size"": 64, ""learning_rate_init"": 0.003417308249688157, ""n_layers"": 1, ""units_layer_1"": 2}"
MLP Optuna,HF_pct,21,0.5611207475700264,COMPLETE,"{""activation"": ""relu"", ""alpha"": 0.010239203989045789, ""batch_size"": 64, ""learning_rate_init"": 0.0014590633601059353, ""n_layers"": 1, ""units_layer_1"": 2}"
MLP Optuna,HF_pct,22,0.5558157794211506,COMPLETE,"{""activation"": ""relu"", ""alpha"": 0.0018502608923647533, ""batch_size"": 64, ""learning_rate_init"": 0.003309288770661301, ""n_layers"": 1, ""units_layer_1"": 2}"
MLP Optuna,HF_pct,23,0.5553476128424789,COMPLETE,"{""activation"": ""relu"", ""alpha"": 0.017843824994148987, ""batch_size"": 64, ""learning_rate_init"": 0.00405673278246446, ""n_layers"": 1, ""units_layer_1"": 2}"
MLP Optuna,HF_pct,24,0.5542970803539908,COMPLETE,"{""activation"": ""relu"", ""alpha"": 0.09616019957026845, ""batch_size"": 64, ""learning_rate_init"": 0.004874722159121221, ""n_layers"": 1, ""units_layer_1"": 2}"
MLP Optuna,HF_pct,25,0.553552800489264,COMPLETE,"{""activation"": ""relu"", ""alpha"": 0.09902746646792145, ""batch_size"": 64, ""learning_rate_init"": 0.0026073912839800497, ""n_layers"": 1, ""units_layer_1"": 2}"
MLP Optuna,HF_pct,26,0.5538123877676545,COMPLETE,"{""activation"": ""relu"", ""alpha"": 0.09009609604919395, ""batch_size"": 64, ""learning_rate_init"": 0.0025313042971216045, ""n_layers"": 1, ""units_layer_1"": 2}"
MLP Optuna,HF_pct,27,0.5666338971324469,COMPLETE,"{""activation"": ""relu"", ""alpha"": 0.09281004958677971, ""batch_size"": 64, ""learning_rate_init"": 0.0025493224183240812, ""n_layers"": 1, ""units_layer_1"": 4}"
MLP Optuna,HF_pct,28,0.5611154823792301,COMPLETE,"{""activation"": ""relu"", ""alpha"": 0.04751108587642454, ""batch_size"": 64, ""learning_rate_init"": 0.0014636090823339249, ""n_layers"": 1, ""units_layer_1"": 2}"
MLP Optuna,HF_pct,29,0.5581414506791902,COMPLETE,"{""activation"": ""relu"", ""alpha"": 0.09461346774939795, ""batch_size"": 32, ""learning_rate_init"": 0.0006826053016648615, ""n_layers"": 1, ""units_layer_1"": 2}"
MLP Optuna,HF_pct,30,0.5567473714689166,COMPLETE,"{""activation"": ""relu"", ""alpha"": 0.030815303066869148, ""batch_size"": 64, ""learning_rate_init"": 0.0017232535202253815, ""n_layers"": 1, ""units_layer_1"": 2}"
MLP Optuna,HF_pct,31,0.5543678179031997,COMPLETE,"{""activation"": ""relu"", ""alpha"": 0.057581867868039566, ""batch_size"": 64, ""learning_rate_init"": 0.0025578505763799073, ""n_layers"": 1, ""units_layer_1"": 2}"
MLP Optuna,HF_pct,32,0.5545762974344398,COMPLETE,"{""activation"": ""relu"", ""alpha"": 0.058474535319966665, ""batch_size"": 64, ""learning_rate_init"": 0.0026282593670602355, ""n_layers"": 1, ""units_layer_1"": 2}"
MLP Optuna,HF_pct,33,0.5545797107692663,COMPLETE,"{""activation"": ""relu"", ""alpha"": 0.04552369482484912, ""batch_size"": 64, ""learning_rate_init"": 0.0019747893861954075, ""n_layers"": 1, ""units_layer_1"": 2}"
MLP Optuna,HF_pct,34,0.5555656657765508,COMPLETE,"{""activation"": ""relu"", ""alpha"": 0.024939011730494804, ""batch_size"": 64, ""learning_rate_init"": 0.0028742011765914193, ""n_layers"": 1, ""units_layer_1"": 2}"
MLP Optuna,HF_pct,35,0.5547847018656563,COMPLETE,"{""activation"": ""relu"", ""alpha"": 0.06174841998888802, ""batch_size"": 64, ""learning_rate_init"": 0.0012970227370154106, ""n_layers"": 1, ""units_layer_1"": 2}"
MLP Optuna,HF_pct,36,0.5549351428965078,COMPLETE,"{""activation"": ""relu"", ""alpha"": 0.09533868487141782, ""batch_size"": 64, ""learning_rate_init"": 0.002228140595528755, ""n_layers"": 1, ""units_layer_1"": 2}"
MLP Optuna,HF_pct,37,0.5591048792663716,COMPLETE,"{""activation"": ""relu"", ""alpha"": 0.031309449948917045, ""batch_size"": 32, ""learning_rate_init"": 0.0005551469629465065, ""n_layers"": 1, ""units_layer_1"": 2}"
MLP Optuna,HF_pct,38,0.5673044859805123,COMPLETE,"{""activation"": ""relu"", ""alpha"": 0.021148367838447882, ""batch_size"": 64, ""learning_rate_init"": 0.0035886930657169, ""n_layers"": 1, ""units_layer_1"": 4}"
MLP Optuna,HF_pct,39,0.5609672934289016,COMPLETE,"{""activation"": ""tanh"", ""alpha"": 0.05500283056066961, ""batch_size"": 64, ""learning_rate_init"": 0.0027088389383123656, ""n_layers"": 1, ""units_layer_1"": 2}"
MLP Optuna,HF_pct,40,0.5673404737543429,COMPLETE,"{""activation"": ""relu"", ""alpha"": 0.03688235836379939, ""batch_size"": 64, ""learning_rate_init"": 0.001707746057800317, ""n_layers"": 1, ""units_layer_1"": 4}"
MLP Optuna,HF_pct,41,0.5681984390116532,COMPLETE,"{""activation"": ""relu"", ""alpha"": 0.0054371035828838146, ""batch_size"": 32, ""learning_rate_init"": 0.00032085529632718733, ""n_layers"": 1, ""units_layer_1"": 2}"
MLP Optuna,HF_pct,42,0.5549096260712914,COMPLETE,"{""activation"": ""relu"", ""alpha"": 0.05891447890265988, ""batch_size"": 64, ""learning_rate_init"": 0.0025429101314884744, ""n_layers"": 1, ""units_layer_1"": 2}"
MLP Optuna,HF_pct,43,0.5569019800404981,COMPLETE,"{""activation"": ""relu"", ""alpha"": 0.06148338075210595, ""batch_size"": 64, ""learning_rate_init"": 0.004959171672937068, ""n_layers"": 1, ""units_layer_1"": 2}"
MLP Optuna,HF_pct,44,0.5555417712396348,COMPLETE,"{""activation"": ""relu"", ""alpha"": 0.06940265440586854, ""batch_size"": 64, ""learning_rate_init"": 0.0020578809195554125, ""n_layers"": 1, ""units_layer_1"": 2}"
MLP Optuna,HF_pct,45,0.5622664048038886,COMPLETE,"{""activation"": ""relu"", ""alpha"": 0.032994932323006924, ""batch_size"": 64, ""learning_rate_init"": 0.001223400374014996, ""n_layers"": 1, ""units_layer_1"": 2}"
MLP Optuna,HF_pct,46,0.5576396500243658,COMPLETE,"{""activation"": ""tanh"", ""alpha"": 0.09510466453421172, ""batch_size"": 16, ""learning_rate_init"": 0.002809890957715576, ""n_layers"": 1, ""units_layer_1"": 2}"
MLP Optuna,HF_pct,47,0.5553015906308463,COMPLETE,"{""activation"": ""relu"", ""alpha"": 0.016815930386461012, ""batch_size"": 64, ""learning_rate_init"": 0.003762333696964908, ""n_layers"": 1, ""units_layer_1"": 2}"
MLP Optuna,HF_pct,48,0.5636602837269273,COMPLETE,"{""activation"": ""relu"", ""alpha"": 6.819093838849912e-05, ""batch_size"": 64, ""learning_rate_init"": 0.002338945145936011, ""n_layers"": 1, ""units_layer_1"": 4}"
MLP Optuna,HF_pct,49,0.5594780357062865,COMPLETE,"{""activation"": ""tanh"", ""alpha"": 0.04129982678681913, ""batch_size"": 16, ""learning_rate_init"": 0.001857199393101515, ""n_layers"": 2, ""units_layer_1"": 2, ""units_layer_2"": 2}"
MLP Optuna,HF_pct,50,0.5564675250764883,COMPLETE,"{""activation"": ""relu"", ""alpha"": 0.028193852120782913, ""batch_size"": 32, ""learning_rate_init"": 0.0015917748897692364, ""n_layers"": 1, ""units_layer_1"": 2}"
Hybride 2 branches MLP + XGBoost Optuna,Solid_Yield_pct,1,0.8887199963296663,COMPLETE,"{""activation"": ""relu"", ""alpha"": 0.002029287062133771, ""batch_size"": 32, ""learning_rate_init"": 0.0038664744212343538, ""mlp_weight"": 0.6591576998152129, ""n_layers"": 1, ""units_layer_1"": 2, ""xgb_colsample_bytree"": 0.7224746669958563, ""xgb_learning_rate"": 0.029763630968551544, ""xgb_max_depth"": 4, ""xgb_min_child_weight"": 5.14623589742071, ""xgb_n_estimators"": 180, ""xgb_reg_alpha"": 0.0007375108421097154, ""xgb_reg_lambda"": 0.3319438900713907, ""xgb_subsample"": 0.882153257584809}"
Hybride 2 branches MLP + XGBoost Optuna,Solid_Yield_pct,2,0.8754975637728677,COMPLETE,"{""activation"": ""tanh"", ""alpha"": 0.002003040631176859, ""batch_size"": 16, ""learning_rate_init"": 0.0035849681605469265, ""mlp_weight"": 0.43176137104483625, ""n_layers"": 1, ""units_layer_1"": 2, ""xgb_colsample_bytree"": 0.7673845929291478, ""xgb_learning_rate"": 0.09322958001028012, ""xgb_max_depth"": 2, ""xgb_min_child_weight"": 1.6199053205369514, ""xgb_n_estimators"": 80, ""xgb_reg_alpha"": 0.00013245104246940832, ""xgb_reg_lambda"": 2.79747359469619, ""xgb_subsample"": 0.918632034316375}"
Hybride 2 branches MLP + XGBoost Optuna,Solid_Yield_pct,3,0.8825212865693599,COMPLETE,"{""activation"": ""tanh"", ""alpha"": 0.013125632634337277, ""batch_size"": 64, ""learning_rate_init"": 0.00019125396573747893, ""mlp_weight"": 0.28601905878997935, ""n_layers"": 2, ""units_layer_1"": 4, ""units_layer_2"": 2, ""xgb_colsample_bytree"": 0.9149115646412145, ""xgb_learning_rate"": 0.02729349694962188, ""xgb_max_depth"": 2, ""xgb_min_child_weight"": 2.492100438918009, ""xgb_n_estimators"": 120, ""xgb_reg_alpha"": 0.10737548978172409, ""xgb_reg_lambda"": 0.13502423725902118, ""xgb_subsample"": 0.7159477553951664}"
Hybride 2 branches MLP + XGBoost Optuna,Solid_Yield_pct,4,0.8803477638620315,COMPLETE,"{""activation"": ""tanh"", ""alpha"": 1.4107725859355197e-05, ""batch_size"": 16, ""learning_rate_init"": 0.0009987581676766263, ""mlp_weight"": 0.38330740173857514, ""n_layers"": 1, ""units_layer_1"": 4, ""xgb_colsample_bytree"": 0.8899238555366423, ""xgb_learning_rate"": 0.02179797321018549, ""xgb_max_depth"": 4, ""xgb_min_child_weight"": 4.381663124138029, ""xgb_n_estimators"": 120, ""xgb_reg_alpha"": 1.2017961643550489e-05, ""xgb_reg_lambda"": 0.24243692404898715, ""xgb_subsample"": 0.7148231861399551}"
Hybride 2 branches MLP + XGBoost Optuna,Solid_Yield_pct,5,0.8753734136860384,COMPLETE,"{""activation"": ""tanh"", ""alpha"": 0.0007646412504477603, ""batch_size"": 64, ""learning_rate_init"": 0.0016563699388442168, ""mlp_weight"": 0.7280234219650705, ""n_layers"": 2, ""units_layer_1"": 2, ""units_layer_2"": 2, ""xgb_colsample_bytree"": 0.9897807941847082, ""xgb_learning_rate"": 0.04450303800065264, ""xgb_max_depth"": 2, ""xgb_min_child_weight"": 3.068759470459468, ""xgb_n_estimators"": 180, ""xgb_reg_alpha"": 1.3040338044943387e-05, ""xgb_reg_lambda"": 7.99911756700703, ""xgb_subsample"": 0.9805956946962509}"
Hybride 2 branches MLP + XGBoost Optuna,Solid_Yield_pct,6,0.8780008351569648,COMPLETE,"{""activation"": ""relu"", ""alpha"": 0.0016841753090218977, ""batch_size"": 64, ""learning_rate_init"": 0.0008198944736467755, ""mlp_weight"": 0.5236886338134656, ""n_layers"": 2, ""units_layer_1"": 2, ""units_layer_2"": 2, ""xgb_colsample_bytree"": 0.7066195170469419, ""xgb_learning_rate"": 0.09079623792803468, ""xgb_max_depth"": 3, ""xgb_min_child_weight"": 2.1479326438097956, ""xgb_n_estimators"": 80, ""xgb_reg_alpha"": 0.058265183230327644, ""xgb_reg_lambda"": 0.6984906667376283, ""xgb_subsample"": 0.9356888128823052}"
Hybride 2 branches MLP + XGBoost Optuna,Solid_Yield_pct,7,0.8792080261911961,COMPLETE,"{""activation"": ""tanh"", ""alpha"": 0.008349151558848114, ""batch_size"": 64, ""learning_rate_init"": 0.0010013461361182657, ""mlp_weight"": 0.4512837543560157, ""n_layers"": 2, ""units_layer_1"": 2, ""units_layer_2"": 2, ""xgb_colsample_bytree"": 0.7370134481849443, ""xgb_learning_rate"": 0.0552294026500574, ""xgb_max_depth"": 3, ""xgb_min_child_weight"": 3.099364618604982, ""xgb_n_estimators"": 120, ""xgb_reg_alpha"": 0.10041592245890711, ""xgb_reg_lambda"": 1.8330999717672347, ""xgb_subsample"": 0.968098483638661}"
Hybride 2 branches MLP + XGBoost Optuna,Solid_Yield_pct,8,0.8814243712809675,COMPLETE,"{""activation"": ""relu"", ""alpha"": 1.3214088723655768e-05, ""batch_size"": 16, ""learning_rate_init"": 0.0002534625840579853, ""mlp_weight"": 0.2596397939048734, ""n_layers"": 2, ""units_layer_1"": 2, ""units_layer_2"": 2, ""xgb_colsample_bytree"": 0.9876175132975957, ""xgb_learning_rate"": 0.04211425080183333, ""xgb_max_depth"": 3, ""xgb_min_child_weight"": 2.488601705800477, ""xgb_n_estimators"": 80, ""xgb_reg_alpha"": 0.0004616458006525033, ""xgb_reg_lambda"": 4.66927865574966, ""xgb_subsample"": 0.7278733377359502}"
Hybride 2 branches MLP + XGBoost Optuna,Solid_Yield_pct,9,0.8822848840990106,COMPLETE,"{""activation"": ""tanh"", ""alpha"": 0.04337054721235735, ""batch_size"": 16, ""learning_rate_init"": 0.00019833665991426683, ""mlp_weight"": 0.6988749452086152, ""n_layers"": 2, ""units_layer_1"": 4, ""units_layer_2"": 2, ""xgb_colsample_bytree"": 0.8759299478000364, ""xgb_learning_rate"": 0.06887410825510766, ""xgb_max_depth"": 4, ""xgb_min_child_weight"": 4.5326673353408165, ""xgb_n_estimators"": 180, ""xgb_reg_alpha"": 0.09780239053187596, ""xgb_reg_lambda"": 6.692292272045199, ""xgb_subsample"": 0.8771233425742869}"
Hybride 2 branches MLP + XGBoost Optuna,Solid_Yield_pct,10,0.8837049670612143,COMPLETE,"{""activation"": ""tanh"", ""alpha"": 0.00025664292727679453, ""batch_size"": 32, ""learning_rate_init"": 0.0007017661017678511, ""mlp_weight"": 0.4929903161140314, ""n_layers"": 1, ""units_layer_1"": 2, ""xgb_colsample_bytree"": 0.7259654648674636, ""xgb_learning_rate"": 0.03640746526729379, ""xgb_max_depth"": 4, ""xgb_min_child_weight"": 3.9690769185835264, ""xgb_n_estimators"": 180, ""xgb_reg_alpha"": 4.095314764983641e-05, ""xgb_reg_lambda"": 0.3369353624346192, ""xgb_subsample"": 0.8563985696793344}"
Hybride 2 branches MLP + XGBoost Optuna,Solid_Yield_pct,11,0.8804185043488196,COMPLETE,"{""activation"": ""relu"", ""alpha"": 0.00010425062724178676, ""batch_size"": 64, ""learning_rate_init"": 0.001919234143509137, ""mlp_weight"": 0.6071584522396193, ""n_layers"": 1, ""units_layer_1"": 4, ""xgb_colsample_bytree"": 0.824471965626473, ""xgb_learning_rate"": 0.05627287941520246, ""xgb_max_depth"": 2, ""xgb_min_child_weight"": 5.728692036256666, ""xgb_n_estimators"": 180, ""xgb_reg_alpha"": 0.007548674319015647, ""xgb_reg_lambda"": 1.1016449933037693, ""xgb_subsample"": 0.8069199926244242}"
Hybride 2 branches MLP + XGBoost Optuna,Solid_Yield_pct,12,0.8750508172337511,COMPLETE,"{""activation"": ""tanh"", ""alpha"": 0.0007084516301292957, ""batch_size"": 16, ""learning_rate_init"": 0.003897730286807536, ""mlp_weight"": 0.7829062151229537, ""n_layers"": 1, ""units_layer_1"": 2, ""xgb_colsample_bytree"": 0.9886805067898526, ""xgb_learning_rate"": 0.11960158406723449, ""xgb_max_depth"": 2, ""xgb_min_child_weight"": 1.0691944846404566, ""xgb_n_estimators"": 80, ""xgb_reg_alpha"": 0.00018026939657618085, ""xgb_reg_lambda"": 3.4079799912635993, ""xgb_subsample"": 0.9930110690763599}"
Hybride 2 branches MLP + XGBoost Optuna,Solid_Yield_pct,13,0.8749331361519463,COMPLETE,"{""activation"": ""tanh"", ""alpha"": 0.00021010829571656062, ""batch_size"": 64, ""learning_rate_init"": 0.0020743979310235265, ""mlp_weight"": 0.7820849262902898, ""n_layers"": 1, ""units_layer_1"": 2, ""xgb_colsample_bytree"": 0.9986660829255152, ""xgb_learning_rate"": 0.11907124447631026, ""xgb_max_depth"": 2, ""xgb_min_child_weight"": 1.2108971331568088, ""xgb_n_estimators"": 80, ""xgb_reg_alpha"": 1.0964911371264237e-05, ""xgb_reg_lambda"": 9.5925479832052, ""xgb_subsample"": 0.9846809322445188}"
Hybride 2 branches MLP + XGBoost Optuna,Solid_Yield_pct,14,0.8757473439575547,COMPLETE,"{""activation"": ""tanh"", ""alpha"": 8.729132353102825e-05, ""batch_size"": 16, ""learning_rate_init"": 0.00497354713019559, ""mlp_weight"": 0.7998266454734724, ""n_layers"": 1, ""units_layer_1"": 2, ""xgb_colsample_bytree"": 0.9475348757463522, ""xgb_learning_rate"": 0.11812471359683827, ""xgb_max_depth"": 2, ""xgb_min_child_weight"": 1.0757658722596295, ""xgb_n_estimators"": 80, ""xgb_reg_alpha"": 0.0008563035941377977, ""xgb_reg_lambda"": 9.635987691555794, ""xgb_subsample"": 0.9929354399551394}"
Hybride 2 branches MLP + XGBoost Optuna,Solid_Yield_pct,15,0.8755941944118346,COMPLETE,"{""activation"": ""tanh"", ""alpha"": 0.00029897423206195285, ""batch_size"": 32, ""learning_rate_init"": 0.0020537650298655076, ""mlp_weight"": 0.7997580649625479, ""n_layers"": 1, ""units_layer_1"": 2, ""xgb_colsample_bytree"": 0.9475642246079032, ""xgb_learning_rate"": 0.11947015962429601, ""xgb_max_depth"": 3, ""xgb_min_child_weight"": 1.0200931496351415, ""xgb_n_estimators"": 80, ""xgb_reg_alpha"": 9.239973506028692e-05, ""xgb_reg_lambda"": 3.5908379891142563, ""xgb_subsample"": 0.9432352134389534}"
Hybride 2 branches MLP + XGBoost Optuna,Solid_Yield_pct,16,0.8743294352618198,COMPLETE,"{""activation"": ""tanh"", ""alpha"": 5.672169215733258e-05, ""batch_size"": 64, ""learning_rate_init"": 0.002647814142741809, ""mlp_weight"": 0.595789146843575, ""n_layers"": 1, ""units_layer_1"": 2, ""xgb_colsample_bytree"": 0.9554431756083523, ""xgb_learning_rate"": 0.08950461749109447, ""xgb_max_depth"": 2, ""xgb_min_child_weight"": 1.6386005627687763, ""xgb_n_estimators"": 80, ""xgb_reg_alpha"": 0.004166044571574908, ""xgb_reg_lambda"": 2.027848412456579, ""xgb_subsample"": 0.9989942236339503}"
Hybride 2 branches MLP + XGBoost Optuna,Solid_Yield_pct,17,0.8745477096252403,COMPLETE,"{""activation"": ""tanh"", ""alpha"": 3.891620936915523e-05, ""batch_size"": 64, ""learning_rate_init"": 0.000400961334129344, ""mlp_weight"": 0.5869812314995588, ""n_layers"": 1, ""units_layer_1"": 2, ""xgb_colsample_bytree"": 0.9420918415709159, ""xgb_learning_rate"": 0.08521564977330616, ""xgb_max_depth"": 2, ""xgb_min_child_weight"": 1.8484921030341592, ""xgb_n_estimators"": 80, ""xgb_reg_alpha"": 0.006612940473160784, ""xgb_reg_lambda"": 1.4515405140356061, ""xgb_subsample"": 0.947335320174333}"
Hybride 2 branches MLP + XGBoost Optuna,Solid_Yield_pct,18,0.875879791679955,COMPLETE,"{""activation"": ""tanh"", ""alpha"": 3.5160125188347795e-05, ""batch_size"": 64, ""learning_rate_init"": 0.0003438616937471474, ""mlp_weight"": 0.5819858691886277, ""n_layers"": 1, ""units_layer_1"": 2, ""xgb_colsample_bytree"": 0.8360793477705216, ""xgb_learning_rate"": 0.0780156982017606, ""xgb_max_depth"": 3, ""xgb_min_child_weight"": 2.0511853627482397, ""xgb_n_estimators"": 80, ""xgb_reg_alpha"": 0.9478097263568406, ""xgb_reg_lambda"": 1.1666673287381397, ""xgb_subsample"": 0.9209478293456885}"
Hybride 2 branches MLP + XGBoost Optuna,Solid_Yield_pct,19,0.8900228021553543,COMPLETE,"{""activation"": ""relu"", ""alpha"": 3.745857423984364e-05, ""batch_size"": 64, ""learning_rate_init"": 0.00011574303160991809, ""mlp_weight"": 0.5806502839366404, ""n_layers"": 1, ""units_layer_1"": 4, ""xgb_colsample_bytree"": 0.9394109383776665, ""xgb_learning_rate"": 0.06799206700395401, ""xgb_max_depth"": 2, ""xgb_min_child_weight"": 3.401224541198985, ""xgb_n_estimators"": 80, ""xgb_reg_alpha"": 0.004906706980262183, ""xgb_reg_lambda"": 0.6979747905857703, ""xgb_subsample"": 0.8207899244935349}"
Hybride 2 branches MLP + XGBoost Optuna,Solid_Yield_pct,20,0.8754673421262689,COMPLETE,"{""activation"": ""tanh"", ""alpha"": 3.774835347133292e-05, ""batch_size"": 64, ""learning_rate_init"": 0.0005003002985149206, ""mlp_weight"": 0.635967350823617, ""n_layers"": 1, ""units_layer_1"": 2, ""xgb_colsample_bytree"": 0.8599397997035707, ""xgb_learning_rate"": 0.09043926859573954, ""xgb_max_depth"": 3, ""xgb_min_child_weight"": 1.5348137504653976, ""xgb_n_estimators"": 80, ""xgb_reg_alpha"": 0.004328028355055878, ""xgb_reg_lambda"": 1.912585116178906, ""xgb_subsample"": 0.9574501472653665}"
Hybride 2 branches MLP + XGBoost Optuna,Solid_Yield_pct,21,0.874400564104701,COMPLETE,"{""activation"": ""tanh"", ""alpha"": 8.241713879625001e-05, ""batch_size"": 64, ""learning_rate_init"": 0.0005045856192461271, ""mlp_weight"": 0.5346878077692025, ""n_layers"": 1, ""units_layer_1"": 2, ""xgb_colsample_bytree"": 0.9122754540860515, ""xgb_learning_rate"": 0.06130640330872382, ""xgb_max_depth"": 2, ""xgb_min_child_weight"": 2.0871157179218947, ""xgb_n_estimators"": 120, ""xgb_reg_alpha"": 0.01827660591188081, ""xgb_reg_lambda"": 0.9386493463290488, ""xgb_subsample"": 0.8998481584934304}"
Hybride 2 branches MLP + XGBoost Optuna,Solid_Yield_pct,22,0.8747519385773203,COMPLETE,"{""activation"": ""tanh"", ""alpha"": 9.158942587045065e-05, ""batch_size"": 64, ""learning_rate_init"": 0.0004285310266148992, ""mlp_weight"": 0.5288184849747611, ""n_layers"": 1, ""units_layer_1"": 2, ""xgb_colsample_bytree"": 0.9143304246910987, ""xgb_learning_rate"": 0.0559237352200822, ""xgb_max_depth"": 2, ""xgb_min_child_weight"": 1.9123596524730215, ""xgb_n_estimators"": 120, ""xgb_reg_alpha"": 0.018104401363360882, ""xgb_reg_lambda"": 0.8362358352580891, ""xgb_subsample"": 0.892643431905376}"
Hybride 2 branches MLP + XGBoost Optuna,Solid_Yield_pct,23,0.8835444094437003,COMPLETE,"{""activation"": ""tanh"", ""alpha"": 2.629406096930141e-05, ""batch_size"": 64, ""learning_rate_init"": 0.00011320197743036831, ""mlp_weight"": 0.5507260175210194, ""n_layers"": 1, ""units_layer_1"": 2, ""xgb_colsample_bytree"": 0.9174623252308594, ""xgb_learning_rate"": 0.07505666171880829, ""xgb_max_depth"": 2, ""xgb_min_child_weight"": 2.4503273657219586, ""xgb_n_estimators"": 120, ""xgb_reg_alpha"": 0.02222308706928119, ""xgb_reg_lambda"": 2.0034771117886176, ""xgb_subsample"": 0.91164139838588}"
Hybride 2 branches MLP + XGBoost Optuna,Solid_Yield_pct,24,0.879064667699384,COMPLETE,"{""activation"": ""tanh"", ""alpha"": 7.804312677006123e-05, ""batch_size"": 64, ""learning_rate_init"": 0.0006459141389641616, ""mlp_weight"": 0.39051777609042204, ""n_layers"": 1, ""units_layer_1"": 2, ""xgb_colsample_bytree"": 0.9649662520749214, ""xgb_learning_rate"": 0.09944641528283837, ""xgb_max_depth"": 2, ""xgb_min_child_weight"": 1.680163946878155, ""xgb_n_estimators"": 120, ""xgb_reg_alpha"": 0.002927782045325278, ""xgb_reg_lambda"": 1.27520333885619, ""xgb_subsample"": 0.8433791469608634}"
Hybride 2 branches MLP + XGBoost Optuna,Solid_Yield_pct,25,0.8738211963242797,COMPLETE,"{""activation"": ""tanh"", ""alpha"": 1.0063405669435901e-05, ""batch_size"": 64, ""learning_rate_init"": 0.0011806528271490627, ""mlp_weight"": 0.6876244223516931, ""n_layers"": 1, ""units_layer_1"": 2, ""xgb_colsample_bytree"": 0.8955842724952789, ""xgb_learning_rate"": 0.06516415344577126, ""xgb_max_depth"": 2, ""xgb_min_child_weight"": 2.8418352470371957, ""xgb_n_estimators"": 120, ""xgb_reg_alpha"": 0.0019493204739330046, ""xgb_reg_lambda"": 0.4740195603741177, ""xgb_subsample"": 0.952236311623167}"
Hybride 2 branches MLP + XGBoost Optuna,Solid_Yield_pct,26,0.8734276807738471,COMPLETE,"{""activation"": ""tanh"", ""alpha"": 1.0366697766301578e-05, ""batch_size"": 32, ""learning_rate_init"": 0.0013192370543510983, ""mlp_weight"": 0.6829286119658516, ""n_layers"": 1, ""units_layer_1"": 2, ""xgb_colsample_bytree"": 0.8920270121146927, ""xgb_learning_rate"": 0.06088207882178667, ""xgb_max_depth"": 2, ""xgb_min_child_weight"": 3.055286126332233, ""xgb_n_estimators"": 120, ""xgb_reg_alpha"": 0.0020370481714594825, ""xgb_reg_lambda"": 0.43412938836723175, ""xgb_subsample"": 0.9662495140438148}"
Hybride 2 branches MLP + XGBoost Optuna,Solid_Yield_pct,27,0.8782279477910988,COMPLETE,"{""activation"": ""relu"", ""alpha"": 1.4230710624492213e-05, ""batch_size"": 32, ""learning_rate_init"": 0.0014836153929502782, ""mlp_weight"": 0.730284353071607, ""n_layers"": 1, ""units_layer_1"": 4, ""xgb_colsample_bytree"": 0.8218944715739948, ""xgb_learning_rate"": 0.046139592765531756, ""xgb_max_depth"": 2, ""xgb_min_child_weight"": 3.362298166734711, ""xgb_n_estimators"": 120, ""xgb_reg_alpha"": 0.0016279152784467882, ""xgb_reg_lambda"": 0.44249166921470995, ""xgb_subsample"": 0.9668096719482885}"
Hybride 2 branches MLP + XGBoost Optuna,Solid_Yield_pct,28,0.8758336117491515,COMPLETE,"{""activation"": ""tanh"", ""alpha"": 1.0791644692558533e-05, ""batch_size"": 32, ""learning_rate_init"": 0.0012856941974239181, ""mlp_weight"": 0.6541026045894041, ""n_layers"": 1, ""units_layer_1"": 2, ""xgb_colsample_bytree"": 0.8501665318480444, ""xgb_learning_rate"": 0.06608504570711177, ""xgb_max_depth"": 3, ""xgb_min_child_weight"": 2.8416035743617782, ""xgb_n_estimators"": 120, ""xgb_reg_alpha"": 0.00032399016563810774, ""xgb_reg_lambda"": 0.11686474082695097, ""xgb_subsample"": 0.9998359011445543}"
Hybride 2 branches MLP + XGBoost Optuna,Solid_Yield_pct,29,0.8739066200608644,COMPLETE,"{""activation"": ""tanh"", ""alpha"": 1.958673825777238e-05, ""batch_size"": 32, ""learning_rate_init"": 0.0026715436798961764, ""mlp_weight"": 0.6987329057843833, ""n_layers"": 1, ""units_layer_1"": 2, ""xgb_colsample_bytree"": 0.8877402671203038, ""xgb_learning_rate"": 0.049570404883556206, ""xgb_max_depth"": 2, ""xgb_min_child_weight"": 3.744725560215265, ""xgb_n_estimators"": 120, ""xgb_reg_alpha"": 0.001969431878998115, ""xgb_reg_lambda"": 0.19886010690149716, ""xgb_subsample"": 0.9328067256221019}"
Hybride 2 branches MLP + XGBoost Optuna,Solid_Yield_pct,30,0.8888226266666605,COMPLETE,"{""activation"": ""relu"", ""alpha"": 2.1889161506960854e-05, ""batch_size"": 32, ""learning_rate_init"": 0.0027629270254511213, ""mlp_weight"": 0.6921489041966046, ""n_layers"": 1, ""units_layer_1"": 2, ""xgb_colsample_bytree"": 0.800388194860232, ""xgb_learning_rate"": 0.04911035180732868, ""xgb_max_depth"": 2, ""xgb_min_child_weight"": 3.898815290320409, ""xgb_n_estimators"": 120, ""xgb_reg_alpha"": 0.0013150148345975937, ""xgb_reg_lambda"": 0.19252468976499804, ""xgb_subsample"": 0.8745099017180583}"
Hybride 2 branches MLP + XGBoost Optuna,Solid_Yield_pct,31,0.8749233790390034,COMPLETE,"{""activation"": ""tanh"", ""alpha"": 2.4198226001834442e-05, ""batch_size"": 32, ""learning_rate_init"": 0.001054992557477557, ""mlp_weight"": 0.6918543750835917, ""n_layers"": 1, ""units_layer_1"": 2, ""xgb_colsample_bytree"": 0.8874462509268046, ""xgb_learning_rate"": 0.03427490475994034, ""xgb_max_depth"": 3, ""xgb_min_child_weight"": 3.7860796012102034, ""xgb_n_estimators"": 120, ""xgb_reg_alpha"": 0.0015576570725171588, ""xgb_reg_lambda"": 0.5002457643770442, ""xgb_subsample"": 0.9330489176065311}"
Hybride 2 branches MLP + XGBoost Optuna,Solid_Yield_pct,32,0.8747456039747696,COMPLETE,"{""activation"": ""tanh"", ""alpha"": 1.0805252972501476e-05, ""batch_size"": 32, ""learning_rate_init"": 0.002614737590557247, ""mlp_weight"": 0.6393920360614085, ""n_layers"": 1, ""units_layer_1"": 2, ""xgb_colsample_bytree"": 0.8729049855222071, ""xgb_learning_rate"": 0.051173788150535485, ""xgb_max_depth"": 2, ""xgb_min_child_weight"": 4.846406720233026, ""xgb_n_estimators"": 120, ""xgb_reg_alpha"": 0.0025440724510243655, ""xgb_reg_lambda"": 0.2211347944309039, ""xgb_subsample"": 0.9653366802421506}"
Hybride 2 branches MLP + XGBoost Optuna,Solid_Yield_pct,33,0.8750172370511808,COMPLETE,"{""activation"": ""tanh"", ""alpha"": 6.258272106350379e-05, ""batch_size"": 32, ""learning_rate_init"": 0.0027277130478009313, ""mlp_weight"": 0.7341437449808399, ""n_layers"": 1, ""units_layer_1"": 2, ""xgb_colsample_bytree"": 0.903008661377781, ""xgb_learning_rate"": 0.039590346959047666, ""xgb_max_depth"": 2, ""xgb_min_child_weight"": 3.408438998714213, ""xgb_n_estimators"": 120, ""xgb_reg_alpha"": 0.0006248723223433797, ""xgb_reg_lambda"": 0.33032279628727124, ""xgb_subsample"": 0.9526058837715311}"
Hybride 2 branches MLP + XGBoost Optuna,Solid_Yield_pct,34,0.8740733248065775,COMPLETE,"{""activation"": ""tanh"", ""alpha"": 1.9621526042786907e-05, ""batch_size"": 32, ""learning_rate_init"": 0.003582185824195121, ""mlp_weight"": 0.6256296619982651, ""n_layers"": 1, ""units_layer_1"": 2, ""xgb_colsample_bytree"": 0.9637390434977002, ""xgb_learning_rate"": 0.10129324325150556, ""xgb_max_depth"": 2, ""xgb_min_child_weight"": 2.8787694972967293, ""xgb_n_estimators"": 120, ""xgb_reg_alpha"": 0.011843203665423107, ""xgb_reg_lambda"": 0.43188635970535183, ""xgb_subsample"": 0.9224346504425625}"
Hybride 2 branches MLP + XGBoost Optuna,Solid_Yield_pct,35,0.8742856905236677,COMPLETE,"{""activation"": ""tanh"", ""alpha"": 2.0461288069920266e-05, ""batch_size"": 32, ""learning_rate_init"": 0.003706486827056303, ""mlp_weight"": 0.6777412854550243, ""n_layers"": 1, ""units_layer_1"": 2, ""xgb_colsample_bytree"": 0.931206944671093, ""xgb_learning_rate"": 0.10076019321112296, ""xgb_max_depth"": 2, ""xgb_min_child_weight"": 2.789801114938531, ""xgb_n_estimators"": 120, ""xgb_reg_alpha"": 0.012170311254976179, ""xgb_reg_lambda"": 0.16309923548184832, ""xgb_subsample"": 0.9151630282055102}"
Hybride 2 branches MLP + XGBoost Optuna,Solid_Yield_pct,36,0.8719318409050955,COMPLETE,"{""activation"": ""tanh"", ""alpha"": 1.7530447479633114e-05, ""batch_size"": 32, ""learning_rate_init"": 0.00464306612564052, ""mlp_weight"": 0.7369188646509103, ""n_layers"": 1, ""units_layer_1"": 4, ""xgb_colsample_bytree"": 0.8930265053055926, ""xgb_learning_rate"": 0.07761887276232729, ""xgb_max_depth"": 2, ""xgb_min_child_weight"": 4.28246869698028, ""xgb_n_estimators"": 120, ""xgb_reg_alpha"": 0.03975612007903971, ""xgb_reg_lambda"": 0.2905156623858655, ""xgb_subsample"": 0.9246715875314375}"
Hybride 2 branches MLP + XGBoost Optuna,Solid_Yield_pct,37,0.8716446651643807,COMPLETE,"{""activation"": ""tanh"", ""alpha"": 0.00015424687519528509, ""batch_size"": 32, ""learning_rate_init"": 0.004829890804608713, ""mlp_weight"": 0.7351356390772779, ""n_layers"": 1, ""units_layer_1"": 4, ""xgb_colsample_bytree"": 0.8922144386723752, ""xgb_learning_rate"": 0.07903881085525846, ""xgb_max_depth"": 2, ""xgb_min_child_weight"": 4.396906559471765, ""xgb_n_estimators"": 120, ""xgb_reg_alpha"": 0.4405135180139715, ""xgb_reg_lambda"": 0.2754225234235893, ""xgb_subsample"": 0.8996010361332847}"
Hybride 2 branches MLP + XGBoost Optuna,Solid_Yield_pct,38,0.872287904432864,COMPLETE,"{""activation"": ""tanh"", ""alpha"": 0.0006105781281005541, ""batch_size"": 32, ""learning_rate_init"": 0.004976866708131472, ""mlp_weight"": 0.7573394240024127, ""n_layers"": 1, ""units_layer_1"": 4, ""xgb_colsample_bytree"": 0.7886982018295772, ""xgb_learning_rate"": 0.07600651966473385, ""xgb_max_depth"": 2, ""xgb_min_child_weight"": 5.275816326658515, ""xgb_n_estimators"": 120, ""xgb_reg_alpha"": 0.3965103711321201, ""xgb_reg_lambda"": 0.28282059603036913, ""xgb_subsample"": 0.8962938786346825}"
Hybride 2 branches MLP + XGBoost Optuna,Solid_Yield_pct,39,0.9001211859643604,COMPLETE,"{""activation"": ""relu"", ""alpha"": 0.0007106855822155415, ""batch_size"": 32, ""learning_rate_init"": 0.004999939894946496, ""mlp_weight"": 0.7541908393960166, ""n_layers"": 2, ""units_layer_1"": 4, ""units_layer_2"": 2, ""xgb_colsample_bytree"": 0.7751132269863951, ""xgb_learning_rate"": 0.07922372709404024, ""xgb_max_depth"": 2, ""xgb_min_child_weight"": 5.420599203823263, ""xgb_n_estimators"": 120, ""xgb_reg_alpha"": 0.5790907207736276, ""xgb_reg_lambda"": 0.3143005915149308, ""xgb_subsample"": 0.8615847759885089}"
Hybride 2 branches MLP + XGBoost Optuna,Solid_Yield_pct,40,0.8692669057052969,COMPLETE,"{""activation"": ""tanh"", ""alpha"": 0.007278603015431082, ""batch_size"": 32, ""learning_rate_init"": 0.004214727251469359, ""mlp_weight"": 0.767261617382776, ""n_layers"": 1, ""units_layer_1"": 4, ""xgb_colsample_bytree"": 0.7589653629570015, ""xgb_learning_rate"": 0.021463233293575606, ""xgb_max_depth"": 2, ""xgb_min_child_weight"": 5.122673139966612, ""xgb_n_estimators"": 120, ""xgb_reg_alpha"": 0.2297546701147062, ""xgb_reg_lambda"": 0.10069900840557462, ""xgb_subsample"": 0.895766137250589}"
Hybride 2 branches MLP + XGBoost Optuna,Solid_Yield_pct,41,0.8700804452087405,COMPLETE,"{""activation"": ""tanh"", ""alpha"": 0.0046872520797723955, ""batch_size"": 32, ""learning_rate_init"": 0.004476761984946355, ""mlp_weight"": 0.7520039318879264, ""n_layers"": 1, ""units_layer_1"": 4, ""xgb_colsample_bytree"": 0.7557318254187092, ""xgb_learning_rate"": 0.020954073056586007, ""xgb_max_depth"": 3, ""xgb_min_child_weight"": 5.118462017050769, ""xgb_n_estimators"": 180, ""xgb_reg_alpha"": 0.2956466421384015, ""xgb_reg_lambda"": 0.14514243179862732, ""xgb_subsample"": 0.8965558774890376}"
Hybride 2 branches MLP + XGBoost Optuna,Solid_Yield_pct,42,0.8738814392921732,COMPLETE,"{""activation"": ""tanh"", ""alpha"": 0.0072298875919652485, ""batch_size"": 32, ""learning_rate_init"": 0.004110755503187232, ""mlp_weight"": 0.756518293054129, ""n_layers"": 1, ""units_layer_1"": 4, ""xgb_colsample_bytree"": 0.7544920622694152, ""xgb_learning_rate"": 0.020186260569043983, ""xgb_max_depth"": 4, ""xgb_min_child_weight"": 5.01899456024431, ""xgb_n_estimators"": 180, ""xgb_reg_alpha"": 0.32705277373853087, ""xgb_reg_lambda"": 0.14548376856770112, ""xgb_subsample"": 0.8905969368696411}"
Hybride 2 branches MLP + XGBoost Optuna,Solid_Yield_pct,43,0.875448837927401,COMPLETE,"{""activation"": ""tanh"", ""alpha"": 0.015588398977362937, ""batch_size"": 32, ""learning_rate_init"": 0.00325750584735544, ""mlp_weight"": 0.74954946217214, ""n_layers"": 1, ""units_layer_1"": 4, ""xgb_colsample_bytree"": 0.7709615164125053, ""xgb_learning_rate"": 0.025258307612417537, ""xgb_max_depth"": 3, ""xgb_min_child_weight"": 4.467656940892457, ""xgb_n_estimators"": 180, ""xgb_reg_alpha"": 0.2165034465932427, ""xgb_reg_lambda"": 0.1038231554148862, ""xgb_subsample"": 0.9044715650713455}"
Hybride 2 branches MLP + XGBoost Optuna,Solid_Yield_pct,44,0.8711364747178181,COMPLETE,"{""activation"": ""tanh"", ""alpha"": 0.0029093754750496516, ""batch_size"": 32, ""learning_rate_init"": 0.004543731044617738, ""mlp_weight"": 0.767912211119865, ""n_layers"": 1, ""units_layer_1"": 4, ""xgb_colsample_bytree"": 0.7878896125296728, ""xgb_learning_rate"": 0.02448450574466391, ""xgb_max_depth"": 3, ""xgb_min_child_weight"": 5.393192639608642, ""xgb_n_estimators"": 180, ""xgb_reg_alpha"": 0.0521347161111944, ""xgb_reg_lambda"": 0.2726232821740997, ""xgb_subsample"": 0.8350708213468366}"
Hybride 2 branches MLP + XGBoost Optuna,Solid_Yield_pct,45,0.880997389495182,COMPLETE,"{""activation"": ""tanh"", ""alpha"": 0.0036071300402690624, ""batch_size"": 32, ""learning_rate_init"": 0.004163989107889015, ""mlp_weight"": 0.20244342619728628, ""n_layers"": 1, ""units_layer_1"": 4, ""xgb_colsample_bytree"": 0.7497283220239053, ""xgb_learning_rate"": 0.024369212894788436, ""xgb_max_depth"": 3, ""xgb_min_child_weight"": 5.922639234725626, ""xgb_n_estimators"": 180, ""xgb_reg_alpha"": 0.052791216469331756, ""xgb_reg_lambda"": 0.16723551230087277, ""xgb_subsample"": 0.7624296531917583}"
Hybride 2 branches MLP + XGBoost Optuna,Solid_Yield_pct,46,0.8762346331957211,COMPLETE,"{""activation"": ""tanh"", ""alpha"": 0.0028403849618284546, ""batch_size"": 32, ""learning_rate_init"": 0.0033080067317864414, ""mlp_weight"": 0.7223341036981011, ""n_layers"": 1, ""units_layer_1"": 4, ""xgb_colsample_bytree"": 0.7193103989233538, ""xgb_learning_rate"": 0.0314616402970655, ""xgb_max_depth"": 3, ""xgb_min_child_weight"": 4.739358493344718, ""xgb_n_estimators"": 180, ""xgb_reg_alpha"": 0.16238108623227424, ""xgb_reg_lambda"": 0.1262896000237776, ""xgb_subsample"": 0.8290334615650515}"
Hybride 2 branches MLP + XGBoost Optuna,Solid_Yield_pct,47,0.8697842019261863,COMPLETE,"{""activation"": ""tanh"", ""alpha"": 0.07269405151238799, ""batch_size"": 32, ""learning_rate_init"": 0.004309801508650108, ""mlp_weight"": 0.7176353735097093, ""n_layers"": 1, ""units_layer_1"": 4, ""xgb_colsample_bytree"": 0.8064055501139067, ""xgb_learning_rate"": 0.022163074292084153, ""xgb_max_depth"": 3, ""xgb_min_child_weight"": 5.519348895796018, ""xgb_n_estimators"": 180, ""xgb_reg_alpha"": 0.03804046554257392, ""xgb_reg_lambda"": 0.243749641790818, ""xgb_subsample"": 0.7850450998804575}"
Hybride 2 branches MLP + XGBoost Optuna,Solid_Yield_pct,48,0.8818005742410829,COMPLETE,"{""activation"": ""relu"", ""alpha"": 0.08679091533616078, ""batch_size"": 16, ""learning_rate_init"": 0.0032462264774759044, ""mlp_weight"": 0.7743003656732212, ""n_layers"": 2, ""units_layer_1"": 4, ""units_layer_2"": 2, ""xgb_colsample_bytree"": 0.8009731853873674, ""xgb_learning_rate"": 0.023944129746355226, ""xgb_max_depth"": 3, ""xgb_min_child_weight"": 5.562151050379114, ""xgb_n_estimators"": 180, ""xgb_reg_alpha"": 0.09974995063330144, ""xgb_reg_lambda"": 0.2585906479742778, ""xgb_subsample"": 0.7510167353172209}"
Hybride 2 branches MLP + XGBoost Optuna,Solid_Yield_pct,49,0.875522153822855,COMPLETE,"{""activation"": ""tanh"", ""alpha"": 0.024445641267316243, ""batch_size"": 32, ""learning_rate_init"": 0.002262477354594534, ""mlp_weight"": 0.7182839281641252, ""n_layers"": 1, ""units_layer_1"": 4, ""xgb_colsample_bytree"": 0.7570807008603065, ""xgb_learning_rate"": 0.021797260164879366, ""xgb_max_depth"": 4, ""xgb_min_child_weight"": 5.080781780644931, ""xgb_n_estimators"": 180, ""xgb_reg_alpha"": 0.18358628518948786, ""xgb_reg_lambda"": 0.14365878397487852, ""xgb_subsample"": 0.800311359922506}"
Hybride 2 branches MLP + XGBoost Optuna,Solid_Yield_pct,50,0.8737135756463363,COMPLETE,"{""activation"": ""tanh"", ""alpha"": 0.0013044885102456863, ""batch_size"": 32, ""learning_rate_init"": 0.0017820498304514777, ""mlp_weight"": 0.7715788703919416, ""n_layers"": 1, ""units_layer_1"": 4, ""xgb_colsample_bytree"": 0.7350564806518297, ""xgb_learning_rate"": 0.028107651911010344, ""xgb_max_depth"": 3, ""xgb_min_child_weight"": 5.97607980063583, ""xgb_n_estimators"": 180, ""xgb_reg_alpha"": 0.535165399360408, ""xgb_reg_lambda"": 0.10076858550879077, ""xgb_subsample"": 0.777371749346508}"
Hybride 2 branches MLP + XGBoost Optuna,Liquid_Yield_pct,1,0.9274135225631517,COMPLETE,"{""activation"": ""tanh"", ""alpha"": 0.000478767012205068, ""batch_size"": 32, ""learning_rate_init"": 0.0002547319949491961, ""mlp_weight"": 0.7087539316390639, ""n_layers"": 1, ""units_layer_1"": 4, ""xgb_colsample_bytree"": 0.9576180972100399, ""xgb_learning_rate"": 0.030900825928037633, ""xgb_max_depth"": 4, ""xgb_min_child_weight"": 5.99507439725792, ""xgb_n_estimators"": 80, ""xgb_reg_alpha"": 7.37087774337871e-05, ""xgb_reg_lambda"": 5.196490995541212, ""xgb_subsample"": 0.9870214550485252}"
Hybride 2 branches MLP + XGBoost Optuna,Liquid_Yield_pct,2,0.9266949040383942,COMPLETE,"{""activation"": ""tanh"", ""alpha"": 0.001984439315323849, ""batch_size"": 64, ""learning_rate_init"": 0.00035958019015433214, ""mlp_weight"": 0.6857738858659086, ""n_layers"": 1, ""units_layer_1"": 4, ""xgb_colsample_bytree"": 0.781491151369323, ""xgb_learning_rate"": 0.027615259322072545, ""xgb_max_depth"": 3, ""xgb_min_child_weight"": 4.438163063438516, ""xgb_n_estimators"": 80, ""xgb_reg_alpha"": 0.0023759766606426943, ""xgb_reg_lambda"": 1.7377712939534633, ""xgb_subsample"": 0.9407733178048422}"
Hybride 2 branches MLP + XGBoost Optuna,Liquid_Yield_pct,3,0.927286046691162,COMPLETE,"{""activation"": ""relu"", ""alpha"": 0.04978396476854985, ""batch_size"": 16, ""learning_rate_init"": 0.0043862620966058806, ""mlp_weight"": 0.4847337013394308, ""n_layers"": 2, ""units_layer_1"": 4, ""units_layer_2"": 2, ""xgb_colsample_bytree"": 0.9560332089425139, ""xgb_learning_rate"": 0.03720631604745667, ""xgb_max_depth"": 3, ""xgb_min_child_weight"": 1.8719990808152316, ""xgb_n_estimators"": 80, ""xgb_reg_alpha"": 0.15971889714712592, ""xgb_reg_lambda"": 2.650666700476886, ""xgb_subsample"": 0.8098161438509276}"
Hybride 2 branches MLP + XGBoost Optuna,Liquid_Yield_pct,4,0.9296834714491468,COMPLETE,"{""activation"": ""relu"", ""alpha"": 0.0007918017815245411, ""batch_size"": 16, ""learning_rate_init"": 0.00017305328647942354, ""mlp_weight"": 0.49884279954581384, ""n_layers"": 1, ""units_layer_1"": 2, ""xgb_colsample_bytree"": 0.992877137118877, ""xgb_learning_rate"": 0.10964106554869123, ""xgb_max_depth"": 4, ""xgb_min_child_weight"": 2.9028975273195585, ""xgb_n_estimators"": 120, ""xgb_reg_alpha"": 0.0009018725052176185, ""xgb_reg_lambda"": 4.453664361198169, ""xgb_subsample"": 0.9846758970481835}"
Hybride 2 branches MLP + XGBoost Optuna,Liquid_Yield_pct,5,0.9225871955003864,COMPLETE,"{""activation"": ""tanh"", ""alpha"": 9.685638449348432e-05, ""batch_size"": 64, ""learning_rate_init"": 0.0011657514275591814, ""mlp_weight"": 0.21011163609790806, ""n_layers"": 1, ""units_layer_1"": 2, ""xgb_colsample_bytree"": 0.9195035597086646, ""xgb_learning_rate"": 0.04008708595805632, ""xgb_max_depth"": 3, ""xgb_min_child_weight"": 4.927184330472981, ""xgb_n_estimators"": 80, ""xgb_reg_alpha"": 0.01630605404366825, ""xgb_reg_lambda"": 4.915760991143831, ""xgb_subsample"": 0.7016557079263568}"
Hybride 2 branches MLP + XGBoost Optuna,Liquid_Yield_pct,6,0.9271436889662411,COMPLETE,"{""activation"": ""relu"", ""alpha"": 0.000931172937385777, ""batch_size"": 16, ""learning_rate_init"": 0.0019836474059015995, ""mlp_weight"": 0.4900062985024159, ""n_layers"": 2, ""units_layer_1"": 4, ""units_layer_2"": 2, ""xgb_colsample_bytree"": 0.8077928303468194, ""xgb_learning_rate"": 0.04752700140201836, ""xgb_max_depth"": 3, ""xgb_min_child_weight"": 5.617466083160914, ""xgb_n_estimators"": 80, ""xgb_reg_alpha"": 0.0053014349929749825, ""xgb_reg_lambda"": 0.11659479667653148, ""xgb_subsample"": 0.9185273770792834}"
Hybride 2 branches MLP + XGBoost Optuna,Liquid_Yield_pct,7,0.9203139482730558,COMPLETE,"{""activation"": ""tanh"", ""alpha"": 0.002170821076275243, ""batch_size"": 16, ""learning_rate_init"": 0.004081025115696475, ""mlp_weight"": 0.5205140549899778, ""n_layers"": 2, ""units_layer_1"": 2, ""units_layer_2"": 2, ""xgb_colsample_bytree"": 0.7331515900668827, ""xgb_learning_rate"": 0.04147551595174183, ""xgb_max_depth"": 3, ""xgb_min_child_weight"": 3.731984887650052, ""xgb_n_estimators"": 80, ""xgb_reg_alpha"": 5.1235763915721506e-05, ""xgb_reg_lambda"": 0.2467830387653394, ""xgb_subsample"": 0.9349494586435942}"
Hybride 2 branches MLP + XGBoost Optuna,Liquid_Yield_pct,8,0.9282834294417608,COMPLETE,"{""activation"": ""tanh"", ""alpha"": 0.000355547208813778, ""batch_size"": 16, ""learning_rate_init"": 0.00015458982159804243, ""mlp_weight"": 0.4623859898127757, ""n_layers"": 2, ""units_layer_1"": 4, ""units_layer_2"": 2, ""xgb_colsample_bytree"": 0.7172307133062967, ""xgb_learning_rate"": 0.04464769468203887, ""xgb_max_depth"": 2, ""xgb_min_child_weight"": 3.6775156016491386, ""xgb_n_estimators"": 80, ""xgb_reg_alpha"": 0.00016707889094963514, ""xgb_reg_lambda"": 2.1764788711950125, ""xgb_subsample"": 0.9529677702059853}"
Hybride 2 branches MLP + XGBoost Optuna,Liquid_Yield_pct,9,0.9300548063844161,COMPLETE,"{""activation"": ""relu"", ""alpha"": 0.011008200477620437, ""batch_size"": 16, ""learning_rate_init"": 0.003377894785133892, ""mlp_weight"": 0.357982415149778, ""n_layers"": 1, ""units_layer_1"": 4, ""xgb_colsample_bytree"": 0.9455079998616617, ""xgb_learning_rate"": 0.07575482141400598, ""xgb_max_depth"": 3, ""xgb_min_child_weight"": 3.212971535997286, ""xgb_n_estimators"": 80, ""xgb_reg_alpha"": 0.0005638790644084345, ""xgb_reg_lambda"": 0.17073677509998839, ""xgb_subsample"": 0.7140896448423827}"
Hybride 2 branches MLP + XGBoost Optuna,Liquid_Yield_pct,10,0.9282925143471477,COMPLETE,"{""activation"": ""relu"", ""alpha"": 6.115512675511974e-05, ""batch_size"": 32, ""learning_rate_init"": 0.00017116779050167682, ""mlp_weight"": 0.6303079560860518, ""n_layers"": 1, ""units_layer_1"": 4, ""xgb_colsample_bytree"": 0.7614270680724486, ""xgb_learning_rate"": 0.04726385489622039, ""xgb_max_depth"": 4, ""xgb_min_child_weight"": 4.2884897790717424, ""xgb_n_estimators"": 120, ""xgb_reg_alpha"": 0.0024244639457410423, ""xgb_reg_lambda"": 9.995341444511794, ""xgb_subsample"": 0.7165604376512485}"
Hybride 2 branches MLP + XGBoost Optuna,Liquid_Yield_pct,11,0.9203819590260824,COMPLETE,"{""activation"": ""tanh"", ""alpha"": 1.0004421951037898e-05, ""batch_size"": 32, ""learning_rate_init"": 0.0006599459043043966, ""mlp_weight"": 0.7807734025242996, ""n_layers"": 2, ""units_layer_1"": 2, ""units_layer_2"": 2, ""xgb_colsample_bytree"": 0.8621776979048275, ""xgb_learning_rate"": 0.0202883349850474, ""xgb_max_depth"": 2, ""xgb_min_child_weight"": 1.05354698002711, ""xgb_n_estimators"": 180, ""xgb_reg_alpha"": 1.1596982380248921e-05, ""xgb_reg_lambda"": 0.569604618758393, ""xgb_subsample"": 0.861625758227353}"
Hybride 2 branches MLP + XGBoost Optuna,Liquid_Yield_pct,12,0.920309054172224,COMPLETE,"{""activation"": ""tanh"", ""alpha"": 1.0085131580904205e-05, ""batch_size"": 32, ""learning_rate_init"": 0.0006779885428890191, ""mlp_weight"": 0.7928568834273445, ""n_layers"": 2, ""units_layer_1"": 2, ""units_layer_2"": 2, ""xgb_colsample_bytree"": 0.8684157172448281, ""xgb_learning_rate"": 0.020654242245549535, ""xgb_max_depth"": 2, ""xgb_min_child_weight"": 1.2187053843421067, ""xgb_n_estimators"": 180, ""xgb_reg_alpha"": 1.0890549332404745e-05, ""xgb_reg_lambda"": 0.4315325199824118, ""xgb_subsample"": 0.8582037216689653}"
Hybride 2 branches MLP + XGBoost Optuna,Liquid_Yield_pct,13,0.91962737465398,COMPLETE,"{""activation"": ""tanh"", ""alpha"": 1.3671964088698321e-05, ""batch_size"": 32, ""learning_rate_init"": 0.0008300194523225677, ""mlp_weight"": 0.5937429759299906, ""n_layers"": 2, ""units_layer_1"": 2, ""units_layer_2"": 2, ""xgb_colsample_bytree"": 0.8577114635817228, ""xgb_learning_rate"": 0.02006515474572338, ""xgb_max_depth"": 2, ""xgb_min_child_weight"": 2.153079368987559, ""xgb_n_estimators"": 180, ""xgb_reg_alpha"": 1.4912369389162926e-05, ""xgb_reg_lambda"": 0.3645081656278714, ""xgb_subsample"": 0.8733271674168982}"
Hybride 2 branches MLP + XGBoost Optuna,Liquid_Yield_pct,14,0.9206206428021171,COMPLETE,"{""activation"": ""tanh"", ""alpha"": 1.00519245956578e-05, ""batch_size"": 32, ""learning_rate_init"": 0.0006650084221197387, ""mlp_weight"": 0.7960105722966099, ""n_layers"": 2, ""units_layer_1"": 2, ""units_layer_2"": 2, ""xgb_colsample_bytree"": 0.8574920734963734, ""xgb_learning_rate"": 0.020179101191828485, ""xgb_max_depth"": 2, ""xgb_min_child_weight"": 2.0625820337529435, ""xgb_n_estimators"": 180, ""xgb_reg_alpha"": 1.1705196405279715e-05, ""xgb_reg_lambda"": 0.5296797579930896, ""xgb_subsample"": 0.8469507568292534}"
Hybride 2 branches MLP + XGBoost Optuna,Liquid_Yield_pct,15,0.9185998592975244,COMPLETE,"{""activation"": ""tanh"", ""alpha"": 4.1594046800943893e-05, ""batch_size"": 32, ""learning_rate_init"": 0.0007366292503148197, ""mlp_weight"": 0.6201212031246076, ""n_layers"": 2, ""units_layer_1"": 2, ""units_layer_2"": 2, ""xgb_colsample_bytree"": 0.866875244627524, ""xgb_learning_rate"": 0.026022142306199897, ""xgb_max_depth"": 2, ""xgb_min_child_weight"": 1.1328358672789578, ""xgb_n_estimators"": 180, ""xgb_reg_alpha"": 3.554077342280152e-05, ""xgb_reg_lambda"": 0.5113080021679549, ""xgb_subsample"": 0.7919446842222446}"
Hybride 2 branches MLP + XGBoost Optuna,Liquid_Yield_pct,16,0.9180017344973403,COMPLETE,"{""activation"": ""tanh"", ""alpha"": 5.265642675986989e-05, ""batch_size"": 32, ""learning_rate_init"": 0.001317652359896842, ""mlp_weight"": 0.58898265455955, ""n_layers"": 2, ""units_layer_1"": 2, ""units_layer_2"": 2, ""xgb_colsample_bytree"": 0.8324321681823135, ""xgb_learning_rate"": 0.026725141807533298, ""xgb_max_depth"": 2, ""xgb_min_child_weight"": 2.079124681169631, ""xgb_n_estimators"": 180, ""xgb_reg_alpha"": 0.00015526566844091617, ""xgb_reg_lambda"": 1.000778506908257, ""xgb_subsample"": 0.7890039843952763}"
Hybride 2 branches MLP + XGBoost Optuna,Liquid_Yield_pct,17,0.9184425165766138,COMPLETE,"{""activation"": ""tanh"", ""alpha"": 6.810363127881782e-05, ""batch_size"": 32, ""learning_rate_init"": 0.0016131233189041509, ""mlp_weight"": 0.5775976277714118, ""n_layers"": 2, ""units_layer_1"": 2, ""units_layer_2"": 2, ""xgb_colsample_bytree"": 0.82025676925662, ""xgb_learning_rate"": 0.028462170903780195, ""xgb_max_depth"": 2, ""xgb_min_child_weight"": 1.6296041388983054, ""xgb_n_estimators"": 180, ""xgb_reg_alpha"": 0.0001671351471181422, ""xgb_reg_lambda"": 1.0857778374072269, ""xgb_subsample"": 0.7781857208948817}"
Hybride 2 branches MLP + XGBoost Optuna,Liquid_Yield_pct,18,0.9212976046498602,COMPLETE,"{""activation"": ""tanh"", ""alpha"": 0.0001067808056449613, ""batch_size"": 64, ""learning_rate_init"": 0.0018629973657237446, ""mlp_weight"": 0.34704486238193244, ""n_layers"": 2, ""units_layer_1"": 2, ""units_layer_2"": 2, ""xgb_colsample_bytree"": 0.8158258928411507, ""xgb_learning_rate"": 0.059262443331946066, ""xgb_max_depth"": 2, ""xgb_min_child_weight"": 2.5780416758496134, ""xgb_n_estimators"": 180, ""xgb_reg_alpha"": 0.00022473671326699352, ""xgb_reg_lambda"": 1.1987852669041639, ""xgb_subsample"": 0.7612483305761617}"
Hybride 2 branches MLP + XGBoost Optuna,Liquid_Yield_pct,19,0.9185713401520392,COMPLETE,"{""activation"": ""tanh"", ""alpha"": 0.00023822984246661206, ""batch_size"": 32, ""learning_rate_init"": 0.0019995623459849554, ""mlp_weight"": 0.5674568477585152, ""n_layers"": 2, ""units_layer_1"": 2, ""units_layer_2"": 2, ""xgb_colsample_bytree"": 0.8200679615031051, ""xgb_learning_rate"": 0.0302129886219975, ""xgb_max_depth"": 2, ""xgb_min_child_weight"": 1.7188727085803392, ""xgb_n_estimators"": 180, ""xgb_reg_alpha"": 0.04889823384596943, ""xgb_reg_lambda"": 1.0446589444758154, ""xgb_subsample"": 0.7577582386607746}"
Hybride 2 branches MLP + XGBoost Optuna,Liquid_Yield_pct,20,0.920285143661047,COMPLETE,"{""activation"": ""tanh"", ""alpha"": 3.7234568105183105e-05, ""batch_size"": 32, ""learning_rate_init"": 0.0010980539445803244, ""mlp_weight"": 0.3865536164508946, ""n_layers"": 2, ""units_layer_1"": 2, ""units_layer_2"": 2, ""xgb_colsample_bytree"": 0.9000685054606705, ""xgb_learning_rate"": 0.025258429848336202, ""xgb_max_depth"": 2, ""xgb_min_child_weight"": 2.5224442664637077, ""xgb_n_estimators"": 180, ""xgb_reg_alpha"": 0.000355968465700863, ""xgb_reg_lambda"": 0.9071455136743372, ""xgb_subsample"": 0.8128699778027647}"
Hybride 2 branches MLP + XGBoost Optuna,Liquid_Yield_pct,21,0.9205084674866122,COMPLETE,"{""activation"": ""tanh"", ""alpha"": 0.00017614018890334618, ""batch_size"": 32, ""learning_rate_init"": 0.0004087082834603123, ""mlp_weight"": 0.6976677569750865, ""n_layers"": 2, ""units_layer_1"": 2, ""units_layer_2"": 2, ""xgb_colsample_bytree"": 0.777221010014573, ""xgb_learning_rate"": 0.03431117266817205, ""xgb_max_depth"": 2, ""xgb_min_child_weight"": 1.6256902425125304, ""xgb_n_estimators"": 120, ""xgb_reg_alpha"": 0.5809100758869435, ""xgb_reg_lambda"": 0.7902091576407043, ""xgb_subsample"": 0.7614253600024048}"
Hybride 2 branches MLP + XGBoost Optuna,Liquid_Yield_pct,22,0.9178638929751501,COMPLETE,"{""activation"": ""tanh"", ""alpha"": 0.00021681820193780418, ""batch_size"": 32, ""learning_rate_init"": 0.002041670168540717, ""mlp_weight"": 0.5692352930484118, ""n_layers"": 2, ""units_layer_1"": 2, ""units_layer_2"": 2, ""xgb_colsample_bytree"": 0.8141249136120564, ""xgb_learning_rate"": 0.03058429329846983, ""xgb_max_depth"": 2, ""xgb_min_child_weight"": 1.7082526689756103, ""xgb_n_estimators"": 180, ""xgb_reg_alpha"": 0.03474930385915728, ""xgb_reg_lambda"": 1.330737250051581, ""xgb_subsample"": 0.7546857147268751}"
Hybride 2 branches MLP + XGBoost Optuna,Liquid_Yield_pct,23,0.9191221156896138,COMPLETE,"{""activation"": ""tanh"", ""alpha"": 2.9499623224319194e-05, ""batch_size"": 32, ""learning_rate_init"": 0.0016310002553780087, ""mlp_weight"": 0.540707665438323, ""n_layers"": 2, ""units_layer_1"": 2, ""units_layer_2"": 2, ""xgb_colsample_bytree"": 0.8331545428487275, ""xgb_learning_rate"": 0.025106788381332547, ""xgb_max_depth"": 2, ""xgb_min_child_weight"": 2.391977663968601, ""xgb_n_estimators"": 180, ""xgb_reg_alpha"": 0.010836271219960789, ""xgb_reg_lambda"": 1.3217607008051213, ""xgb_subsample"": 0.7856754360117921}"
Hybride 2 branches MLP + XGBoost Optuna,Liquid_Yield_pct,24,0.9198385754227564,COMPLETE,"{""activation"": ""tanh"", ""alpha"": 0.00013054172989938892, ""batch_size"": 32, ""learning_rate_init"": 0.0024987765320260854, ""mlp_weight"": 0.4160472296693551, ""n_layers"": 2, ""units_layer_1"": 2, ""units_layer_2"": 2, ""xgb_colsample_bytree"": 0.7922388873222842, ""xgb_learning_rate"": 0.03260103919831965, ""xgb_max_depth"": 2, ""xgb_min_child_weight"": 1.5514838870227967, ""xgb_n_estimators"": 180, ""xgb_reg_alpha"": 0.7507533210293416, ""xgb_reg_lambda"": 2.587011252426539, ""xgb_subsample"": 0.7425053859354214}"
Hybride 2 branches MLP + XGBoost Optuna,Liquid_Yield_pct,25,0.9165590469110949,COMPLETE,"{""activation"": ""tanh"", ""alpha"": 2.2584642334367986e-05, ""batch_size"": 32, ""learning_rate_init"": 0.0012724843018966266, ""mlp_weight"": 0.6311538267185887, ""n_layers"": 2, ""units_layer_1"": 2, ""units_layer_2"": 2, ""xgb_colsample_bytree"": 0.7460266598770878, ""xgb_learning_rate"": 0.05826529239350413, ""xgb_max_depth"": 2, ""xgb_min_child_weight"": 2.919569112213625, ""xgb_n_estimators"": 180, ""xgb_reg_alpha"": 0.06811650033556185, ""xgb_reg_lambda"": 0.8252421602546737, ""xgb_subsample"": 0.8301623078156959}"
Hybride 2 branches MLP + XGBoost Optuna,Liquid_Yield_pct,26,0.9172098067516746,COMPLETE,"{""activation"": ""tanh"", ""alpha"": 2.926403819539365e-05, ""batch_size"": 64, ""learning_rate_init"": 0.0011702807932447632, ""mlp_weight"": 0.6427088433379649, ""n_layers"": 2, ""units_layer_1"": 2, ""units_layer_2"": 2, ""xgb_colsample_bytree"": 0.7437200867284037, ""xgb_learning_rate"": 0.056686940860783484, ""xgb_max_depth"": 2, ""xgb_min_child_weight"": 3.0344040799115692, ""xgb_n_estimators"": 180, ""xgb_reg_alpha"": 0.05720149432341121, ""xgb_reg_lambda"": 0.7105942984699886, ""xgb_subsample"": 0.8316240928549503}"
Hybride 2 branches MLP + XGBoost Optuna,Liquid_Yield_pct,27,0.9223074323665212,COMPLETE,"{""activation"": ""relu"", ""alpha"": 2.197243493362376e-05, ""batch_size"": 64, ""learning_rate_init"": 0.0028004577766233426, ""mlp_weight"": 0.6535579282479784, ""n_layers"": 2, ""units_layer_1"": 2, ""units_layer_2"": 2, ""xgb_colsample_bytree"": 0.7483198839495125, ""xgb_learning_rate"": 0.06164222660639264, ""xgb_max_depth"": 3, ""xgb_min_child_weight"": 3.2771539097583933, ""xgb_n_estimators"": 180, ""xgb_reg_alpha"": 0.0652214594154479, ""xgb_reg_lambda"": 0.2735106973075191, ""xgb_subsample"": 0.8951328425931673}"
Hybride 2 branches MLP + XGBoost Optuna,Liquid_Yield_pct,28,0.9193523634570644,COMPLETE,"{""activation"": ""tanh"", ""alpha"": 2.5187646471881647e-05, ""batch_size"": 64, ""learning_rate_init"": 0.0009401610902000153, ""mlp_weight"": 0.738369819306568, ""n_layers"": 2, ""units_layer_1"": 2, ""units_layer_2"": 2, ""xgb_colsample_bytree"": 0.7139287547002091, ""xgb_learning_rate"": 0.08795837898695184, ""xgb_max_depth"": 2, ""xgb_min_child_weight"": 2.803158206871781, ""xgb_n_estimators"": 120, ""xgb_reg_alpha"": 0.23038916946201285, ""xgb_reg_lambda"": 0.6923234926590123, ""xgb_subsample"": 0.8329575320258353}"
Hybride 2 branches MLP + XGBoost Optuna,Liquid_Yield_pct,29,0.9174629055238805,COMPLETE,"{""activation"": ""tanh"", ""alpha"": 0.005808096100137208, ""batch_size"": 64, ""learning_rate_init"": 0.0027768447919213194, ""mlp_weight"": 0.6521165632054865, ""n_layers"": 2, ""units_layer_1"": 2, ""units_layer_2"": 2, ""xgb_colsample_bytree"": 0.7520409053610303, ""xgb_learning_rate"": 0.055149814016172596, ""xgb_max_depth"": 2, ""xgb_min_child_weight"": 3.6614666046941235, ""xgb_n_estimators"": 180, ""xgb_reg_alpha"": 0.03710923523124899, ""xgb_reg_lambda"": 1.6808600056170129, ""xgb_subsample"": 0.8263295270792199}"
Hybride 2 branches MLP + XGBoost Optuna,Liquid_Yield_pct,30,0.9201137136480337,COMPLETE,"{""activation"": ""tanh"", ""alpha"": 0.009789620067107565, ""batch_size"": 64, ""learning_rate_init"": 0.0003921347603501329, ""mlp_weight"": 0.7286902650653196, ""n_layers"": 1, ""units_layer_1"": 2, ""xgb_colsample_bytree"": 0.7019575340533335, ""xgb_learning_rate"": 0.0565580856024649, ""xgb_max_depth"": 3, ""xgb_min_child_weight"": 3.830136968031429, ""xgb_n_estimators"": 180, ""xgb_reg_alpha"": 0.13833560834463096, ""xgb_reg_lambda"": 3.1776221163861447, ""xgb_subsample"": 0.8246140411413215}"
Hybride 2 branches MLP + XGBoost Optuna,Liquid_Yield_pct,31,0.9197874537801773,COMPLETE,"{""activation"": ""tanh"", ""alpha"": 0.06976937290195952, ""batch_size"": 64, ""learning_rate_init"": 0.0001027321839142326, ""mlp_weight"": 0.6662141216966104, ""n_layers"": 2, ""units_layer_1"": 2, ""units_layer_2"": 2, ""xgb_colsample_bytree"": 0.7454207647437257, ""xgb_learning_rate"": 0.07003766607973472, ""xgb_max_depth"": 2, ""xgb_min_child_weight"": 3.47914495841494, ""xgb_n_estimators"": 180, ""xgb_reg_alpha"": 0.023402115037165147, ""xgb_reg_lambda"": 1.811400106916365, ""xgb_subsample"": 0.8840174236664828}"
Hybride 2 branches MLP + XGBoost Optuna,Liquid_Yield_pct,32,0.9184951769236939,COMPLETE,"{""activation"": ""tanh"", ""alpha"": 0.009861435844545198, ""batch_size"": 64, ""learning_rate_init"": 0.0013539316393077316, ""mlp_weight"": 0.6284739455521492, ""n_layers"": 2, ""units_layer_1"": 2, ""units_layer_2"": 2, ""xgb_colsample_bytree"": 0.7644450086836599, ""xgb_learning_rate"": 0.08597407040875185, ""xgb_max_depth"": 2, ""xgb_min_child_weight"": 4.140697767068578, ""xgb_n_estimators"": 180, ""xgb_reg_alpha"": 0.054222595652815904, ""xgb_reg_lambda"": 1.5089193236704532, ""xgb_subsample"": 0.8376974809651531}"
Hybride 2 branches MLP + XGBoost Optuna,Liquid_Yield_pct,33,0.9182243625160336,COMPLETE,"{""activation"": ""tanh"", ""alpha"": 0.004154629228819447, ""batch_size"": 64, ""learning_rate_init"": 0.002645072226748841, ""mlp_weight"": 0.684478234886153, ""n_layers"": 2, ""units_layer_1"": 2, ""units_layer_2"": 2, ""xgb_colsample_bytree"": 0.7287458927063528, ""xgb_learning_rate"": 0.0528564640608614, ""xgb_max_depth"": 2, ""xgb_min_child_weight"": 4.769406854942015, ""xgb_n_estimators"": 180, ""xgb_reg_alpha"": 0.03383456676460094, ""xgb_reg_lambda"": 0.6910771791273095, ""xgb_subsample"": 0.8169695353811345}"
Hybride 2 branches MLP + XGBoost Optuna,Liquid_Yield_pct,34,0.9163428541201842,COMPLETE,"{""activation"": ""tanh"", ""alpha"": 0.0004600218661476153, ""batch_size"": 64, ""learning_rate_init"": 0.0023141445525617986, ""mlp_weight"": 0.5553701613528201, ""n_layers"": 2, ""units_layer_1"": 2, ""units_layer_2"": 2, ""xgb_colsample_bytree"": 0.7759215916008884, ""xgb_learning_rate"": 0.06871794217173506, ""xgb_max_depth"": 2, ""xgb_min_child_weight"": 3.04306831661653, ""xgb_n_estimators"": 180, ""xgb_reg_alpha"": 0.007020385415200672, ""xgb_reg_lambda"": 1.7858263287322498, ""xgb_subsample"": 0.8031115299037249}"
Hybride 2 branches MLP + XGBoost Optuna,Liquid_Yield_pct,35,0.929697087717307,COMPLETE,"{""activation"": ""tanh"", ""alpha"": 0.0006352724818471906, ""batch_size"": 64, ""learning_rate_init"": 0.003389614220075471, ""mlp_weight"": 0.7380112693853499, ""n_layers"": 2, ""units_layer_1"": 4, ""units_layer_2"": 2, ""xgb_colsample_bytree"": 0.7882522127430611, ""xgb_learning_rate"": 0.06722015712954667, ""xgb_max_depth"": 2, ""xgb_min_child_weight"": 2.99891971418108, ""xgb_n_estimators"": 180, ""xgb_reg_alpha"": 0.005825469385764957, ""xgb_reg_lambda"": 1.821790790950221, ""xgb_subsample"": 0.8031027611868704}"
Hybride 2 branches MLP + XGBoost Optuna,Liquid_Yield_pct,36,0.9198837848603926,COMPLETE,"{""activation"": ""relu"", ""alpha"": 0.028833093162754612, ""batch_size"": 64, ""learning_rate_init"": 0.004713994858104221, ""mlp_weight"": 0.5371378342323149, ""n_layers"": 2, ""units_layer_1"": 2, ""units_layer_2"": 2, ""xgb_colsample_bytree"": 0.7658255762039489, ""xgb_learning_rate"": 0.05267030751951951, ""xgb_max_depth"": 2, ""xgb_min_child_weight"": 3.1030440726356665, ""xgb_n_estimators"": 120, ""xgb_reg_alpha"": 0.14148026585765477, ""xgb_reg_lambda"": 2.4253662702891106, ""xgb_subsample"": 0.8537547023483977}"
Hybride 2 branches MLP + XGBoost Optuna,Liquid_Yield_pct,37,0.9361113034103535,COMPLETE,"{""activation"": ""tanh"", ""alpha"": 0.0012062876064216797, ""batch_size"": 64, ""learning_rate_init"": 0.00049742571171467, ""mlp_weight"": 0.4491485460605221, ""n_layers"": 2, ""units_layer_1"": 2, ""units_layer_2"": 2, ""xgb_colsample_bytree"": 0.7399873569626225, ""xgb_learning_rate"": 0.08653831782373123, ""xgb_max_depth"": 4, ""xgb_min_child_weight"": 3.47149471794998, ""xgb_n_estimators"": 180, ""xgb_reg_alpha"": 0.011739266208145657, ""xgb_reg_lambda"": 0.361193828895343, ""xgb_subsample"": 0.9011793154727495}"
Hybride 2 branches MLP + XGBoost Optuna,Liquid_Yield_pct,38,0.9279329231057639,COMPLETE,"{""activation"": ""tanh"", ""alpha"": 0.0040507660638972424, ""batch_size"": 64, ""learning_rate_init"": 0.003339164401808922, ""mlp_weight"": 0.6497354448919043, ""n_layers"": 1, ""units_layer_1"": 4, ""xgb_colsample_bytree"": 0.793826982725329, ""xgb_learning_rate"": 0.11227820741129492, ""xgb_max_depth"": 3, ""xgb_min_child_weight"": 3.964007348554528, ""xgb_n_estimators"": 180, ""xgb_reg_alpha"": 0.001321193115267514, ""xgb_reg_lambda"": 6.387595995838324, ""xgb_subsample"": 0.8341528801334758}"
Hybride 2 branches MLP + XGBoost Optuna,Liquid_Yield_pct,39,0.9235999020516461,COMPLETE,"{""activation"": ""relu"", ""alpha"": 0.0004403975191106461, ""batch_size"": 64, ""learning_rate_init"": 0.0010500509738820224, ""mlp_weight"": 0.20233248377195756, ""n_layers"": 2, ""units_layer_1"": 2, ""units_layer_2"": 2, ""xgb_colsample_bytree"": 0.7546029682384909, ""xgb_learning_rate"": 0.07603708436798799, ""xgb_max_depth"": 2, ""xgb_min_child_weight"": 4.629333748356746, ""xgb_n_estimators"": 180, ""xgb_reg_alpha"": 0.3317662583414108, ""xgb_reg_lambda"": 3.677108442563805, ""xgb_subsample"": 0.8001519984163922}"
Hybride 2 branches MLP + XGBoost Optuna,Liquid_Yield_pct,40,0.9322064446925028,COMPLETE,"{""activation"": ""tanh"", ""alpha"": 0.0012573997917165814, ""batch_size"": 64, ""learning_rate_init"": 0.0014652387762873855, ""mlp_weight"": 0.6122512410935144, ""n_layers"": 2, ""units_layer_1"": 4, ""units_layer_2"": 2, ""xgb_colsample_bytree"": 0.7239692614870814, ""xgb_learning_rate"": 0.10036671297680573, ""xgb_max_depth"": 3, ""xgb_min_child_weight"": 2.777324958245996, ""xgb_n_estimators"": 80, ""xgb_reg_alpha"": 0.0039042452783218076, ""xgb_reg_lambda"": 1.9693836164184546, ""xgb_subsample"": 0.8185051822998665}"
Hybride 2 branches MLP + XGBoost Optuna,Liquid_Yield_pct,41,0.9205077326916417,COMPLETE,"{""activation"": ""relu"", ""alpha"": 0.03721259999606045, ""batch_size"": 16, ""learning_rate_init"": 0.00028853287909253524, ""mlp_weight"": 0.5064248685535815, ""n_layers"": 2, ""units_layer_1"": 2, ""units_layer_2"": 2, ""xgb_colsample_bytree"": 0.7748461028876051, ""xgb_learning_rate"": 0.05105011062133623, ""xgb_max_depth"": 2, ""xgb_min_child_weight"": 5.315677841302457, ""xgb_n_estimators"": 120, ""xgb_reg_alpha"": 0.10640414209376914, ""xgb_reg_lambda"": 3.155840633168156, ""xgb_subsample"": 0.8721113339588562}"
Hybride 2 branches MLP + XGBoost Optuna,Liquid_Yield_pct,42,0.9168075446069806,COMPLETE,"{""activation"": ""tanh"", ""alpha"": 0.002445489899356106, ""batch_size"": 64, ""learning_rate_init"": 0.0022629301274691847, ""mlp_weight"": 0.551688384842816, ""n_layers"": 2, ""units_layer_1"": 2, ""units_layer_2"": 2, ""xgb_colsample_bytree"": 0.8007750590393197, ""xgb_learning_rate"": 0.03882952919501885, ""xgb_max_depth"": 2, ""xgb_min_child_weight"": 3.4526756630650737, ""xgb_n_estimators"": 180, ""xgb_reg_alpha"": 0.02119886939177349, ""xgb_reg_lambda"": 1.4221081304052552, ""xgb_subsample"": 0.7741785562814044}"
Hybride 2 branches MLP + XGBoost Optuna,Liquid_Yield_pct,43,0.9191389594970631,COMPLETE,"{""activation"": ""tanh"", ""alpha"": 0.002245557667502707, ""batch_size"": 64, ""learning_rate_init"": 0.0023691912090784014, ""mlp_weight"": 0.5463477221164506, ""n_layers"": 2, ""units_layer_1"": 2, ""units_layer_2"": 2, ""xgb_colsample_bytree"": 0.7957627797930363, ""xgb_learning_rate"": 0.03889714687047491, ""xgb_max_depth"": 2, ""xgb_min_child_weight"": 3.452600449290012, ""xgb_n_estimators"": 180, ""xgb_reg_alpha"": 0.01633558043676481, ""xgb_reg_lambda"": 1.5595044323830989, ""xgb_subsample"": 0.7337731184025187}"
Hybride 2 branches MLP + XGBoost Optuna,Liquid_Yield_pct,44,0.9167364853206008,COMPLETE,"{""activation"": ""tanh"", ""alpha"": 0.00358467877290129, ""batch_size"": 64, ""learning_rate_init"": 0.00354748467767916, ""mlp_weight"": 0.4767610612946829, ""n_layers"": 2, ""units_layer_1"": 2, ""units_layer_2"": 2, ""xgb_colsample_bytree"": 0.7026631485863154, ""xgb_learning_rate"": 0.06630372510325297, ""xgb_max_depth"": 2, ""xgb_min_child_weight"": 3.235559812400787, ""xgb_n_estimators"": 180, ""xgb_reg_alpha"": 0.007572988342298484, ""xgb_reg_lambda"": 0.864953108583698, ""xgb_subsample"": 0.775299561555458}"
Hybride 2 branches MLP + XGBoost Optuna,Liquid_Yield_pct,45,0.9206653588806955,COMPLETE,"{""activation"": ""tanh"", ""alpha"": 0.001855947270508757, ""batch_size"": 64, ""learning_rate_init"": 0.0037878078178080463, ""mlp_weight"": 0.48290933864829444, ""n_layers"": 2, ""units_layer_1"": 2, ""units_layer_2"": 2, ""xgb_colsample_bytree"": 0.7025343538612819, ""xgb_learning_rate"": 0.0657314490106908, ""xgb_max_depth"": 2, ""xgb_min_child_weight"": 3.2423650862542903, ""xgb_n_estimators"": 80, ""xgb_reg_alpha"": 0.006078584170948503, ""xgb_reg_lambda"": 0.847530981016114, ""xgb_subsample"": 0.7706864679560234}"
Hybride 2 branches MLP + XGBoost Optuna,Liquid_Yield_pct,46,0.9242495245842541,COMPLETE,"{""activation"": ""tanh"", ""alpha"": 0.016837002508774884, ""batch_size"": 64, ""learning_rate_init"": 0.002136231494390904, ""mlp_weight"": 0.2974949667580262, ""n_layers"": 2, ""units_layer_1"": 2, ""units_layer_2"": 2, ""xgb_colsample_bytree"": 0.73190878822976, ""xgb_learning_rate"": 0.04390822413932094, ""xgb_max_depth"": 3, ""xgb_min_child_weight"": 2.827686361259138, ""xgb_n_estimators"": 180, ""xgb_reg_alpha"": 0.003054988145561799, ""xgb_reg_lambda"": 0.6505968813645029, ""xgb_subsample"": 0.7399480857991189}"
Hybride 2 branches MLP + XGBoost Optuna,Liquid_Yield_pct,47,0.926864888397413,COMPLETE,"{""activation"": ""tanh"", ""alpha"": 0.003387761168015157, ""batch_size"": 16, ""learning_rate_init"": 0.004941303622093707, ""mlp_weight"": 0.4565566094513095, ""n_layers"": 2, ""units_layer_1"": 4, ""units_layer_2"": 2, ""xgb_colsample_bytree"": 0.7708609189990946, ""xgb_learning_rate"": 0.07431474711278677, ""xgb_max_depth"": 2, ""xgb_min_child_weight"": 2.3771990210955636, ""xgb_n_estimators"": 180, ""xgb_reg_alpha"": 0.0011138622916354913, ""xgb_reg_lambda"": 0.42706928068439964, ""xgb_subsample"": 0.8047620793486546}"
Hybride 2 branches MLP + XGBoost Optuna,Liquid_Yield_pct,48,0.9221444746519645,COMPLETE,"{""activation"": ""tanh"", ""alpha"": 0.00033520402956721177, ""batch_size"": 64, ""learning_rate_init"": 0.0017028229855880195, ""mlp_weight"": 0.5075653070607725, ""n_layers"": 1, ""units_layer_1"": 2, ""xgb_colsample_bytree"": 0.7200197073466127, ""xgb_learning_rate"": 0.04829371780287536, ""xgb_max_depth"": 2, ""xgb_min_child_weight"": 4.08650678504286, ""xgb_n_estimators"": 80, ""xgb_reg_alpha"": 0.008690029130644329, ""xgb_reg_lambda"": 0.8093130967801797, ""xgb_subsample"": 0.9925312426356406}"
Hybride 2 branches MLP + XGBoost Optuna,Liquid_Yield_pct,49,0.9176957902111068,COMPLETE,"{""activation"": ""tanh"", ""alpha"": 1.9535957922388864e-05, ""batch_size"": 64, ""learning_rate_init"": 0.0012371617252512875, ""mlp_weight"": 0.4329795045397319, ""n_layers"": 2, ""units_layer_1"": 2, ""units_layer_2"": 2, ""xgb_colsample_bytree"": 0.8033064585924518, ""xgb_learning_rate"": 0.06259352576700744, ""xgb_max_depth"": 2, ""xgb_min_child_weight"": 2.9978030922157197, ""xgb_n_estimators"": 180, ""xgb_reg_alpha"": 0.018842513962061828, ""xgb_reg_lambda"": 0.24427936290552135, ""xgb_subsample"": 0.7745239796957394}"
Hybride 2 branches MLP + XGBoost Optuna,Liquid_Yield_pct,50,0.9177229853428749,COMPLETE,"{""activation"": ""relu"", ""alpha"": 0.006387143068811351, ""batch_size"": 16, ""learning_rate_init"": 0.0005382174049899668, ""mlp_weight"": 0.47722864494858913, ""n_layers"": 2, ""units_layer_1"": 2, ""units_layer_2"": 2, ""xgb_colsample_bytree"": 0.9987747233409244, ""xgb_learning_rate"": 0.07878481554414188, ""xgb_max_depth"": 2, ""xgb_min_child_weight"": 2.6586212767057655, ""xgb_n_estimators"": 180, ""xgb_reg_alpha"": 0.3429113545417088, ""xgb_reg_lambda"": 1.2035454531186833, ""xgb_subsample"": 0.8444360376110709}"
Hybride 2 branches MLP + XGBoost Optuna,Gas_Yield_pct,1,0.9115152334138228,COMPLETE,"{""activation"": ""relu"", ""alpha"": 1.1851032443270403e-05, ""batch_size"": 32, ""learning_rate_init"": 0.0002409480356371151, ""mlp_weight"": 0.2267777110865885, ""n_layers"": 1, ""units_layer_1"": 4, ""xgb_colsample_bytree"": 0.9115232307965919, ""xgb_learning_rate"": 0.08284703727883236, ""xgb_max_depth"": 2, ""xgb_min_child_weight"": 2.4691220218754406, ""xgb_n_estimators"": 80, ""xgb_reg_alpha"": 0.0014566580902890384, ""xgb_reg_lambda"": 2.466941840931261, ""xgb_subsample"": 0.949623117484471}"
Hybride 2 branches MLP + XGBoost Optuna,Gas_Yield_pct,2,0.9382431945810603,COMPLETE,"{""activation"": ""tanh"", ""alpha"": 0.007076188893079902, ""batch_size"": 64, ""learning_rate_init"": 0.0034994489668584046, ""mlp_weight"": 0.3134880232654657, ""n_layers"": 1, ""units_layer_1"": 4, ""xgb_colsample_bytree"": 0.9952858045133501, ""xgb_learning_rate"": 0.11126102469326368, ""xgb_max_depth"": 4, ""xgb_min_child_weight"": 4.9035869089237245, ""xgb_n_estimators"": 120, ""xgb_reg_alpha"": 0.00012454618732797234, ""xgb_reg_lambda"": 0.43884987154074634, ""xgb_subsample"": 0.7896898491197945}"
Hybride 2 branches MLP + XGBoost Optuna,Gas_Yield_pct,3,0.9366657205807722,COMPLETE,"{""activation"": ""relu"", ""alpha"": 0.0002829748787989821, ""batch_size"": 64, ""learning_rate_init"": 0.003783008613660284, ""mlp_weight"": 0.3313185491295203, ""n_layers"": 1, ""units_layer_1"": 4, ""xgb_colsample_bytree"": 0.7100509347378136, ""xgb_learning_rate"": 0.09831458787089795, ""xgb_max_depth"": 4, ""xgb_min_child_weight"": 5.870862448196704, ""xgb_n_estimators"": 180, ""xgb_reg_alpha"": 0.12641357979541673, ""xgb_reg_lambda"": 3.037670385625053, ""xgb_subsample"": 0.9724290490288297}"
Hybride 2 branches MLP + XGBoost Optuna,Gas_Yield_pct,4,0.9239941819793008,COMPLETE,"{""activation"": ""tanh"", ""alpha"": 0.01045439228784209, ""batch_size"": 32, ""learning_rate_init"": 0.0011461536346381582, ""mlp_weight"": 0.5180451611717822, ""n_layers"": 1, ""units_layer_1"": 2, ""xgb_colsample_bytree"": 0.9136982792969662, ""xgb_learning_rate"": 0.05726539995394755, ""xgb_max_depth"": 3, ""xgb_min_child_weight"": 4.854590992356149, ""xgb_n_estimators"": 120, ""xgb_reg_alpha"": 7.352784813179382e-05, ""xgb_reg_lambda"": 1.1865946793647386, ""xgb_subsample"": 0.8169553603308533}"
Hybride 2 branches MLP + XGBoost Optuna,Gas_Yield_pct,5,0.9360474269848608,COMPLETE,"{""activation"": ""relu"", ""alpha"": 1.7484642488534354e-05, ""batch_size"": 64, ""learning_rate_init"": 0.004994653085493986, ""mlp_weight"": 0.7749570220437707, ""n_layers"": 1, ""units_layer_1"": 2, ""xgb_colsample_bytree"": 0.7786934274767539, ""xgb_learning_rate"": 0.025829199435234547, ""xgb_max_depth"": 2, ""xgb_min_child_weight"": 1.907499314909228, ""xgb_n_estimators"": 120, ""xgb_reg_alpha"": 0.4145066057003431, ""xgb_reg_lambda"": 0.23200021206888696, ""xgb_subsample"": 0.7651879435291696}"
Hybride 2 branches MLP + XGBoost Optuna,Gas_Yield_pct,6,0.9401161527777415,COMPLETE,"{""activation"": ""relu"", ""alpha"": 0.0015287582333805435, ""batch_size"": 16, ""learning_rate_init"": 0.00018002355639474283, ""mlp_weight"": 0.7680827864845476, ""n_layers"": 1, ""units_layer_1"": 2, ""xgb_colsample_bytree"": 0.8033845545724891, ""xgb_learning_rate"": 0.020473566816156332, ""xgb_max_depth"": 3, ""xgb_min_child_weight"": 4.035306713904986, ""xgb_n_estimators"": 120, ""xgb_reg_alpha"": 0.01871789753777245, ""xgb_reg_lambda"": 0.9890562396158942, ""xgb_subsample"": 0.9850232441445576}"
Hybride 2 branches MLP + XGBoost Optuna,Gas_Yield_pct,7,0.9347819497874699,COMPLETE,"{""activation"": ""relu"", ""alpha"": 0.014238968552962257, ""batch_size"": 16, ""learning_rate_init"": 0.0001288984283727585, ""mlp_weight"": 0.7615924845518836, ""n_layers"": 1, ""units_layer_1"": 4, ""xgb_colsample_bytree"": 0.8863287568439199, ""xgb_learning_rate"": 0.10982614177054774, ""xgb_max_depth"": 3, ""xgb_min_child_weight"": 5.849320158424139, ""xgb_n_estimators"": 120, ""xgb_reg_alpha"": 0.0017156971011252486, ""xgb_reg_lambda"": 0.13179281503766896, ""xgb_subsample"": 0.9157718200187034}"
Hybride 2 branches MLP + XGBoost Optuna,Gas_Yield_pct,8,0.922438710092306,COMPLETE,"{""activation"": ""tanh"", ""alpha"": 1.8977850457659552e-05, ""batch_size"": 64, ""learning_rate_init"": 0.0011474895883218023, ""mlp_weight"": 0.7737818786546729, ""n_layers"": 2, ""units_layer_1"": 4, ""units_layer_2"": 2, ""xgb_colsample_bytree"": 0.7713153453278161, ""xgb_learning_rate"": 0.025706726512628158, ""xgb_max_depth"": 2, ""xgb_min_child_weight"": 4.723827606271294, ""xgb_n_estimators"": 80, ""xgb_reg_alpha"": 0.00012174096884507158, ""xgb_reg_lambda"": 2.04194435777811, ""xgb_subsample"": 0.8801195330273379}"
Hybride 2 branches MLP + XGBoost Optuna,Gas_Yield_pct,9,0.9245988346909849,COMPLETE,"{""activation"": ""relu"", ""alpha"": 1.370025298881835e-05, ""batch_size"": 32, ""learning_rate_init"": 0.0002766824151706707, ""mlp_weight"": 0.4874129933447097, ""n_layers"": 2, ""units_layer_1"": 4, ""units_layer_2"": 2, ""xgb_colsample_bytree"": 0.865367550691766, ""xgb_learning_rate"": 0.029916374967849484, ""xgb_max_depth"": 4, ""xgb_min_child_weight"": 3.5116339676616084, ""xgb_n_estimators"": 180, ""xgb_reg_alpha"": 0.0002886686416433014, ""xgb_reg_lambda"": 3.6861239902396483, ""xgb_subsample"": 0.900991195494828}"
Hybride 2 branches MLP + XGBoost Optuna,Gas_Yield_pct,10,0.9222647604560612,COMPLETE,"{""activation"": ""tanh"", ""alpha"": 0.0017048438826318272, ""batch_size"": 32, ""learning_rate_init"": 0.004623743253029801, ""mlp_weight"": 0.5742386501593283, ""n_layers"": 1, ""units_layer_1"": 2, ""xgb_colsample_bytree"": 0.9108018582415943, ""xgb_learning_rate"": 0.026972691409758952, ""xgb_max_depth"": 2, ""xgb_min_child_weight"": 2.95071299179358, ""xgb_n_estimators"": 80, ""xgb_reg_alpha"": 0.00012485350618097915, ""xgb_reg_lambda"": 0.15247899041422647, ""xgb_subsample"": 0.9991572464915317}"
Hybride 2 branches MLP + XGBoost Optuna,Gas_Yield_pct,11,0.9248791018366104,COMPLETE,"{""activation"": ""relu"", ""alpha"": 0.06807274008731976, ""batch_size"": 32, ""learning_rate_init"": 0.0005323141582771158, ""mlp_weight"": 0.2204856687928533, ""n_layers"": 2, ""units_layer_1"": 4, ""units_layer_2"": 2, ""xgb_colsample_bytree"": 0.9853123478657335, ""xgb_learning_rate"": 0.0553229967162071, ""xgb_max_depth"": 3, ""xgb_min_child_weight"": 1.2907214859873888, ""xgb_n_estimators"": 80, ""xgb_reg_alpha"": 1.4543877202576945e-05, ""xgb_reg_lambda"": 9.818423420453362, ""xgb_subsample"": 0.7032303284061099}"
Hybride 2 branches MLP + XGBoost Optuna,Gas_Yield_pct,12,0.9181171178187254,COMPLETE,"{""activation"": ""tanh"", ""alpha"": 0.0001895602567490553, ""batch_size"": 32, ""learning_rate_init"": 0.0014474948161579276, ""mlp_weight"": 0.49595596032053363, ""n_layers"": 1, ""units_layer_1"": 2, ""xgb_colsample_bytree"": 0.9362805080465011, ""xgb_learning_rate"": 0.04870471639323429, ""xgb_max_depth"": 2, ""xgb_min_child_weight"": 2.5610155396809615, ""xgb_n_estimators"": 80, ""xgb_reg_alpha"": 0.0026196702311091363, ""xgb_reg_lambda"": 0.3944029480065706, ""xgb_subsample"": 0.9499181329648207}"
Hybride 2 branches MLP + XGBoost Optuna,Gas_Yield_pct,13,0.9165542466952704,COMPLETE,"{""activation"": ""tanh"", ""alpha"": 9.780677895012229e-05, ""batch_size"": 32, ""learning_rate_init"": 0.0013709300032166808, ""mlp_weight"": 0.4055682759148555, ""n_layers"": 1, ""units_layer_1"": 2, ""xgb_colsample_bytree"": 0.9458056403077796, ""xgb_learning_rate"": 0.06266612968605509, ""xgb_max_depth"": 2, ""xgb_min_child_weight"": 2.2055228456917355, ""xgb_n_estimators"": 80, ""xgb_reg_alpha"": 0.003708513106968976, ""xgb_reg_lambda"": 0.4646199162057671, ""xgb_subsample"": 0.939396345913977}"
Hybride 2 branches MLP + XGBoost Optuna,Gas_Yield_pct,14,0.9139971655519339,COMPLETE,"{""activation"": ""tanh"", ""alpha"": 8.586917314409368e-05, ""batch_size"": 32, ""learning_rate_init"": 0.00044623521665756685, ""mlp_weight"": 0.201733397758101, ""n_layers"": 1, ""units_layer_1"": 2, ""xgb_colsample_bytree"": 0.8651483605697642, ""xgb_learning_rate"": 0.07703933964032081, ""xgb_max_depth"": 2, ""xgb_min_child_weight"": 2.1326108051287966, ""xgb_n_estimators"": 80, ""xgb_reg_alpha"": 0.006717265153525811, ""xgb_reg_lambda"": 6.7749789005950785, ""xgb_subsample"": 0.8722821682810324}"
Hybride 2 branches MLP + XGBoost Optuna,Gas_Yield_pct,15,0.9149192259317624,COMPLETE,"{""activation"": ""relu"", ""alpha"": 7.16716034931053e-05, ""batch_size"": 32, ""learning_rate_init"": 0.000442836160734201, ""mlp_weight"": 0.20411537349826317, ""n_layers"": 2, ""units_layer_1"": 4, ""units_layer_2"": 2, ""xgb_colsample_bytree"": 0.8421959787995705, ""xgb_learning_rate"": 0.07897658997256678, ""xgb_max_depth"": 2, ""xgb_min_child_weight"": 1.0549921047882944, ""xgb_n_estimators"": 80, ""xgb_reg_alpha"": 0.04144886846380799, ""xgb_reg_lambda"": 9.553838241831953, ""xgb_subsample"": 0.8570660437132879}"
Hybride 2 branches MLP + XGBoost Optuna,Gas_Yield_pct,16,0.9138674867444214,COMPLETE,"{""activation"": ""tanh"", ""alpha"": 3.93349830546093e-05, ""batch_size"": 32, ""learning_rate_init"": 0.00046646981856236764, ""mlp_weight"": 0.2879369826351207, ""n_layers"": 1, ""units_layer_1"": 2, ""xgb_colsample_bytree"": 0.8334807013500758, ""xgb_learning_rate"": 0.08069640983559814, ""xgb_max_depth"": 2, ""xgb_min_child_weight"": 3.0618240178721248, ""xgb_n_estimators"": 80, ""xgb_reg_alpha"": 0.010630679180150912, ""xgb_reg_lambda"": 5.53211407861403, ""xgb_subsample"": 0.8419346118653385}"
Hybride 2 branches MLP + XGBoost Optuna,Gas_Yield_pct,17,0.9222532689265988,COMPLETE,"{""activation"": ""relu"", ""alpha"": 4.03594698948467e-05, ""batch_size"": 16, ""learning_rate_init"": 0.00023738944884504323, ""mlp_weight"": 0.3078594928129491, ""n_layers"": 1, ""units_layer_1"": 2, ""xgb_colsample_bytree"": 0.8167381267734506, ""xgb_learning_rate"": 0.04045874285496085, ""xgb_max_depth"": 3, ""xgb_min_child_weight"": 3.240893876226391, ""xgb_n_estimators"": 80, ""xgb_reg_alpha"": 0.0005142412175207391, ""xgb_reg_lambda"": 4.748960212513206, ""xgb_subsample"": 0.8302126877136329}"
Hybride 2 branches MLP + XGBoost Optuna,Gas_Yield_pct,18,0.9272524486713746,COMPLETE,"{""activation"": ""tanh"", ""alpha"": 0.0006133747627572957, ""batch_size"": 32, ""learning_rate_init"": 0.0007142236572266449, ""mlp_weight"": 0.3813477904074145, ""n_layers"": 2, ""units_layer_1"": 4, ""units_layer_2"": 2, ""xgb_colsample_bytree"": 0.7307127615586568, ""xgb_learning_rate"": 0.08186528128104412, ""xgb_max_depth"": 2, ""xgb_min_child_weight"": 3.846312775335971, ""xgb_n_estimators"": 180, ""xgb_reg_alpha"": 0.017656052243563293, ""xgb_reg_lambda"": 1.755133644928667, ""xgb_subsample"": 0.7398881995557453}"
Hybride 2 branches MLP + XGBoost Optuna,Gas_Yield_pct,19,0.9265157790545366,COMPLETE,"{""activation"": ""relu"", ""alpha"": 1.0713874129870076e-05, ""batch_size"": 32, ""learning_rate_init"": 0.00012443018227639865, ""mlp_weight"": 0.2738375662993276, ""n_layers"": 1, ""units_layer_1"": 2, ""xgb_colsample_bytree"": 0.8392302663189776, ""xgb_learning_rate"": 0.09123614969291975, ""xgb_max_depth"": 3, ""xgb_min_child_weight"": 2.700822118361507, ""xgb_n_estimators"": 80, ""xgb_reg_alpha"": 0.8596997194967374, ""xgb_reg_lambda"": 2.24819575536809, ""xgb_subsample"": 0.8363516416806684}"
Hybride 2 branches MLP + XGBoost Optuna,Gas_Yield_pct,20,0.9124691858191303,COMPLETE,"{""activation"": ""tanh"", ""alpha"": 3.847473338716753e-05, ""batch_size"": 16, ""learning_rate_init"": 0.00030164788773235024, ""mlp_weight"": 0.26816895220374615, ""n_layers"": 1, ""units_layer_1"": 4, ""xgb_colsample_bytree"": 0.9578844243448579, ""xgb_learning_rate"": 0.06778716249322891, ""xgb_max_depth"": 2, ""xgb_min_child_weight"": 1.8142151129968072, ""xgb_n_estimators"": 80, ""xgb_reg_alpha"": 0.0014406054574705401, ""xgb_reg_lambda"": 5.199652095952682, ""xgb_subsample"": 0.916620084496066}"
Hybride 2 branches MLP + XGBoost Optuna,Gas_Yield_pct,21,0.9152964092185437,COMPLETE,"{""activation"": ""tanh"", ""alpha"": 3.607519525053462e-05, ""batch_size"": 16, ""learning_rate_init"": 0.0002448670189417355, ""mlp_weight"": 0.41743166956054567, ""n_layers"": 2, ""units_layer_1"": 4, ""units_layer_2"": 2, ""xgb_colsample_bytree"": 0.9570474490244412, ""xgb_learning_rate"": 0.04172927553043604, ""xgb_max_depth"": 2, ""xgb_min_child_weight"": 1.716664354252061, ""xgb_n_estimators"": 180, ""xgb_reg_alpha"": 0.0008798049056142477, ""xgb_reg_lambda"": 0.9434071110276467, ""xgb_subsample"": 0.9268214123941673}"
Hybride 2 branches MLP + XGBoost Optuna,Gas_Yield_pct,22,0.9134653867740333,COMPLETE,"{""activation"": ""tanh"", ""alpha"": 3.4174073974437614e-05, ""batch_size"": 16, ""learning_rate_init"": 0.0003045247604728494, ""mlp_weight"": 0.25094472564066206, ""n_layers"": 1, ""units_layer_1"": 4, ""xgb_colsample_bytree"": 0.9684628203117712, ""xgb_learning_rate"": 0.0673917116253344, ""xgb_max_depth"": 2, ""xgb_min_child_weight"": 1.6800496600566466, ""xgb_n_estimators"": 80, ""xgb_reg_alpha"": 0.008303099746422387, ""xgb_reg_lambda"": 4.843987329855581, ""xgb_subsample"": 0.9590286369942347}"
Hybride 2 branches MLP + XGBoost Optuna,Gas_Yield_pct,23,0.9120134651678142,COMPLETE,"{""activation"": ""tanh"", ""alpha"": 3.537202043706635e-05, ""batch_size"": 16, ""learning_rate_init"": 0.0003113944723208297, ""mlp_weight"": 0.27224371234334604, ""n_layers"": 1, ""units_layer_1"": 4, ""xgb_colsample_bytree"": 0.9633447228112527, ""xgb_learning_rate"": 0.06695371331457169, ""xgb_max_depth"": 2, ""xgb_min_child_weight"": 1.2589448541638442, ""xgb_n_estimators"": 80, ""xgb_reg_alpha"": 0.0012052235043397753, ""xgb_reg_lambda"": 3.2895061106251466, ""xgb_subsample"": 0.9577765760042041}"
Hybride 2 branches MLP + XGBoost Optuna,Gas_Yield_pct,24,0.91220511264461,COMPLETE,"{""activation"": ""tanh"", ""alpha"": 0.00037198625663481316, ""batch_size"": 16, ""learning_rate_init"": 0.00017832536730587694, ""mlp_weight"": 0.3549826690962761, ""n_layers"": 1, ""units_layer_1"": 4, ""xgb_colsample_bytree"": 0.9214638371458167, ""xgb_learning_rate"": 0.06733480927974464, ""xgb_max_depth"": 2, ""xgb_min_child_weight"": 1.4982605043429902, ""xgb_n_estimators"": 80, ""xgb_reg_alpha"": 0.00119786746041638, ""xgb_reg_lambda"": 2.9715149131914607, ""xgb_subsample"": 0.9011865064488103}"
Hybride 2 branches MLP + XGBoost Optuna,Gas_Yield_pct,25,0.9128870001686181,COMPLETE,"{""activation"": ""tanh"", ""alpha"": 0.00026803020060119233, ""batch_size"": 16, ""learning_rate_init"": 0.00016833662412956178, ""mlp_weight"": 0.3596465258154642, ""n_layers"": 1, ""units_layer_1"": 4, ""xgb_colsample_bytree"": 0.9144530040909614, ""xgb_learning_rate"": 0.04826237050623515, ""xgb_max_depth"": 2, ""xgb_min_child_weight"": 1.3606648599015256, ""xgb_n_estimators"": 80, ""xgb_reg_alpha"": 0.0004293054484832319, ""xgb_reg_lambda"": 1.4305753383206998, ""xgb_subsample"": 0.8994630969285056}"
Hybride 2 branches MLP + XGBoost Optuna,Gas_Yield_pct,26,0.9120210910520097,COMPLETE,"{""activation"": ""tanh"", ""alpha"": 0.0007069415247038031, ""batch_size"": 16, ""learning_rate_init"": 0.00017203231615957811, ""mlp_weight"": 0.41835063804950645, ""n_layers"": 1, ""units_layer_1"": 4, ""xgb_colsample_bytree"": 0.895619863054845, ""xgb_learning_rate"": 0.0944021520601834, ""xgb_max_depth"": 2, ""xgb_min_child_weight"": 2.35870511828285, ""xgb_n_estimators"": 80, ""xgb_reg_alpha"": 2.9543490531907524e-05, ""xgb_reg_lambda"": 3.177179917841357, ""xgb_subsample"": 0.9715279698909329}"
Hybride 2 branches MLP + XGBoost Optuna,Gas_Yield_pct,27,0.9273139924976721,COMPLETE,"{""activation"": ""relu"", ""alpha"": 0.0014739552352385746, ""batch_size"": 16, ""learning_rate_init"": 0.0001055088072170963, ""mlp_weight"": 0.6436843103474728, ""n_layers"": 1, ""units_layer_1"": 4, ""xgb_colsample_bytree"": 0.8859886403178532, ""xgb_learning_rate"": 0.09690532763477681, ""xgb_max_depth"": 3, ""xgb_min_child_weight"": 2.513907527989349, ""xgb_n_estimators"": 80, ""xgb_reg_alpha"": 1.0313216672302417e-05, ""xgb_reg_lambda"": 0.6447523171741556, ""xgb_subsample"": 0.9662129560470218}"
Hybride 2 branches MLP + XGBoost Optuna,Gas_Yield_pct,28,0.9162426140797966,COMPLETE,"{""activation"": ""tanh"", ""alpha"": 0.0008260372137791242, ""batch_size"": 16, ""learning_rate_init"": 0.0006715327276905393, ""mlp_weight"": 0.4476285830987242, ""n_layers"": 1, ""units_layer_1"": 4, ""xgb_colsample_bytree"": 0.933173196725624, ""xgb_learning_rate"": 0.11796812895860555, ""xgb_max_depth"": 2, ""xgb_min_child_weight"": 2.2594485128721162, ""xgb_n_estimators"": 80, ""xgb_reg_alpha"": 3.135653883072938e-05, ""xgb_reg_lambda"": 2.5638965994424763, ""xgb_subsample"": 0.9968668332019465}"
Hybride 2 branches MLP + XGBoost Optuna,Gas_Yield_pct,29,0.9172587466757264,COMPLETE,"{""activation"": ""relu"", ""alpha"": 0.00016714400372588577, ""batch_size"": 16, ""learning_rate_init"": 0.0003527718652546625, ""mlp_weight"": 0.6158945344615001, ""n_layers"": 1, ""units_layer_1"": 4, ""xgb_colsample_bytree"": 0.8925506638885066, ""xgb_learning_rate"": 0.08990832170745751, ""xgb_max_depth"": 2, ""xgb_min_child_weight"": 1.0264652352947168, ""xgb_n_estimators"": 80, ""xgb_reg_alpha"": 4.8446369842563005e-05, ""xgb_reg_lambda"": 3.78573590996408, ""xgb_subsample"": 0.9432838356320905}"
Hybride 2 branches MLP + XGBoost Optuna,Gas_Yield_pct,30,0.9350778622489908,COMPLETE,"{""activation"": ""tanh"", ""alpha"": 0.003584243556419364, ""batch_size"": 64, ""learning_rate_init"": 0.00021463215830886287, ""mlp_weight"": 0.3308862967581427, ""n_layers"": 1, ""units_layer_1"": 4, ""xgb_colsample_bytree"": 0.97506993887055, ""xgb_learning_rate"": 0.10949234229470481, ""xgb_max_depth"": 3, ""xgb_min_child_weight"": 3.516171081684773, ""xgb_n_estimators"": 180, ""xgb_reg_alpha"": 0.00023573173771388223, ""xgb_reg_lambda"": 1.4884331620690625, ""xgb_subsample"": 0.9758080866730026}"
Hybride 2 branches MLP + XGBoost Optuna,Gas_Yield_pct,31,0.9151231360120932,COMPLETE,"{""activation"": ""tanh"", ""alpha"": 0.020677515248320955, ""batch_size"": 16, ""learning_rate_init"": 0.0001623258105775936, ""mlp_weight"": 0.24704584912099228, ""n_layers"": 1, ""units_layer_1"": 4, ""xgb_colsample_bytree"": 0.9920685909707958, ""xgb_learning_rate"": 0.07115924429924224, ""xgb_max_depth"": 2, ""xgb_min_child_weight"": 2.764590516281605, ""xgb_n_estimators"": 120, ""xgb_reg_alpha"": 0.09822377778979598, ""xgb_reg_lambda"": 6.869989841459751, ""xgb_subsample"": 0.9313804878417834}"
Hybride 2 branches MLP + XGBoost Optuna,Gas_Yield_pct,32,0.9121441644534203,COMPLETE,"{""activation"": ""tanh"", ""alpha"": 0.0004877355391345224, ""batch_size"": 16, ""learning_rate_init"": 0.0001943449006772862, ""mlp_weight"": 0.353828819655014, ""n_layers"": 1, ""units_layer_1"": 4, ""xgb_colsample_bytree"": 0.9258266872759437, ""xgb_learning_rate"": 0.0590789763039759, ""xgb_max_depth"": 2, ""xgb_min_child_weight"": 1.44745033802595, ""xgb_n_estimators"": 80, ""xgb_reg_alpha"": 0.0008677091864429232, ""xgb_reg_lambda"": 3.3058192072592685, ""xgb_subsample"": 0.9031105228221816}"
Hybride 2 branches MLP + XGBoost Optuna,Gas_Yield_pct,33,0.9126941840494555,COMPLETE,"{""activation"": ""tanh"", ""alpha"": 0.004121127732577625, ""batch_size"": 16, ""learning_rate_init"": 0.00014060181393454652, ""mlp_weight"": 0.30410452694493634, ""n_layers"": 1, ""units_layer_1"": 4, ""xgb_colsample_bytree"": 0.8665251195024589, ""xgb_learning_rate"": 0.05699747739242539, ""xgb_max_depth"": 2, ""xgb_min_child_weight"": 2.046714983740553, ""xgb_n_estimators"": 80, ""xgb_reg_alpha"": 0.004001772339020489, ""xgb_reg_lambda"": 3.7771384738084937, ""xgb_subsample"": 0.9588145379326596}"
Hybride 2 branches MLP + XGBoost Optuna,Gas_Yield_pct,34,0.9124760971357937,COMPLETE,"{""activation"": ""tanh"", ""alpha"": 0.0007344916234989175, ""batch_size"": 16, ""learning_rate_init"": 0.00035962543475327155, ""mlp_weight"": 0.4303426641180401, ""n_layers"": 1, ""units_layer_1"": 4, ""xgb_colsample_bytree"": 0.9450134731628517, ""xgb_learning_rate"": 0.08872906901107712, ""xgb_max_depth"": 2, ""xgb_min_child_weight"": 2.354411572966696, ""xgb_n_estimators"": 80, ""xgb_reg_alpha"": 0.000705294324504957, ""xgb_reg_lambda"": 2.8560810239547063, ""xgb_subsample"": 0.9780555602115624}"
Hybride 2 branches MLP + XGBoost Optuna,Gas_Yield_pct,35,0.9119545684235069,COMPLETE,"{""activation"": ""tanh"", ""alpha"": 0.0004213307534390643, ""batch_size"": 64, ""learning_rate_init"": 0.00021765626413634283, ""mlp_weight"": 0.3744313947601095, ""n_layers"": 1, ""units_layer_1"": 4, ""xgb_colsample_bytree"": 0.9026822578085263, ""xgb_learning_rate"": 0.05101092560611075, ""xgb_max_depth"": 2, ""xgb_min_child_weight"": 1.5393318076218383, ""xgb_n_estimators"": 80, ""xgb_reg_alpha"": 2.336868428416566e-05, ""xgb_reg_lambda"": 2.207465311843566, ""xgb_subsample"": 0.8898397098622347}"
Hybride 2 branches MLP + XGBoost Optuna,Gas_Yield_pct,36,0.916705336079989,COMPLETE,"{""activation"": ""tanh"", ""alpha"": 2.247055018558509e-05, ""batch_size"": 64, ""learning_rate_init"": 0.002214511123674491, ""mlp_weight"": 0.3859795242000407, ""n_layers"": 1, ""units_layer_1"": 4, ""xgb_colsample_bytree"": 0.9007184736482118, ""xgb_learning_rate"": 0.0496488765104306, ""xgb_max_depth"": 2, ""xgb_min_child_weight"": 1.877747135049032, ""xgb_n_estimators"": 120, ""xgb_reg_alpha"": 2.4197930790671168e-05, ""xgb_reg_lambda"": 1.8286624971667995, ""xgb_subsample"": 0.8055886411388578}"
Hybride 2 branches MLP + XGBoost Optuna,Gas_Yield_pct,37,0.9154086595299397,COMPLETE,"{""activation"": ""relu"", ""alpha"": 0.00011324036354560873, ""batch_size"": 64, ""learning_rate_init"": 0.0006437115433922457, ""mlp_weight"": 0.4570045031639033, ""n_layers"": 1, ""units_layer_1"": 4, ""xgb_colsample_bytree"": 0.8782248556060088, ""xgb_learning_rate"": 0.0390697017631467, ""xgb_max_depth"": 2, ""xgb_min_child_weight"": 1.6398658667586523, ""xgb_n_estimators"": 80, ""xgb_reg_alpha"": 6.6540119511219e-05, ""xgb_reg_lambda"": 1.063705170267009, ""xgb_subsample"": 0.8827344741251208}"
Hybride 2 branches MLP + XGBoost Optuna,Gas_Yield_pct,38,0.9269407290433153,COMPLETE,"{""activation"": ""relu"", ""alpha"": 0.003189864862080317, ""batch_size"": 64, ""learning_rate_init"": 0.00010285017750372357, ""mlp_weight"": 0.5516743507409283, ""n_layers"": 1, ""units_layer_1"": 4, ""xgb_colsample_bytree"": 0.9041591829303129, ""xgb_learning_rate"": 0.03466198112145886, ""xgb_max_depth"": 4, ""xgb_min_child_weight"": 1.2610956388743533, ""xgb_n_estimators"": 120, ""xgb_reg_alpha"": 0.0001757153596270724, ""xgb_reg_lambda"": 2.3285839145773837, ""xgb_subsample"": 0.9852722028560099}"
Hybride 2 branches MLP + XGBoost Optuna,Gas_Yield_pct,39,0.9278306002310022,COMPLETE,"{""activation"": ""tanh"", ""alpha"": 1.0404498543811688e-05, ""batch_size"": 64, ""learning_rate_init"": 0.00035541730135020186, ""mlp_weight"": 0.2400325185843285, ""n_layers"": 1, ""units_layer_1"": 4, ""xgb_colsample_bytree"": 0.9979163064010188, ""xgb_learning_rate"": 0.10428462178794964, ""xgb_max_depth"": 2, ""xgb_min_child_weight"": 1.990005934408312, ""xgb_n_estimators"": 180, ""xgb_reg_alpha"": 3.549295313218181e-05, ""xgb_reg_lambda"": 0.7935632950032377, ""xgb_subsample"": 0.9258400490696933}"
Hybride 2 branches MLP + XGBoost Optuna,Gas_Yield_pct,40,0.9221470807011102,COMPLETE,"{""activation"": ""relu"", ""alpha"": 5.844315794470572e-05, ""batch_size"": 64, ""learning_rate_init"": 0.0002465058528663614, ""mlp_weight"": 0.3176078770298233, ""n_layers"": 1, ""units_layer_1"": 4, ""xgb_colsample_bytree"": 0.8559501230182252, ""xgb_learning_rate"": 0.10012226876893944, ""xgb_max_depth"": 3, ""xgb_min_child_weight"": 2.831053369025586, ""xgb_n_estimators"": 80, ""xgb_reg_alpha"": 9.614908334045219e-05, ""xgb_reg_lambda"": 1.477395589335023, ""xgb_subsample"": 0.953416384180765}"
Hybride 2 branches MLP + XGBoost Optuna,Gas_Yield_pct,41,0.9122443707821672,COMPLETE,"{""activation"": ""tanh"", ""alpha"": 2.3066376880357416e-05, ""batch_size"": 64, ""learning_rate_init"": 0.0001517473346858113, ""mlp_weight"": 0.4722971068325496, ""n_layers"": 1, ""units_layer_1"": 4, ""xgb_colsample_bytree"": 0.964154162713719, ""xgb_learning_rate"": 0.07578790806936468, ""xgb_max_depth"": 2, ""xgb_min_child_weight"": 5.553560522988983, ""xgb_n_estimators"": 80, ""xgb_reg_alpha"": 1.3635636575563511e-05, ""xgb_reg_lambda"": 1.2681141589391867, ""xgb_subsample"": 0.9698811907892813}"
Hybride 2 branches MLP + XGBoost Optuna,Gas_Yield_pct,42,0.9115438010049661,COMPLETE,"{""activation"": ""tanh"", ""alpha"": 0.0004604954100222035, ""batch_size"": 16, ""learning_rate_init"": 0.00022134123688049797, ""mlp_weight"": 0.34979773285827814, ""n_layers"": 1, ""units_layer_1"": 4, ""xgb_colsample_bytree"": 0.9245116656021714, ""xgb_learning_rate"": 0.06147022333502332, ""xgb_max_depth"": 2, ""xgb_min_child_weight"": 1.4533921615699377, ""xgb_n_estimators"": 80, ""xgb_reg_alpha"": 0.00034086305399979217, ""xgb_reg_lambda"": 3.5090155188805383, ""xgb_subsample"": 0.9125588431638074}"
Hybride 2 branches MLP + XGBoost Optuna,Gas_Yield_pct,43,0.912306316514824,COMPLETE,"{""activation"": ""tanh"", ""alpha"": 0.0015704250825249973, ""batch_size"": 16, ""learning_rate_init"": 0.00019950194809287, ""mlp_weight"": 0.39986708792275005, ""n_layers"": 1, ""units_layer_1"": 4, ""xgb_colsample_bytree"": 0.9439529640826885, ""xgb_learning_rate"": 0.053374178422944625, ""xgb_max_depth"": 2, ""xgb_min_child_weight"": 1.1663984594549845, ""xgb_n_estimators"": 80, ""xgb_reg_alpha"": 0.0003449074400035287, ""xgb_reg_lambda"": 3.9710072243664314, ""xgb_subsample"": 0.8858311539036098}"
Hybride 2 branches MLP + XGBoost Optuna,Gas_Yield_pct,44,0.9130600389937031,COMPLETE,"{""activation"": ""tanh"", ""alpha"": 0.0010414816434983888, ""batch_size"": 16, ""learning_rate_init"": 0.00026974993213836943, ""mlp_weight"": 0.3400505019435723, ""n_layers"": 1, ""units_layer_1"": 4, ""xgb_colsample_bytree"": 0.8999954805469407, ""xgb_learning_rate"": 0.06187676012917979, ""xgb_max_depth"": 2, ""xgb_min_child_weight"": 1.5307060798055518, ""xgb_n_estimators"": 80, ""xgb_reg_alpha"": 0.0023436396988145572, ""xgb_reg_lambda"": 1.9142085091330472, ""xgb_subsample"": 0.8632999246887447}"
Hybride 2 branches MLP + XGBoost Optuna,Gas_Yield_pct,45,0.913945704724213,COMPLETE,"{""activation"": ""tanh"", ""alpha"": 0.00021186728340231892, ""batch_size"": 64, ""learning_rate_init"": 0.0001323194650599717, ""mlp_weight"": 0.3040096858086869, ""n_layers"": 1, ""units_layer_1"": 4, ""xgb_colsample_bytree"": 0.9174896152879986, ""xgb_learning_rate"": 0.05165725056049926, ""xgb_max_depth"": 2, ""xgb_min_child_weight"": 2.382988359324367, ""xgb_n_estimators"": 80, ""xgb_reg_alpha"": 1.9446443975584188e-05, ""xgb_reg_lambda"": 2.640695975455885, ""xgb_subsample"": 0.9109304036974001}"
Hybride 2 branches MLP + XGBoost Optuna,Gas_Yield_pct,46,0.9140616055579759,COMPLETE,"{""activation"": ""tanh"", ""alpha"": 0.0003546075635413133, ""batch_size"": 16, ""learning_rate_init"": 0.00020675152608142362, ""mlp_weight"": 0.37314091400154903, ""n_layers"": 1, ""units_layer_1"": 4, ""xgb_colsample_bytree"": 0.8810544337974663, ""xgb_learning_rate"": 0.06139297375117996, ""xgb_max_depth"": 2, ""xgb_min_child_weight"": 1.9138715095806424, ""xgb_n_estimators"": 120, ""xgb_reg_alpha"": 0.00015072160673439163, ""xgb_reg_lambda"": 7.285405627818939, ""xgb_subsample"": 0.9389156416587887}"
Hybride 2 branches MLP + XGBoost Optuna,Gas_Yield_pct,47,0.9145221072920012,COMPLETE,"{""activation"": ""tanh"", ""alpha"": 0.00014374228143122732, ""batch_size"": 32, ""learning_rate_init"": 0.00034066204393799315, ""mlp_weight"": 0.5183735890200492, ""n_layers"": 1, ""units_layer_1"": 4, ""xgb_colsample_bytree"": 0.980814433165705, ""xgb_learning_rate"": 0.045784924685915274, ""xgb_max_depth"": 2, ""xgb_min_child_weight"": 4.456698527323365, ""xgb_n_estimators"": 80, ""xgb_reg_alpha"": 6.101608806353265e-05, ""xgb_reg_lambda"": 3.194770080189078, ""xgb_subsample"": 0.9872692021491152}"
Hybride 2 branches MLP + XGBoost Optuna,Gas_Yield_pct,48,0.9149710843796066,COMPLETE,"{""activation"": ""relu"", ""alpha"": 0.0023192080686579744, ""batch_size"": 16, ""learning_rate_init"": 0.0008382067282100914, ""mlp_weight"": 0.27983915949652843, ""n_layers"": 1, ""units_layer_1"": 4, ""xgb_colsample_bytree"": 0.93246873322288, ""xgb_learning_rate"": 0.07191111704125601, ""xgb_max_depth"": 2, ""xgb_min_child_weight"": 2.5256748122952994, ""xgb_n_estimators"": 80, ""xgb_reg_alpha"": 0.004177800953344327, ""xgb_reg_lambda"": 4.3437537678184555, ""xgb_subsample"": 0.8895687785963765}"
Hybride 2 branches MLP + XGBoost Optuna,Gas_Yield_pct,49,0.921320738703024,COMPLETE,"{""activation"": ""tanh"", ""alpha"": 1.795074723410368e-05, ""batch_size"": 32, ""learning_rate_init"": 0.000432788158364863, ""mlp_weight"": 0.22843657416759255, ""n_layers"": 1, ""units_layer_1"": 4, ""xgb_colsample_bytree"": 0.9518130484269272, ""xgb_learning_rate"": 0.021194612927193855, ""xgb_max_depth"": 2, ""xgb_min_child_weight"": 3.133430817922846, ""xgb_n_estimators"": 80, ""xgb_reg_alpha"": 9.760569394221104e-05, ""xgb_reg_lambda"": 6.040146764256414, ""xgb_subsample"": 0.9182695890009551}"
Hybride 2 branches MLP + XGBoost Optuna,Gas_Yield_pct,50,0.9238035926841708,COMPLETE,"{""activation"": ""relu"", ""alpha"": 0.001056975488344915, ""batch_size"": 64, ""learning_rate_init"": 0.00022473707232805224, ""mlp_weight"": 0.42833407478262236, ""n_layers"": 1, ""units_layer_1"": 2, ""xgb_colsample_bytree"": 0.9084647939598908, ""xgb_learning_rate"": 0.08517021480890352, ""xgb_max_depth"": 2, ""xgb_min_child_weight"": 1.2217403934526574, ""xgb_n_estimators"": 80, ""xgb_reg_alpha"": 0.0002336315664331944, ""xgb_reg_lambda"": 2.2411854825040307, ""xgb_subsample"": 0.9405414126263746}"
Hybride 2 branches MLP + XGBoost Optuna,HBr_pct,1,0.36114379257413165,COMPLETE,"{""activation"": ""relu"", ""alpha"": 0.0025604493598342516, ""batch_size"": 32, ""learning_rate_init"": 0.0002599338838857871, ""mlp_weight"": 0.738821050935758, ""n_layers"": 1, ""units_layer_1"": 4, ""xgb_colsample_bytree"": 0.8899937954522777, ""xgb_learning_rate"": 0.10136208960907823, ""xgb_max_depth"": 4, ""xgb_min_child_weight"": 2.257828552040248, ""xgb_n_estimators"": 80, ""xgb_reg_alpha"": 1.318850970975709e-05, ""xgb_reg_lambda"": 2.7053698801159167, ""xgb_subsample"": 0.7607966205712186}"
Hybride 2 branches MLP + XGBoost Optuna,HBr_pct,2,0.35652854502026615,COMPLETE,"{""activation"": ""relu"", ""alpha"": 0.02743830915152905, ""batch_size"": 32, ""learning_rate_init"": 0.000995188166010152, ""mlp_weight"": 0.6747650060980903, ""n_layers"": 1, ""units_layer_1"": 4, ""xgb_colsample_bytree"": 0.8978313232402285, ""xgb_learning_rate"": 0.09646355971805053, ""xgb_max_depth"": 4, ""xgb_min_child_weight"": 1.9124242572319514, ""xgb_n_estimators"": 120, ""xgb_reg_alpha"": 0.5750312416097808, ""xgb_reg_lambda"": 0.10456523801193134, ""xgb_subsample"": 0.7658571370275894}"
Hybride 2 branches MLP + XGBoost Optuna,HBr_pct,3,0.3804175133921499,COMPLETE,"{""activation"": ""tanh"", ""alpha"": 0.0009067000488425378, ""batch_size"": 64, ""learning_rate_init"": 0.00033096649024134934, ""mlp_weight"": 0.5395185272074665, ""n_layers"": 2, ""units_layer_1"": 2, ""units_layer_2"": 2, ""xgb_colsample_bytree"": 0.967747235198438, ""xgb_learning_rate"": 0.04225690170762094, ""xgb_max_depth"": 4, ""xgb_min_child_weight"": 2.336435409991826, ""xgb_n_estimators"": 80, ""xgb_reg_alpha"": 2.9355881088215696e-05, ""xgb_reg_lambda"": 0.6025369964693706, ""xgb_subsample"": 0.9089420596045968}"
Hybride 2 branches MLP + XGBoost Optuna,HBr_pct,4,0.352747076571357,COMPLETE,"{""activation"": ""relu"", ""alpha"": 0.0036620198318236897, ""batch_size"": 16, ""learning_rate_init"": 0.001963389108213585, ""mlp_weight"": 0.3675722520330396, ""n_layers"": 2, ""units_layer_1"": 4, ""units_layer_2"": 2, ""xgb_colsample_bytree"": 0.8494867677457782, ""xgb_learning_rate"": 0.09418672126238885, ""xgb_max_depth"": 3, ""xgb_min_child_weight"": 2.8425329248331352, ""xgb_n_estimators"": 120, ""xgb_reg_alpha"": 0.0025425571808984915, ""xgb_reg_lambda"": 0.12213926021949795, ""xgb_subsample"": 0.9337893573911932}"
Hybride 2 branches MLP + XGBoost Optuna,HBr_pct,5,0.35407525180652416,COMPLETE,"{""activation"": ""tanh"", ""alpha"": 0.015781972495881508, ""batch_size"": 32, ""learning_rate_init"": 0.00015649384878515732, ""mlp_weight"": 0.6714864687852482, ""n_layers"": 1, ""units_layer_1"": 4, ""xgb_colsample_bytree"": 0.7211353817633247, ""xgb_learning_rate"": 0.09983368162729925, ""xgb_max_depth"": 2, ""xgb_min_child_weight"": 3.7680362329485657, ""xgb_n_estimators"": 80, ""xgb_reg_alpha"": 0.0007764669423831981, ""xgb_reg_lambda"": 3.112168256504907, ""xgb_subsample"": 0.7911281097009173}"
Hybride 2 branches MLP + XGBoost Optuna,HBr_pct,6,0.3592755184856549,COMPLETE,"{""activation"": ""relu"", ""alpha"": 5.013958454753438e-05, ""batch_size"": 64, ""learning_rate_init"": 0.004692431394270885, ""mlp_weight"": 0.5664643397862644, ""n_layers"": 1, ""units_layer_1"": 4, ""xgb_colsample_bytree"": 0.8676516706599253, ""xgb_learning_rate"": 0.11946697441297766, ""xgb_max_depth"": 4, ""xgb_min_child_weight"": 5.19504510884236, ""xgb_n_estimators"": 180, ""xgb_reg_alpha"": 0.015279362452713312, ""xgb_reg_lambda"": 4.466961636170004, ""xgb_subsample"": 0.9976787395974582}"
Hybride 2 branches MLP + XGBoost Optuna,HBr_pct,7,0.3530112466621983,COMPLETE,"{""activation"": ""relu"", ""alpha"": 0.0026569710567074284, ""batch_size"": 16, ""learning_rate_init"": 0.0016152797861552642, ""mlp_weight"": 0.2036468677626101, ""n_layers"": 1, ""units_layer_1"": 4, ""xgb_colsample_bytree"": 0.978469012926473, ""xgb_learning_rate"": 0.033491112521705065, ""xgb_max_depth"": 3, ""xgb_min_child_weight"": 3.1432103060586645, ""xgb_n_estimators"": 180, ""xgb_reg_alpha"": 0.061081716450966855, ""xgb_reg_lambda"": 1.257895983642293, ""xgb_subsample"": 0.9702369183945797}"
Hybride 2 branches MLP + XGBoost Optuna,HBr_pct,8,0.35149499088139985,COMPLETE,"{""activation"": ""relu"", ""alpha"": 0.0002616903519620645, ""batch_size"": 16, ""learning_rate_init"": 0.00045546014431107566, ""mlp_weight"": 0.4621312622883029, ""n_layers"": 1, ""units_layer_1"": 4, ""xgb_colsample_bytree"": 0.8976472935844657, ""xgb_learning_rate"": 0.07523159500966889, ""xgb_max_depth"": 2, ""xgb_min_child_weight"": 2.3362040204359897, ""xgb_n_estimators"": 80, ""xgb_reg_alpha"": 0.0367988611029314, ""xgb_reg_lambda"": 0.11118175123743179, ""xgb_subsample"": 0.9359881555239361}"
Hybride 2 branches MLP + XGBoost Optuna,HBr_pct,9,0.35020836834306435,COMPLETE,"{""activation"": ""relu"", ""alpha"": 2.8480796612144927e-05, ""batch_size"": 16, ""learning_rate_init"": 0.00019266278599078693, ""mlp_weight"": 0.4556585025187058, ""n_layers"": 2, ""units_layer_1"": 4, ""units_layer_2"": 2, ""xgb_colsample_bytree"": 0.9875404916021718, ""xgb_learning_rate"": 0.03184530244964791, ""xgb_max_depth"": 2, ""xgb_min_child_weight"": 2.312539475405014, ""xgb_n_estimators"": 120, ""xgb_reg_alpha"": 0.000833223422265869, ""xgb_reg_lambda"": 1.6607475399216294, ""xgb_subsample"": 0.7845284465229627}"
Hybride 2 branches MLP + XGBoost Optuna,HBr_pct,10,0.3528320637129606,COMPLETE,"{""activation"": ""tanh"", ""alpha"": 2.4717457597682213e-05, ""batch_size"": 16, ""learning_rate_init"": 0.0002263108478328462, ""mlp_weight"": 0.25047751208011826, ""n_layers"": 1, ""units_layer_1"": 4, ""xgb_colsample_bytree"": 0.7480152378052247, ""xgb_learning_rate"": 0.045887089073244555, ""xgb_max_depth"": 3, ""xgb_min_child_weight"": 1.0745410236530697, ""xgb_n_estimators"": 180, ""xgb_reg_alpha"": 0.0156267491032612, ""xgb_reg_lambda"": 0.5744349210916979, ""xgb_subsample"": 0.9862772973313212}"
Hybride 2 branches MLP + XGBoost Optuna,HBr_pct,11,0.35966826298227067,COMPLETE,"{""activation"": ""tanh"", ""alpha"": 0.09032195074911235, ""batch_size"": 16, ""learning_rate_init"": 0.004544564477041704, ""mlp_weight"": 0.33796047286293573, ""n_layers"": 2, ""units_layer_1"": 2, ""units_layer_2"": 2, ""xgb_colsample_bytree"": 0.7935120059176898, ""xgb_learning_rate"": 0.020423621587414984, ""xgb_max_depth"": 2, ""xgb_min_child_weight"": 5.410262303646546, ""xgb_n_estimators"": 120, ""xgb_reg_alpha"": 0.00017118469387566922, ""xgb_reg_lambda"": 6.913525981544116, ""xgb_subsample"": 0.8444450356159792}"
Hybride 2 branches MLP + XGBoost Optuna,HBr_pct,12,0.34800796296266145,COMPLETE,"{""activation"": ""relu"", ""alpha"": 0.00015739198595710966, ""batch_size"": 16, ""learning_rate_init"": 0.000520558337811667, ""mlp_weight"": 0.46798022721527327, ""n_layers"": 2, ""units_layer_1"": 2, ""units_layer_2"": 2, ""xgb_colsample_bytree"": 0.9394181504039323, ""xgb_learning_rate"": 0.0625803681960196, ""xgb_max_depth"": 2, ""xgb_min_child_weight"": 3.921971630135877, ""xgb_n_estimators"": 120, ""xgb_reg_alpha"": 0.6683433948911172, ""xgb_reg_lambda"": 0.27525042857329546, ""xgb_subsample"": 0.7152417800220185}"
Hybride 2 branches MLP + XGBoost Optuna,HBr_pct,13,0.3544900144525618,COMPLETE,"{""activation"": ""relu"", ""alpha"": 0.0001161662643282517, ""batch_size"": 16, ""learning_rate_init"": 0.0001020592413299811, ""mlp_weight"": 0.454583767660362, ""n_layers"": 2, ""units_layer_1"": 2, ""units_layer_2"": 2, ""xgb_colsample_bytree"": 0.9446393137006354, ""xgb_learning_rate"": 0.06142443618648548, ""xgb_max_depth"": 2, ""xgb_min_child_weight"": 4.352454147583631, ""xgb_n_estimators"": 120, ""xgb_reg_alpha"": 0.18583062550974308, ""xgb_reg_lambda"": 0.5169352240510454, ""xgb_subsample"": 0.7367550206222819}"
Hybride 2 branches MLP + XGBoost Optuna,HBr_pct,14,0.35189313895777374,COMPLETE,"{""activation"": ""relu"", ""alpha"": 1.0851565338329947e-05, ""batch_size"": 16, ""learning_rate_init"": 0.0006117918952657843, ""mlp_weight"": 0.4750219395318727, ""n_layers"": 2, ""units_layer_1"": 2, ""units_layer_2"": 2, ""xgb_colsample_bytree"": 0.9408755729758089, ""xgb_learning_rate"": 0.024593033435714125, ""xgb_max_depth"": 2, ""xgb_min_child_weight"": 4.3284111418750175, ""xgb_n_estimators"": 120, ""xgb_reg_alpha"": 0.0016208126524230402, ""xgb_reg_lambda"": 0.27745122664060434, ""xgb_subsample"": 0.705693345776879}"
Hybride 2 branches MLP + XGBoost Optuna,HBr_pct,15,0.3504338239937848,COMPLETE,"{""activation"": ""relu"", ""alpha"": 0.00028420739649160016, ""batch_size"": 16, ""learning_rate_init"": 0.0007623539962991735, ""mlp_weight"": 0.36336734006661964, ""n_layers"": 2, ""units_layer_1"": 2, ""units_layer_2"": 2, ""xgb_colsample_bytree"": 0.9864141525203428, ""xgb_learning_rate"": 0.05924277796863752, ""xgb_max_depth"": 3, ""xgb_min_child_weight"": 1.1231442619100793, ""xgb_n_estimators"": 120, ""xgb_reg_alpha"": 0.00015634960199887693, ""xgb_reg_lambda"": 1.417725769147535, ""xgb_subsample"": 0.8193670188364326}"
Hybride 2 branches MLP + XGBoost Optuna,HBr_pct,16,0.38170365484527524,COMPLETE,"{""activation"": ""relu"", ""alpha"": 6.998975398011448e-05, ""batch_size"": 64, ""learning_rate_init"": 0.0001584983697742181, ""mlp_weight"": 0.5668195943898927, ""n_layers"": 2, ""units_layer_1"": 2, ""units_layer_2"": 2, ""xgb_colsample_bytree"": 0.9985491032678233, ""xgb_learning_rate"": 0.030449526395700532, ""xgb_max_depth"": 2, ""xgb_min_child_weight"": 3.606833505063415, ""xgb_n_estimators"": 120, ""xgb_reg_alpha"": 0.3671421894855067, ""xgb_reg_lambda"": 0.2530268052279464, ""xgb_subsample"": 0.7019699306021874}"
Hybride 2 branches MLP + XGBoost Optuna,HBr_pct,17,0.34959971698959214,COMPLETE,"{""activation"": ""relu"", ""alpha"": 1.2598843637574127e-05, ""batch_size"": 16, ""learning_rate_init"": 0.0003596289476759288, ""mlp_weight"": 0.31361702098617983, ""n_layers"": 2, ""units_layer_1"": 2, ""units_layer_2"": 2, ""xgb_colsample_bytree"": 0.9340160790699076, ""xgb_learning_rate"": 0.04370159497360033, ""xgb_max_depth"": 2, ""xgb_min_child_weight"": 4.681645568419574, ""xgb_n_estimators"": 120, ""xgb_reg_alpha"": 0.005208436832796739, ""xgb_reg_lambda"": 1.5711097973311694, ""xgb_subsample"": 0.8609334529484328}"
Hybride 2 branches MLP + XGBoost Optuna,HBr_pct,18,0.3515921581035676,COMPLETE,"{""activation"": ""relu"", ""alpha"": 1.2573879193208469e-05, ""batch_size"": 16, ""learning_rate_init"": 0.00041152861411710426, ""mlp_weight"": 0.2804132708767215, ""n_layers"": 2, ""units_layer_1"": 2, ""units_layer_2"": 2, ""xgb_colsample_bytree"": 0.9349813987820086, ""xgb_learning_rate"": 0.048459919223766953, ""xgb_max_depth"": 3, ""xgb_min_child_weight"": 5.968374435163295, ""xgb_n_estimators"": 120, ""xgb_reg_alpha"": 0.0042818249687111695, ""xgb_reg_lambda"": 0.2334720238046866, ""xgb_subsample"": 0.8715953852270663}"
Hybride 2 branches MLP + XGBoost Optuna,HBr_pct,19,0.34872490089422037,COMPLETE,"{""activation"": ""tanh"", ""alpha"": 0.00023556919525137074, ""batch_size"": 64, ""learning_rate_init"": 0.0011587954033307763, ""mlp_weight"": 0.308446577920221, ""n_layers"": 2, ""units_layer_1"": 2, ""units_layer_2"": 2, ""xgb_colsample_bytree"": 0.8126209091682204, ""xgb_learning_rate"": 0.05943210149668835, ""xgb_max_depth"": 2, ""xgb_min_child_weight"": 4.664568306691366, ""xgb_n_estimators"": 120, ""xgb_reg_alpha"": 0.10248538191057673, ""xgb_reg_lambda"": 8.398670491020454, ""xgb_subsample"": 0.8741387491991213}"
Hybride 2 branches MLP + XGBoost Optuna,HBr_pct,20,0.3521446031252539,COMPLETE,"{""activation"": ""tanh"", ""alpha"": 0.00039169318680228, ""batch_size"": 64, ""learning_rate_init"": 0.0013665729041205815, ""mlp_weight"": 0.39532048077034554, ""n_layers"": 2, ""units_layer_1"": 2, ""units_layer_2"": 2, ""xgb_colsample_bytree"": 0.8168784172057597, ""xgb_learning_rate"": 0.0692491230947052, ""xgb_max_depth"": 3, ""xgb_min_child_weight"": 3.8498677371451566, ""xgb_n_estimators"": 180, ""xgb_reg_alpha"": 0.09438900746639467, ""xgb_reg_lambda"": 5.215446519184772, ""xgb_subsample"": 0.8967075065116152}"
Hybride 2 branches MLP + XGBoost Optuna,HBr_pct,21,0.3502325815670259,COMPLETE,"{""activation"": ""tanh"", ""alpha"": 0.000838171665005638, ""batch_size"": 64, ""learning_rate_init"": 0.0027710860149155266, ""mlp_weight"": 0.21050886289821086, ""n_layers"": 2, ""units_layer_1"": 2, ""units_layer_2"": 2, ""xgb_colsample_bytree"": 0.7860790126491164, ""xgb_learning_rate"": 0.05418361860940769, ""xgb_max_depth"": 2, ""xgb_min_child_weight"": 4.941111980316823, ""xgb_n_estimators"": 120, ""xgb_reg_alpha"": 0.8897337424468981, ""xgb_reg_lambda"": 9.493988973545344, ""xgb_subsample"": 0.8341428119159947}"
Hybride 2 branches MLP + XGBoost Optuna,HBr_pct,22,0.35103165028052835,COMPLETE,"{""activation"": ""tanh"", ""alpha"": 0.0001275753932026039, ""batch_size"": 64, ""learning_rate_init"": 0.0007215810747117151, ""mlp_weight"": 0.3110249614432017, ""n_layers"": 2, ""units_layer_1"": 2, ""units_layer_2"": 2, ""xgb_colsample_bytree"": 0.8489825873406962, ""xgb_learning_rate"": 0.04049234938041329, ""xgb_max_depth"": 2, ""xgb_min_child_weight"": 4.553154425278679, ""xgb_n_estimators"": 120, ""xgb_reg_alpha"": 0.1729635802481757, ""xgb_reg_lambda"": 0.9520207832365585, ""xgb_subsample"": 0.8678108891963652}"
Hybride 2 branches MLP + XGBoost Optuna,HBr_pct,23,0.3495165073326781,COMPLETE,"{""activation"": ""tanh"", ""alpha"": 0.0008033351044376826, ""batch_size"": 64, ""learning_rate_init"": 0.0011093508298627046, ""mlp_weight"": 0.2827016823422329, ""n_layers"": 2, ""units_layer_1"": 2, ""units_layer_2"": 2, ""xgb_colsample_bytree"": 0.9307647394144523, ""xgb_learning_rate"": 0.07245974346177787, ""xgb_max_depth"": 2, ""xgb_min_child_weight"": 4.832740089564516, ""xgb_n_estimators"": 120, ""xgb_reg_alpha"": 0.014667393015687882, ""xgb_reg_lambda"": 2.594639810685165, ""xgb_subsample"": 0.8759098282605425}"
Hybride 2 branches MLP + XGBoost Optuna,HBr_pct,24,0.34903182839588787,COMPLETE,"{""activation"": ""tanh"", ""alpha"": 0.000848361680142424, ""batch_size"": 64, ""learning_rate_init"": 0.0010926196786936815, ""mlp_weight"": 0.4055368525669495, ""n_layers"": 2, ""units_layer_1"": 2, ""units_layer_2"": 2, ""xgb_colsample_bytree"": 0.9156694625608439, ""xgb_learning_rate"": 0.07539106489715096, ""xgb_max_depth"": 2, ""xgb_min_child_weight"": 5.4641174598842275, ""xgb_n_estimators"": 120, ""xgb_reg_alpha"": 0.01810951917363664, ""xgb_reg_lambda"": 2.3811906348808876, ""xgb_subsample"": 0.8097251567012407}"
Hybride 2 branches MLP + XGBoost Optuna,HBr_pct,25,0.3502038535328575,COMPLETE,"{""activation"": ""tanh"", ""alpha"": 0.00012850881068402766, ""batch_size"": 64, ""learning_rate_init"": 0.0025705976747222143, ""mlp_weight"": 0.3930420029849649, ""n_layers"": 2, ""units_layer_1"": 2, ""units_layer_2"": 2, ""xgb_colsample_bytree"": 0.8234030798999985, ""xgb_learning_rate"": 0.08426754987506593, ""xgb_max_depth"": 2, ""xgb_min_child_weight"": 5.68888365492683, ""xgb_n_estimators"": 120, ""xgb_reg_alpha"": 0.2623345754659093, ""xgb_reg_lambda"": 9.017621468811992, ""xgb_subsample"": 0.8055048213299991}"
Hybride 2 branches MLP + XGBoost Optuna,HBr_pct,26,0.3482917950647051,COMPLETE,"{""activation"": ""tanh"", ""alpha"": 0.0004830400233117972, ""batch_size"": 64, ""learning_rate_init"": 0.0009495100596938673, ""mlp_weight"": 0.5274865247652747, ""n_layers"": 2, ""units_layer_1"": 2, ""units_layer_2"": 2, ""xgb_colsample_bytree"": 0.7027925911332827, ""xgb_learning_rate"": 0.06337357416617681, ""xgb_max_depth"": 2, ""xgb_min_child_weight"": 4.09798554172753, ""xgb_n_estimators"": 120, ""xgb_reg_alpha"": 0.03425162655844322, ""xgb_reg_lambda"": 5.351914635472734, ""xgb_subsample"": 0.7370027493889535}"
Hybride 2 branches MLP + XGBoost Optuna,HBr_pct,27,0.3619156596796502,COMPLETE,"{""activation"": ""tanh"", ""alpha"": 0.00040481612189641306, ""batch_size"": 64, ""learning_rate_init"": 0.0005388606212689033, ""mlp_weight"": 0.6061862863940013, ""n_layers"": 2, ""units_layer_1"": 2, ""units_layer_2"": 2, ""xgb_colsample_bytree"": 0.7025421513384519, ""xgb_learning_rate"": 0.05364823011521489, ""xgb_max_depth"": 2, ""xgb_min_child_weight"": 4.018454956827202, ""xgb_n_estimators"": 120, ""xgb_reg_alpha"": 0.09514929798801186, ""xgb_reg_lambda"": 4.567586334072855, ""xgb_subsample"": 0.7358337383490772}"
Hybride 2 branches MLP + XGBoost Optuna,HBr_pct,28,0.3474693329019612,COMPLETE,"{""activation"": ""tanh"", ""alpha"": 0.0052159529942554985, ""batch_size"": 32, ""learning_rate_init"": 0.0009281054284355681, ""mlp_weight"": 0.4877022373262896, ""n_layers"": 2, ""units_layer_1"": 2, ""units_layer_2"": 2, ""xgb_colsample_bytree"": 0.7567287073730696, ""xgb_learning_rate"": 0.06392915876341711, ""xgb_max_depth"": 3, ""xgb_min_child_weight"": 3.4494555549939347, ""xgb_n_estimators"": 120, ""xgb_reg_alpha"": 0.037424003520059784, ""xgb_reg_lambda"": 6.9687110757780735, ""xgb_subsample"": 0.7318493735078738}"
Hybride 2 branches MLP + XGBoost Optuna,HBr_pct,29,0.346693424341846,COMPLETE,"{""activation"": ""tanh"", ""alpha"": 0.007199391679143721, ""batch_size"": 32, ""learning_rate_init"": 0.0009366685898913954, ""mlp_weight"": 0.5127535369268346, ""n_layers"": 2, ""units_layer_1"": 2, ""units_layer_2"": 2, ""xgb_colsample_bytree"": 0.7485234405999683, ""xgb_learning_rate"": 0.06561696082222734, ""xgb_max_depth"": 3, ""xgb_min_child_weight"": 3.4022287854927584, ""xgb_n_estimators"": 80, ""xgb_reg_alpha"": 0.03371005267011613, ""xgb_reg_lambda"": 5.5684711950839985, ""xgb_subsample"": 0.734669636489795}"
Hybride 2 branches MLP + XGBoost Optuna,HBr_pct,30,0.35470940383583643,COMPLETE,"{""activation"": ""tanh"", ""alpha"": 0.006083408627072515, ""batch_size"": 32, ""learning_rate_init"": 0.0002913728508401823, ""mlp_weight"": 0.5043385208032048, ""n_layers"": 2, ""units_layer_1"": 2, ""units_layer_2"": 2, ""xgb_colsample_bytree"": 0.7560500145406709, ""xgb_learning_rate"": 0.08271217595965281, ""xgb_max_depth"": 3, ""xgb_min_child_weight"": 3.3317007551470113, ""xgb_n_estimators"": 80, ""xgb_reg_alpha"": 0.0077565149811558275, ""xgb_reg_lambda"": 3.6641092742959804, ""xgb_subsample"": 0.7586807071157322}"
Hybride 2 branches MLP + XGBoost Optuna,HBr_pct,31,0.3468798941438173,COMPLETE,"{""activation"": ""tanh"", ""alpha"": 0.008429010977177642, ""batch_size"": 32, ""learning_rate_init"": 0.0008189685467165582, ""mlp_weight"": 0.6239365674533064, ""n_layers"": 2, ""units_layer_1"": 2, ""units_layer_2"": 2, ""xgb_colsample_bytree"": 0.760076213941402, ""xgb_learning_rate"": 0.037380601242382204, ""xgb_max_depth"": 3, ""xgb_min_child_weight"": 2.847501384902582, ""xgb_n_estimators"": 80, ""xgb_reg_alpha"": 0.857605921174474, ""xgb_reg_lambda"": 0.40338129819365387, ""xgb_subsample"": 0.7566525502659321}"
Hybride 2 branches MLP + XGBoost Optuna,HBr_pct,32,0.3467212108105248,COMPLETE,"{""activation"": ""tanh"", ""alpha"": 0.009170317643376677, ""batch_size"": 32, ""learning_rate_init"": 0.000797325702528454, ""mlp_weight"": 0.7601329644449697, ""n_layers"": 2, ""units_layer_1"": 2, ""units_layer_2"": 2, ""xgb_colsample_bytree"": 0.7590108047320289, ""xgb_learning_rate"": 0.03657654206294473, ""xgb_max_depth"": 3, ""xgb_min_child_weight"": 2.822682789608689, ""xgb_n_estimators"": 80, ""xgb_reg_alpha"": 0.3776647016810512, ""xgb_reg_lambda"": 0.42309338035642363, ""xgb_subsample"": 0.7265744807160566}"
Hybride 2 branches MLP + XGBoost Optuna,HBr_pct,33,0.34696696745517935,COMPLETE,"{""activation"": ""tanh"", ""alpha"": 0.010894176441872272, ""batch_size"": 32, ""learning_rate_init"": 0.0008005868330582313, ""mlp_weight"": 0.7766780313857273, ""n_layers"": 2, ""units_layer_1"": 2, ""units_layer_2"": 2, ""xgb_colsample_bytree"": 0.7539340301448432, ""xgb_learning_rate"": 0.03596866479579956, ""xgb_max_depth"": 3, ""xgb_min_child_weight"": 2.8356884751296683, ""xgb_n_estimators"": 80, ""xgb_reg_alpha"": 0.3004754967995723, ""xgb_reg_lambda"": 0.16369289383967156, ""xgb_subsample"": 0.765472614959973}"
Hybride 2 branches MLP + XGBoost Optuna,HBr_pct,34,0.346630706047202,COMPLETE,"{""activation"": ""tanh"", ""alpha"": 0.013964486226514233, ""batch_size"": 32, ""learning_rate_init"": 0.0007676578125776527, ""mlp_weight"": 0.7943444699743787, ""n_layers"": 2, ""units_layer_1"": 2, ""units_layer_2"": 2, ""xgb_colsample_bytree"": 0.7343871596598105, ""xgb_learning_rate"": 0.037244033635771334, ""xgb_max_depth"": 3, ""xgb_min_child_weight"": 2.843417657596254, ""xgb_n_estimators"": 80, ""xgb_reg_alpha"": 0.4265351346174063, ""xgb_reg_lambda"": 0.17814973129878262, ""xgb_subsample"": 0.7632836423409516}"
Hybride 2 branches MLP + XGBoost Optuna,HBr_pct,35,0.3492680459388707,COMPLETE,"{""activation"": ""tanh"", ""alpha"": 0.024398163469124125, ""batch_size"": 32, ""learning_rate_init"": 0.0017172852481882354, ""mlp_weight"": 0.7024127283762042, ""n_layers"": 2, ""units_layer_1"": 2, ""units_layer_2"": 2, ""xgb_colsample_bytree"": 0.7354718872526358, ""xgb_learning_rate"": 0.02789365515274464, ""xgb_max_depth"": 3, ""xgb_min_child_weight"": 1.9056540268098576, ""xgb_n_estimators"": 80, ""xgb_reg_alpha"": 0.5086736524156151, ""xgb_reg_lambda"": 0.39716143045662444, ""xgb_subsample"": 0.7575243296766103}"
Hybride 2 branches MLP + XGBoost Optuna,HBr_pct,36,0.349967368860991,COMPLETE,"{""activation"": ""tanh"", ""alpha"": 0.06539792537063673, ""batch_size"": 32, ""learning_rate_init"": 0.0006252285136861687, ""mlp_weight"": 0.790955821304924, ""n_layers"": 2, ""units_layer_1"": 2, ""units_layer_2"": 2, ""xgb_colsample_bytree"": 0.7769841519288508, ""xgb_learning_rate"": 0.03935795818024211, ""xgb_max_depth"": 4, ""xgb_min_child_weight"": 2.844832657118162, ""xgb_n_estimators"": 80, ""xgb_reg_alpha"": 0.7153389727959119, ""xgb_reg_lambda"": 0.17048157952645812, ""xgb_subsample"": 0.7812811663100221}"
Hybride 2 branches MLP + XGBoost Optuna,HBr_pct,37,0.3467980705811008,COMPLETE,"{""activation"": ""tanh"", ""alpha"": 0.009608490230639862, ""batch_size"": 32, ""learning_rate_init"": 0.002057282922929376, ""mlp_weight"": 0.633553645761378, ""n_layers"": 2, ""units_layer_1"": 2, ""units_layer_2"": 2, ""xgb_colsample_bytree"": 0.7230624316662951, ""xgb_learning_rate"": 0.03687564830285101, ""xgb_max_depth"": 3, ""xgb_min_child_weight"": 1.8339024071205552, ""xgb_n_estimators"": 80, ""xgb_reg_alpha"": 0.17501132599394337, ""xgb_reg_lambda"": 0.8445963873700331, ""xgb_subsample"": 0.722666364366615}"
Hybride 2 branches MLP + XGBoost Optuna,HBr_pct,38,0.34654562197343075,COMPLETE,"{""activation"": ""tanh"", ""alpha"": 0.02991894555397255, ""batch_size"": 32, ""learning_rate_init"": 0.0032548683398788054, ""mlp_weight"": 0.7264981468798136, ""n_layers"": 1, ""units_layer_1"": 2, ""xgb_colsample_bytree"": 0.7235023093921853, ""xgb_learning_rate"": 0.02685746955456519, ""xgb_max_depth"": 4, ""xgb_min_child_weight"": 1.6625710666949378, ""xgb_n_estimators"": 80, ""xgb_reg_alpha"": 0.1529559202559962, ""xgb_reg_lambda"": 0.8528170224014547, ""xgb_subsample"": 0.7214419903853023}"
Hybride 2 branches MLP + XGBoost Optuna,HBr_pct,39,0.35002438336810293,COMPLETE,"{""activation"": ""tanh"", ""alpha"": 0.03851016994114894, ""batch_size"": 32, ""learning_rate_init"": 0.002951447802060578, ""mlp_weight"": 0.7427469342288847, ""n_layers"": 1, ""units_layer_1"": 4, ""xgb_colsample_bytree"": 0.7279249823843338, ""xgb_learning_rate"": 0.026287357007793905, ""xgb_max_depth"": 4, ""xgb_min_child_weight"": 1.5875693263471404, ""xgb_n_estimators"": 80, ""xgb_reg_alpha"": 0.05995235132696913, ""xgb_reg_lambda"": 0.805816562293847, ""xgb_subsample"": 0.7188805786131647}"
Hybride 2 branches MLP + XGBoost Optuna,HBr_pct,40,0.3475896778488248,COMPLETE,"{""activation"": ""tanh"", ""alpha"": 0.0017059416661665977, ""batch_size"": 32, ""learning_rate_init"": 0.0013515591413348167, ""mlp_weight"": 0.730791352688688, ""n_layers"": 1, ""units_layer_1"": 2, ""xgb_colsample_bytree"": 0.7757728093869684, ""xgb_learning_rate"": 0.023329921350938143, ""xgb_max_depth"": 4, ""xgb_min_child_weight"": 2.6207360980301884, ""xgb_n_estimators"": 80, ""xgb_reg_alpha"": 0.3439521300241581, ""xgb_reg_lambda"": 0.14712171335146565, ""xgb_subsample"": 0.7456223912099585}"
Hybride 2 branches MLP + XGBoost Optuna,HBr_pct,41,0.34935446654132735,COMPLETE,"{""activation"": ""tanh"", ""alpha"": 0.016627325224697086, ""batch_size"": 32, ""learning_rate_init"": 0.0022094359190430626, ""mlp_weight"": 0.6708292177425549, ""n_layers"": 1, ""units_layer_1"": 4, ""xgb_colsample_bytree"": 0.7397654299418872, ""xgb_learning_rate"": 0.029612409211931666, ""xgb_max_depth"": 4, ""xgb_min_child_weight"": 2.5035403944395545, ""xgb_n_estimators"": 80, ""xgb_reg_alpha"": 0.06322234156866681, ""xgb_reg_lambda"": 0.3861949793136475, ""xgb_subsample"": 0.7934232707411879}"
Hybride 2 branches MLP + XGBoost Optuna,HBr_pct,42,0.34567023830815435,COMPLETE,"{""activation"": ""tanh"", ""alpha"": 0.037601617872740516, ""batch_size"": 32, ""learning_rate_init"": 0.0034232414461851887, ""mlp_weight"": 0.7549810751983146, ""n_layers"": 1, ""units_layer_1"": 2, ""xgb_colsample_bytree"": 0.7173680286121535, ""xgb_learning_rate"": 0.03360302550804565, ""xgb_max_depth"": 3, ""xgb_min_child_weight"": 1.9166373539396748, ""xgb_n_estimators"": 80, ""xgb_reg_alpha"": 0.13993717554532917, ""xgb_reg_lambda"": 0.9248704898401618, ""xgb_subsample"": 0.7225728347107612}"
Hybride 2 branches MLP + XGBoost Optuna,HBr_pct,43,0.34572390041647283,COMPLETE,"{""activation"": ""tanh"", ""alpha"": 0.040944843628214635, ""batch_size"": 32, ""learning_rate_init"": 0.0035893384043636173, ""mlp_weight"": 0.7575803042303797, ""n_layers"": 1, ""units_layer_1"": 2, ""xgb_colsample_bytree"": 0.7142198319530406, ""xgb_learning_rate"": 0.033620803592726435, ""xgb_max_depth"": 3, ""xgb_min_child_weight"": 1.517920199852112, ""xgb_n_estimators"": 80, ""xgb_reg_alpha"": 0.13682060324150994, ""xgb_reg_lambda"": 1.0913234601677717, ""xgb_subsample"": 0.7474787361852152}"
Hybride 2 branches MLP + XGBoost Optuna,HBr_pct,44,0.3461686135169004,COMPLETE,"{""activation"": ""tanh"", ""alpha"": 0.041169705570502646, ""batch_size"": 32, ""learning_rate_init"": 0.003595893590672063, ""mlp_weight"": 0.702874580737159, ""n_layers"": 1, ""units_layer_1"": 2, ""xgb_colsample_bytree"": 0.7156260097442565, ""xgb_learning_rate"": 0.03301550555617168, ""xgb_max_depth"": 3, ""xgb_min_child_weight"": 1.4268097412393088, ""xgb_n_estimators"": 80, ""xgb_reg_alpha"": 0.12763849768272711, ""xgb_reg_lambda"": 1.8554002201960338, ""xgb_subsample"": 0.7768307459212359}"
Hybride 2 branches MLP + XGBoost Optuna,HBr_pct,45,0.3461937870717878,COMPLETE,"{""activation"": ""tanh"", ""alpha"": 0.04305168648867935, ""batch_size"": 32, ""learning_rate_init"": 0.00358073619656026, ""mlp_weight"": 0.7083954580364921, ""n_layers"": 1, ""units_layer_1"": 2, ""xgb_colsample_bytree"": 0.7132152498967984, ""xgb_learning_rate"": 0.03292759202357736, ""xgb_max_depth"": 3, ""xgb_min_child_weight"": 1.426492964532323, ""xgb_n_estimators"": 80, ""xgb_reg_alpha"": 0.14057127351999252, ""xgb_reg_lambda"": 2.0716406451727627, ""xgb_subsample"": 0.7771619346307118}"
Hybride 2 branches MLP + XGBoost Optuna,HBr_pct,46,0.3501276721699707,COMPLETE,"{""activation"": ""tanh"", ""alpha"": 0.04464291320454005, ""batch_size"": 32, ""learning_rate_init"": 0.003752250554388262, ""mlp_weight"": 0.7041124586895782, ""n_layers"": 1, ""units_layer_1"": 4, ""xgb_colsample_bytree"": 0.7111731971242057, ""xgb_learning_rate"": 0.033791808504318635, ""xgb_max_depth"": 4, ""xgb_min_child_weight"": 1.4167582745538707, ""xgb_n_estimators"": 80, ""xgb_reg_alpha"": 1.278004568049287e-05, ""xgb_reg_lambda"": 1.933943842772305, ""xgb_subsample"": 0.7831534533081165}"
Hybride 2 branches MLP + XGBoost Optuna,HBr_pct,47,0.34612268003023416,COMPLETE,"{""activation"": ""tanh"", ""alpha"": 0.03174460801620046, ""batch_size"": 32, ""learning_rate_init"": 0.00350224766034835, ""mlp_weight"": 0.7041790401745737, ""n_layers"": 1, ""units_layer_1"": 2, ""xgb_colsample_bytree"": 0.7138259060259954, ""xgb_learning_rate"": 0.03330993442723498, ""xgb_max_depth"": 3, ""xgb_min_child_weight"": 2.1065739613458856, ""xgb_n_estimators"": 80, ""xgb_reg_alpha"": 0.12640065629870673, ""xgb_reg_lambda"": 1.1532021591342894, ""xgb_subsample"": 0.7783557388803438}"
Hybride 2 branches MLP + XGBoost Optuna,HBr_pct,48,0.34610482025638445,COMPLETE,"{""activation"": ""tanh"", ""alpha"": 0.06847060273888292, ""batch_size"": 32, ""learning_rate_init"": 0.0049188992061759435, ""mlp_weight"": 0.6748493573530414, ""n_layers"": 1, ""units_layer_1"": 2, ""xgb_colsample_bytree"": 0.7141172812674159, ""xgb_learning_rate"": 0.033714292194520275, ""xgb_max_depth"": 3, ""xgb_min_child_weight"": 2.1100454859865887, ""xgb_n_estimators"": 80, ""xgb_reg_alpha"": 0.06466176320501146, ""xgb_reg_lambda"": 1.0548315579357048, ""xgb_subsample"": 0.7788502300753322}"
Hybride 2 branches MLP + XGBoost Optuna,HBr_pct,49,0.34522599245171043,COMPLETE,"{""activation"": ""tanh"", ""alpha"": 0.07676892280416311, ""batch_size"": 32, ""learning_rate_init"": 0.00498175276568083, ""mlp_weight"": 0.6785599144006866, ""n_layers"": 1, ""units_layer_1"": 2, ""xgb_colsample_bytree"": 0.7103540164768343, ""xgb_learning_rate"": 0.023100356585847363, ""xgb_max_depth"": 3, ""xgb_min_child_weight"": 2.1432425420181653, ""xgb_n_estimators"": 180, ""xgb_reg_alpha"": 0.0615628199644545, ""xgb_reg_lambda"": 1.1843152665879644, ""xgb_subsample"": 0.7992499431118721}"
Hybride 2 branches MLP + XGBoost Optuna,HBr_pct,50,0.34542570135854195,COMPLETE,"{""activation"": ""tanh"", ""alpha"": 0.09849196391680089, ""batch_size"": 32, ""learning_rate_init"": 0.004551491247016213, ""mlp_weight"": 0.6732193356752972, ""n_layers"": 1, ""units_layer_1"": 2, ""xgb_colsample_bytree"": 0.7359465120544191, ""xgb_learning_rate"": 0.02136346259176012, ""xgb_max_depth"": 3, ""xgb_min_child_weight"": 2.0833352145104493, ""xgb_n_estimators"": 180, ""xgb_reg_alpha"": 0.019678090539482593, ""xgb_reg_lambda"": 1.2282933386294146, ""xgb_subsample"": 0.8016712335713398}"
Hybride 2 branches MLP + XGBoost Optuna,Br2_pct,1,0.3783370196624494,COMPLETE,"{""activation"": ""tanh"", ""alpha"": 0.000594052418312738, ""batch_size"": 16, ""learning_rate_init"": 0.0041230386428121315, ""mlp_weight"": 0.7192901840802537, ""n_layers"": 2, ""units_layer_1"": 4, ""units_layer_2"": 2, ""xgb_colsample_bytree"": 0.8930846561264655, ""xgb_learning_rate"": 0.08824328017744201, ""xgb_max_depth"": 2, ""xgb_min_child_weight"": 1.7295342331393044, ""xgb_n_estimators"": 120, ""xgb_reg_alpha"": 0.00010020143098440088, ""xgb_reg_lambda"": 0.9407597651076355, ""xgb_subsample"": 0.8670651429102074}"
Hybride 2 branches MLP + XGBoost Optuna,Br2_pct,2,0.38342919094061645,COMPLETE,"{""activation"": ""tanh"", ""alpha"": 0.03133982401042039, ""batch_size"": 32, ""learning_rate_init"": 0.0001560763124271257, ""mlp_weight"": 0.6287544585260458, ""n_layers"": 1, ""units_layer_1"": 2, ""xgb_colsample_bytree"": 0.9407584046107851, ""xgb_learning_rate"": 0.09249522462503429, ""xgb_max_depth"": 4, ""xgb_min_child_weight"": 5.131415250409283, ""xgb_n_estimators"": 180, ""xgb_reg_alpha"": 9.52886895017851e-05, ""xgb_reg_lambda"": 0.2784915792988952, ""xgb_subsample"": 0.7484057762398204}"
Hybride 2 branches MLP + XGBoost Optuna,Br2_pct,3,0.3830063661314161,COMPLETE,"{""activation"": ""relu"", ""alpha"": 0.0016541261169718176, ""batch_size"": 64, ""learning_rate_init"": 0.002185001017120636, ""mlp_weight"": 0.7610312039910789, ""n_layers"": 1, ""units_layer_1"": 2, ""xgb_colsample_bytree"": 0.8165875994087834, ""xgb_learning_rate"": 0.030104281638251698, ""xgb_max_depth"": 2, ""xgb_min_child_weight"": 5.854054106472163, ""xgb_n_estimators"": 180, ""xgb_reg_alpha"": 1.3021834650957086e-05, ""xgb_reg_lambda"": 0.5605138977252625, ""xgb_subsample"": 0.8993977644086338}"
Hybride 2 branches MLP + XGBoost Optuna,Br2_pct,4,0.38120761490273714,COMPLETE,"{""activation"": ""tanh"", ""alpha"": 0.0021319756565927974, ""batch_size"": 64, ""learning_rate_init"": 0.0006930070460199857, ""mlp_weight"": 0.2659926216266247, ""n_layers"": 1, ""units_layer_1"": 2, ""xgb_colsample_bytree"": 0.8371659135137972, ""xgb_learning_rate"": 0.08859706707635649, ""xgb_max_depth"": 2, ""xgb_min_child_weight"": 3.3871925420675573, ""xgb_n_estimators"": 120, ""xgb_reg_alpha"": 0.00015573117065509676, ""xgb_reg_lambda"": 0.9107608793437304, ""xgb_subsample"": 0.8165670834333508}"
Hybride 2 branches MLP + XGBoost Optuna,Br2_pct,5,0.3745484891849007,COMPLETE,"{""activation"": ""relu"", ""alpha"": 0.0014755429614871918, ""batch_size"": 16, ""learning_rate_init"": 0.0021003117009465986, ""mlp_weight"": 0.6894739834870633, ""n_layers"": 1, ""units_layer_1"": 4, ""xgb_colsample_bytree"": 0.8743639676992826, ""xgb_learning_rate"": 0.032101747495853525, ""xgb_max_depth"": 4, ""xgb_min_child_weight"": 3.143264665133351, ""xgb_n_estimators"": 80, ""xgb_reg_alpha"": 6.568931535305298e-05, ""xgb_reg_lambda"": 1.18791917007128, ""xgb_subsample"": 0.8684001618086075}"
Hybride 2 branches MLP + XGBoost Optuna,Br2_pct,6,0.3790715773505423,COMPLETE,"{""activation"": ""tanh"", ""alpha"": 0.00111459001914048, ""batch_size"": 16, ""learning_rate_init"": 0.004732444911863016, ""mlp_weight"": 0.6019990084626677, ""n_layers"": 2, ""units_layer_1"": 2, ""units_layer_2"": 2, ""xgb_colsample_bytree"": 0.7112821067528053, ""xgb_learning_rate"": 0.03378539245451187, ""xgb_max_depth"": 3, ""xgb_min_child_weight"": 3.5016877326461886, ""xgb_n_estimators"": 80, ""xgb_reg_alpha"": 1.7621613563475258e-05, ""xgb_reg_lambda"": 1.6480732263017528, ""xgb_subsample"": 0.9363526360836856}"
Hybride 2 branches MLP + XGBoost Optuna,Br2_pct,7,0.3777053686284528,COMPLETE,"{""activation"": ""tanh"", ""alpha"": 0.0492310761293886, ""batch_size"": 16, ""learning_rate_init"": 0.0011044623206366722, ""mlp_weight"": 0.5575146021463737, ""n_layers"": 2, ""units_layer_1"": 2, ""units_layer_2"": 2, ""xgb_colsample_bytree"": 0.9811219936472366, ""xgb_learning_rate"": 0.02225940581802212, ""xgb_max_depth"": 4, ""xgb_min_child_weight"": 4.364454659185119, ""xgb_n_estimators"": 120, ""xgb_reg_alpha"": 0.001323083558810674, ""xgb_reg_lambda"": 1.134645763282474, ""xgb_subsample"": 0.8847250217243747}"
Hybride 2 branches MLP + XGBoost Optuna,Br2_pct,8,0.37810703933840967,COMPLETE,"{""activation"": ""relu"", ""alpha"": 0.005423321727494301, ""batch_size"": 64, ""learning_rate_init"": 0.0017670236713069516, ""mlp_weight"": 0.25983878648716835, ""n_layers"": 2, ""units_layer_1"": 2, ""units_layer_2"": 2, ""xgb_colsample_bytree"": 0.758209618847433, ""xgb_learning_rate"": 0.033237856808858324, ""xgb_max_depth"": 2, ""xgb_min_child_weight"": 5.495541110079618, ""xgb_n_estimators"": 120, ""xgb_reg_alpha"": 2.131622354311811e-05, ""xgb_reg_lambda"": 1.9666269374095389, ""xgb_subsample"": 0.8427195627385533}"
Hybride 2 branches MLP + XGBoost Optuna,Br2_pct,9,0.3840446817409321,COMPLETE,"{""activation"": ""relu"", ""alpha"": 0.00012169135780934328, ""batch_size"": 64, ""learning_rate_init"": 0.00044645873471490247, ""mlp_weight"": 0.6330409748156907, ""n_layers"": 2, ""units_layer_1"": 4, ""units_layer_2"": 2, ""xgb_colsample_bytree"": 0.7795207419452715, ""xgb_learning_rate"": 0.02497840591203697, ""xgb_max_depth"": 3, ""xgb_min_child_weight"": 4.232660819216262, ""xgb_n_estimators"": 80, ""xgb_reg_alpha"": 1.7153392784459993e-05, ""xgb_reg_lambda"": 9.854916838882696, ""xgb_subsample"": 0.8105200101933417}"
Hybride 2 branches MLP + XGBoost Optuna,Br2_pct,10,0.3815499433484063,COMPLETE,"{""activation"": ""tanh"", ""alpha"": 0.008639524687417643, ""batch_size"": 32, ""learning_rate_init"": 0.00017551878930065646, ""mlp_weight"": 0.44837033065667276, ""n_layers"": 1, ""units_layer_1"": 2, ""xgb_colsample_bytree"": 0.7271141657321438, ""xgb_learning_rate"": 0.08537846998182644, ""xgb_max_depth"": 3, ""xgb_min_child_weight"": 1.226006015366063, ""xgb_n_estimators"": 120, ""xgb_reg_alpha"": 3.559252131268457e-05, ""xgb_reg_lambda"": 0.2810940881740178, ""xgb_subsample"": 0.716977176920902}"
Hybride 2 branches MLP + XGBoost Optuna,Br2_pct,11,0.37862014730388266,COMPLETE,"{""activation"": ""relu"", ""alpha"": 1.152195056510461e-05, ""batch_size"": 16, ""learning_rate_init"": 0.00035245974675626214, ""mlp_weight"": 0.44124353608755584, ""n_layers"": 1, ""units_layer_1"": 4, ""xgb_colsample_bytree"": 0.8851661703888235, ""xgb_learning_rate"": 0.052736186341852474, ""xgb_max_depth"": 4, ""xgb_min_child_weight"": 2.663058008105602, ""xgb_n_estimators"": 80, ""xgb_reg_alpha"": 0.38488851570838517, ""xgb_reg_lambda"": 4.8876381791524235, ""xgb_subsample"": 0.9942591789721821}"
Hybride 2 branches MLP + XGBoost Optuna,Br2_pct,12,0.3869651367185881,COMPLETE,"{""activation"": ""relu"", ""alpha"": 0.07747720839036791, ""batch_size"": 16, ""learning_rate_init"": 0.0012382518728725096, ""mlp_weight"": 0.5103730314661176, ""n_layers"": 2, ""units_layer_1"": 4, ""units_layer_2"": 2, ""xgb_colsample_bytree"": 0.9645548259818946, ""xgb_learning_rate"": 0.02089541503896411, ""xgb_max_depth"": 4, ""xgb_min_child_weight"": 4.30567488158328, ""xgb_n_estimators"": 80, ""xgb_reg_alpha"": 0.001596915890260742, ""xgb_reg_lambda"": 2.5310508410185855, ""xgb_subsample"": 0.9398433282009342}"
Hybride 2 branches MLP + XGBoost Optuna,Br2_pct,13,0.3764151000369386,COMPLETE,"{""activation"": ""relu"", ""alpha"": 6.641159557544358e-05, ""batch_size"": 16, ""learning_rate_init"": 0.0010129411668362443, ""mlp_weight"": 0.5512131704180768, ""n_layers"": 1, ""units_layer_1"": 4, ""xgb_colsample_bytree"": 0.925826059880507, ""xgb_learning_rate"": 0.04412956037035131, ""xgb_max_depth"": 4, ""xgb_min_child_weight"": 2.5321532258186275, ""xgb_n_estimators"": 120, ""xgb_reg_alpha"": 0.0019832944832615935, ""xgb_reg_lambda"": 0.1070911463353168, ""xgb_subsample"": 0.8922141368370867}"
Hybride 2 branches MLP + XGBoost Optuna,Br2_pct,14,0.37466488944735704,COMPLETE,"{""activation"": ""relu"", ""alpha"": 0.00010022680587524274, ""batch_size"": 16, ""learning_rate_init"": 0.0025365695087501182, ""mlp_weight"": 0.711137655541889, ""n_layers"": 1, ""units_layer_1"": 4, ""xgb_colsample_bytree"": 0.9084207042469865, ""xgb_learning_rate"": 0.0472547520479164, ""xgb_max_depth"": 4, ""xgb_min_child_weight"": 2.320820386843019, ""xgb_n_estimators"": 80, ""xgb_reg_alpha"": 0.010195996389489898, ""xgb_reg_lambda"": 0.10119988364439307, ""xgb_subsample"": 0.7813881332693422}"
Hybride 2 branches MLP + XGBoost Optuna,Br2_pct,15,0.3735060411734818,COMPLETE,"{""activation"": ""relu"", ""alpha"": 0.00021751958931928665, ""batch_size"": 16, ""learning_rate_init"": 0.002522994188236639, ""mlp_weight"": 0.7975493381225155, ""n_layers"": 1, ""units_layer_1"": 4, ""xgb_colsample_bytree"": 0.8647590093444275, ""xgb_learning_rate"": 0.05532601631166117, ""xgb_max_depth"": 3, ""xgb_min_child_weight"": 2.444880258650434, ""xgb_n_estimators"": 80, ""xgb_reg_alpha"": 0.10731962643499006, ""xgb_reg_lambda"": 0.10759800085819096, ""xgb_subsample"": 0.7742427934232947}"
Hybride 2 branches MLP + XGBoost Optuna,Br2_pct,16,0.37527345732529727,COMPLETE,"{""activation"": ""relu"", ""alpha"": 0.00044945709937073094, ""batch_size"": 16, ""learning_rate_init"": 0.003082707287073425, ""mlp_weight"": 0.7996951959587641, ""n_layers"": 1, ""units_layer_1"": 4, ""xgb_colsample_bytree"": 0.8570969705471647, ""xgb_learning_rate"": 0.06411263947909154, ""xgb_max_depth"": 3, ""xgb_min_child_weight"": 3.1900526225256502, ""xgb_n_estimators"": 80, ""xgb_reg_alpha"": 0.769426979762329, ""xgb_reg_lambda"": 0.31614002724893764, ""xgb_subsample"": 0.7044784749267605}"
Hybride 2 branches MLP + XGBoost Optuna,Br2_pct,17,0.375562821170463,COMPLETE,"{""activation"": ""relu"", ""alpha"": 0.00025593814129985174, ""batch_size"": 32, ""learning_rate_init"": 0.001690744553323838, ""mlp_weight"": 0.6809440123530716, ""n_layers"": 1, ""units_layer_1"": 4, ""xgb_colsample_bytree"": 0.8137415669641862, ""xgb_learning_rate"": 0.06758899955289024, ""xgb_max_depth"": 3, ""xgb_min_child_weight"": 1.9111458173945524, ""xgb_n_estimators"": 80, ""xgb_reg_alpha"": 0.0861625630300488, ""xgb_reg_lambda"": 0.18729971785273333, ""xgb_subsample"": 0.7682907575999487}"
Hybride 2 branches MLP + XGBoost Optuna,Br2_pct,18,0.37356585759229977,COMPLETE,"{""activation"": ""relu"", ""alpha"": 2.22185581477205e-05, ""batch_size"": 16, ""learning_rate_init"": 0.0006657812833902658, ""mlp_weight"": 0.7964688102190837, ""n_layers"": 1, ""units_layer_1"": 4, ""xgb_colsample_bytree"": 0.8639523379830709, ""xgb_learning_rate"": 0.11813536682623482, ""xgb_max_depth"": 3, ""xgb_min_child_weight"": 1.0795326624094592, ""xgb_n_estimators"": 80, ""xgb_reg_alpha"": 0.025265999702798723, ""xgb_reg_lambda"": 4.297876514554833, ""xgb_subsample"": 0.8136982548967348}"
Hybride 2 branches MLP + XGBoost Optuna,Br2_pct,19,0.37424659526586523,COMPLETE,"{""activation"": ""relu"", ""alpha"": 1.6095747318875437e-05, ""batch_size"": 16, ""learning_rate_init"": 0.00029647083258386856, ""mlp_weight"": 0.7893863240459958, ""n_layers"": 1, ""units_layer_1"": 4, ""xgb_colsample_bytree"": 0.8010448751927088, ""xgb_learning_rate"": 0.11924006994546327, ""xgb_max_depth"": 3, ""xgb_min_child_weight"": 1.1468876440126823, ""xgb_n_estimators"": 180, ""xgb_reg_alpha"": 0.057141006149836485, ""xgb_reg_lambda"": 5.118156334362696, ""xgb_subsample"": 0.7958962073989249}"
Hybride 2 branches MLP + XGBoost Optuna,Br2_pct,20,0.37448141279356734,COMPLETE,"{""activation"": ""relu"", ""alpha"": 3.349717462308032e-05, ""batch_size"": 32, ""learning_rate_init"": 0.0006716512773136939, ""mlp_weight"": 0.7450427989764724, ""n_layers"": 1, ""units_layer_1"": 4, ""xgb_colsample_bytree"": 0.849161522860413, ""xgb_learning_rate"": 0.1178453560442775, ""xgb_max_depth"": 3, ""xgb_min_child_weight"": 1.6538463673299602, ""xgb_n_estimators"": 80, ""xgb_reg_alpha"": 0.015692113652208926, ""xgb_reg_lambda"": 0.5291610304822577, ""xgb_subsample"": 0.7528428641200179}"
Hybride 2 branches MLP + XGBoost Optuna,Br2_pct,21,0.37338220858906124,COMPLETE,"{""activation"": ""relu"", ""alpha"": 3.0854775230943025e-05, ""batch_size"": 16, ""learning_rate_init"": 0.00023018745584653318, ""mlp_weight"": 0.797954888797902, ""n_layers"": 1, ""units_layer_1"": 4, ""xgb_colsample_bytree"": 0.997044540213261, ""xgb_learning_rate"": 0.06436760764207876, ""xgb_max_depth"": 3, ""xgb_min_child_weight"": 2.191225262564287, ""xgb_n_estimators"": 80, ""xgb_reg_alpha"": 0.14762400306202814, ""xgb_reg_lambda"": 4.006581039561312, ""xgb_subsample"": 0.8360642728499392}"
Hybride 2 branches MLP + XGBoost Optuna,Br2_pct,22,0.37399105511593345,COMPLETE,"{""activation"": ""relu"", ""alpha"": 3.390031588389127e-05, ""batch_size"": 16, ""learning_rate_init"": 0.0002649975999697005, ""mlp_weight"": 0.7955872762747409, ""n_layers"": 1, ""units_layer_1"": 4, ""xgb_colsample_bytree"": 0.9946792323167547, ""xgb_learning_rate"": 0.06237620212691067, ""xgb_max_depth"": 3, ""xgb_min_child_weight"": 2.155945711191969, ""xgb_n_estimators"": 80, ""xgb_reg_alpha"": 0.1468405696559757, ""xgb_reg_lambda"": 3.230406223758938, ""xgb_subsample"": 0.834469199596879}"
Hybride 2 branches MLP + XGBoost Optuna,Br2_pct,23,0.3735448271787248,COMPLETE,"{""activation"": ""relu"", ""alpha"": 3.216339089848241e-05, ""batch_size"": 16, ""learning_rate_init"": 0.00010238537404338801, ""mlp_weight"": 0.7381506260899251, ""n_layers"": 1, ""units_layer_1"": 4, ""xgb_colsample_bytree"": 0.9398411923739931, ""xgb_learning_rate"": 0.07154602631448234, ""xgb_max_depth"": 3, ""xgb_min_child_weight"": 1.0240501136274056, ""xgb_n_estimators"": 80, ""xgb_reg_alpha"": 0.022226141858962482, ""xgb_reg_lambda"": 8.007788958032084, ""xgb_subsample"": 0.7352603871613361}"
Hybride 2 branches MLP + XGBoost Optuna,Br2_pct,24,0.3735025746731257,COMPLETE,"{""activation"": ""relu"", ""alpha"": 0.00017559898260602702, ""batch_size"": 16, ""learning_rate_init"": 0.00010976274177298598, ""mlp_weight"": 0.668638522571754, ""n_layers"": 1, ""units_layer_1"": 4, ""xgb_colsample_bytree"": 0.9640600903310883, ""xgb_learning_rate"": 0.05347135210311047, ""xgb_max_depth"": 3, ""xgb_min_child_weight"": 2.817518502184304, ""xgb_n_estimators"": 80, ""xgb_reg_alpha"": 0.23028701787641806, ""xgb_reg_lambda"": 7.789642611267927, ""xgb_subsample"": 0.7301963585057164}"
Hybride 2 branches MLP + XGBoost Optuna,Br2_pct,25,0.37298610722464287,COMPLETE,"{""activation"": ""relu"", ""alpha"": 0.00020875396524724243, ""batch_size"": 16, ""learning_rate_init"": 0.00010129712715944312, ""mlp_weight"": 0.6544221610423449, ""n_layers"": 1, ""units_layer_1"": 4, ""xgb_colsample_bytree"": 0.9667654259626268, ""xgb_learning_rate"": 0.04159977472367276, ""xgb_max_depth"": 3, ""xgb_min_child_weight"": 2.8547854197700615, ""xgb_n_estimators"": 80, ""xgb_reg_alpha"": 0.23418569736525705, ""xgb_reg_lambda"": 6.962895573608317, ""xgb_subsample"": 0.7762913761060858}"
Hybride 2 branches MLP + XGBoost Optuna,Br2_pct,26,0.37339756925764644,COMPLETE,"{""activation"": ""relu"", ""alpha"": 6.741626254415693e-05, ""batch_size"": 16, ""learning_rate_init"": 0.00010265084762966062, ""mlp_weight"": 0.650444277216166, ""n_layers"": 1, ""units_layer_1"": 4, ""xgb_colsample_bytree"": 0.9659419328000047, ""xgb_learning_rate"": 0.03991478431280331, ""xgb_max_depth"": 2, ""xgb_min_child_weight"": 2.861184751533628, ""xgb_n_estimators"": 180, ""xgb_reg_alpha"": 0.3206066156617871, ""xgb_reg_lambda"": 6.974011081932468, ""xgb_subsample"": 0.7227584301633394}"
Hybride 2 branches MLP + XGBoost Optuna,Br2_pct,27,0.3745021653396352,COMPLETE,"{""activation"": ""relu"", ""alpha"": 6.719226343544417e-05, ""batch_size"": 16, ""learning_rate_init"": 0.00015715963938686705, ""mlp_weight"": 0.4670103423308952, ""n_layers"": 1, ""units_layer_1"": 4, ""xgb_colsample_bytree"": 0.997703259918095, ""xgb_learning_rate"": 0.04039847479516332, ""xgb_max_depth"": 2, ""xgb_min_child_weight"": 3.6685074574352714, ""xgb_n_estimators"": 180, ""xgb_reg_alpha"": 0.7366591484625745, ""xgb_reg_lambda"": 5.9504852402841415, ""xgb_subsample"": 0.7009959250897612}"
Hybride 2 branches MLP + XGBoost Optuna,Br2_pct,28,0.3743926714168922,COMPLETE,"{""activation"": ""relu"", ""alpha"": 0.0004188441402218554, ""batch_size"": 32, ""learning_rate_init"": 0.00022319170710118985, ""mlp_weight"": 0.5973171229007471, ""n_layers"": 1, ""units_layer_1"": 4, ""xgb_colsample_bytree"": 0.9638090129090096, ""xgb_learning_rate"": 0.03728323987944272, ""xgb_max_depth"": 2, ""xgb_min_child_weight"": 3.9379824578782046, ""xgb_n_estimators"": 180, ""xgb_reg_alpha"": 0.3759376851480152, ""xgb_reg_lambda"": 3.3151524233673815, ""xgb_subsample"": 0.759039126379109}"
Hybride 2 branches MLP + XGBoost Optuna,Br2_pct,29,0.3777377292590042,COMPLETE,"{""activation"": ""relu"", ""alpha"": 5.7708176638523026e-05, ""batch_size"": 64, ""learning_rate_init"": 0.00011623025165315673, ""mlp_weight"": 0.3258531911586122, ""n_layers"": 1, ""units_layer_1"": 4, ""xgb_colsample_bytree"": 0.9214187799790539, ""xgb_learning_rate"": 0.0282156406962451, ""xgb_max_depth"": 2, ""xgb_min_child_weight"": 3.0049711973769884, ""xgb_n_estimators"": 180, ""xgb_reg_alpha"": 0.041983625582966075, ""xgb_reg_lambda"": 6.615758061947882, ""xgb_subsample"": 0.7916131944346736}"
Hybride 2 branches MLP + XGBoost Optuna,Br2_pct,30,0.3782983470885638,COMPLETE,"{""activation"": ""tanh"", ""alpha"": 0.0006724212722768501, ""batch_size"": 16, ""learning_rate_init"": 0.00019262318594720333, ""mlp_weight"": 0.37735693474528254, ""n_layers"": 1, ""units_layer_1"": 4, ""xgb_colsample_bytree"": 0.9492024442901995, ""xgb_learning_rate"": 0.043806510990214924, ""xgb_max_depth"": 2, ""xgb_min_child_weight"": 1.601418905142698, ""xgb_n_estimators"": 180, ""xgb_reg_alpha"": 0.004472879602710394, ""xgb_reg_lambda"": 3.7852270285534173, ""xgb_subsample"": 0.8325956062491262}"
Hybride 2 branches MLP + XGBoost Optuna,Br2_pct,31,0.38308462151803846,COMPLETE,"{""activation"": ""relu"", ""alpha"": 1.0355200535905781e-05, ""batch_size"": 16, ""learning_rate_init"": 0.00013812857256962296, ""mlp_weight"": 0.6650955205985147, ""n_layers"": 2, ""units_layer_1"": 4, ""units_layer_2"": 2, ""xgb_colsample_bytree"": 0.8972920305945271, ""xgb_learning_rate"": 0.07727657189056834, ""xgb_max_depth"": 2, ""xgb_min_child_weight"": 2.092589918080651, ""xgb_n_estimators"": 180, ""xgb_reg_alpha"": 0.262490002802671, ""xgb_reg_lambda"": 9.890063564009054, ""xgb_subsample"": 0.7298006243985751}"
Hybride 2 branches MLP + XGBoost Optuna,Br2_pct,32,0.37369139187032047,COMPLETE,"{""activation"": ""relu"", ""alpha"": 0.00016510406375137352, ""batch_size"": 16, ""learning_rate_init"": 0.00010084240079567651, ""mlp_weight"": 0.655859373376624, ""n_layers"": 1, ""units_layer_1"": 4, ""xgb_colsample_bytree"": 0.9721495499370743, ""xgb_learning_rate"": 0.0538648150540933, ""xgb_max_depth"": 3, ""xgb_min_child_weight"": 2.77932240113312, ""xgb_n_estimators"": 80, ""xgb_reg_alpha"": 0.2304861716543088, ""xgb_reg_lambda"": 7.953434797521579, ""xgb_subsample"": 0.7248585873266261}"
Hybride 2 branches MLP + XGBoost Optuna,Br2_pct,33,0.3737115368922503,COMPLETE,"{""activation"": ""relu"", ""alpha"": 0.00010511202426340566, ""batch_size"": 16, ""learning_rate_init"": 0.00012631662830470244, ""mlp_weight"": 0.5853982246969196, ""n_layers"": 1, ""units_layer_1"": 4, ""xgb_colsample_bytree"": 0.9578823429870673, ""xgb_learning_rate"": 0.04954080498340299, ""xgb_max_depth"": 3, ""xgb_min_child_weight"": 2.8653694919493375, ""xgb_n_estimators"": 80, ""xgb_reg_alpha"": 0.7768617405213403, ""xgb_reg_lambda"": 2.384516213905314, ""xgb_subsample"": 0.7412078959931954}"
Hybride 2 branches MLP + XGBoost Optuna,Br2_pct,34,0.3743339255205067,COMPLETE,"{""activation"": ""relu"", ""alpha"": 0.0002920398433251346, ""batch_size"": 16, ""learning_rate_init"": 0.0002101459498799052, ""mlp_weight"": 0.7105338397154136, ""n_layers"": 1, ""units_layer_1"": 4, ""xgb_colsample_bytree"": 0.9828081617901294, ""xgb_learning_rate"": 0.05907739353230523, ""xgb_max_depth"": 3, ""xgb_min_child_weight"": 1.8906539756507752, ""xgb_n_estimators"": 180, ""xgb_reg_alpha"": 0.145403505637943, ""xgb_reg_lambda"": 6.456715312031437, ""xgb_subsample"": 0.7534208296620627}"
Hybride 2 branches MLP + XGBoost Optuna,Br2_pct,35,0.37755312442832245,COMPLETE,"{""activation"": ""tanh"", ""alpha"": 5.25773490921138e-05, ""batch_size"": 16, ""learning_rate_init"": 0.00014142865950617323, ""mlp_weight"": 0.6372682586420586, ""n_layers"": 1, ""units_layer_1"": 4, ""xgb_colsample_bytree"": 0.9357537233896778, ""xgb_learning_rate"": 0.03821579813632195, ""xgb_max_depth"": 2, ""xgb_min_child_weight"": 3.7199497724236665, ""xgb_n_estimators"": 80, ""xgb_reg_alpha"": 0.05866566540403318, ""xgb_reg_lambda"": 4.5389330492363475, ""xgb_subsample"": 0.8588811626742607}"
Hybride 2 branches MLP + XGBoost Optuna,Br2_pct,36,0.37422107697394125,COMPLETE,"{""activation"": ""relu"", ""alpha"": 0.0007938473293414417, ""batch_size"": 16, ""learning_rate_init"": 0.0003974134158375857, ""mlp_weight"": 0.7155913173425306, ""n_layers"": 1, ""units_layer_1"": 4, ""xgb_colsample_bytree"": 0.9964091510734898, ""xgb_learning_rate"": 0.04242871376453824, ""xgb_max_depth"": 3, ""xgb_min_child_weight"": 3.278960667457275, ""xgb_n_estimators"": 180, ""xgb_reg_alpha"": 0.39313938606815274, ""xgb_reg_lambda"": 7.616948046934816, ""xgb_subsample"": 0.7943152701636731}"
Hybride 2 branches MLP + XGBoost Optuna,Br2_pct,37,0.39975495905440195,COMPLETE,"{""activation"": ""relu"", ""alpha"": 0.00016297278999084607, ""batch_size"": 64, ""learning_rate_init"": 0.0002540236146302574, ""mlp_weight"": 0.5213383765284378, ""n_layers"": 1, ""units_layer_1"": 2, ""xgb_colsample_bytree"": 0.9464709723928528, ""xgb_learning_rate"": 0.03701854888841168, ""xgb_max_depth"": 2, ""xgb_min_child_weight"": 2.8618082505241142, ""xgb_n_estimators"": 80, ""xgb_reg_alpha"": 0.19709527305175817, ""xgb_reg_lambda"": 5.559451328291566, ""xgb_subsample"": 0.724494461760444}"
Hybride 2 branches MLP + XGBoost Optuna,Br2_pct,38,0.3770436511187811,COMPLETE,"{""activation"": ""tanh"", ""alpha"": 0.002299046163213032, ""batch_size"": 16, ""learning_rate_init"": 0.00017709490173173993, ""mlp_weight"": 0.7505586953133788, ""n_layers"": 1, ""units_layer_1"": 4, ""xgb_colsample_bytree"": 0.9789676445094873, ""xgb_learning_rate"": 0.047166760878699684, ""xgb_max_depth"": 3, ""xgb_min_child_weight"": 4.777993815124446, ""xgb_n_estimators"": 80, ""xgb_reg_alpha"": 0.957494489015644, ""xgb_reg_lambda"": 2.7313154544132563, ""xgb_subsample"": 0.7117627585699465}"
Hybride 2 branches MLP + XGBoost Optuna,Br2_pct,39,0.4100552135399321,COMPLETE,"{""activation"": ""relu"", ""alpha"": 2.0817805166490353e-05, ""batch_size"": 32, ""learning_rate_init"": 0.00012062044384958292, ""mlp_weight"": 0.622229881594722, ""n_layers"": 1, ""units_layer_1"": 2, ""xgb_colsample_bytree"": 0.9134386839972483, ""xgb_learning_rate"": 0.028493747535863933, ""xgb_max_depth"": 4, ""xgb_min_child_weight"": 2.3964601394518263, ""xgb_n_estimators"": 120, ""xgb_reg_alpha"": 0.04242642803842645, ""xgb_reg_lambda"": 1.7148735621950866, ""xgb_subsample"": 0.7427929567357932}"
Hybride 2 branches MLP + XGBoost Optuna,Br2_pct,40,0.37522402834602353,COMPLETE,"{""activation"": ""relu"", ""alpha"": 0.0003522133979660866, ""batch_size"": 64, ""learning_rate_init"": 0.0004918412385374803, ""mlp_weight"": 0.6855017785006168, ""n_layers"": 1, ""units_layer_1"": 4, ""xgb_colsample_bytree"": 0.9608401757742977, ""xgb_learning_rate"": 0.07451015625387768, ""xgb_max_depth"": 2, ""xgb_min_child_weight"": 3.4616394484529733, ""xgb_n_estimators"": 180, ""xgb_reg_alpha"": 0.09437903071608396, ""xgb_reg_lambda"": 3.6559872913773854, ""xgb_subsample"": 0.7665360284710488}"
Hybride 2 branches MLP + XGBoost Optuna,Br2_pct,41,0.3789332708792056,COMPLETE,"{""activation"": ""tanh"", ""alpha"": 9.27312595262972e-05, ""batch_size"": 16, ""learning_rate_init"": 0.00016078566097520535, ""mlp_weight"": 0.5631368500472684, ""n_layers"": 1, ""units_layer_1"": 2, ""xgb_colsample_bytree"": 0.9303512496266189, ""xgb_learning_rate"": 0.05938697090906937, ""xgb_max_depth"": 3, ""xgb_min_child_weight"": 1.4139343421487927, ""xgb_n_estimators"": 80, ""xgb_reg_alpha"": 0.4443334904555648, ""xgb_reg_lambda"": 8.388600917409805, ""xgb_subsample"": 0.7818500113737112}"
Hybride 2 branches MLP + XGBoost Optuna,Br2_pct,42,0.37384457330311666,COMPLETE,"{""activation"": ""relu"", ""alpha"": 0.00017776430459687668, ""batch_size"": 16, ""learning_rate_init"": 0.00010294653857066533, ""mlp_weight"": 0.7629570932288262, ""n_layers"": 1, ""units_layer_1"": 4, ""xgb_colsample_bytree"": 0.9848675109286891, ""xgb_learning_rate"": 0.05530996482006093, ""xgb_max_depth"": 3, ""xgb_min_child_weight"": 2.501571076851704, ""xgb_n_estimators"": 80, ""xgb_reg_alpha"": 0.1104303288871896, ""xgb_reg_lambda"": 0.6205041205501259, ""xgb_subsample"": 0.7690462587094077}"
Hybride 2 branches MLP + XGBoost Optuna,Br2_pct,43,0.37485179736567376,COMPLETE,"{""activation"": ""relu"", ""alpha"": 0.00022999815546695054, ""batch_size"": 16, ""learning_rate_init"": 0.00402676742500804, ""mlp_weight"": 0.765562175531927, ""n_layers"": 1, ""units_layer_1"": 4, ""xgb_colsample_bytree"": 0.8317536173922306, ""xgb_learning_rate"": 0.04882685709528667, ""xgb_max_depth"": 3, ""xgb_min_child_weight"": 3.046746090721207, ""xgb_n_estimators"": 80, ""xgb_reg_alpha"": 0.22353222553871557, ""xgb_reg_lambda"": 0.1530457926588875, ""xgb_subsample"": 0.8057206140611225}"
Hybride 2 branches MLP + XGBoost Optuna,Br2_pct,44,0.382728987100282,COMPLETE,"{""activation"": ""relu"", ""alpha"": 0.001066642234225414, ""batch_size"": 16, ""learning_rate_init"": 0.00014002956415038037, ""mlp_weight"": 0.21050990638303707, ""n_layers"": 1, ""units_layer_1"": 4, ""xgb_colsample_bytree"": 0.8819967895698473, ""xgb_learning_rate"": 0.03452651322883327, ""xgb_max_depth"": 3, ""xgb_min_child_weight"": 2.157570525999316, ""xgb_n_estimators"": 80, ""xgb_reg_alpha"": 0.0005032077952878262, ""xgb_reg_lambda"": 0.37879595541832395, ""xgb_subsample"": 0.914225311799431}"
Hybride 2 branches MLP + XGBoost Optuna,Br2_pct,45,0.3744019186412943,COMPLETE,"{""activation"": ""relu"", ""alpha"": 3.9929741804843365e-05, ""batch_size"": 16, ""learning_rate_init"": 0.0005469095347267888, ""mlp_weight"": 0.6559549913556377, ""n_layers"": 1, ""units_layer_1"": 4, ""xgb_colsample_bytree"": 0.7663782418863349, ""xgb_learning_rate"": 0.08160944897899933, ""xgb_max_depth"": 3, ""xgb_min_child_weight"": 2.622416897350357, ""xgb_n_estimators"": 80, ""xgb_reg_alpha"": 0.0664414700879025, ""xgb_reg_lambda"": 0.807954224842672, ""xgb_subsample"": 0.8535408038212752}"
Hybride 2 branches MLP + XGBoost Optuna,Br2_pct,46,0.373043609471966,COMPLETE,"{""activation"": ""relu"", ""alpha"": 0.00014726569817133988, ""batch_size"": 16, ""learning_rate_init"": 0.0013692144027240836, ""mlp_weight"": 0.6976821181375372, ""n_layers"": 1, ""units_layer_1"": 4, ""xgb_colsample_bytree"": 0.9717311615667106, ""xgb_learning_rate"": 0.05477026540575259, ""xgb_max_depth"": 4, ""xgb_min_child_weight"": 1.9489114395216691, ""xgb_n_estimators"": 120, ""xgb_reg_alpha"": 0.4399144940024888, ""xgb_reg_lambda"": 9.531235797556839, ""xgb_subsample"": 0.8219783245627489}"
Hybride 2 branches MLP + XGBoost Optuna,Br2_pct,47,0.382226362697195,COMPLETE,"{""activation"": ""relu"", ""alpha"": 0.00012670422184180114, ""batch_size"": 16, ""learning_rate_init"": 0.0003268198397712951, ""mlp_weight"": 0.6175453215594324, ""n_layers"": 1, ""units_layer_1"": 2, ""xgb_colsample_bytree"": 0.971318257437377, ""xgb_learning_rate"": 0.1038241909899495, ""xgb_max_depth"": 4, ""xgb_min_child_weight"": 1.9131512738664354, ""xgb_n_estimators"": 120, ""xgb_reg_alpha"": 0.4951913238732398, ""xgb_reg_lambda"": 6.530078528833371, ""xgb_subsample"": 0.8251818443249522}"
Hybride 2 branches MLP + XGBoost Optuna,Br2_pct,48,0.3726665523526185,COMPLETE,"{""activation"": ""relu"", ""alpha"": 6.548335478675717e-05, ""batch_size"": 16, ""learning_rate_init"": 0.0008238953253192127, ""mlp_weight"": 0.6981054174400414, ""n_layers"": 1, ""units_layer_1"": 4, ""xgb_colsample_bytree"": 0.9512234612532954, ""xgb_learning_rate"": 0.05106036841435155, ""xgb_max_depth"": 4, ""xgb_min_child_weight"": 2.307863144530523, ""xgb_n_estimators"": 120, ""xgb_reg_alpha"": 0.27645863585135727, ""xgb_reg_lambda"": 9.94524370191283, ""xgb_subsample"": 0.8818454533920296}"
Hybride 2 branches MLP + XGBoost Optuna,Br2_pct,49,0.37664018458827064,COMPLETE,"{""activation"": ""tanh"", ""alpha"": 7.274908486273178e-05, ""batch_size"": 16, ""learning_rate_init"": 0.0009280802652881435, ""mlp_weight"": 0.6947403084694512, ""n_layers"": 2, ""units_layer_1"": 4, ""units_layer_2"": 2, ""xgb_colsample_bytree"": 0.9527755214016653, ""xgb_learning_rate"": 0.03063688942144389, ""xgb_max_depth"": 4, ""xgb_min_child_weight"": 2.3413256651082084, ""xgb_n_estimators"": 120, ""xgb_reg_alpha"": 0.5129196191494823, ""xgb_reg_lambda"": 9.81442721743253, ""xgb_subsample"": 0.8797299007382489}"
Hybride 2 branches MLP + XGBoost Optuna,Br2_pct,50,0.3747773527153699,COMPLETE,"{""activation"": ""relu"", ""alpha"": 2.148242615381798e-05, ""batch_size"": 64, ""learning_rate_init"": 0.001453427836119937, ""mlp_weight"": 0.6370089385055687, ""n_layers"": 1, ""units_layer_1"": 4, ""xgb_colsample_bytree"": 0.9022976547645862, ""xgb_learning_rate"": 0.06837883187439209, ""xgb_max_depth"": 4, ""xgb_min_child_weight"": 1.3135672249689418, ""xgb_n_estimators"": 120, ""xgb_reg_alpha"": 0.14093489829475245, ""xgb_reg_lambda"": 4.4213100015080675, ""xgb_subsample"": 0.908590904232772}"
Hybride 2 branches MLP + XGBoost Optuna,HCl_pct,1,0.4081039434599461,COMPLETE,"{""activation"": ""tanh"", ""alpha"": 0.010608624826632208, ""batch_size"": 16, ""learning_rate_init"": 0.0013587823027841036, ""mlp_weight"": 0.26233713075607457, ""n_layers"": 1, ""units_layer_1"": 2, ""xgb_colsample_bytree"": 0.7799626764259593, ""xgb_learning_rate"": 0.03299303179957321, ""xgb_max_depth"": 4, ""xgb_min_child_weight"": 3.6815326480963746, ""xgb_n_estimators"": 180, ""xgb_reg_alpha"": 0.07251104551107013, ""xgb_reg_lambda"": 3.213464983611876, ""xgb_subsample"": 0.7233864892171763}"
Hybride 2 branches MLP + XGBoost Optuna,HCl_pct,2,0.43478931009492106,COMPLETE,"{""activation"": ""tanh"", ""alpha"": 0.03909583214245704, ""batch_size"": 64, ""learning_rate_init"": 0.0016743858254794244, ""mlp_weight"": 0.21094621513147616, ""n_layers"": 2, ""units_layer_1"": 2, ""units_layer_2"": 2, ""xgb_colsample_bytree"": 0.8084725292889193, ""xgb_learning_rate"": 0.023256182777093536, ""xgb_max_depth"": 2, ""xgb_min_child_weight"": 4.198897517125036, ""xgb_n_estimators"": 80, ""xgb_reg_alpha"": 0.3285120372995338, ""xgb_reg_lambda"": 0.6341306112841123, ""xgb_subsample"": 0.985850725092349}"
Hybride 2 branches MLP + XGBoost Optuna,HCl_pct,3,0.4069658274003605,COMPLETE,"{""activation"": ""tanh"", ""alpha"": 0.07561766935613148, ""batch_size"": 64, ""learning_rate_init"": 0.000499323698846281, ""mlp_weight"": 0.4183588302309112, ""n_layers"": 1, ""units_layer_1"": 4, ""xgb_colsample_bytree"": 0.8432834515355837, ""xgb_learning_rate"": 0.03778794848056714, ""xgb_max_depth"": 4, ""xgb_min_child_weight"": 1.2721736230416933, ""xgb_n_estimators"": 120, ""xgb_reg_alpha"": 0.4254379630349789, ""xgb_reg_lambda"": 5.080525117969281, ""xgb_subsample"": 0.9855079195238157}"
Hybride 2 branches MLP + XGBoost Optuna,HCl_pct,4,0.4117806809852624,COMPLETE,"{""activation"": ""tanh"", ""alpha"": 0.0006085232591025526, ""batch_size"": 16, ""learning_rate_init"": 0.00033762444860110886, ""mlp_weight"": 0.23026118763132616, ""n_layers"": 2, ""units_layer_1"": 4, ""units_layer_2"": 2, ""xgb_colsample_bytree"": 0.757779358292757, ""xgb_learning_rate"": 0.04046777039788143, ""xgb_max_depth"": 4, ""xgb_min_child_weight"": 2.4359796305499346, ""xgb_n_estimators"": 180, ""xgb_reg_alpha"": 5.629865930138396e-05, ""xgb_reg_lambda"": 0.5145368694340976, ""xgb_subsample"": 0.8062570077965032}"
Hybride 2 branches MLP + XGBoost Optuna,HCl_pct,5,0.41639773071697983,COMPLETE,"{""activation"": ""relu"", ""alpha"": 0.006330736828817339, ""batch_size"": 16, ""learning_rate_init"": 0.0002915192776961638, ""mlp_weight"": 0.35090097551380117, ""n_layers"": 1, ""units_layer_1"": 2, ""xgb_colsample_bytree"": 0.9127538610147647, ""xgb_learning_rate"": 0.03034834484872065, ""xgb_max_depth"": 2, ""xgb_min_child_weight"": 3.703230498673514, ""xgb_n_estimators"": 80, ""xgb_reg_alpha"": 0.0001037135778547925, ""xgb_reg_lambda"": 0.10419295411584643, ""xgb_subsample"": 0.9571376461143682}"
Hybride 2 branches MLP + XGBoost Optuna,HCl_pct,6,0.41391197696539483,COMPLETE,"{""activation"": ""tanh"", ""alpha"": 0.01660860566917849, ""batch_size"": 32, ""learning_rate_init"": 0.003928621959126225, ""mlp_weight"": 0.7369206908349086, ""n_layers"": 1, ""units_layer_1"": 4, ""xgb_colsample_bytree"": 0.9506802022557659, ""xgb_learning_rate"": 0.02081971847023741, ""xgb_max_depth"": 3, ""xgb_min_child_weight"": 4.442640144427269, ""xgb_n_estimators"": 180, ""xgb_reg_alpha"": 0.0014622753606827886, ""xgb_reg_lambda"": 0.3887444989533791, ""xgb_subsample"": 0.9121308401411614}"
Hybride 2 branches MLP + XGBoost Optuna,HCl_pct,7,0.40535237594819895,COMPLETE,"{""activation"": ""tanh"", ""alpha"": 0.00027106920575454576, ""batch_size"": 16, ""learning_rate_init"": 0.0015583885679434782, ""mlp_weight"": 0.4841340766012659, ""n_layers"": 2, ""units_layer_1"": 4, ""units_layer_2"": 2, ""xgb_colsample_bytree"": 0.9982016213176448, ""xgb_learning_rate"": 0.0738016375418552, ""xgb_max_depth"": 2, ""xgb_min_child_weight"": 4.401464906538526, ""xgb_n_estimators"": 80, ""xgb_reg_alpha"": 1.4083442989911747e-05, ""xgb_reg_lambda"": 0.12630723040041839, ""xgb_subsample"": 0.9286307688159741}"
Hybride 2 branches MLP + XGBoost Optuna,HCl_pct,8,0.40725316017699215,COMPLETE,"{""activation"": ""tanh"", ""alpha"": 0.0001752941125941905, ""batch_size"": 32, ""learning_rate_init"": 0.0031155008176939935, ""mlp_weight"": 0.45209556792621786, ""n_layers"": 2, ""units_layer_1"": 4, ""units_layer_2"": 2, ""xgb_colsample_bytree"": 0.9630693982073036, ""xgb_learning_rate"": 0.026903243553616518, ""xgb_max_depth"": 2, ""xgb_min_child_weight"": 4.416546597926297, ""xgb_n_estimators"": 180, ""xgb_reg_alpha"": 0.09684496431971032, ""xgb_reg_lambda"": 0.2454517123423499, ""xgb_subsample"": 0.7718297845079233}"
Hybride 2 branches MLP + XGBoost Optuna,HCl_pct,9,0.4031070491322312,COMPLETE,"{""activation"": ""tanh"", ""alpha"": 6.628973080689285e-05, ""batch_size"": 32, ""learning_rate_init"": 0.004895118912548591, ""mlp_weight"": 0.543300474971947, ""n_layers"": 1, ""units_layer_1"": 2, ""xgb_colsample_bytree"": 0.9103250929921944, ""xgb_learning_rate"": 0.06447277526190105, ""xgb_max_depth"": 2, ""xgb_min_child_weight"": 2.4787026025078798, ""xgb_n_estimators"": 80, ""xgb_reg_alpha"": 0.0026356617920838387, ""xgb_reg_lambda"": 2.9424983587301563, ""xgb_subsample"": 0.844076082357234}"
Hybride 2 branches MLP + XGBoost Optuna,HCl_pct,10,0.4098103580841067,COMPLETE,"{""activation"": ""tanh"", ""alpha"": 2.7154526224919638e-05, ""batch_size"": 64, ""learning_rate_init"": 0.0028696941328179774, ""mlp_weight"": 0.40389295723118995, ""n_layers"": 2, ""units_layer_1"": 2, ""units_layer_2"": 2, ""xgb_colsample_bytree"": 0.8091397050762223, ""xgb_learning_rate"": 0.03091650152511134, ""xgb_max_depth"": 4, ""xgb_min_child_weight"": 2.117176341535383, ""xgb_n_estimators"": 80, ""xgb_reg_alpha"": 2.350346051701753e-05, ""xgb_reg_lambda"": 0.1729093567659469, ""xgb_subsample"": 0.757043650121254}"
Hybride 2 branches MLP + XGBoost Optuna,HCl_pct,11,0.6880641702569962,COMPLETE,"{""activation"": ""relu"", ""alpha"": 1.387630814570364e-05, ""batch_size"": 32, ""learning_rate_init"": 0.00010437840068018514, ""mlp_weight"": 0.669365641791483, ""n_layers"": 1, ""units_layer_1"": 2, ""xgb_colsample_bytree"": 0.7246165484498844, ""xgb_learning_rate"": 0.11857938379834239, ""xgb_max_depth"": 3, ""xgb_min_child_weight"": 5.88935359984351, ""xgb_n_estimators"": 120, ""xgb_reg_alpha"": 0.0025950094024794483, ""xgb_reg_lambda"": 2.2013041336751136, ""xgb_subsample"": 0.8564384414157912}"
Hybride 2 branches MLP + XGBoost Optuna,HCl_pct,12,0.4011176500572474,COMPLETE,"{""activation"": ""relu"", ""alpha"": 0.00021158736856103134, ""batch_size"": 16, ""learning_rate_init"": 0.0010828588187224764, ""mlp_weight"": 0.56633567453823, ""n_layers"": 2, ""units_layer_1"": 4, ""units_layer_2"": 2, ""xgb_colsample_bytree"": 0.9939963585701022, ""xgb_learning_rate"": 0.06874399923607821, ""xgb_max_depth"": 2, ""xgb_min_child_weight"": 5.484928305353531, ""xgb_n_estimators"": 80, ""xgb_reg_alpha"": 0.0008595013642053241, ""xgb_reg_lambda"": 1.280978577191624, ""xgb_subsample"": 0.8816386224027558}"
Hybride 2 branches MLP + XGBoost Optuna,HCl_pct,13,0.40041005834552734,COMPLETE,"{""activation"": ""relu"", ""alpha"": 7.546298988365499e-05, ""batch_size"": 32, ""learning_rate_init"": 0.000823389981307052, ""mlp_weight"": 0.5911329414241652, ""n_layers"": 1, ""units_layer_1"": 4, ""xgb_colsample_bytree"": 0.8909056028795399, ""xgb_learning_rate"": 0.06086918710819245, ""xgb_max_depth"": 3, ""xgb_min_child_weight"": 5.886283009058312, ""xgb_n_estimators"": 80, ""xgb_reg_alpha"": 0.0017775845561604777, ""xgb_reg_lambda"": 1.2184906204607626, ""xgb_subsample"": 0.8598818368967344}"
Hybride 2 branches MLP + XGBoost Optuna,HCl_pct,14,0.4010934067389247,COMPLETE,"{""activation"": ""relu"", ""alpha"": 0.0007656438437197881, ""batch_size"": 16, ""learning_rate_init"": 0.0008496238151203964, ""mlp_weight"": 0.6050810930916498, ""n_layers"": 2, ""units_layer_1"": 4, ""units_layer_2"": 2, ""xgb_colsample_bytree"": 0.8718776251454182, ""xgb_learning_rate"": 0.06428481642247194, ""xgb_max_depth"": 3, ""xgb_min_child_weight"": 5.992982687053181, ""xgb_n_estimators"": 80, ""xgb_reg_alpha"": 0.00039954741798258543, ""xgb_reg_lambda"": 1.1581127956767214, ""xgb_subsample"": 0.8710007699944904}"
Hybride 2 branches MLP + XGBoost Optuna,HCl_pct,15,0.40111057704442815,COMPLETE,"{""activation"": ""relu"", ""alpha"": 0.0007151134592483633, ""batch_size"": 32, ""learning_rate_init"": 0.0007316813270344913, ""mlp_weight"": 0.6316515914753332, ""n_layers"": 1, ""units_layer_1"": 4, ""xgb_colsample_bytree"": 0.8697551996940772, ""xgb_learning_rate"": 0.0515057708621644, ""xgb_max_depth"": 3, ""xgb_min_child_weight"": 5.208580811400313, ""xgb_n_estimators"": 80, ""xgb_reg_alpha"": 0.00035396022469063015, ""xgb_reg_lambda"": 9.849672990489578, ""xgb_subsample"": 0.8160441331859232}"
Hybride 2 branches MLP + XGBoost Optuna,HCl_pct,16,0.40246391774980744,COMPLETE,"{""activation"": ""relu"", ""alpha"": 0.0024253328954081986, ""batch_size"": 16, ""learning_rate_init"": 0.0006819042490036995, ""mlp_weight"": 0.7992101125550184, ""n_layers"": 2, ""units_layer_1"": 4, ""units_layer_2"": 2, ""xgb_colsample_bytree"": 0.8707095374151997, ""xgb_learning_rate"": 0.08533600569814843, ""xgb_max_depth"": 3, ""xgb_min_child_weight"": 5.901257712065699, ""xgb_n_estimators"": 80, ""xgb_reg_alpha"": 0.0096447823211843, ""xgb_reg_lambda"": 1.069492060200886, ""xgb_subsample"": 0.8998478705911505}"
Hybride 2 branches MLP + XGBoost Optuna,HCl_pct,17,0.40197353155165727,COMPLETE,"{""activation"": ""relu"", ""alpha"": 0.0023689904082594385, ""batch_size"": 32, ""learning_rate_init"": 0.00019794011465345353, ""mlp_weight"": 0.6230142526722549, ""n_layers"": 1, ""units_layer_1"": 4, ""xgb_colsample_bytree"": 0.9048525611328759, ""xgb_learning_rate"": 0.047058041948392956, ""xgb_max_depth"": 3, ""xgb_min_child_weight"": 5.168491441819652, ""xgb_n_estimators"": 120, ""xgb_reg_alpha"": 0.012431587051509594, ""xgb_reg_lambda"": 1.2684378162200052, ""xgb_subsample"": 0.8620051589316515}"
Hybride 2 branches MLP + XGBoost Optuna,HCl_pct,18,0.40205189978565886,COMPLETE,"{""activation"": ""relu"", ""alpha"": 5.835045773816764e-05, ""batch_size"": 16, ""learning_rate_init"": 0.0008094686441804796, ""mlp_weight"": 0.537228077315126, ""n_layers"": 2, ""units_layer_1"": 4, ""units_layer_2"": 2, ""xgb_colsample_bytree"": 0.8549688446677934, ""xgb_learning_rate"": 0.0988660855264955, ""xgb_max_depth"": 3, ""xgb_min_child_weight"": 5.056228703046612, ""xgb_n_estimators"": 80, ""xgb_reg_alpha"": 0.00021257377926225151, ""xgb_reg_lambda"": 0.8329628834335779, ""xgb_subsample"": 0.8159107474170253}"
Hybride 2 branches MLP + XGBoost Optuna,HCl_pct,19,0.40201644504884504,COMPLETE,"{""activation"": ""relu"", ""alpha"": 0.0012145302393001768, ""batch_size"": 32, ""learning_rate_init"": 0.0022381190030613895, ""mlp_weight"": 0.7006716061438643, ""n_layers"": 2, ""units_layer_1"": 4, ""units_layer_2"": 2, ""xgb_colsample_bytree"": 0.9383361092700792, ""xgb_learning_rate"": 0.05584057004961879, ""xgb_max_depth"": 3, ""xgb_min_child_weight"": 5.990512100551412, ""xgb_n_estimators"": 80, ""xgb_reg_alpha"": 0.007633071934745595, ""xgb_reg_lambda"": 1.770264501275924, ""xgb_subsample"": 0.9315004763726082}"
Hybride 2 branches MLP + XGBoost Optuna,HCl_pct,20,0.4024194185362969,COMPLETE,"{""activation"": ""relu"", ""alpha"": 8.990196886289449e-05, ""batch_size"": 64, ""learning_rate_init"": 0.0003931874320914416, ""mlp_weight"": 0.5968032466703557, ""n_layers"": 1, ""units_layer_1"": 4, ""xgb_colsample_bytree"": 0.8255066091074895, ""xgb_learning_rate"": 0.058770184782209155, ""xgb_max_depth"": 3, ""xgb_min_child_weight"": 5.423326533696309, ""xgb_n_estimators"": 120, ""xgb_reg_alpha"": 0.04280730178080283, ""xgb_reg_lambda"": 0.34460276513587534, ""xgb_subsample"": 0.7759008724678929}"
Hybride 2 branches MLP + XGBoost Optuna,HCl_pct,21,0.40290628074300816,COMPLETE,"{""activation"": ""relu"", ""alpha"": 1.2846629548601013e-05, ""batch_size"": 32, ""learning_rate_init"": 0.0010262080387896388, ""mlp_weight"": 0.506084861861567, ""n_layers"": 1, ""units_layer_1"": 4, ""xgb_colsample_bytree"": 0.890055072019337, ""xgb_learning_rate"": 0.08429242271122542, ""xgb_max_depth"": 4, ""xgb_min_child_weight"": 4.919938468070244, ""xgb_n_estimators"": 80, ""xgb_reg_alpha"": 0.0007564870237258785, ""xgb_reg_lambda"": 6.135051637013972, ""xgb_subsample"": 0.8744299535293776}"
Hybride 2 branches MLP + XGBoost Optuna,HCl_pct,22,0.4014105392506668,COMPLETE,"{""activation"": ""relu"", ""alpha"": 0.0005019206250762928, ""batch_size"": 32, ""learning_rate_init"": 0.0006380220618400963, ""mlp_weight"": 0.6386111228088276, ""n_layers"": 1, ""units_layer_1"": 4, ""xgb_colsample_bytree"": 0.8723985368468178, ""xgb_learning_rate"": 0.048506704801873746, ""xgb_max_depth"": 3, ""xgb_min_child_weight"": 5.435769485240034, ""xgb_n_estimators"": 80, ""xgb_reg_alpha"": 0.0002236539323797884, ""xgb_reg_lambda"": 7.894190945636123, ""xgb_subsample"": 0.8228485847883974}"
Hybride 2 branches MLP + XGBoost Optuna,HCl_pct,23,0.4013902185382318,COMPLETE,"{""activation"": ""relu"", ""alpha"": 0.0016217717426870795, ""batch_size"": 32, ""learning_rate_init"": 0.0004993264964738523, ""mlp_weight"": 0.7288736311317919, ""n_layers"": 1, ""units_layer_1"": 4, ""xgb_colsample_bytree"": 0.8775954507962246, ""xgb_learning_rate"": 0.05181330210911269, ""xgb_max_depth"": 3, ""xgb_min_child_weight"": 4.964453234359457, ""xgb_n_estimators"": 80, ""xgb_reg_alpha"": 0.000532028490046065, ""xgb_reg_lambda"": 3.661008458705815, ""xgb_subsample"": 0.8004616121911318}"
Hybride 2 branches MLP + XGBoost Optuna,HCl_pct,24,0.4011689744423341,COMPLETE,"{""activation"": ""relu"", ""alpha"": 0.0006583989985775059, ""batch_size"": 32, ""learning_rate_init"": 0.0009715130254547747, ""mlp_weight"": 0.5960944505328999, ""n_layers"": 1, ""units_layer_1"": 4, ""xgb_colsample_bytree"": 0.8455499712994695, ""xgb_learning_rate"": 0.04184667285305577, ""xgb_max_depth"": 3, ""xgb_min_child_weight"": 5.590414520073254, ""xgb_n_estimators"": 80, ""xgb_reg_alpha"": 0.00028170287057703325, ""xgb_reg_lambda"": 9.457534130571725, ""xgb_subsample"": 0.8383376541512141}"
Hybride 2 branches MLP + XGBoost Optuna,HCl_pct,25,0.4014965734980757,COMPLETE,"{""activation"": ""relu"", ""alpha"": 3.485291606934904e-05, ""batch_size"": 32, ""learning_rate_init"": 0.00021430797141432897, ""mlp_weight"": 0.6660386950204458, ""n_layers"": 1, ""units_layer_1"": 4, ""xgb_colsample_bytree"": 0.9346565933443006, ""xgb_learning_rate"": 0.07611838219756843, ""xgb_max_depth"": 3, ""xgb_min_child_weight"": 4.962461733559064, ""xgb_n_estimators"": 80, ""xgb_reg_alpha"": 6.353452299141349e-05, ""xgb_reg_lambda"": 1.8780913116922568, ""xgb_subsample"": 0.8948334563905305}"
Hybride 2 branches MLP + XGBoost Optuna,HCl_pct,26,0.4012972514386533,COMPLETE,"{""activation"": ""relu"", ""alpha"": 0.004613610529782169, ""batch_size"": 16, ""learning_rate_init"": 0.0005256632840472845, ""mlp_weight"": 0.7750181842511541, ""n_layers"": 1, ""units_layer_1"": 4, ""xgb_colsample_bytree"": 0.8889315330010047, ""xgb_learning_rate"": 0.05794814387366702, ""xgb_max_depth"": 3, ""xgb_min_child_weight"": 5.9932937560405595, ""xgb_n_estimators"": 80, ""xgb_reg_alpha"": 0.0036711424834114997, ""xgb_reg_lambda"": 0.7786101654831988, ""xgb_subsample"": 0.7264787339757395}"
Hybride 2 branches MLP + XGBoost Optuna,HCl_pct,27,0.4034429662403154,COMPLETE,"{""activation"": ""relu"", ""alpha"": 0.00012960254279739051, ""batch_size"": 32, ""learning_rate_init"": 0.0008113292317593119, ""mlp_weight"": 0.5801456055412361, ""n_layers"": 2, ""units_layer_1"": 4, ""units_layer_2"": 2, ""xgb_colsample_bytree"": 0.8226115356544309, ""xgb_learning_rate"": 0.06388745009858622, ""xgb_max_depth"": 3, ""xgb_min_child_weight"": 4.627090479335032, ""xgb_n_estimators"": 80, ""xgb_reg_alpha"": 0.00035287276694524435, ""xgb_reg_lambda"": 5.047901336834096, ""xgb_subsample"": 0.8371910288373602}"
Hybride 2 branches MLP + XGBoost Optuna,HCl_pct,28,0.400871398313987,COMPLETE,"{""activation"": ""relu"", ""alpha"": 0.0003711538852785571, ""batch_size"": 32, ""learning_rate_init"": 0.002009526771904028, ""mlp_weight"": 0.645863433070186, ""n_layers"": 1, ""units_layer_1"": 4, ""xgb_colsample_bytree"": 0.7889644122266254, ""xgb_learning_rate"": 0.04530292343756703, ""xgb_max_depth"": 4, ""xgb_min_child_weight"": 5.590735409219542, ""xgb_n_estimators"": 80, ""xgb_reg_alpha"": 0.00011550768573902133, ""xgb_reg_lambda"": 0.45623290377537334, ""xgb_subsample"": 0.797407644421332}"
Hybride 2 branches MLP + XGBoost Optuna,HCl_pct,29,0.4047296200743452,COMPLETE,"{""activation"": ""relu"", ""alpha"": 0.00033195990364566903, ""batch_size"": 64, ""learning_rate_init"": 0.0021435052569204315, ""mlp_weight"": 0.6890732315855754, ""n_layers"": 2, ""units_layer_1"": 4, ""units_layer_2"": 2, ""xgb_colsample_bytree"": 0.7176365746422141, ""xgb_learning_rate"": 0.04507126051551498, ""xgb_max_depth"": 4, ""xgb_min_child_weight"": 5.597308100509146, ""xgb_n_estimators"": 120, ""xgb_reg_alpha"": 0.00012326861740968062, ""xgb_reg_lambda"": 0.4395063257140365, ""xgb_subsample"": 0.7461163174797483}"
Hybride 2 branches MLP + XGBoost Optuna,HCl_pct,30,0.40790483492885876,COMPLETE,"{""activation"": ""relu"", ""alpha"": 3.0295221657912427e-05, ""batch_size"": 16, ""learning_rate_init"": 0.0011499165932065535, ""mlp_weight"": 0.34491034260544173, ""n_layers"": 1, ""units_layer_1"": 2, ""xgb_colsample_bytree"": 0.7733939085279586, ""xgb_learning_rate"": 0.0353579053602466, ""xgb_max_depth"": 4, ""xgb_min_child_weight"": 4.020788920811054, ""xgb_n_estimators"": 180, ""xgb_reg_alpha"": 3.7571201111056516e-05, ""xgb_reg_lambda"": 0.2714805552749552, ""xgb_subsample"": 0.7103725214336982}"
Hybride 2 branches MLP + XGBoost Optuna,HCl_pct,31,0.40523474455517833,COMPLETE,"{""activation"": ""relu"", ""alpha"": 0.00039443776960440606, ""batch_size"": 16, ""learning_rate_init"": 0.0013534729204565266, ""mlp_weight"": 0.5038004195268754, ""n_layers"": 1, ""units_layer_1"": 4, ""xgb_colsample_bytree"": 0.7446375055645993, ""xgb_learning_rate"": 0.0894789699903127, ""xgb_max_depth"": 4, ""xgb_min_child_weight"": 3.2349600038750106, ""xgb_n_estimators"": 180, ""xgb_reg_alpha"": 0.023987424198214233, ""xgb_reg_lambda"": 0.9155398157219008, ""xgb_subsample"": 0.8689124984201331}"
Hybride 2 branches MLP + XGBoost Optuna,HCl_pct,32,0.40120973733440773,COMPLETE,"{""activation"": ""relu"", ""alpha"": 0.0008780917336862909, ""batch_size"": 32, ""learning_rate_init"": 0.0021199995414098016, ""mlp_weight"": 0.6461824178755408, ""n_layers"": 1, ""units_layer_1"": 4, ""xgb_colsample_bytree"": 0.7863443326128218, ""xgb_learning_rate"": 0.0528967615534217, ""xgb_max_depth"": 4, ""xgb_min_child_weight"": 5.227917443055146, ""xgb_n_estimators"": 80, ""xgb_reg_alpha"": 0.0011091927423214404, ""xgb_reg_lambda"": 2.5400834304148905, ""xgb_subsample"": 0.7883068124852495}"
Hybride 2 branches MLP + XGBoost Optuna,HCl_pct,33,0.4004817365124385,COMPLETE,"{""activation"": ""relu"", ""alpha"": 0.00012022350296568312, ""batch_size"": 32, ""learning_rate_init"": 0.0014528552245745639, ""mlp_weight"": 0.6198245794682331, ""n_layers"": 1, ""units_layer_1"": 4, ""xgb_colsample_bytree"": 0.7910486402344945, ""xgb_learning_rate"": 0.04420967549476333, ""xgb_max_depth"": 3, ""xgb_min_child_weight"": 5.671419347768973, ""xgb_n_estimators"": 80, ""xgb_reg_alpha"": 0.00016582865554858132, ""xgb_reg_lambda"": 0.609672583532795, ""xgb_subsample"": 0.8241244585845512}"
Hybride 2 branches MLP + XGBoost Optuna,HCl_pct,34,0.4002344720959898,COMPLETE,"{""activation"": ""relu"", ""alpha"": 0.00012036366148522219, ""batch_size"": 32, ""learning_rate_init"": 0.001743403116532166, ""mlp_weight"": 0.6072001077907955, ""n_layers"": 1, ""units_layer_1"": 4, ""xgb_colsample_bytree"": 0.7941541489705259, ""xgb_learning_rate"": 0.041934797761613074, ""xgb_max_depth"": 3, ""xgb_min_child_weight"": 5.603627252771259, ""xgb_n_estimators"": 80, ""xgb_reg_alpha"": 0.000124971146840015, ""xgb_reg_lambda"": 0.6676068707726838, ""xgb_subsample"": 0.8468448467113453}"
Hybride 2 branches MLP + XGBoost Optuna,HCl_pct,35,0.40141745004890134,COMPLETE,"{""activation"": ""relu"", ""alpha"": 0.00012959242355824126, ""batch_size"": 32, ""learning_rate_init"": 0.0018212230478623142, ""mlp_weight"": 0.5571006276564798, ""n_layers"": 1, ""units_layer_1"": 4, ""xgb_colsample_bytree"": 0.7838911355936884, ""xgb_learning_rate"": 0.03857630480875753, ""xgb_max_depth"": 4, ""xgb_min_child_weight"": 5.663573941235672, ""xgb_n_estimators"": 80, ""xgb_reg_alpha"": 1.0819992942518386e-05, ""xgb_reg_lambda"": 0.5902001855758917, ""xgb_subsample"": 0.8320889431063931}"
Hybride 2 branches MLP + XGBoost Optuna,HCl_pct,36,0.40553733722111174,COMPLETE,"{""activation"": ""relu"", ""alpha"": 4.8880793798555465e-05, ""batch_size"": 32, ""learning_rate_init"": 0.0014136488060990458, ""mlp_weight"": 0.7354712822418866, ""n_layers"": 1, ""units_layer_1"": 2, ""xgb_colsample_bytree"": 0.7610618253237379, ""xgb_learning_rate"": 0.034230142399934695, ""xgb_max_depth"": 2, ""xgb_min_child_weight"": 4.831078648024803, ""xgb_n_estimators"": 80, ""xgb_reg_alpha"": 0.00012660737954957763, ""xgb_reg_lambda"": 0.5552638107235975, ""xgb_subsample"": 0.7981558608113515}"
Hybride 2 branches MLP + XGBoost Optuna,HCl_pct,37,0.4001533498933906,COMPLETE,"{""activation"": ""relu"", ""alpha"": 9.29797191833476e-05, ""batch_size"": 32, ""learning_rate_init"": 0.002875146956825231, ""mlp_weight"": 0.7067441762655213, ""n_layers"": 1, ""units_layer_1"": 4, ""xgb_colsample_bytree"": 0.7983125436927713, ""xgb_learning_rate"": 0.04301795003049383, ""xgb_max_depth"": 3, ""xgb_min_child_weight"": 5.702319054933319, ""xgb_n_estimators"": 80, ""xgb_reg_alpha"": 0.8118649315525449, ""xgb_reg_lambda"": 0.727244647840351, ""xgb_subsample"": 0.8478622751179017}"
Hybride 2 branches MLP + XGBoost Optuna,HCl_pct,38,0.40181847752792504,COMPLETE,"{""activation"": ""relu"", ""alpha"": 8.774017756644193e-05, ""batch_size"": 32, ""learning_rate_init"": 0.003155481641979286, ""mlp_weight"": 0.7131414143308076, ""n_layers"": 1, ""units_layer_1"": 4, ""xgb_colsample_bytree"": 0.8046231825131672, ""xgb_learning_rate"": 0.028549967364114342, ""xgb_max_depth"": 3, ""xgb_min_child_weight"": 1.0602073763896898, ""xgb_n_estimators"": 180, ""xgb_reg_alpha"": 0.22865624984788255, ""xgb_reg_lambda"": 0.7539615437480898, ""xgb_subsample"": 0.8538337417837067}"
Hybride 2 branches MLP + XGBoost Optuna,HCl_pct,39,0.41223981458214976,COMPLETE,"{""activation"": ""tanh"", ""alpha"": 2.00659606201652e-05, ""batch_size"": 64, ""learning_rate_init"": 0.0025583484772890163, ""mlp_weight"": 0.7651034099634519, ""n_layers"": 1, ""units_layer_1"": 4, ""xgb_colsample_bytree"": 0.7037249781611141, ""xgb_learning_rate"": 0.04139000470320683, ""xgb_max_depth"": 3, ""xgb_min_child_weight"": 4.660062048631193, ""xgb_n_estimators"": 80, ""xgb_reg_alpha"": 0.1846285552268837, ""xgb_reg_lambda"": 0.2783410579632808, ""xgb_subsample"": 0.8879904992386314}"
Hybride 2 branches MLP + XGBoost Optuna,HCl_pct,40,0.4033999532559543,COMPLETE,"{""activation"": ""relu"", ""alpha"": 0.0001406915065256949, ""batch_size"": 32, ""learning_rate_init"": 0.0038141953304339556, ""mlp_weight"": 0.6828597990895348, ""n_layers"": 1, ""units_layer_1"": 2, ""xgb_colsample_bytree"": 0.7439682766860439, ""xgb_learning_rate"": 0.036647582073788855, ""xgb_max_depth"": 3, ""xgb_min_child_weight"": 5.280491052457309, ""xgb_n_estimators"": 120, ""xgb_reg_alpha"": 0.9931821664831997, ""xgb_reg_lambda"": 1.5897262425244085, ""xgb_subsample"": 0.9655931796105273}"
Hybride 2 branches MLP + XGBoost Optuna,HCl_pct,41,0.4120976462479865,COMPLETE,"{""activation"": ""tanh"", ""alpha"": 0.041955625920176425, ""batch_size"": 32, ""learning_rate_init"": 0.001685816475619135, ""mlp_weight"": 0.5245271333506936, ""n_layers"": 1, ""units_layer_1"": 4, ""xgb_colsample_bytree"": 0.8317431923424107, ""xgb_learning_rate"": 0.03183471331966704, ""xgb_max_depth"": 2, ""xgb_min_child_weight"": 5.8025255396139315, ""xgb_n_estimators"": 80, ""xgb_reg_alpha"": 4.7412993128948355e-05, ""xgb_reg_lambda"": 0.3457479603607171, ""xgb_subsample"": 0.9097659575521997}"
Hybride 2 branches MLP + XGBoost Optuna,HCl_pct,42,0.4010203889296157,COMPLETE,"{""activation"": ""relu"", ""alpha"": 0.00021863935904121003, ""batch_size"": 32, ""learning_rate_init"": 0.001346078247955559, ""mlp_weight"": 0.6561119357218083, ""n_layers"": 1, ""units_layer_1"": 4, ""xgb_colsample_bytree"": 0.7983686038178527, ""xgb_learning_rate"": 0.044169895180045764, ""xgb_max_depth"": 3, ""xgb_min_child_weight"": 5.692251842849718, ""xgb_n_estimators"": 80, ""xgb_reg_alpha"": 0.00012802582863962033, ""xgb_reg_lambda"": 0.4444329525800524, ""xgb_subsample"": 0.8475289412843311}"
Hybride 2 branches MLP + XGBoost Optuna,HCl_pct,43,0.401345118018808,COMPLETE,"{""activation"": ""relu"", ""alpha"": 8.846004259589924e-05, ""batch_size"": 32, ""learning_rate_init"": 0.001977969922969359, ""mlp_weight"": 0.6172003072255909, ""n_layers"": 1, ""units_layer_1"": 4, ""xgb_colsample_bytree"": 0.7618080048816371, ""xgb_learning_rate"": 0.03973093964282023, ""xgb_max_depth"": 4, ""xgb_min_child_weight"": 5.390222941118309, ""xgb_n_estimators"": 80, ""xgb_reg_alpha"": 2.8509022993788874e-05, ""xgb_reg_lambda"": 0.6946859990305168, ""xgb_subsample"": 0.783287340437712}"
Hybride 2 branches MLP + XGBoost Optuna,HCl_pct,44,0.4043478412176545,COMPLETE,"{""activation"": ""relu"", ""alpha"": 4.681152840015211e-05, ""batch_size"": 32, ""learning_rate_init"": 0.0040918937756335046, ""mlp_weight"": 0.5697347213596299, ""n_layers"": 1, ""units_layer_1"": 4, ""xgb_colsample_bytree"": 0.79099035360254, ""xgb_learning_rate"": 0.025675635880416856, ""xgb_max_depth"": 3, ""xgb_min_child_weight"": 5.677784166871856, ""xgb_n_estimators"": 80, ""xgb_reg_alpha"": 7.183530384836016e-05, ""xgb_reg_lambda"": 0.5306060956766551, ""xgb_subsample"": 0.8287923992318008}"
Hybride 2 branches MLP + XGBoost Optuna,HCl_pct,45,0.4001719990812638,COMPLETE,"{""activation"": ""relu"", ""alpha"": 0.0002443928063632785, ""batch_size"": 32, ""learning_rate_init"": 0.0026115645353271726, ""mlp_weight"": 0.4377505720503765, ""n_layers"": 1, ""units_layer_1"": 4, ""xgb_colsample_bytree"": 0.8148107789692693, ""xgb_learning_rate"": 0.04862752638599087, ""xgb_max_depth"": 2, ""xgb_min_child_weight"": 4.674334979921875, ""xgb_n_estimators"": 80, ""xgb_reg_alpha"": 1.6464409489478377e-05, ""xgb_reg_lambda"": 1.0314922705460898, ""xgb_subsample"": 0.7611460819809902}"
Hybride 2 branches MLP + XGBoost Optuna,HCl_pct,46,0.4067967903772227,COMPLETE,"{""activation"": ""tanh"", ""alpha"": 0.00022893372151080863, ""batch_size"": 32, ""learning_rate_init"": 0.003258802615393155, ""mlp_weight"": 0.274583248505888, ""n_layers"": 1, ""units_layer_1"": 4, ""xgb_colsample_bytree"": 0.8171677701527018, ""xgb_learning_rate"": 0.04932186848434595, ""xgb_max_depth"": 2, ""xgb_min_child_weight"": 4.193012029370467, ""xgb_n_estimators"": 80, ""xgb_reg_alpha"": 1.809160334580905e-05, ""xgb_reg_lambda"": 0.9808677994825015, ""xgb_subsample"": 0.7601072456647139}"
Hybride 2 branches MLP + XGBoost Optuna,HCl_pct,47,0.40343427774558993,COMPLETE,"{""activation"": ""relu"", ""alpha"": 8.099646414071402e-05, ""batch_size"": 32, ""learning_rate_init"": 0.002432212303277244, ""mlp_weight"": 0.4606260024804901, ""n_layers"": 1, ""units_layer_1"": 2, ""xgb_colsample_bytree"": 0.774766269183213, ""xgb_learning_rate"": 0.06043122489808047, ""xgb_max_depth"": 2, ""xgb_min_child_weight"": 3.12973370722244, ""xgb_n_estimators"": 180, ""xgb_reg_alpha"": 0.08891192760310779, ""xgb_reg_lambda"": 0.2000508871080841, ""xgb_subsample"": 0.9331065578493785}"
Hybride 2 branches MLP + XGBoost Optuna,HCl_pct,48,0.39900946494255807,COMPLETE,"{""activation"": ""relu"", ""alpha"": 2.076438892632336e-05, ""batch_size"": 64, ""learning_rate_init"": 0.004700932641465574, ""mlp_weight"": 0.4147965032732337, ""n_layers"": 1, ""units_layer_1"": 4, ""xgb_colsample_bytree"": 0.8343698623873812, ""xgb_learning_rate"": 0.053542825431883795, ""xgb_max_depth"": 2, ""xgb_min_child_weight"": 3.848234714220886, ""xgb_n_estimators"": 80, ""xgb_reg_alpha"": 0.0018966686618129335, ""xgb_reg_lambda"": 1.3588063471060676, ""xgb_subsample"": 0.8137519794738993}"
Hybride 2 branches MLP + XGBoost Optuna,HCl_pct,49,0.40585133553274194,COMPLETE,"{""activation"": ""tanh"", ""alpha"": 1.920743875392794e-05, ""batch_size"": 64, ""learning_rate_init"": 0.004856145636820125, ""mlp_weight"": 0.4000193093527049, ""n_layers"": 1, ""units_layer_1"": 4, ""xgb_colsample_bytree"": 0.8414104540801534, ""xgb_learning_rate"": 0.07074430164849124, ""xgb_max_depth"": 2, ""xgb_min_child_weight"": 3.767612365938675, ""xgb_n_estimators"": 80, ""xgb_reg_alpha"": 0.004717661819621155, ""xgb_reg_lambda"": 1.4676584522848026, ""xgb_subsample"": 0.7460829903962608}"
Hybride 2 branches MLP + XGBoost Optuna,HCl_pct,50,0.3995441107474672,COMPLETE,"{""activation"": ""relu"", ""alpha"": 4.0109111622674894e-05, ""batch_size"": 64, ""learning_rate_init"": 0.0036842489939035465, ""mlp_weight"": 0.37656164974953393, ""n_layers"": 1, ""units_layer_1"": 4, ""xgb_colsample_bytree"": 0.8128028193614159, ""xgb_learning_rate"": 0.054512498196180204, ""xgb_max_depth"": 2, ""xgb_min_child_weight"": 3.257189567885787, ""xgb_n_estimators"": 80, ""xgb_reg_alpha"": 0.001827847648049375, ""xgb_reg_lambda"": 1.335554688264402, ""xgb_subsample"": 0.8546778310803608}"
Hybride 2 branches MLP + XGBoost Optuna,Cl2_pct,1,0.4140557517324974,COMPLETE,"{""activation"": ""relu"", ""alpha"": 0.07841320791992736, ""batch_size"": 64, ""learning_rate_init"": 0.0005731396934314759, ""mlp_weight"": 0.2744117569371593, ""n_layers"": 1, ""units_layer_1"": 4, ""xgb_colsample_bytree"": 0.8995213737675278, ""xgb_learning_rate"": 0.022994921443409262, ""xgb_max_depth"": 2, ""xgb_min_child_weight"": 4.917850285515376, ""xgb_n_estimators"": 120, ""xgb_reg_alpha"": 2.2354557791616782e-05, ""xgb_reg_lambda"": 0.18706595510583215, ""xgb_subsample"": 0.8185475694947474}"
Hybride 2 branches MLP + XGBoost Optuna,Cl2_pct,2,0.41907923824722043,COMPLETE,"{""activation"": ""tanh"", ""alpha"": 5.343844340550052e-05, ""batch_size"": 16, ""learning_rate_init"": 0.0005060566672436132, ""mlp_weight"": 0.6430122738391558, ""n_layers"": 1, ""units_layer_1"": 2, ""xgb_colsample_bytree"": 0.7691816115688521, ""xgb_learning_rate"": 0.10282942258294869, ""xgb_max_depth"": 4, ""xgb_min_child_weight"": 1.4948425523052313, ""xgb_n_estimators"": 180, ""xgb_reg_alpha"": 0.015451189361672004, ""xgb_reg_lambda"": 3.3785642458467793, ""xgb_subsample"": 0.9028700530948142}"
Hybride 2 branches MLP + XGBoost Optuna,Cl2_pct,3,0.413461369072954,COMPLETE,"{""activation"": ""relu"", ""alpha"": 0.0001344546769277662, ""batch_size"": 16, ""learning_rate_init"": 0.0013815740173882313, ""mlp_weight"": 0.2723814322708833, ""n_layers"": 1, ""units_layer_1"": 2, ""xgb_colsample_bytree"": 0.7934468881343607, ""xgb_learning_rate"": 0.03322538726819402, ""xgb_max_depth"": 2, ""xgb_min_child_weight"": 5.980154884455949, ""xgb_n_estimators"": 180, ""xgb_reg_alpha"": 3.0514656857484938e-05, ""xgb_reg_lambda"": 0.36100591019327766, ""xgb_subsample"": 0.887099645578093}"
Hybride 2 branches MLP + XGBoost Optuna,Cl2_pct,4,0.4108782518229154,COMPLETE,"{""activation"": ""relu"", ""alpha"": 0.0006499960391037601, ""batch_size"": 32, ""learning_rate_init"": 0.0015736193155467182, ""mlp_weight"": 0.5480732442655136, ""n_layers"": 1, ""units_layer_1"": 4, ""xgb_colsample_bytree"": 0.753232980985195, ""xgb_learning_rate"": 0.02653236049816596, ""xgb_max_depth"": 2, ""xgb_min_child_weight"": 2.428358783197559, ""xgb_n_estimators"": 180, ""xgb_reg_alpha"": 0.032938099673456823, ""xgb_reg_lambda"": 2.3057634617285943, ""xgb_subsample"": 0.8465444915041969}"
Hybride 2 branches MLP + XGBoost Optuna,Cl2_pct,5,0.4191724619370344,COMPLETE,"{""activation"": ""tanh"", ""alpha"": 0.023593003273947945, ""batch_size"": 32, ""learning_rate_init"": 0.004066163780325917, ""mlp_weight"": 0.6768341806850249, ""n_layers"": 2, ""units_layer_1"": 2, ""units_layer_2"": 2, ""xgb_colsample_bytree"": 0.8866761429043474, ""xgb_learning_rate"": 0.05284979653406301, ""xgb_max_depth"": 4, ""xgb_min_child_weight"": 2.229192273335106, ""xgb_n_estimators"": 180, ""xgb_reg_alpha"": 0.07407174422920276, ""xgb_reg_lambda"": 0.324953697455094, ""xgb_subsample"": 0.8408060190212028}"
Hybride 2 branches MLP + XGBoost Optuna,Cl2_pct,6,0.41330544398385927,COMPLETE,"{""activation"": ""tanh"", ""alpha"": 1.5171545966118087e-05, ""batch_size"": 16, ""learning_rate_init"": 0.0010031133821151203, ""mlp_weight"": 0.7640176689527578, ""n_layers"": 1, ""units_layer_1"": 2, ""xgb_colsample_bytree"": 0.8028856683284635, ""xgb_learning_rate"": 0.03239583590177511, ""xgb_max_depth"": 3, ""xgb_min_child_weight"": 4.725791553009003, ""xgb_n_estimators"": 120, ""xgb_reg_alpha"": 0.3178762308877808, ""xgb_reg_lambda"": 9.574373193999367, ""xgb_subsample"": 0.7945385927728496}"
Hybride 2 branches MLP + XGBoost Optuna,Cl2_pct,7,0.4204678876521285,COMPLETE,"{""activation"": ""relu"", ""alpha"": 0.00032573380648662914, ""batch_size"": 64, ""learning_rate_init"": 0.0022156314999230327, ""mlp_weight"": 0.5551506812388343, ""n_layers"": 2, ""units_layer_1"": 2, ""units_layer_2"": 2, ""xgb_colsample_bytree"": 0.7612278962592802, ""xgb_learning_rate"": 0.1193181285721498, ""xgb_max_depth"": 3, ""xgb_min_child_weight"": 4.674777989898514, ""xgb_n_estimators"": 180, ""xgb_reg_alpha"": 0.009243230954827032, ""xgb_reg_lambda"": 3.068889059843847, ""xgb_subsample"": 0.8826064958031379}"
Hybride 2 branches MLP + XGBoost Optuna,Cl2_pct,8,0.41949114248477437,COMPLETE,"{""activation"": ""tanh"", ""alpha"": 0.03130241154859689, ""batch_size"": 32, ""learning_rate_init"": 0.002994439782412092, ""mlp_weight"": 0.5735435404665665, ""n_layers"": 2, ""units_layer_1"": 4, ""units_layer_2"": 2, ""xgb_colsample_bytree"": 0.8477728052933002, ""xgb_learning_rate"": 0.025204279868768557, ""xgb_max_depth"": 4, ""xgb_min_child_weight"": 3.6858854437513964, ""xgb_n_estimators"": 180, ""xgb_reg_alpha"": 0.009428479510741317, ""xgb_reg_lambda"": 1.0992942172391114, ""xgb_subsample"": 0.9930323097315299}"
Hybride 2 branches MLP + XGBoost Optuna,Cl2_pct,9,0.41990964564516586,COMPLETE,"{""activation"": ""relu"", ""alpha"": 0.01653493876743714, ""batch_size"": 32, ""learning_rate_init"": 0.0003826515007357946, ""mlp_weight"": 0.37724768936420816, ""n_layers"": 2, ""units_layer_1"": 2, ""units_layer_2"": 2, ""xgb_colsample_bytree"": 0.8915056959088853, ""xgb_learning_rate"": 0.06004000171084294, ""xgb_max_depth"": 3, ""xgb_min_child_weight"": 5.277804145562646, ""xgb_n_estimators"": 80, ""xgb_reg_alpha"": 0.06039431868957985, ""xgb_reg_lambda"": 0.11306389867193947, ""xgb_subsample"": 0.8850672934142605}"
Hybride 2 branches MLP + XGBoost Optuna,Cl2_pct,10,0.4226350718201896,COMPLETE,"{""activation"": ""relu"", ""alpha"": 3.126381483615045e-05, ""batch_size"": 64, ""learning_rate_init"": 0.0003013151682036492, ""mlp_weight"": 0.21442440255990725, ""n_layers"": 1, ""units_layer_1"": 4, ""xgb_colsample_bytree"": 0.7046690669781064, ""xgb_learning_rate"": 0.04021741957407403, ""xgb_max_depth"": 4, ""xgb_min_child_weight"": 2.91525582849343, ""xgb_n_estimators"": 120, ""xgb_reg_alpha"": 0.07040421866772553, ""xgb_reg_lambda"": 0.9392483943717898, ""xgb_subsample"": 0.7088094174939888}"
Hybride 2 branches MLP + XGBoost Optuna,Cl2_pct,11,0.41430162393121367,COMPLETE,"{""activation"": ""relu"", ""alpha"": 0.0013045707948710042, ""batch_size"": 32, ""learning_rate_init"": 0.000102751429497389, ""mlp_weight"": 0.4330587039766495, ""n_layers"": 2, ""units_layer_1"": 4, ""units_layer_2"": 2, ""xgb_colsample_bytree"": 0.9889156406368428, ""xgb_learning_rate"": 0.07941586531471949, ""xgb_max_depth"": 2, ""xgb_min_child_weight"": 1.104846330887912, ""xgb_n_estimators"": 80, ""xgb_reg_alpha"": 0.0004932386158123049, ""xgb_reg_lambda"": 8.620709010292527, ""xgb_subsample"": 0.7084086900883058}"
Hybride 2 branches MLP + XGBoost Optuna,Cl2_pct,12,0.41725084670618007,COMPLETE,"{""activation"": ""tanh"", ""alpha"": 0.0019080593792540747, ""batch_size"": 16, ""learning_rate_init"": 0.0011054372373567355, ""mlp_weight"": 0.7788008319155462, ""n_layers"": 1, ""units_layer_1"": 4, ""xgb_colsample_bytree"": 0.7140254197093205, ""xgb_learning_rate"": 0.032193583818743425, ""xgb_max_depth"": 3, ""xgb_min_child_weight"": 3.8348378416957956, ""xgb_n_estimators"": 120, ""xgb_reg_alpha"": 0.6406513415957438, ""xgb_reg_lambda"": 9.296265740992409, ""xgb_subsample"": 0.7777557975283835}"
Hybride 2 branches MLP + XGBoost Optuna,Cl2_pct,13,0.41815602387931106,COMPLETE,"{""activation"": ""tanh"", ""alpha"": 1.0319690485110529e-05, ""batch_size"": 16, ""learning_rate_init"": 0.0010877530671621065, ""mlp_weight"": 0.7956290996862015, ""n_layers"": 1, ""units_layer_1"": 4, ""xgb_colsample_bytree"": 0.8152894277574861, ""xgb_learning_rate"": 0.021360270404464598, ""xgb_max_depth"": 3, ""xgb_min_child_weight"": 2.7662472439246253, ""xgb_n_estimators"": 120, ""xgb_reg_alpha"": 0.6641282677136341, ""xgb_reg_lambda"": 3.4582622957811204, ""xgb_subsample"": 0.7779682896949908}"
Hybride 2 branches MLP + XGBoost Optuna,Cl2_pct,14,0.41258408749021386,COMPLETE,"{""activation"": ""tanh"", ""alpha"": 0.002045387759202871, ""batch_size"": 32, ""learning_rate_init"": 0.0018275797288453146, ""mlp_weight"": 0.480377720961291, ""n_layers"": 1, ""units_layer_1"": 2, ""xgb_colsample_bytree"": 0.7528759359940552, ""xgb_learning_rate"": 0.030661238042382077, ""xgb_max_depth"": 2, ""xgb_min_child_weight"": 3.859886988472665, ""xgb_n_estimators"": 120, ""xgb_reg_alpha"": 0.0017091529009206183, ""xgb_reg_lambda"": 1.5587123061821524, ""xgb_subsample"": 0.7724595958433921}"
Hybride 2 branches MLP + XGBoost Optuna,Cl2_pct,15,0.41392930921866844,COMPLETE,"{""activation"": ""relu"", ""alpha"": 0.0025608988918113264, ""batch_size"": 32, ""learning_rate_init"": 0.0020345514104005633, ""mlp_weight"": 0.46621864466954366, ""n_layers"": 1, ""units_layer_1"": 2, ""xgb_colsample_bytree"": 0.7379206515244479, ""xgb_learning_rate"": 0.04476830275571152, ""xgb_max_depth"": 2, ""xgb_min_child_weight"": 3.756488106375543, ""xgb_n_estimators"": 80, ""xgb_reg_alpha"": 0.0008882513587341285, ""xgb_reg_lambda"": 1.376991409531745, ""xgb_subsample"": 0.7470613973526492}"
Hybride 2 branches MLP + XGBoost Optuna,Cl2_pct,16,0.41405101970603003,COMPLETE,"{""activation"": ""tanh"", ""alpha"": 0.0003838272061054736, ""batch_size"": 32, ""learning_rate_init"": 0.0018405897915547012, ""mlp_weight"": 0.4981307837375806, ""n_layers"": 1, ""units_layer_1"": 4, ""xgb_colsample_bytree"": 0.7515223823702746, ""xgb_learning_rate"": 0.027444381712831603, ""xgb_max_depth"": 2, ""xgb_min_child_weight"": 2.098446147106818, ""xgb_n_estimators"": 180, ""xgb_reg_alpha"": 0.0011327158556154158, ""xgb_reg_lambda"": 1.894640271106663, ""xgb_subsample"": 0.9348840321106314}"
Hybride 2 branches MLP + XGBoost Optuna,Cl2_pct,17,0.4136456084614517,COMPLETE,"{""activation"": ""relu"", ""alpha"": 0.00578234667380714, ""batch_size"": 32, ""learning_rate_init"": 0.004563465931097971, ""mlp_weight"": 0.37560706014039763, ""n_layers"": 1, ""units_layer_1"": 2, ""xgb_colsample_bytree"": 0.8357943667983314, ""xgb_learning_rate"": 0.038714091266559, ""xgb_max_depth"": 2, ""xgb_min_child_weight"": 3.127385392314711, ""xgb_n_estimators"": 120, ""xgb_reg_alpha"": 0.002255969461936633, ""xgb_reg_lambda"": 0.647232291643773, ""xgb_subsample"": 0.8355061422009242}"
Hybride 2 branches MLP + XGBoost Optuna,Cl2_pct,18,0.41511425996726503,COMPLETE,"{""activation"": ""tanh"", ""alpha"": 0.0005618375746708253, ""batch_size"": 32, ""learning_rate_init"": 0.0007059002173780559, ""mlp_weight"": 0.5676961147851108, ""n_layers"": 1, ""units_layer_1"": 4, ""xgb_colsample_bytree"": 0.7318916325534817, ""xgb_learning_rate"": 0.026940355602948107, ""xgb_max_depth"": 2, ""xgb_min_child_weight"": 2.095862928675637, ""xgb_n_estimators"": 180, ""xgb_reg_alpha"": 0.00013540797158102843, ""xgb_reg_lambda"": 2.071371018137376, ""xgb_subsample"": 0.7468270144423722}"
Hybride 2 branches MLP + XGBoost Optuna,Cl2_pct,19,0.4161622926999712,COMPLETE,"{""activation"": ""relu"", ""alpha"": 0.005935832643096164, ""batch_size"": 32, ""learning_rate_init"": 0.0029912352253424674, ""mlp_weight"": 0.6614975420978608, ""n_layers"": 1, ""units_layer_1"": 2, ""xgb_colsample_bytree"": 0.7863650415106583, ""xgb_learning_rate"": 0.058329199228773644, ""xgb_max_depth"": 2, ""xgb_min_child_weight"": 4.277747846066428, ""xgb_n_estimators"": 120, ""xgb_reg_alpha"": 0.0036694200612953204, ""xgb_reg_lambda"": 5.165393798087829, ""xgb_subsample"": 0.8548627805665278}"
Hybride 2 branches MLP + XGBoost Optuna,Cl2_pct,20,0.42060136203422216,COMPLETE,"{""activation"": ""tanh"", ""alpha"": 0.00012101091077902321, ""batch_size"": 32, ""learning_rate_init"": 0.00012942509674109792, ""mlp_weight"": 0.37606645428039787, ""n_layers"": 1, ""units_layer_1"": 4, ""xgb_colsample_bytree"": 0.997695483348045, ""xgb_learning_rate"": 0.029198135674376027, ""xgb_max_depth"": 3, ""xgb_min_child_weight"": 3.347213459922556, ""xgb_n_estimators"": 80, ""xgb_reg_alpha"": 0.00022343323165851723, ""xgb_reg_lambda"": 0.5644673846176803, ""xgb_subsample"": 0.9564939519901859}"
Hybride 2 branches MLP + XGBoost Optuna,Cl2_pct,21,0.41988470532379507,COMPLETE,"{""activation"": ""tanh"", ""alpha"": 0.0006433319358455481, ""batch_size"": 64, ""learning_rate_init"": 0.00020814821980865537, ""mlp_weight"": 0.5231551510883301, ""n_layers"": 2, ""units_layer_1"": 4, ""units_layer_2"": 2, ""xgb_colsample_bytree"": 0.8557752430838257, ""xgb_learning_rate"": 0.02085759888517276, ""xgb_max_depth"": 2, ""xgb_min_child_weight"": 1.6156697491892507, ""xgb_n_estimators"": 180, ""xgb_reg_alpha"": 0.034849390560479365, ""xgb_reg_lambda"": 5.349684421561467, ""xgb_subsample"": 0.8017024619077772}"
Hybride 2 branches MLP + XGBoost Optuna,Cl2_pct,22,0.41356789963608326,COMPLETE,"{""activation"": ""tanh"", ""alpha"": 1.3512622149653119e-05, ""batch_size"": 16, ""learning_rate_init"": 0.0009259646841687203, ""mlp_weight"": 0.7275042788775503, ""n_layers"": 1, ""units_layer_1"": 2, ""xgb_colsample_bytree"": 0.8028791796160965, ""xgb_learning_rate"": 0.035624476169262176, ""xgb_max_depth"": 3, ""xgb_min_child_weight"": 5.323539451862917, ""xgb_n_estimators"": 120, ""xgb_reg_alpha"": 0.20499512114251534, ""xgb_reg_lambda"": 1.9002517818827651, ""xgb_subsample"": 0.788646835244901}"
Hybride 2 branches MLP + XGBoost Optuna,Cl2_pct,23,0.4127392860713594,COMPLETE,"{""activation"": ""tanh"", ""alpha"": 0.004622088225615881, ""batch_size"": 16, ""learning_rate_init"": 0.0014159910465803174, ""mlp_weight"": 0.5976652060505822, ""n_layers"": 1, ""units_layer_1"": 2, ""xgb_colsample_bytree"": 0.7743380067330025, ""xgb_learning_rate"": 0.045105518642718986, ""xgb_max_depth"": 3, ""xgb_min_child_weight"": 4.3034265919651835, ""xgb_n_estimators"": 120, ""xgb_reg_alpha"": 0.2260632376540038, ""xgb_reg_lambda"": 5.73490694616147, ""xgb_subsample"": 0.7663926273689897}"
Hybride 2 branches MLP + XGBoost Optuna,Cl2_pct,24,0.41069046157747174,COMPLETE,"{""activation"": ""tanh"", ""alpha"": 0.004197444963098523, ""batch_size"": 16, ""learning_rate_init"": 0.0014855076543899806, ""mlp_weight"": 0.6099227885625641, ""n_layers"": 1, ""units_layer_1"": 2, ""xgb_colsample_bytree"": 0.7679491292588694, ""xgb_learning_rate"": 0.04559327340464741, ""xgb_max_depth"": 2, ""xgb_min_child_weight"": 4.256647607125187, ""xgb_n_estimators"": 120, ""xgb_reg_alpha"": 0.1448329215404552, ""xgb_reg_lambda"": 5.9940838357575466, ""xgb_subsample"": 0.7604529984373013}"
Hybride 2 branches MLP + XGBoost Optuna,Cl2_pct,25,0.4122521296492708,COMPLETE,"{""activation"": ""tanh"", ""alpha"": 0.0012800165639391826, ""batch_size"": 32, ""learning_rate_init"": 0.0027910365433797563, ""mlp_weight"": 0.6146915915921204, ""n_layers"": 1, ""units_layer_1"": 2, ""xgb_colsample_bytree"": 0.7305433857192165, ""xgb_learning_rate"": 0.04629437684079273, ""xgb_max_depth"": 2, ""xgb_min_child_weight"": 2.499840070548207, ""xgb_n_estimators"": 120, ""xgb_reg_alpha"": 0.004553480379140611, ""xgb_reg_lambda"": 2.9568471820697306, ""xgb_subsample"": 0.7410432068748137}"
Hybride 2 branches MLP + XGBoost Optuna,Cl2_pct,26,0.41372977284727164,COMPLETE,"{""activation"": ""tanh"", ""alpha"": 0.0008203586977019824, ""batch_size"": 16, ""learning_rate_init"": 0.0032538803457335414, ""mlp_weight"": 0.6144422127427407, ""n_layers"": 1, ""units_layer_1"": 2, ""xgb_colsample_bytree"": 0.7237918838819883, ""xgb_learning_rate"": 0.0694888682879098, ""xgb_max_depth"": 2, ""xgb_min_child_weight"": 2.618696215086672, ""xgb_n_estimators"": 120, ""xgb_reg_alpha"": 0.026358959719462907, ""xgb_reg_lambda"": 2.6674930415963223, ""xgb_subsample"": 0.7352139439416681}"
Hybride 2 branches MLP + XGBoost Optuna,Cl2_pct,27,0.41149305904194156,COMPLETE,"{""activation"": ""relu"", ""alpha"": 0.00021491212606338019, ""batch_size"": 32, ""learning_rate_init"": 0.002498257345872994, ""mlp_weight"": 0.7054399155344943, ""n_layers"": 1, ""units_layer_1"": 2, ""xgb_colsample_bytree"": 0.7367621460568878, ""xgb_learning_rate"": 0.048883725804930174, ""xgb_max_depth"": 2, ""xgb_min_child_weight"": 2.4220844904006524, ""xgb_n_estimators"": 120, ""xgb_reg_alpha"": 0.005124258595729974, ""xgb_reg_lambda"": 4.154263603027628, ""xgb_subsample"": 0.7308318421876437}"
Hybride 2 branches MLP + XGBoost Optuna,Cl2_pct,28,0.41193151626170577,COMPLETE,"{""activation"": ""relu"", ""alpha"": 0.00016481048691054258, ""batch_size"": 64, ""learning_rate_init"": 0.0007622782775678764, ""mlp_weight"": 0.6927688210668537, ""n_layers"": 1, ""units_layer_1"": 2, ""xgb_colsample_bytree"": 0.7020458464692719, ""xgb_learning_rate"": 0.07908046261184573, ""xgb_max_depth"": 2, ""xgb_min_child_weight"": 1.6532282666940372, ""xgb_n_estimators"": 120, ""xgb_reg_alpha"": 0.0925743991066472, ""xgb_reg_lambda"": 5.727155663814511, ""xgb_subsample"": 0.7052116459104676}"
Hybride 2 branches MLP + XGBoost Optuna,Cl2_pct,29,0.4107392066115006,COMPLETE,"{""activation"": ""relu"", ""alpha"": 0.00025373328082013875, ""batch_size"": 32, ""learning_rate_init"": 0.0014637528828032884, ""mlp_weight"": 0.7123105125481805, ""n_layers"": 1, ""units_layer_1"": 4, ""xgb_colsample_bytree"": 0.8219432495159653, ""xgb_learning_rate"": 0.05380904331663937, ""xgb_max_depth"": 2, ""xgb_min_child_weight"": 1.0744190251145813, ""xgb_n_estimators"": 80, ""xgb_reg_alpha"": 0.022569576555725092, ""xgb_reg_lambda"": 4.068815754504184, ""xgb_subsample"": 0.8122791034846985}"
Hybride 2 branches MLP + XGBoost Optuna,Cl2_pct,30,0.4112479932054175,COMPLETE,"{""activation"": ""relu"", ""alpha"": 0.08480317156236448, ""batch_size"": 16, ""learning_rate_init"": 0.0014711554196304953, ""mlp_weight"": 0.5289455099151738, ""n_layers"": 1, ""units_layer_1"": 4, ""xgb_colsample_bytree"": 0.9482264065236705, ""xgb_learning_rate"": 0.06907265197296665, ""xgb_max_depth"": 2, ""xgb_min_child_weight"": 1.0068479191620905, ""xgb_n_estimators"": 80, ""xgb_reg_alpha"": 0.02353812821773896, ""xgb_reg_lambda"": 7.129695543147269, ""xgb_subsample"": 0.8503662894515999}"
Hybride 2 branches MLP + XGBoost Optuna,Cl2_pct,31,0.4108615038532594,COMPLETE,"{""activation"": ""relu"", ""alpha"": 6.964285821698498e-05, ""batch_size"": 64, ""learning_rate_init"": 0.0007049020305389009, ""mlp_weight"": 0.7269476033090583, ""n_layers"": 1, ""units_layer_1"": 4, ""xgb_colsample_bytree"": 0.8247035346896923, ""xgb_learning_rate"": 0.038079456192961256, ""xgb_max_depth"": 2, ""xgb_min_child_weight"": 1.7971174170123003, ""xgb_n_estimators"": 80, ""xgb_reg_alpha"": 0.1351383943254642, ""xgb_reg_lambda"": 2.2768633441906267, ""xgb_subsample"": 0.8176370918474843}"
Hybride 2 branches MLP + XGBoost Optuna,Cl2_pct,32,0.4111631953466768,COMPLETE,"{""activation"": ""relu"", ""alpha"": 6.54163655641511e-05, ""batch_size"": 64, ""learning_rate_init"": 0.0005158719308685602, ""mlp_weight"": 0.74467142082287, ""n_layers"": 1, ""units_layer_1"": 4, ""xgb_colsample_bytree"": 0.8194826719625903, ""xgb_learning_rate"": 0.04120445533419123, ""xgb_max_depth"": 2, ""xgb_min_child_weight"": 1.3625681504030194, ""xgb_n_estimators"": 80, ""xgb_reg_alpha"": 0.18171658044959577, ""xgb_reg_lambda"": 2.2434125400899276, ""xgb_subsample"": 0.819839554099805}"
Hybride 2 branches MLP + XGBoost Optuna,Cl2_pct,33,0.4137094324791274,COMPLETE,"{""activation"": ""relu"", ""alpha"": 6.849240190801641e-05, ""batch_size"": 64, ""learning_rate_init"": 0.0006846414454302859, ""mlp_weight"": 0.6524023562541561, ""n_layers"": 1, ""units_layer_1"": 4, ""xgb_colsample_bytree"": 0.8301621403002608, ""xgb_learning_rate"": 0.024587725244631323, ""xgb_max_depth"": 2, ""xgb_min_child_weight"": 1.736275127243773, ""xgb_n_estimators"": 80, ""xgb_reg_alpha"": 0.012729956449091072, ""xgb_reg_lambda"": 4.037427740714906, ""xgb_subsample"": 0.8082080852482577}"
Hybride 2 branches MLP + XGBoost Optuna,Cl2_pct,34,0.41095662410919054,COMPLETE,"{""activation"": ""relu"", ""alpha"": 3.054812998835601e-05, ""batch_size"": 64, ""learning_rate_init"": 0.0015008534155170768, ""mlp_weight"": 0.7140851033179596, ""n_layers"": 1, ""units_layer_1"": 4, ""xgb_colsample_bytree"": 0.8672650535112008, ""xgb_learning_rate"": 0.0366035707286923, ""xgb_max_depth"": 2, ""xgb_min_child_weight"": 1.8939891339938963, ""xgb_n_estimators"": 80, ""xgb_reg_alpha"": 0.12940849614235653, ""xgb_reg_lambda"": 4.418915826613262, ""xgb_subsample"": 0.8224340133402308}"
Hybride 2 branches MLP + XGBoost Optuna,Cl2_pct,35,0.41028085973012124,COMPLETE,"{""activation"": ""relu"", ""alpha"": 9.610663201724764e-05, ""batch_size"": 64, ""learning_rate_init"": 0.000846671975926687, ""mlp_weight"": 0.6323144025765342, ""n_layers"": 1, ""units_layer_1"": 4, ""xgb_colsample_bytree"": 0.7851271014815089, ""xgb_learning_rate"": 0.055194771930334015, ""xgb_max_depth"": 2, ""xgb_min_child_weight"": 1.3558385779030524, ""xgb_n_estimators"": 80, ""xgb_reg_alpha"": 0.03792746624857275, ""xgb_reg_lambda"": 2.5270492659134605, ""xgb_subsample"": 0.8683049194433065}"
Hybride 2 branches MLP + XGBoost Optuna,Cl2_pct,36,0.41080591075012435,COMPLETE,"{""activation"": ""relu"", ""alpha"": 3.3127642355966524e-05, ""batch_size"": 64, ""learning_rate_init"": 0.00042295939051871815, ""mlp_weight"": 0.6354575678964052, ""n_layers"": 1, ""units_layer_1"": 4, ""xgb_colsample_bytree"": 0.7832016129843835, ""xgb_learning_rate"": 0.052352536530835804, ""xgb_max_depth"": 2, ""xgb_min_child_weight"": 1.302457214543367, ""xgb_n_estimators"": 80, ""xgb_reg_alpha"": 0.03675538546225318, ""xgb_reg_lambda"": 1.291282491763688, ""xgb_subsample"": 0.8607613016561767}"
Hybride 2 branches MLP + XGBoost Optuna,Cl2_pct,37,0.410779507728453,COMPLETE,"{""activation"": ""relu"", ""alpha"": 2.499064008759019e-05, ""batch_size"": 64, ""learning_rate_init"": 0.0003952960983591525, ""mlp_weight"": 0.6335462751913207, ""n_layers"": 1, ""units_layer_1"": 4, ""xgb_colsample_bytree"": 0.7792307607677188, ""xgb_learning_rate"": 0.05448830140260234, ""xgb_max_depth"": 2, ""xgb_min_child_weight"": 1.3032833291574482, ""xgb_n_estimators"": 80, ""xgb_reg_alpha"": 1.0242738948826055e-05, ""xgb_reg_lambda"": 0.7811853236661955, ""xgb_subsample"": 0.8709469585759296}"
Hybride 2 branches MLP + XGBoost Optuna,Cl2_pct,38,0.41196903407964686,COMPLETE,"{""activation"": ""relu"", ""alpha"": 0.00010251025008587834, ""batch_size"": 64, ""learning_rate_init"": 0.0002604891309587084, ""mlp_weight"": 0.6763997291005291, ""n_layers"": 1, ""units_layer_1"": 4, ""xgb_colsample_bytree"": 0.7977856390487854, ""xgb_learning_rate"": 0.05720227146340208, ""xgb_max_depth"": 2, ""xgb_min_child_weight"": 5.975229574918257, ""xgb_n_estimators"": 80, ""xgb_reg_alpha"": 1.725618250192826e-05, ""xgb_reg_lambda"": 0.27445779064670256, ""xgb_subsample"": 0.9006568406940707}"
Hybride 2 branches MLP + XGBoost Optuna,Cl2_pct,39,0.4110459175819564,COMPLETE,"{""activation"": ""relu"", ""alpha"": 2.253701092148819e-05, ""batch_size"": 64, ""learning_rate_init"": 0.0012036685431214848, ""mlp_weight"": 0.5894942930902313, ""n_layers"": 1, ""units_layer_1"": 4, ""xgb_colsample_bytree"": 0.7755535318209738, ""xgb_learning_rate"": 0.06489398565818291, ""xgb_max_depth"": 2, ""xgb_min_child_weight"": 1.3260907780189972, ""xgb_n_estimators"": 80, ""xgb_reg_alpha"": 5.055407291653016e-05, ""xgb_reg_lambda"": 0.6355952657747358, ""xgb_subsample"": 0.8716192610176259}"
Hybride 2 branches MLP + XGBoost Optuna,Cl2_pct,40,0.41223307521623964,COMPLETE,"{""activation"": ""relu"", ""alpha"": 0.000258859733492075, ""batch_size"": 16, ""learning_rate_init"": 0.0008807577140512987, ""mlp_weight"": 0.6345352423323263, ""n_layers"": 1, ""units_layer_1"": 4, ""xgb_colsample_bytree"": 0.7647158854932082, ""xgb_learning_rate"": 0.07729398797088505, ""xgb_max_depth"": 2, ""xgb_min_child_weight"": 1.0407994230505448, ""xgb_n_estimators"": 80, ""xgb_reg_alpha"": 0.4131230921127026, ""xgb_reg_lambda"": 0.8971308472046243, ""xgb_subsample"": 0.9070138687992899}"
Hybride 2 branches MLP + XGBoost Optuna,Cl2_pct,41,0.4120562777100235,COMPLETE,"{""activation"": ""relu"", ""alpha"": 4.641926155189713e-05, ""batch_size"": 64, ""learning_rate_init"": 0.0004155782098298078, ""mlp_weight"": 0.7563452733200366, ""n_layers"": 1, ""units_layer_1"": 4, ""xgb_colsample_bytree"": 0.9157795439139234, ""xgb_learning_rate"": 0.0923330348106104, ""xgb_max_depth"": 2, ""xgb_min_child_weight"": 1.4122831874646171, ""xgb_n_estimators"": 80, ""xgb_reg_alpha"": 4.570207760743161e-05, ""xgb_reg_lambda"": 0.43968934784536073, ""xgb_subsample"": 0.9228237028814518}"
Hybride 2 branches MLP + XGBoost Optuna,Cl2_pct,42,0.411273570411664,COMPLETE,"{""activation"": ""relu"", ""alpha"": 2.3650594202900776e-05, ""batch_size"": 64, ""learning_rate_init"": 0.00035749015353336194, ""mlp_weight"": 0.6393412679872219, ""n_layers"": 1, ""units_layer_1"": 4, ""xgb_colsample_bytree"": 0.78359664354966, ""xgb_learning_rate"": 0.05259066090672985, ""xgb_max_depth"": 2, ""xgb_min_child_weight"": 1.2606642968919124, ""xgb_n_estimators"": 80, ""xgb_reg_alpha"": 0.03977697131526724, ""xgb_reg_lambda"": 1.3945739410350573, ""xgb_subsample"": 0.8672073487864266}"
Hybride 2 branches MLP + XGBoost Optuna,Cl2_pct,43,0.41115299808407313,COMPLETE,"{""activation"": ""relu"", ""alpha"": 4.098301190406836e-05, ""batch_size"": 64, ""learning_rate_init"": 0.0005687728504699981, ""mlp_weight"": 0.6191274992439972, ""n_layers"": 1, ""units_layer_1"": 4, ""xgb_colsample_bytree"": 0.8045888050015766, ""xgb_learning_rate"": 0.05144998064179899, ""xgb_max_depth"": 2, ""xgb_min_child_weight"": 2.0115376862109917, ""xgb_n_estimators"": 80, ""xgb_reg_alpha"": 0.01936365793178855, ""xgb_reg_lambda"": 0.902230925747775, ""xgb_subsample"": 0.8340546951698607}"
Hybride 2 branches MLP + XGBoost Optuna,Cl2_pct,44,0.4143949038291656,COMPLETE,"{""activation"": ""relu"", ""alpha"": 2.1610608390889288e-05, ""batch_size"": 64, ""learning_rate_init"": 0.0002010227270549273, ""mlp_weight"": 0.6794886132276023, ""n_layers"": 1, ""units_layer_1"": 4, ""xgb_colsample_bytree"": 0.7896162942929118, ""xgb_learning_rate"": 0.055713488065348024, ""xgb_max_depth"": 2, ""xgb_min_child_weight"": 1.4642634661983567, ""xgb_n_estimators"": 80, ""xgb_reg_alpha"": 0.053136137418192335, ""xgb_reg_lambda"": 1.125555069235375, ""xgb_subsample"": 0.864629249337653}"
Hybride 2 branches MLP + XGBoost Optuna,Cl2_pct,45,0.4104913758100849,COMPLETE,"{""activation"": ""relu"", ""alpha"": 0.03985527412369413, ""batch_size"": 64, ""learning_rate_init"": 0.000403515096120383, ""mlp_weight"": 0.5700992056955527, ""n_layers"": 1, ""units_layer_1"": 4, ""xgb_colsample_bytree"": 0.8122526255812209, ""xgb_learning_rate"": 0.06186507212314902, ""xgb_max_depth"": 2, ""xgb_min_child_weight"": 2.276294986620273, ""xgb_n_estimators"": 80, ""xgb_reg_alpha"": 0.9004096915962067, ""xgb_reg_lambda"": 7.195989267796404, ""xgb_subsample"": 0.8908041285562671}"
Hybride 2 branches MLP + XGBoost Optuna,Cl2_pct,46,0.41072133439529335,COMPLETE,"{""activation"": ""relu"", ""alpha"": 0.01605036537509121, ""batch_size"": 64, ""learning_rate_init"": 0.0003294853636170223, ""mlp_weight"": 0.5811293203054052, ""n_layers"": 1, ""units_layer_1"": 4, ""xgb_colsample_bytree"": 0.8393811409783222, ""xgb_learning_rate"": 0.060289517743316354, ""xgb_max_depth"": 2, ""xgb_min_child_weight"": 2.2205311049652323, ""xgb_n_estimators"": 80, ""xgb_reg_alpha"": 0.8450874209777167, ""xgb_reg_lambda"": 6.700925173362417, ""xgb_subsample"": 0.8958841815001228}"
Hybride 2 branches MLP + XGBoost Optuna,Cl2_pct,47,0.4104453077827486,COMPLETE,"{""activation"": ""relu"", ""alpha"": 0.04205815831862813, ""batch_size"": 16, ""learning_rate_init"": 0.00021116635985576416, ""mlp_weight"": 0.5313408601095025, ""n_layers"": 1, ""units_layer_1"": 4, ""xgb_colsample_bytree"": 0.876939561745827, ""xgb_learning_rate"": 0.06256173583994698, ""xgb_max_depth"": 2, ""xgb_min_child_weight"": 2.331138412697701, ""xgb_n_estimators"": 80, ""xgb_reg_alpha"": 0.8613779973341592, ""xgb_reg_lambda"": 7.307134462598512, ""xgb_subsample"": 0.8990290162629533}"
Hybride 2 branches MLP + XGBoost Optuna,Cl2_pct,48,0.4137335001600656,COMPLETE,"{""activation"": ""relu"", ""alpha"": 0.04603120658081787, ""batch_size"": 16, ""learning_rate_init"": 0.0001817264973185251, ""mlp_weight"": 0.5266489426384379, ""n_layers"": 2, ""units_layer_1"": 4, ""units_layer_2"": 2, ""xgb_colsample_bytree"": 0.859535174692782, ""xgb_learning_rate"": 0.06256301553348004, ""xgb_max_depth"": 3, ""xgb_min_child_weight"": 3.037502914365667, ""xgb_n_estimators"": 80, ""xgb_reg_alpha"": 0.9262021383240092, ""xgb_reg_lambda"": 7.359872314002126, ""xgb_subsample"": 0.9502485274444155}"
Hybride 2 branches MLP + XGBoost Optuna,Cl2_pct,49,0.4114745454413485,COMPLETE,"{""activation"": ""relu"", ""alpha"": 0.013702252180820865, ""batch_size"": 16, ""learning_rate_init"": 0.00028926291132268657, ""mlp_weight"": 0.561603017317441, ""n_layers"": 1, ""units_layer_1"": 4, ""xgb_colsample_bytree"": 0.8790810036761528, ""xgb_learning_rate"": 0.08831832052799052, ""xgb_max_depth"": 2, ""xgb_min_child_weight"": 2.302415929068888, ""xgb_n_estimators"": 80, ""xgb_reg_alpha"": 0.4666074509682308, ""xgb_reg_lambda"": 7.289614930885806, ""xgb_subsample"": 0.9010848568717049}"
Hybride 2 branches MLP + XGBoost Optuna,Cl2_pct,50,0.41210001743112645,COMPLETE,"{""activation"": ""relu"", ""alpha"": 0.05454744751442438, ""batch_size"": 16, ""learning_rate_init"": 0.00015835422045859846, ""mlp_weight"": 0.4391559571195037, ""n_layers"": 1, ""units_layer_1"": 4, ""xgb_colsample_bytree"": 0.8405441462941731, ""xgb_learning_rate"": 0.06823920591224344, ""xgb_max_depth"": 2, ""xgb_min_child_weight"": 3.381920356062513, ""xgb_n_estimators"": 80, ""xgb_reg_alpha"": 0.8177247330166163, ""xgb_reg_lambda"": 7.85043725557461, ""xgb_subsample"": 0.9771661750753349}"
Hybride 2 branches MLP + XGBoost Optuna,HF_pct,1,0.5579213433360716,COMPLETE,"{""activation"": ""relu"", ""alpha"": 8.806022812956252e-05, ""batch_size"": 64, ""learning_rate_init"": 0.0035897861644081774, ""mlp_weight"": 0.31419154711859026, ""n_layers"": 1, ""units_layer_1"": 4, ""xgb_colsample_bytree"": 0.8986133146999882, ""xgb_learning_rate"": 0.07871005441482512, ""xgb_max_depth"": 2, ""xgb_min_child_weight"": 3.8607255796910485, ""xgb_n_estimators"": 80, ""xgb_reg_alpha"": 0.0011367757480859242, ""xgb_reg_lambda"": 4.2708595672731295, ""xgb_subsample"": 0.7547865584773816}"
Hybride 2 branches MLP + XGBoost Optuna,HF_pct,2,0.5594762121915415,COMPLETE,"{""activation"": ""relu"", ""alpha"": 4.837498590192664e-05, ""batch_size"": 32, ""learning_rate_init"": 0.004712954131628839, ""mlp_weight"": 0.45887199809702134, ""n_layers"": 2, ""units_layer_1"": 2, ""units_layer_2"": 2, ""xgb_colsample_bytree"": 0.9282113824593297, ""xgb_learning_rate"": 0.06735379119455423, ""xgb_max_depth"": 2, ""xgb_min_child_weight"": 5.386617525291524, ""xgb_n_estimators"": 80, ""xgb_reg_alpha"": 0.004126825121442833, ""xgb_reg_lambda"": 5.758723606715345, ""xgb_subsample"": 0.7931070035990748}"
Hybride 2 branches MLP + XGBoost Optuna,HF_pct,3,0.5619949549699573,COMPLETE,"{""activation"": ""relu"", ""alpha"": 0.0006397374697851187, ""batch_size"": 32, ""learning_rate_init"": 0.0013887055778384763, ""mlp_weight"": 0.45876911774476725, ""n_layers"": 1, ""units_layer_1"": 2, ""xgb_colsample_bytree"": 0.8910006669343848, ""xgb_learning_rate"": 0.03546010822265981, ""xgb_max_depth"": 4, ""xgb_min_child_weight"": 2.5275359523031944, ""xgb_n_estimators"": 120, ""xgb_reg_alpha"": 0.005346618092048073, ""xgb_reg_lambda"": 0.4686887510413549, ""xgb_subsample"": 0.9685922777985219}"
Hybride 2 branches MLP + XGBoost Optuna,HF_pct,4,0.5587560973739103,COMPLETE,"{""activation"": ""tanh"", ""alpha"": 0.0001903307469559902, ""batch_size"": 32, ""learning_rate_init"": 0.0016938143922810682, ""mlp_weight"": 0.34597650669235, ""n_layers"": 1, ""units_layer_1"": 4, ""xgb_colsample_bytree"": 0.8024279501489918, ""xgb_learning_rate"": 0.0605391583007404, ""xgb_max_depth"": 2, ""xgb_min_child_weight"": 1.858029463628644, ""xgb_n_estimators"": 120, ""xgb_reg_alpha"": 5.204028364781986e-05, ""xgb_reg_lambda"": 0.3662482956789607, ""xgb_subsample"": 0.9099102603335197}"
Hybride 2 branches MLP + XGBoost Optuna,HF_pct,5,0.55629068463981,COMPLETE,"{""activation"": ""tanh"", ""alpha"": 4.9983194914178824e-05, ""batch_size"": 16, ""learning_rate_init"": 0.0007043990414877161, ""mlp_weight"": 0.3378808715512708, ""n_layers"": 1, ""units_layer_1"": 4, ""xgb_colsample_bytree"": 0.9128490895581967, ""xgb_learning_rate"": 0.03356200306591279, ""xgb_max_depth"": 2, ""xgb_min_child_weight"": 4.672473342708909, ""xgb_n_estimators"": 120, ""xgb_reg_alpha"": 0.0037176032192087825, ""xgb_reg_lambda"": 1.0097223340903743, ""xgb_subsample"": 0.7025696039999205}"
Hybride 2 branches MLP + XGBoost Optuna,HF_pct,6,0.5647631085511936,COMPLETE,"{""activation"": ""tanh"", ""alpha"": 0.01844160863843646, ""batch_size"": 16, ""learning_rate_init"": 0.0009707470156510002, ""mlp_weight"": 0.40371142951020633, ""n_layers"": 1, ""units_layer_1"": 4, ""xgb_colsample_bytree"": 0.9710548153597316, ""xgb_learning_rate"": 0.07149440626454953, ""xgb_max_depth"": 4, ""xgb_min_child_weight"": 4.688337376727121, ""xgb_n_estimators"": 80, ""xgb_reg_alpha"": 0.16040554039146784, ""xgb_reg_lambda"": 2.1912986379695267, ""xgb_subsample"": 0.8500560804915682}"
Hybride 2 branches MLP + XGBoost Optuna,HF_pct,7,0.5806509053893524,COMPLETE,"{""activation"": ""relu"", ""alpha"": 0.0030797229678115024, ""batch_size"": 64, ""learning_rate_init"": 0.004271299482051442, ""mlp_weight"": 0.29208900843089886, ""n_layers"": 2, ""units_layer_1"": 2, ""units_layer_2"": 2, ""xgb_colsample_bytree"": 0.985866247729528, ""xgb_learning_rate"": 0.020164195812066247, ""xgb_max_depth"": 3, ""xgb_min_child_weight"": 1.9416236556663788, ""xgb_n_estimators"": 80, ""xgb_reg_alpha"": 0.00937918317610096, ""xgb_reg_lambda"": 7.761173269287818, ""xgb_subsample"": 0.8403693986346387}"
Hybride 2 branches MLP + XGBoost Optuna,HF_pct,8,0.5591906913005561,COMPLETE,"{""activation"": ""relu"", ""alpha"": 4.137067601029164e-05, ""batch_size"": 16, ""learning_rate_init"": 0.0009268830654421291, ""mlp_weight"": 0.6339481129467439, ""n_layers"": 1, ""units_layer_1"": 2, ""xgb_colsample_bytree"": 0.7063217488353386, ""xgb_learning_rate"": 0.027800851173098197, ""xgb_max_depth"": 4, ""xgb_min_child_weight"": 4.370565294964679, ""xgb_n_estimators"": 120, ""xgb_reg_alpha"": 0.0005886747658022855, ""xgb_reg_lambda"": 3.3005448672784587, ""xgb_subsample"": 0.9370722739424867}"
Hybride 2 branches MLP + XGBoost Optuna,HF_pct,9,0.5619498008380622,COMPLETE,"{""activation"": ""relu"", ""alpha"": 2.3384656428908336e-05, ""batch_size"": 16, ""learning_rate_init"": 0.00019638596411905267, ""mlp_weight"": 0.5859605673327546, ""n_layers"": 2, ""units_layer_1"": 4, ""units_layer_2"": 2, ""xgb_colsample_bytree"": 0.7924872370001111, ""xgb_learning_rate"": 0.06661663305380111, ""xgb_max_depth"": 2, ""xgb_min_child_weight"": 4.230046304907969, ""xgb_n_estimators"": 180, ""xgb_reg_alpha"": 1.3115032301741076e-05, ""xgb_reg_lambda"": 2.575655346176487, ""xgb_subsample"": 0.7092096880644514}"
Hybride 2 branches MLP + XGBoost Optuna,HF_pct,10,0.5691669327527843,COMPLETE,"{""activation"": ""relu"", ""alpha"": 0.006247596279442195, ""batch_size"": 64, ""learning_rate_init"": 0.003681257256918444, ""mlp_weight"": 0.28326203970955477, ""n_layers"": 2, ""units_layer_1"": 4, ""units_layer_2"": 2, ""xgb_colsample_bytree"": 0.766861034380868, ""xgb_learning_rate"": 0.09564485072136523, ""xgb_max_depth"": 3, ""xgb_min_child_weight"": 2.8604435581713497, ""xgb_n_estimators"": 80, ""xgb_reg_alpha"": 0.00022932097279141, ""xgb_reg_lambda"": 0.19079604063207584, ""xgb_subsample"": 0.8770372693007551}"
Hybride 2 branches MLP + XGBoost Optuna,HF_pct,11,0.5617863681681017,COMPLETE,"{""activation"": ""tanh"", ""alpha"": 0.06273755804326431, ""batch_size"": 16, ""learning_rate_init"": 0.0001104722547330038, ""mlp_weight"": 0.7844322620680513, ""n_layers"": 2, ""units_layer_1"": 4, ""units_layer_2"": 2, ""xgb_colsample_bytree"": 0.8502777651357344, ""xgb_learning_rate"": 0.0443396951487357, ""xgb_max_depth"": 3, ""xgb_min_child_weight"": 1.0682385647205077, ""xgb_n_estimators"": 180, ""xgb_reg_alpha"": 0.7243719914760955, ""xgb_reg_lambda"": 0.8688665860891214, ""xgb_subsample"": 0.9881313386630441}"
Hybride 2 branches MLP + XGBoost Optuna,HF_pct,12,0.5699551393136238,COMPLETE,"{""activation"": ""tanh"", ""alpha"": 0.000261847128559345, ""batch_size"": 64, ""learning_rate_init"": 0.0003903929770709044, ""mlp_weight"": 0.20738441620907647, ""n_layers"": 1, ""units_layer_1"": 4, ""xgb_colsample_bytree"": 0.8971730387047353, ""xgb_learning_rate"": 0.11064256582976094, ""xgb_max_depth"": 2, ""xgb_min_child_weight"": 3.557268217942985, ""xgb_n_estimators"": 120, ""xgb_reg_alpha"": 0.0009533924386863431, ""xgb_reg_lambda"": 1.4802998412537138, ""xgb_subsample"": 0.7060899150927061}"
Hybride 2 branches MLP + XGBoost Optuna,HF_pct,13,0.5585448464607387,COMPLETE,"{""activation"": ""tanh"", ""alpha"": 1.1465077443158206e-05, ""batch_size"": 64, ""learning_rate_init"": 0.00048138738521630737, ""mlp_weight"": 0.24035902776024315, ""n_layers"": 1, ""units_layer_1"": 4, ""xgb_colsample_bytree"": 0.9323343120585136, ""xgb_learning_rate"": 0.04427759147769798, ""xgb_max_depth"": 2, ""xgb_min_child_weight"": 5.992302835241977, ""xgb_n_estimators"": 80, ""xgb_reg_alpha"": 0.03085833241085773, ""xgb_reg_lambda"": 0.9491624127502433, ""xgb_subsample"": 0.7580721706784305}"
Hybride 2 branches MLP + XGBoost Optuna,HF_pct,14,0.561784249987042,COMPLETE,"{""activation"": ""tanh"", ""alpha"": 0.0001048554236489903, ""batch_size"": 16, ""learning_rate_init"": 0.0023173435348275936, ""mlp_weight"": 0.36902969607315184, ""n_layers"": 1, ""units_layer_1"": 4, ""xgb_colsample_bytree"": 0.8532056370762289, ""xgb_learning_rate"": 0.02062515824769511, ""xgb_max_depth"": 3, ""xgb_min_child_weight"": 3.5746277933191077, ""xgb_n_estimators"": 120, ""xgb_reg_alpha"": 0.03950686935127745, ""xgb_reg_lambda"": 0.11664340557420382, ""xgb_subsample"": 0.7564679262389638}"
Hybride 2 branches MLP + XGBoost Optuna,HF_pct,15,0.5560292720616514,COMPLETE,"{""activation"": ""relu"", ""alpha"": 0.0015818568688038706, ""batch_size"": 64, ""learning_rate_init"": 0.0005868806407668728, ""mlp_weight"": 0.5313922499372191, ""n_layers"": 1, ""units_layer_1"": 4, ""xgb_colsample_bytree"": 0.8579377049592517, ""xgb_learning_rate"": 0.030377192142875674, ""xgb_max_depth"": 2, ""xgb_min_child_weight"": 5.112056792547874, ""xgb_n_estimators"": 180, ""xgb_reg_alpha"": 0.0013264107806445211, ""xgb_reg_lambda"": 4.797963176613211, ""xgb_subsample"": 0.7588264044898771}"
Hybride 2 branches MLP + XGBoost Optuna,HF_pct,16,0.5593006814489867,COMPLETE,"{""activation"": ""tanh"", ""alpha"": 0.001137281345505135, ""batch_size"": 64, ""learning_rate_init"": 0.0004464145544251893, ""mlp_weight"": 0.5484705822601158, ""n_layers"": 1, ""units_layer_1"": 4, ""xgb_colsample_bytree"": 0.8454362904920041, ""xgb_learning_rate"": 0.0290147457546141, ""xgb_max_depth"": 2, ""xgb_min_child_weight"": 4.960251986278057, ""xgb_n_estimators"": 180, ""xgb_reg_alpha"": 0.00016760445859562037, ""xgb_reg_lambda"": 9.596113971068288, ""xgb_subsample"": 0.796837745181993}"
Hybride 2 branches MLP + XGBoost Optuna,HF_pct,17,0.5532063392589761,COMPLETE,"{""activation"": ""relu"", ""alpha"": 0.0008899705457566272, ""batch_size"": 16, ""learning_rate_init"": 0.0007249106323874017, ""mlp_weight"": 0.6856412357068251, ""n_layers"": 1, ""units_layer_1"": 4, ""xgb_colsample_bytree"": 0.9328677045513233, ""xgb_learning_rate"": 0.02828147654705053, ""xgb_max_depth"": 3, ""xgb_min_child_weight"": 5.451469617623052, ""xgb_n_estimators"": 180, ""xgb_reg_alpha"": 0.002351112901320569, ""xgb_reg_lambda"": 1.309990137649252, ""xgb_subsample"": 0.7276799899139581}"
Hybride 2 branches MLP + XGBoost Optuna,HF_pct,18,0.5505375094282143,COMPLETE,"{""activation"": ""relu"", ""alpha"": 0.0017656182798189697, ""batch_size"": 16, ""learning_rate_init"": 0.0002880721764853779, ""mlp_weight"": 0.7189233862578527, ""n_layers"": 1, ""units_layer_1"": 4, ""xgb_colsample_bytree"": 0.9569484900146319, ""xgb_learning_rate"": 0.02471698785611025, ""xgb_max_depth"": 3, ""xgb_min_child_weight"": 5.905835844937089, ""xgb_n_estimators"": 180, ""xgb_reg_alpha"": 0.02096000439869644, ""xgb_reg_lambda"": 1.6941385547655816, ""xgb_subsample"": 0.7882267182332956}"
Hybride 2 branches MLP + XGBoost Optuna,HF_pct,19,0.5572079387072117,COMPLETE,"{""activation"": ""relu"", ""alpha"": 0.009627974399595477, ""batch_size"": 16, ""learning_rate_init"": 0.0002582190274913354, ""mlp_weight"": 0.7339041480204287, ""n_layers"": 1, ""units_layer_1"": 2, ""xgb_colsample_bytree"": 0.9563416027791305, ""xgb_learning_rate"": 0.024369002358899983, ""xgb_max_depth"": 3, ""xgb_min_child_weight"": 5.8769921704830335, ""xgb_n_estimators"": 180, ""xgb_reg_alpha"": 0.031784330237927406, ""xgb_reg_lambda"": 1.689624160912013, ""xgb_subsample"": 0.8067444474503419}"
Hybride 2 branches MLP + XGBoost Optuna,HF_pct,20,0.5526898042775551,COMPLETE,"{""activation"": ""relu"", ""alpha"": 0.00047188302339753134, ""batch_size"": 16, ""learning_rate_init"": 0.00023447367595913203, ""mlp_weight"": 0.6851711299081431, ""n_layers"": 1, ""units_layer_1"": 4, ""xgb_colsample_bytree"": 0.953755052617603, ""xgb_learning_rate"": 0.04451833748828923, ""xgb_max_depth"": 3, ""xgb_min_child_weight"": 5.575068144245435, ""xgb_n_estimators"": 180, ""xgb_reg_alpha"": 0.2133888200962447, ""xgb_reg_lambda"": 0.4844211285025736, ""xgb_subsample"": 0.825064539379004}"
Hybride 2 branches MLP + XGBoost Optuna,HF_pct,21,0.5630837245784879,COMPLETE,"{""activation"": ""relu"", ""alpha"": 0.0004396680477466446, ""batch_size"": 16, ""learning_rate_init"": 0.00010680659665240468, ""mlp_weight"": 0.6828539397222495, ""n_layers"": 2, ""units_layer_1"": 4, ""units_layer_2"": 2, ""xgb_colsample_bytree"": 0.9965824034770508, ""xgb_learning_rate"": 0.04634494897674355, ""xgb_max_depth"": 3, ""xgb_min_child_weight"": 5.520847061663751, ""xgb_n_estimators"": 180, ""xgb_reg_alpha"": 0.5243138534730206, ""xgb_reg_lambda"": 0.5005373854707169, ""xgb_subsample"": 0.8376856279843352}"
Hybride 2 branches MLP + XGBoost Optuna,HF_pct,22,0.5518902183201517,COMPLETE,"{""activation"": ""relu"", ""alpha"": 0.001983887753687581, ""batch_size"": 16, ""learning_rate_init"": 0.0002581932902872225, ""mlp_weight"": 0.6946003540558748, ""n_layers"": 1, ""units_layer_1"": 4, ""xgb_colsample_bytree"": 0.9529559481342018, ""xgb_learning_rate"": 0.03766415078316016, ""xgb_max_depth"": 3, ""xgb_min_child_weight"": 5.518044996173052, ""xgb_n_estimators"": 180, ""xgb_reg_alpha"": 0.14654509691839035, ""xgb_reg_lambda"": 0.29364735736430647, ""xgb_subsample"": 0.7341790954508562}"
Hybride 2 branches MLP + XGBoost Optuna,HF_pct,23,0.5514481520226415,COMPLETE,"{""activation"": ""relu"", ""alpha"": 0.00414721730894734, ""batch_size"": 16, ""learning_rate_init"": 0.0002533769409021361, ""mlp_weight"": 0.7847332051527972, ""n_layers"": 1, ""units_layer_1"": 4, ""xgb_colsample_bytree"": 0.9555650764466094, ""xgb_learning_rate"": 0.05271034404435041, ""xgb_max_depth"": 3, ""xgb_min_child_weight"": 5.723381987114171, ""xgb_n_estimators"": 180, ""xgb_reg_alpha"": 0.1238376840429086, ""xgb_reg_lambda"": 0.23810381324190952, ""xgb_subsample"": 0.8055195673144444}"
Hybride 2 branches MLP + XGBoost Optuna,HF_pct,24,0.55082347721201,COMPLETE,"{""activation"": ""relu"", ""alpha"": 0.002305178636277428, ""batch_size"": 16, ""learning_rate_init"": 0.0001801938639430711, ""mlp_weight"": 0.7854727006422279, ""n_layers"": 1, ""units_layer_1"": 4, ""xgb_colsample_bytree"": 0.9591337842122937, ""xgb_learning_rate"": 0.05448357177303585, ""xgb_max_depth"": 3, ""xgb_min_child_weight"": 5.923108718789565, ""xgb_n_estimators"": 180, ""xgb_reg_alpha"": 0.10144810575461406, ""xgb_reg_lambda"": 0.2786830115110005, ""xgb_subsample"": 0.7796396351858966}"
Hybride 2 branches MLP + XGBoost Optuna,HF_pct,25,0.5519861638627942,COMPLETE,"{""activation"": ""relu"", ""alpha"": 0.0038668779847256017, ""batch_size"": 16, ""learning_rate_init"": 0.00016289712984809813, ""mlp_weight"": 0.7852920484021624, ""n_layers"": 1, ""units_layer_1"": 4, ""xgb_colsample_bytree"": 0.9757334774880345, ""xgb_learning_rate"": 0.051519527602220276, ""xgb_max_depth"": 4, ""xgb_min_child_weight"": 5.9831037020613165, ""xgb_n_estimators"": 180, ""xgb_reg_alpha"": 0.06383981864169914, ""xgb_reg_lambda"": 0.11788735142816908, ""xgb_subsample"": 0.7898431049822772}"
Hybride 2 branches MLP + XGBoost Optuna,HF_pct,26,0.5525089664789349,COMPLETE,"{""activation"": ""relu"", ""alpha"": 0.01228270274271024, ""batch_size"": 16, ""learning_rate_init"": 0.00033608728941185103, ""mlp_weight"": 0.7457060905523687, ""n_layers"": 1, ""units_layer_1"": 4, ""xgb_colsample_bytree"": 0.9565017078186724, ""xgb_learning_rate"": 0.055229775465207374, ""xgb_max_depth"": 3, ""xgb_min_child_weight"": 5.088610317253868, ""xgb_n_estimators"": 180, ""xgb_reg_alpha"": 0.020859799772529546, ""xgb_reg_lambda"": 0.21608708638611726, ""xgb_subsample"": 0.8677370402870165}"
Hybride 2 branches MLP + XGBoost Optuna,HF_pct,27,0.5618864960781818,COMPLETE,"{""activation"": ""relu"", ""alpha"": 0.02992450977409686, ""batch_size"": 32, ""learning_rate_init"": 0.00015226900582514545, ""mlp_weight"": 0.7931811345898201, ""n_layers"": 1, ""units_layer_1"": 2, ""xgb_colsample_bytree"": 0.9963423368694303, ""xgb_learning_rate"": 0.09439676230355924, ""xgb_max_depth"": 3, ""xgb_min_child_weight"": 5.729726216149819, ""xgb_n_estimators"": 180, ""xgb_reg_alpha"": 0.012448940314566993, ""xgb_reg_lambda"": 0.19175084249760158, ""xgb_subsample"": 0.7786513886044443}"
Hybride 2 branches MLP + XGBoost Optuna,HF_pct,28,0.5542845550870535,COMPLETE,"{""activation"": ""relu"", ""alpha"": 0.004182494067824475, ""batch_size"": 16, ""learning_rate_init"": 0.00031940940447817463, ""mlp_weight"": 0.6314339058173761, ""n_layers"": 1, ""units_layer_1"": 4, ""xgb_colsample_bytree"": 0.878564817116186, ""xgb_learning_rate"": 0.03903618435876, ""xgb_max_depth"": 4, ""xgb_min_child_weight"": 4.8980631896403874, ""xgb_n_estimators"": 180, ""xgb_reg_alpha"": 0.08783456295485806, ""xgb_reg_lambda"": 0.6830806991250795, ""xgb_subsample"": 0.811638286310418}"
Hybride 2 branches MLP + XGBoost Optuna,HF_pct,29,0.5533541038773808,COMPLETE,"{""activation"": ""relu"", ""alpha"": 0.002018663896896169, ""batch_size"": 16, ""learning_rate_init"": 0.00014307265035385885, ""mlp_weight"": 0.7469505453199111, ""n_layers"": 1, ""units_layer_1"": 4, ""xgb_colsample_bytree"": 0.9196037091460721, ""xgb_learning_rate"": 0.08067330855044413, ""xgb_max_depth"": 3, ""xgb_min_child_weight"": 5.256373476202118, ""xgb_n_estimators"": 180, ""xgb_reg_alpha"": 0.3833909158090419, ""xgb_reg_lambda"": 0.2801157659481671, ""xgb_subsample"": 0.8814634193282884}"
Hybride 2 branches MLP + XGBoost Optuna,HF_pct,30,0.5565559686201311,COMPLETE,"{""activation"": ""relu"", ""alpha"": 0.03465884318366592, ""batch_size"": 16, ""learning_rate_init"": 0.00019333696400784307, ""mlp_weight"": 0.6324757740739129, ""n_layers"": 1, ""units_layer_1"": 4, ""xgb_colsample_bytree"": 0.9434386409031597, ""xgb_learning_rate"": 0.07929887227443212, ""xgb_max_depth"": 3, ""xgb_min_child_weight"": 4.233016488861301, ""xgb_n_estimators"": 180, ""xgb_reg_alpha"": 0.07185892484734027, ""xgb_reg_lambda"": 0.6922025865175158, ""xgb_subsample"": 0.7700934006043749}"
Hybride 2 branches MLP + XGBoost Optuna,HF_pct,31,0.5518700319632902,COMPLETE,"{""activation"": ""relu"", ""alpha"": 0.0070616057460584705, ""batch_size"": 32, ""learning_rate_init"": 0.00032308217222902193, ""mlp_weight"": 0.7213092582995811, ""n_layers"": 1, ""units_layer_1"": 4, ""xgb_colsample_bytree"": 0.9746845030024441, ""xgb_learning_rate"": 0.024073782596714995, ""xgb_max_depth"": 4, ""xgb_min_child_weight"": 5.694009667471777, ""xgb_n_estimators"": 180, ""xgb_reg_alpha"": 0.2640468132298392, ""xgb_reg_lambda"": 0.10416282050028866, ""xgb_subsample"": 0.8195920055759158}"
Hybride 2 branches MLP + XGBoost Optuna,HF_pct,32,0.5515841506109732,COMPLETE,"{""activation"": ""relu"", ""alpha"": 0.006954684362778473, ""batch_size"": 32, ""learning_rate_init"": 0.0002877067673061785, ""mlp_weight"": 0.733296430678597, ""n_layers"": 1, ""units_layer_1"": 4, ""xgb_colsample_bytree"": 0.9729418749575305, ""xgb_learning_rate"": 0.02321204091253856, ""xgb_max_depth"": 4, ""xgb_min_child_weight"": 5.747818637385447, ""xgb_n_estimators"": 180, ""xgb_reg_alpha"": 0.29683700078222336, ""xgb_reg_lambda"": 0.15994605964280018, ""xgb_subsample"": 0.8268466012912112}"
Hybride 2 branches MLP + XGBoost Optuna,HF_pct,33,0.5512508446394359,COMPLETE,"{""activation"": ""relu"", ""alpha"": 0.0030260671737560555, ""batch_size"": 32, ""learning_rate_init"": 0.00021604436080166766, ""mlp_weight"": 0.7623094030558979, ""n_layers"": 1, ""units_layer_1"": 4, ""xgb_colsample_bytree"": 0.9083973511218306, ""xgb_learning_rate"": 0.02391995185827092, ""xgb_max_depth"": 4, ""xgb_min_child_weight"": 5.30543091270454, ""xgb_n_estimators"": 180, ""xgb_reg_alpha"": 0.09850621454478037, ""xgb_reg_lambda"": 0.1614516902225124, ""xgb_subsample"": 0.7815875375842765}"
Hybride 2 branches MLP + XGBoost Optuna,HF_pct,34,0.5528215809579705,COMPLETE,"{""activation"": ""relu"", ""alpha"": 0.002543818419419011, ""batch_size"": 32, ""learning_rate_init"": 0.0001841146441394654, ""mlp_weight"": 0.7676436871116603, ""n_layers"": 1, ""units_layer_1"": 4, ""xgb_colsample_bytree"": 0.9103791421355213, ""xgb_learning_rate"": 0.05196379478350941, ""xgb_max_depth"": 4, ""xgb_min_child_weight"": 5.321631969883584, ""xgb_n_estimators"": 180, ""xgb_reg_alpha"": 0.010020651797039669, ""xgb_reg_lambda"": 0.2904745595892033, ""xgb_subsample"": 0.7415436737083478}"
Hybride 2 branches MLP + XGBoost Optuna,HF_pct,35,0.5615705493735978,COMPLETE,"{""activation"": ""relu"", ""alpha"": 0.0009535965924116121, ""batch_size"": 32, ""learning_rate_init"": 0.00012107559701787015, ""mlp_weight"": 0.7067231526904859, ""n_layers"": 1, ""units_layer_1"": 2, ""xgb_colsample_bytree"": 0.891117644103225, ""xgb_learning_rate"": 0.032942168937949094, ""xgb_max_depth"": 3, ""xgb_min_child_weight"": 4.68282387948814, ""xgb_n_estimators"": 180, ""xgb_reg_alpha"": 0.1053248708933351, ""xgb_reg_lambda"": 0.14622897281819996, ""xgb_subsample"": 0.7897618123310977}"
Hybride 2 branches MLP + XGBoost Optuna,HF_pct,36,0.5548841813287537,COMPLETE,"{""activation"": ""relu"", ""alpha"": 0.014401680779780589, ""batch_size"": 32, ""learning_rate_init"": 0.00021999499205505344, ""mlp_weight"": 0.6486981811941288, ""n_layers"": 1, ""units_layer_1"": 4, ""xgb_colsample_bytree"": 0.8783269369150325, ""xgb_learning_rate"": 0.06051440451829217, ""xgb_max_depth"": 4, ""xgb_min_child_weight"": 5.2484139220304735, ""xgb_n_estimators"": 180, ""xgb_reg_alpha"": 0.018445744793197223, ""xgb_reg_lambda"": 0.40481707794192096, ""xgb_subsample"": 0.7755537767314373}"
Hybride 2 branches MLP + XGBoost Optuna,HF_pct,37,0.5496846666350446,COMPLETE,"{""activation"": ""relu"", ""alpha"": 0.004271770608232486, ""batch_size"": 32, ""learning_rate_init"": 0.0001368809291057213, ""mlp_weight"": 0.7963886154556343, ""n_layers"": 1, ""units_layer_1"": 4, ""xgb_colsample_bytree"": 0.9332028134514955, ""xgb_learning_rate"": 0.025827465683132805, ""xgb_max_depth"": 3, ""xgb_min_child_weight"": 4.889825326353983, ""xgb_n_estimators"": 80, ""xgb_reg_alpha"": 0.05275146423546653, ""xgb_reg_lambda"": 0.21356969123131037, ""xgb_subsample"": 0.8036579146705874}"
Hybride 2 branches MLP + XGBoost Optuna,HF_pct,38,0.5599172630076816,COMPLETE,"{""activation"": ""relu"", ""alpha"": 0.0012692811317365025, ""batch_size"": 32, ""learning_rate_init"": 0.00014686377716894964, ""mlp_weight"": 0.7555783357392729, ""n_layers"": 1, ""units_layer_1"": 2, ""xgb_colsample_bytree"": 0.9100093488779901, ""xgb_learning_rate"": 0.02202795181519273, ""xgb_max_depth"": 3, ""xgb_min_child_weight"": 4.48475211145242, ""xgb_n_estimators"": 80, ""xgb_reg_alpha"": 0.005802430332117628, ""xgb_reg_lambda"": 0.15222007277876629, ""xgb_subsample"": 0.8512789140750914}"
Hybride 2 branches MLP + XGBoost Optuna,HF_pct,39,0.5529309960659395,COMPLETE,"{""activation"": ""relu"", ""alpha"": 0.0002503287246649612, ""batch_size"": 32, ""learning_rate_init"": 0.00013569338413954045, ""mlp_weight"": 0.5899333324462288, ""n_layers"": 1, ""units_layer_1"": 4, ""xgb_colsample_bytree"": 0.9311229176933518, ""xgb_learning_rate"": 0.023914457166471878, ""xgb_max_depth"": 4, ""xgb_min_child_weight"": 3.9255611621187834, ""xgb_n_estimators"": 80, ""xgb_reg_alpha"": 0.06119456479001532, ""xgb_reg_lambda"": 0.39809188519052224, ""xgb_subsample"": 0.7835656542550012}"
Hybride 2 branches MLP + XGBoost Optuna,HF_pct,40,0.5500112855721127,COMPLETE,"{""activation"": ""relu"", ""alpha"": 0.0005505875052880611, ""batch_size"": 32, ""learning_rate_init"": 0.0003914207439737784, ""mlp_weight"": 0.6636040318806973, ""n_layers"": 1, ""units_layer_1"": 4, ""xgb_colsample_bytree"": 0.8767204155584463, ""xgb_learning_rate"": 0.031657515629163184, ""xgb_max_depth"": 3, ""xgb_min_child_weight"": 4.856540033946172, ""xgb_n_estimators"": 80, ""xgb_reg_alpha"": 0.0472414765822121, ""xgb_reg_lambda"": 0.6217651415946569, ""xgb_subsample"": 0.7430466876970941}"
Hybride 2 branches MLP + XGBoost Optuna,HF_pct,41,0.5584679156239966,COMPLETE,"{""activation"": ""relu"", ""alpha"": 0.0004900999840744887, ""batch_size"": 32, ""learning_rate_init"": 0.0005496467261763516, ""mlp_weight"": 0.591789796815512, ""n_layers"": 1, ""units_layer_1"": 2, ""xgb_colsample_bytree"": 0.8250595800882475, ""xgb_learning_rate"": 0.026881229107061137, ""xgb_max_depth"": 3, ""xgb_min_child_weight"": 4.033723891351121, ""xgb_n_estimators"": 80, ""xgb_reg_alpha"": 0.005317486963544504, ""xgb_reg_lambda"": 0.5969369504837228, ""xgb_subsample"": 0.7211456371723092}"
Hybride 2 branches MLP + XGBoost Optuna,HF_pct,42,0.5510653160122887,COMPLETE,"{""activation"": ""relu"", ""alpha"": 0.0006889694473655056, ""batch_size"": 32, ""learning_rate_init"": 0.00035824041472057804, ""mlp_weight"": 0.653220262760545, ""n_layers"": 1, ""units_layer_1"": 4, ""xgb_colsample_bytree"": 0.8781406595392575, ""xgb_learning_rate"": 0.025956478022769236, ""xgb_max_depth"": 3, ""xgb_min_child_weight"": 4.86885239909742, ""xgb_n_estimators"": 80, ""xgb_reg_alpha"": 0.033259373054837726, ""xgb_reg_lambda"": 0.35131023816949297, ""xgb_subsample"": 0.7425166026877268}"
Hybride 2 branches MLP + XGBoost Optuna,HF_pct,43,0.5511955039030174,COMPLETE,"{""activation"": ""relu"", ""alpha"": 0.0001123999202846236, ""batch_size"": 32, ""learning_rate_init"": 0.0003691287625868011, ""mlp_weight"": 0.6479344319875778, ""n_layers"": 1, ""units_layer_1"": 4, ""xgb_colsample_bytree"": 0.8736816603631257, ""xgb_learning_rate"": 0.0326974775670634, ""xgb_max_depth"": 3, ""xgb_min_child_weight"": 4.808863875739878, ""xgb_n_estimators"": 80, ""xgb_reg_alpha"": 0.042813867594271145, ""xgb_reg_lambda"": 0.33709035208104376, ""xgb_subsample"": 0.7389059268039466}"
Hybride 2 branches MLP + XGBoost Optuna,HF_pct,44,0.5509844179764464,COMPLETE,"{""activation"": ""relu"", ""alpha"": 0.0006094687577866766, ""batch_size"": 32, ""learning_rate_init"": 0.0004601154941368993, ""mlp_weight"": 0.6689782549378136, ""n_layers"": 1, ""units_layer_1"": 4, ""xgb_colsample_bytree"": 0.8311854579141887, ""xgb_learning_rate"": 0.030906093078343792, ""xgb_max_depth"": 3, ""xgb_min_child_weight"": 4.55353644054035, ""xgb_n_estimators"": 80, ""xgb_reg_alpha"": 0.01786678711911963, ""xgb_reg_lambda"": 2.6880960125238484, ""xgb_subsample"": 0.7467303687147806}"
Hybride 2 branches MLP + XGBoost Optuna,HF_pct,45,0.5509948674204402,COMPLETE,"{""activation"": ""relu"", ""alpha"": 0.00018177583147625743, ""batch_size"": 32, ""learning_rate_init"": 0.0008529082263312662, ""mlp_weight"": 0.7159487647389035, ""n_layers"": 1, ""units_layer_1"": 4, ""xgb_colsample_bytree"": 0.8119900613393138, ""xgb_learning_rate"": 0.03655840689276904, ""xgb_max_depth"": 3, ""xgb_min_child_weight"": 4.496234478321805, ""xgb_n_estimators"": 80, ""xgb_reg_alpha"": 0.016794611692076935, ""xgb_reg_lambda"": 3.0204380367834087, ""xgb_subsample"": 0.7681224264196473}"
Hybride 2 branches MLP + XGBoost Optuna,HF_pct,46,0.5641569722906403,COMPLETE,"{""activation"": ""tanh"", ""alpha"": 0.00035988179587496055, ""batch_size"": 32, ""learning_rate_init"": 0.00043823212608700665, ""mlp_weight"": 0.7983841400151379, ""n_layers"": 1, ""units_layer_1"": 4, ""xgb_colsample_bytree"": 0.7889857612520541, ""xgb_learning_rate"": 0.030127688098857436, ""xgb_max_depth"": 3, ""xgb_min_child_weight"": 3.388563732201662, ""xgb_n_estimators"": 80, ""xgb_reg_alpha"": 0.002734381981735701, ""xgb_reg_lambda"": 1.968573626363028, ""xgb_subsample"": 0.7452492203392}"
Hybride 2 branches MLP + XGBoost Optuna,HF_pct,47,0.5606602197193385,COMPLETE,"{""activation"": ""relu"", ""alpha"": 0.0007392726935190394, ""batch_size"": 32, ""learning_rate_init"": 0.0015730654000477501, ""mlp_weight"": 0.6704492021811078, ""n_layers"": 2, ""units_layer_1"": 4, ""units_layer_2"": 2, ""xgb_colsample_bytree"": 0.764998196542554, ""xgb_learning_rate"": 0.040209701427535834, ""xgb_max_depth"": 3, ""xgb_min_child_weight"": 4.169720511048885, ""xgb_n_estimators"": 80, ""xgb_reg_alpha"": 0.008398992010008802, ""xgb_reg_lambda"": 3.888041582548924, ""xgb_subsample"": 0.7172184990524934}"
Hybride 2 branches MLP + XGBoost Optuna,HF_pct,48,0.5549998427683593,COMPLETE,"{""activation"": ""relu"", ""alpha"": 0.0016755126708003494, ""batch_size"": 32, ""learning_rate_init"": 0.0011950349529015437, ""mlp_weight"": 0.6163723732096381, ""n_layers"": 1, ""units_layer_1"": 4, ""xgb_colsample_bytree"": 0.8327644378505529, ""xgb_learning_rate"": 0.02141858706503575, ""xgb_max_depth"": 3, ""xgb_min_child_weight"": 4.505702897740482, ""xgb_n_estimators"": 80, ""xgb_reg_alpha"": 0.9706756532756945, ""xgb_reg_lambda"": 5.436241762823143, ""xgb_subsample"": 0.759560036726995}"
Hybride 2 branches MLP + XGBoost Optuna,HF_pct,49,0.5587455704130757,COMPLETE,"{""activation"": ""tanh"", ""alpha"": 7.045749473334948e-05, ""batch_size"": 64, ""learning_rate_init"": 0.0006410181134215101, ""mlp_weight"": 0.4496724386740544, ""n_layers"": 1, ""units_layer_1"": 4, ""xgb_colsample_bytree"": 0.7312923387821807, ""xgb_learning_rate"": 0.03135249066807768, ""xgb_max_depth"": 2, ""xgb_min_child_weight"": 3.7642212996229816, ""xgb_n_estimators"": 120, ""xgb_reg_alpha"": 0.022106417153478688, ""xgb_reg_lambda"": 1.1879584315476654, ""xgb_subsample"": 0.798732512688294}"
Hybride 2 branches MLP + XGBoost Optuna,HF_pct,50,0.5532042255164827,COMPLETE,"{""activation"": ""relu"", ""alpha"": 0.00015466137366657636, ""batch_size"": 32, ""learning_rate_init"": 0.0005020507904687059, ""mlp_weight"": 0.5514456546921709, ""n_layers"": 1, ""units_layer_1"": 4, ""xgb_colsample_bytree"": 0.9391453085304851, ""xgb_learning_rate"": 0.025998167217210186, ""xgb_max_depth"": 3, ""xgb_min_child_weight"": 2.9821860636740185, ""xgb_n_estimators"": 80, ""xgb_reg_alpha"": 0.04992387010639483, ""xgb_reg_lambda"": 2.68261307843152, ""xgb_subsample"": 0.7658337918341428}"
